,Factor_0,Factor_1,Factor_2,Factor_3,Factor_4,Factor_5,Factor_6,Factor_7,Factor_8,Factor_9,Factor_10,Factor_11,Factor_12,Factor_13,Factor_14
0610030E20Rik_mm,0.2356299183622922,0.0,0.0,0.41992132428404333,0.3817821874969201,0.017589085032635735,0.0,0.07198749991811257,0.13564294283959075,0.5046568649966318,0.1049872063409855,0.013358590891137792,0.0,0.07313146198177423,0.03416189398216838
0610043K17Rik_mm,0.0,0.0,0.0,0.0004890297772017233,0.0,0.0,0.0,0.0,0.0,0.0002818054937964891,0.0,0.0006856763511275938,0.0,0.0,0.0
1110008P14Rik_mm,0.15690854420609412,0.0,0.0,0.08798147366777233,0.17241328356168936,0.0,0.6506169956879061,0.08230695252973166,0.0,0.0,0.05188415998501591,0.0,0.0,0.3391077066562856,0.0
1110025L11Rik_mm,0.0,0.00010094224286987701,6.555315993578039e-05,0.0,0.0,0.0,0.0,0.0,0.00021373096033226177,0.0,0.0,0.0,0.0,0.0008509684716937745,3.084529412169433e-05
1110032A03Rik_mm,0.014917533859612255,0.0,0.0,0.08370963402798647,0.09570322136224083,0.0,0.05819363305536527,0.06605858408517476,0.06391039855256493,0.06126703145325917,0.00020576082895865024,0.0,0.0,0.0707898036064411,0.0
1110038B12Rik_mm,0.7263936704772856,0.0,0.031601051637834825,0.0,0.5451066758216199,0.07715853011224598,2.0476775553356155,0.05162053981653511,0.0,0.833253883884694,0.0,0.0,0.0,0.2797814529322896,0.0
1110051M20Rik_mm,0.05634285878198204,0.0,0.07848128147826527,0.13898654173236077,0.030295167693110994,0.0,0.02331039085382091,0.006039452736539974,0.027924885398849398,0.0033791374495811656,0.004898942322953455,0.0,0.0,0.06144491540184157,0.0
1190007I07Rik_mm,0.07875715377043807,0.0,0.0,0.0,0.0,0.0,0.17420182377868812,0.0,0.061181303909978536,0.0,0.0,0.0,0.0,0.017619752442371406,0.0
1500012K07Rik_mm,0.0,0.0,0.0,0.0,0.0,0.0,0.00023598922423849597,0.0,0.0,0.0,0.0,0.0,0.0,0.00017230971214520028,0.0
1500032F14Rik_mm,0.00248192978035969,0.0,0.0,0.0007723157119082911,3.7442505432180075e-05,0.0,0.0,0.0,0.0,0.0024506941077802485,0.0006527366455601662,0.0,0.0,0.0009291322219099239,0.0
1600014C10Rik_mm,0.12218703810898532,0.0,0.0,0.15819491274907485,0.08235372230825244,0.0,0.010063290838855174,0.04663765786363463,0.026004351690668417,0.030746980911034456,0.0,0.020357639981895933,0.0027111403153946834,0.030535272523940508,0.0
1600014C23Rik_mm,0.0,0.0,0.0,7.479029393226002e-05,1.5147900472022711e-05,0.0,0.0,0.0,0.0,0.0,3.072928013754569e-06,0.0,0.0,5.499894967341744e-06,0.0
1700001K19Rik_mm,0.0,0.0,8.882883274784182e-05,0.00011461432411343085,0.0,0.0002765399746015023,0.0,0.0,0.0,0.0010764531081208645,0.0009860845220058337,0.0,0.0,0.0,0.001195714179129228
1700003D09Rik_mm,0.0,0.0,0.0,0.00015396528015985223,0.0,0.0,0.0,1.3250789464603682e-05,0.0,4.317221779324134e-05,4.201451745843701e-05,0.00010892851647499562,0.0,3.513146267736569e-05,0.0
1700003E16Rik_mm,0.0,9.280590036509966e-05,0.00020756007258667438,0.0,0.0,0.0,0.0,0.0,0.0,0.0,0.0,0.0,0.00012367573756098493,0.00018671752929789084,0.0
1700007K13Rik_mm,0.0,0.0,0.0,0.0005308992998259364,0.0,0.0,0.0,0.0,0.0,0.00010651945668184847,0.00022430640043081146,0.0,0.0,0.0,0.0004996829244303702
1700010G06Rik_mm,1.837720513886368e-05,0.0,0.0,0.0002107454424641811,0.0,0.00020838566920480814,0.0,0.0,0.0,0.0,0.0,0.0,0.0,0.0,0.0
1700012B07Rik_mm,0.0,0.0023444920897302646,0.014403909436343183,0.0006075295183200185,0.0,0.0,0.0,0.0,0.0,0.0,0.0,0.0,0.0,0.012273600854013285,0.0
1700012D14Rik_mm,0.03811305740671974,0.0066095433762958285,0.043953118558347874,0.0,0.0122120366826428,0.0,0.015957822783817032,0.04012628137967382,0.11762218169275193,0.29178309193013396,0.02863579134206672,0.0,0.07482793116774442,0.012187066494901012,0.0
1700015C17Rik_mm,0.0004957087264349228,0.0,0.0,0.0009498450340921601,0.0007859007990219157,0.0,4.980056611248581e-05,0.00032724259496975965,0.0,0.0009977996090665007,0.0,2.0197888121086882e-05,0.0,0.00013626424306685617,0.0
1700015F17Rik_mm,0.00027714778703565707,0.0,0.00023589976192097835,3.9788444003221585e-05,0.0,0.0,0.0,0.00035330796091000204,0.0,2.164999567872319e-05,0.0,0.0,0.0,0.00036185575362834236,0.0
1700016A09Rik_mm,0.0,0.0,7.117709964287841e-05,0.0,1.2371668123302486e-05,0.0,6.955898065913289e-05,0.0,1.4806998499177534e-05,0.0002482283981477995,0.0001755894772315396,6.406136206289108e-06,0.0,0.0,8.199733801065456e-05
1700016B15Rik_mm,0.00012564411239145363,0.0,0.0,0.00022578094970006297,8.278182688005986e-05,0.0,1.0422481476482118e-05,0.00013800342920431072,0.0,0.0,3.7964335390298864e-05,0.0002209503736283506,0.0,0.0,0.0
1700016D08Rik_mm,0.0,0.0,0.0,0.0,5.061698161886709e-05,4.1671947836451844e-05,0.0,0.0,0.0,0.0,0.00022661428615167794,7.12092391039162e-05,3.7810572554517644e-05,0.00037616651212123164,0.0
1700016P04Rik_mm,0.0,0.0,0.0,0.0,0.0,0.0,0.00013536890606339212,0.0,0.0,0.0003143605506993971,0.0,0.0,8.700286373243055e-05,0.0,0.0
1700019A23Rik_mm,2.7692561854137338e-06,0.0,0.0,0.0,0.0,0.0,0.0,0.0,0.0,0.00012669608150938158,6.452048602288533e-05,0.0,0.0,0.0,0.0
1700019D03Rik_mm,0.1917257033977364,0.0,0.0,0.28297965633311506,0.09876661073542892,0.0,0.03419966237490677,0.06046953607243297,0.002612816345639457,0.01210623017453376,0.0,0.0,0.009699555210318267,0.11345582550182794,0.0
1700024B18Rik_mm,0.0,0.0,0.0,0.0,0.0,0.0,0.0005659864729046861,0.0,3.433670589619281e-05,0.0,0.0,0.0,0.0,0.0,0.0
1700029J03Rik_mm,0.0,0.0,0.0002352426624411027,0.00021915629029948747,8.768402851025272e-05,0.0,0.0,0.00016756041474015937,0.0,0.00044085647347127173,0.0,0.0,0.0,0.0,0.0
1700030C14Rik_mm,0.0,0.0,2.685044077830517e-05,0.0,0.0,0.0,0.0,0.0,0.0,0.00041165631659981054,0.0,0.0,0.0,0.0,7.810631567932757e-05
1700030N18Rik_mm,0.0,0.00010936224392058055,4.4833549023586396e-05,0.0,0.0,0.0,0.0002807537267311028,0.0,0.0,0.0,0.0,0.0,0.0,0.00012493837992268262,0.0
1700040F17Rik_mm,0.0001947697207636176,0.0,0.0,0.0,0.0,0.0,0.0,4.592135660306202e-05,0.0,0.0,0.0,1.7708813237211083e-05,0.0,0.0,0.00015967480618444627
1700041B01Rik_mm,0.0,0.0,0.0,0.0,0.0,0.0,0.0,0.0,0.0,0.00012052001304771047,0.0,0.0,0.0,0.0,0.0
1700047A11Rik_mm,0.0,0.0,0.0,0.0,0.0,0.0,0.0,0.0,0.0,7.258238107997749e-05,0.0,0.00021582333468684892,0.0,0.0,0.0
1700047N06Rik_mm,0.0005456236015904887,0.0,0.00017830654226662303,0.0,0.0,1.7375536871857784e-05,0.0,0.0,0.0,0.0,0.0,0.0,0.0,1.2836351589469033e-05,0.0
1700051K13Rik_mm,3.758649579899586e-05,0.0,0.0,3.4578734957802794e-05,5.2483223937136296e-05,0.0,0.0,0.0,0.00010781166578056172,0.0,0.0,0.0,0.0,6.766823176786593e-05,0.00023703893738174475
1700064H15Rik_mm,0.0,0.0,0.0001386707466876972,0.0,0.0,0.0,0.0014410946078576613,0.0,0.0,0.0,0.0,0.0007021990392828113,0.0,0.0,0.0
1700071G01Rik_mm,0.00010801660970522597,0.00045288162020832115,2.007912866606149e-06,0.0,0.00012203191566906082,0.0,0.0,0.0,0.0,5.1409482556600014e-05,0.0,0.0,0.0,0.0,0.0
1700080O16Rik_mm,5.312520761644791e-05,0.0011727207389224273,0.0003199634977411568,0.000399413234796586,0.0,0.0,0.0,0.0,0.0,0.0,0.0,0.0,0.0,0.0002405160137098989,0.0
1700119H24Rik_mm,0.0,0.0,0.0,0.0,0.0,0.0,0.0,0.0002929170231434998,0.0,5.978716229579298e-05,0.0,0.0,0.0,0.0,0.0
1700120C14Rik_mm,0.0,0.0,0.19897822546142876,0.0,0.0,0.0,0.0,0.0,0.9260407442640523,0.0,0.0,0.0,0.28991078786833807,0.0,0.0
1700120G07Rik_mm,0.00021446480299084364,0.00010785279117476987,0.0,4.4684644956575804e-05,0.0,0.0,0.0,0.0,0.0,8.035439331413918e-05,0.0,0.0,0.0,0.0,0.0
1810006J02Rik_mm,0.0,0.0,0.00020983499660697777,0.0,0.0,0.0,0.0,0.0002219436530009385,0.0,0.00015353601787587508,0.0,0.0,0.0,0.0,0.0
1810007C17Rik_mm,8.098173155484482e-06,0.0,0.00010522706469896151,3.976826391371309e-05,0.0,0.0,0.0,0.0,0.0,3.020920964159703e-06,0.0,0.0,0.0,0.0,0.0
1810058N15Rik_mm,0.0,0.0,0.0,0.0,0.0,0.0,0.0,0.00031625779292992416,0.0,0.0,0.0,0.0,0.00037924575288130765,0.0,0.0
2010001A14Rik_mm,0.0,1.1719546295245935e-05,0.0,0.028896679368908523,0.029641449162669177,0.0,0.024800654162677373,0.007443749754407897,0.0094072239897671,0.03554292746407469,0.0,0.011679315574840466,0.0009956136482483725,0.012284953419384006,0.0
2010003K11Rik_mm,0.0,0.0,0.0,0.0,0.0,0.0,0.0,5.011154891551961e-05,0.0,0.0003861094365431154,0.0,0.0,0.0,0.0,0.0
2010016I18Rik_mm,0.0,0.0,0.0,0.1453088127450464,0.25584500359166107,0.0,0.0,0.0650801739446799,0.1075573910149386,0.17314745747051113,0.0,0.03598709295483867,0.0,0.0,0.0
2010310C07Rik_mm,0.0,0.0,0.00045939011938947444,0.0,0.0,0.0,0.0,0.0003147365269657962,0.0,0.0015052857774922206,0.0,0.0,0.0,0.0,0.0
2010320O07Rik_mm,0.0,0.0,0.0,0.0,0.0,0.0,0.0,0.10199424324862298,0.0,0.0,0.0,0.0,0.0,0.0,0.0
2210016L21Rik_mm,0.13226486624089545,0.044794993249223994,0.08454712654664068,0.6891939348642648,0.2238800892552627,0.05074388225100708,0.08802549042316675,0.251318329640729,0.0,0.4215394373687125,0.8975394292759442,0.0,0.13569121735263215,0.13486772849065906,0.042493212629103445
2210017I01Rik_mm,0.0,0.0,0.0,0.0,0.0,0.0,0.0,0.001162840795982102,0.0,0.0,0.0,0.0,0.0,0.0,0.0
2210020O09Rik_mm,0.00018604731100065625,0.0,0.0,0.0,0.0,0.0,0.0,0.0,0.00032669137925337815,2.3154483302243812e-05,0.0,3.2285092241515126e-05,0.0,0.0,0.0
2210039B01Rik_mm,0.0,0.0014621037384775428,0.0,0.0458560634273644,0.025597656794232742,0.0,0.0,0.003351175431081328,0.023839665993293645,0.05897274706896619,0.009982669513544453,0.0006113056403067978,0.0006020519241841263,0.0,0.0
2210408F21Rik_mm,0.08421464708068008,0.0,0.0,0.04305913662056657,0.07245585263724559,0.0,0.011824352904475503,0.020233487095051857,0.0,0.02755718342991767,0.0,0.0,0.0,0.0055445733619395275,0.0
2310001H17Rik_mm,0.0690125878912532,0.01690798444280195,0.0,0.1462416140534168,0.0,0.0,0.07937927546270197,0.03545405727863907,0.033209052816798396,0.035570420075784016,0.0,0.0021757306982517588,0.0,0.019312165362326245,0.013330416214964126
2310002D06Rik_mm,0.0,0.0,0.0,0.00011944338504692226,0.0,0.0,0.0,0.0,3.5977963112159345e-06,5.354723016044103e-05,5.586588423117645e-05,0.0,0.0,2.690100926159405e-06,0.0
2310015A16Rik_mm,0.0,0.0,0.0002076083264959201,3.1976282572135883e-05,0.0,0.0,0.0,0.00013257414398060673,0.0,0.0,0.0,0.0,0.0,0.0,0.0
2310030G06Rik_mm,0.0,0.0007875167136062661,1.5450663273225103e-06,1.3350936927937748e-05,0.0,0.0,0.0,3.297540379853895e-05,0.0,0.0003882090304574617,0.0,0.0,0.0,0.0,0.0
2310034O05Rik_mm,0.0,0.0,0.001876561961329065,0.0,0.0,0.0,0.0,0.0045126178483421075,0.0,0.0011140583424290584,0.0,0.0,0.0,0.0,0.0
2310043L19Rik_mm,0.004145952155991492,0.0,0.01112691746411588,0.012385095299454557,0.0,0.0,0.0,0.0,0.0,0.003118217491015503,0.0,0.0,0.0,0.0,0.0015142716468606538
2310043M15Rik_mm,0.0,0.0,0.0016661444147404295,0.0,0.00044957732841337743,0.0,0.0,0.0026427377961244303,0.0,0.01107891449431757,0.0,0.0,0.0,0.0,0.0
2310057J18Rik_mm,0.00030367182619866427,0.0,0.0,0.0,0.0,0.001406875801966087,0.0,0.0,0.0,0.004618548146395652,0.0,0.0,0.0,0.0007716932264187598,0.0008371915995139673
2310067P03Rik_mm,0.05858751979286156,0.0,0.20185519929867063,0.08824385184916567,0.0,0.0,0.10605196217495728,0.0,0.0,0.1567672431471056,0.0009355162464539472,0.008786579763999701,0.0,0.0,0.32417776028135475
2410006H16Rik_mm,0.0,0.0,0.0,0.0,2.799154821187131,0.03978214747235152,4.302225950010334,0.5175804024202832,0.04603894920351674,0.29231904981184564,0.0,0.0767675967067575,0.04996162755115936,0.0,0.0
2410152P15Rik_mm,0.0,0.0,0.0001853240346498623,0.0,0.0,0.0,0.0,0.0,0.00043745055319661984,0.0,0.0,0.0,0.0,6.030498563620521e-05,0.0
2510009E07Rik_mm,0.00040399425609607064,0.0,0.0012797552171996396,0.0,0.0,0.0,0.0,0.0009343966206030315,0.0,0.00018319386023997423,0.0,0.0,0.0,0.0,0.0
2600014E21Rik_mm,0.0,0.0,0.0,0.00038521546983929025,0.0,0.0,0.0,0.0,0.0,0.00032175006332838,0.0,0.0,0.0,0.0003338005190360202,0.00042342666366845794
2610001A08Rik_mm,0.0,0.0002298306360106977,4.042984992921858e-05,0.0,0.0,0.0,0.0,0.0,9.20544465418903e-07,5.6247364005420775e-05,0.0,0.0,0.0,0.0,0.00012237245872380586
2610203C22Rik_mm,0.11536845832824975,0.0,0.014360749979993065,0.21731607328392155,0.1251533863686178,0.0,0.0,0.0997720928195028,0.03437189324180965,0.1718509022065383,0.0,0.003412686260909312,0.0,0.05258019532931323,0.0
2810013P06Rik_mm,0.015405966959446665,0.0,0.0,0.07712327027977471,0.09612867529287582,0.0,0.1195362141598512,0.11061237905599393,0.14500186110147303,0.28520177124253504,0.022794728608247924,0.0,0.0,0.0,0.0
2810030D12Rik_mm,0.0,0.0,0.0,0.0,6.594186991249448e-05,0.0,0.0,0.0,0.00021802058538756031,4.720451754677213e-05,0.0,0.0,0.0,0.0,0.0
2810032G03Rik_mm,0.0,0.0,0.0,0.0001950844929836899,0.0,0.00014266521275784397,0.0,0.0,0.0,0.0004346709894733159,0.0,0.0,0.0,0.0,0.0
2810407A14Rik_mm,0.0,0.0,0.0,0.0,0.0,0.0,0.0,0.0,0.0,0.0008817161565119912,0.0,0.00031181045353993167,0.0,0.0013750924046367573,0.0
2810429I04Rik_mm,0.7676897862899836,0.0,0.0,0.25680635108870625,0.001251000738632864,0.0,0.060017010492766726,0.0669465329816444,0.5695781701878948,0.16318935768888884,0.1652453617624468,0.032233016916800104,0.0,0.00660997145686569,0.0
2900026A02Rik_mm,0.0,0.0,0.005583405468214424,0.003849139253624076,0.0026499761920558544,0.0,0.0,0.0016080579131582627,0.0,0.007865157030140013,0.0,0.0,0.0,0.0,0.0
2900052L18Rik_mm,0.0003457932792922733,0.00014241183556786878,0.0001686126232758951,0.0,0.0,0.0,0.000108711308758879,0.0,0.0,0.0002012363277767054,0.0,0.0,0.0,0.0,0.0
2900060B14Rik_mm,0.0,0.0,0.0,0.0,0.0,0.0019005652157015886,0.018460275418726583,0.01047220832526966,0.00771742312202245,0.0066050656336076345,0.0,0.0,0.0,0.008931009421256268,0.0
2900060N12Rik_mm,0.0,0.0,0.007402321352963029,0.0,0.0,0.0,0.0,0.0,0.0031018376274975575,0.02846197192762689,0.036906670559983014,0.0,0.12627017896613846,0.0,0.0
2900092C05Rik_mm,0.0,0.0,0.00010048673312566624,0.0,0.0,0.0,0.0,0.0,0.0,0.0,0.00010949756249454123,0.0,0.0,0.0,0.0
3110080E11Rik_mm,1.0498219126616487e-06,3.0229901070699356e-06,0.0,1.597025422423358e-05,0.0,0.0,0.0,0.0,0.0002982791828662507,3.219550274183584e-05,0.0,0.0,2.2036274630382807e-05,8.760527945975593e-05,0.00014236923736505162
3300002A11Rik_mm,0.0,0.0,0.0,0.0,0.0008578105489334036,5.353320821176204e-05,0.0,0.0,0.0,0.00022651852294487096,0.0,0.0,0.0,0.0,0.0
3300002P13Rik_mm,2.0607505874392372e-06,0.0,0.0,2.0170805732174857e-06,6.65891523509146e-06,0.0,0.0,0.0,0.0,0.0,1.702202083990319e-05,0.0,0.0,1.5222116052658888e-06,0.0
3732407C23Rik_mm,0.0,0.0,0.0,0.0,4.2795652423737396e-05,0.0,0.0,0.0,2.6528605740826568e-05,0.0,0.0,7.376756997524238e-05,0.0,0.0,0.0
3830403N18Rik_mm,0.0,0.02599483119377924,0.05724775418392353,0.0,0.0,0.0,0.0,0.0,0.00607371153103495,0.0,0.0,0.0,0.0,0.05982162606180095,0.0
3830417A13Rik_mm,0.0,0.0,0.008744869762804839,0.00627364614766341,0.0,0.0,0.0,0.0,0.0,0.0,0.0,0.0,0.0,0.0,0.0
3830422I06Rik_mm,0.00021314964768646478,0.0,4.931961387017423e-05,0.00014407647614059509,0.0,1.1713162016902314e-06,0.0,0.0,0.0,0.0,5.596720449141587e-05,0.0,0.0,0.0,0.0
4632432E15Rik_mm,0.0,0.0,0.02929105725224334,0.0,0.0,0.0,0.0,0.0011293781255484277,0.0,0.029044249031063014,0.0,0.0,0.0,0.0013049779912326425,0.0
4732471J01Rik_mm,0.08357038976801301,0.0,0.0,0.17330343025929698,0.051607392051756025,0.0001459853150376302,0.0,0.0,0.04323504557774661,0.15809320730747073,0.16846857147300315,0.0,0.0,0.023519873441707858,0.14895685899666372
4921522A10Rik_mm,0.0,0.0,0.0,1.6851159765015553e-05,0.0,0.0,4.672242985736607e-05,0.00020495085448525086,0.0,0.00016917679779181768,0.0,0.0,0.0,0.00016195177730948395,0.0
4921525O09Rik_mm,0.13991793242563294,0.0,0.0,0.2595653543541616,0.18373533193691563,0.0,0.037333618396588115,0.0,0.07642999130026487,0.08307459813264312,0.02496868008655267,0.0,0.00387549150513213,0.09217213463434314,0.09656738814799612
4930402H24Rik_mm,0.050810482926823365,0.0034387734568124043,0.07874815938362838,0.27557100200579293,0.14443711145081362,0.0,0.0,0.3455424165423948,0.08863842633227942,0.4338177496523519,0.0,0.024568714850886575,0.04957598245005037,0.0,0.0
4930405L22Rik_mm,0.0,0.0,4.571937660034046e-05,0.0004399438546679875,0.0,0.0,0.0005072263300767323,0.0,0.0,0.0,0.0,0.0,0.0,4.615932649598609e-05,0.0
4930412F09Rik_mm,0.0,0.0,0.0010411992527905528,0.0025344487975579966,0.0,0.0,0.0,0.0002539332787506844,0.0010149797050020197,0.0007636300430195249,0.0,0.0,0.0,0.0004659503009831585,0.003991096088963291
4930415C11Rik_mm,3.9925937159467435e-05,0.0,0.0,4.262236421650295e-05,0.0,0.0,0.0,0.0001710125159415445,0.0,0.0,0.0,0.0,0.0,2.964108279451871e-05,0.0
4930415P13Rik_mm,0.0,0.00016866346948721098,0.00010632153432458653,0.0,0.0,0.0,0.0,0.0,0.00012372506225335914,0.0,0.0,0.0,5.2611574788500035e-05,0.0,0.0
4930426L09Rik_mm,0.0,0.0006777535965737254,0.0,0.0018504237021426896,0.0006358954442456554,0.0,0.0,0.0003747659019076821,0.002272973173521184,0.0,0.0,0.0,0.0,0.0,0.0
4930432O09Rik_mm,0.0,0.0,0.00010228567183749139,0.0001648345811668813,0.0,0.0,0.0,9.503740939382603e-06,4.935200019415348e-06,0.0,0.0,0.0,0.0,0.0,0.0
4930442G15Rik_mm,0.0,0.0,0.0,0.0001995240220587504,0.0,0.0,0.0,0.0,0.0,6.162659947335588e-05,0.0,0.0,0.0,0.0,0.0
4930444P10Rik_mm,0.0,0.0,0.0,0.0,0.0004576537199961885,0.0,0.0,0.0,0.0,0.02676532693393782,0.0,0.0,0.03621425326355359,0.0,0.0
4930447M23Rik_mm,0.0,0.0004788680182661813,0.0003806267447331189,0.0025421266815668663,0.0,0.0,0.0,8.384397815775282e-05,0.0,0.00026036754423716473,0.0,0.0,0.0,0.0,0.0
4930448E22Rik_mm,0.0,0.0033374337022575506,0.0069184668053302,0.0,0.0,0.0,0.0,0.0027230535784724735,0.03288630039593919,0.03722997390875086,0.0,0.0,0.015273698758978485,0.0028694931907130568,0.0
4930451I11Rik_mm,0.0,0.000136246391094344,0.0,4.8159953093034336e-05,0.0,0.0,0.0,0.0,0.0,0.0,0.0,0.0,0.0,0.0,0.0006021687702323864
4930455H04Rik_mm,0.0,1.2037619944486824e-05,0.0001410958881299232,0.00027457911814280663,0.0,0.0,0.0,0.00010234869899220803,0.000818609063124962,0.0002586422894312763,0.0,0.0,0.0,0.0,0.0
4930467D21Rik_mm,0.0,0.0,5.368281512791295e-05,0.0,0.0,0.0,0.0006445519472236576,0.0,0.0,0.0,0.0,0.0,0.0,0.00014714871907669318,0.0
4930471L23Rik_mm,0.0,0.0,0.0,0.0,0.0001359257060142793,0.0,0.0,0.0,0.0,4.658945237954958e-05,0.0,0.0,6.436880660023652e-05,0.00022100365429695095,0.00014831541521874076
4930477G07Rik_mm,0.005770006028584929,0.0,0.0,5.735723221976527e-05,0.004572235819910999,0.0,0.0,0.0019788723104483693,0.0,0.00021554905021276845,0.0,0.00032833324841606554,0.0,0.001530145283150144,0.0
4930477O15Rik_mm,0.0,0.0,0.0,0.0,0.0,0.0,0.0,0.0,0.0008489392573013222,0.0009790382272889524,0.0,0.00024330951686692918,0.0,0.0,0.0
4930479D17Rik_mm,0.0,0.0,0.0,0.0,0.0,0.0,0.0,0.000978250186580001,0.00014179950207559796,0.00014891115292537985,0.0,0.0,0.0,0.0,0.0001098173707379215
4930517M08Rik_mm,0.0,5.817709663613816e-05,6.230840469971051e-05,0.0,0.0,0.0,0.0,0.0,0.00011284091777013922,6.825911425772364e-05,0.0,2.5956921010653245e-05,0.0,0.0,0.0
4930524B15Rik_mm,0.0,0.0,0.0033834448083657678,0.0,0.0,0.0,0.0,0.00013626416196115275,0.0,0.0035818562079345845,0.0,0.0,0.0,0.0,0.0
4930528G23Rik_mm,0.0,0.0,0.0012995515431722454,0.0,0.0,0.0,0.0,0.00037861083216347114,0.0,8.852178416455576e-05,0.0,0.0,0.0,0.0,0.0
4930533N22Rik_mm,0.022867816298712033,0.010363903317564739,0.0,0.049258086986519185,7.07596420067252e-05,0.0,0.0,0.03586625609836566,0.09398626274319472,0.14533179475831223,0.03725656196549302,0.04257031999337401,0.0,0.0,0.0
4930535L15Rik_mm,0.0,0.0,8.65990567276183e-05,0.0,0.0002912195110846192,0.0,0.0002685133800102989,0.00016439130914601736,6.137113132219301e-05,0.0,0.0,0.0,0.0,0.0005315173904583425,0.0
4930542C16Rik_mm,0.0,0.0,0.0,0.0,0.00015026310704795907,0.0,0.0,9.55221853831353e-05,0.0,2.875645787108712e-05,0.0,0.0,0.0,0.0001575394342423243,0.0
4930542D17Rik_mm,6.880910058082025e-05,0.00041432325890353297,0.0,0.0005162018134990317,0.0020336761445727603,0.0,0.00010756914473323965,0.0,0.00316534994257562,0.0041096145434287145,0.0030811705543530607,0.0,0.0,0.0,0.0015822281798847755
4930543N07Rik_mm,0.0,0.0,0.0001870355194588164,0.0,0.0,0.0,9.770762168976411e-05,0.0,0.0,5.300361383636002e-05,2.6365083885340778e-05,0.0,0.0,0.0001637756636127046,0.0
4930546K05Rik_mm,0.0,0.0006259765228067582,0.00048313261936761324,0.0,0.0,0.0,0.0010805512106773856,0.0,0.00014005704270822776,0.0,0.0,0.0,0.0,0.0002936180381599246,0.0
4930550L24Rik_mm,0.009891676073568532,0.0,0.14683688080381885,0.11362491370625304,0.0,0.0,0.0,0.0,0.0,0.0,0.0,0.0,0.0,0.009993372800315448,0.0
4930551O13Rik_mm,0.0005138692991710121,0.0006095773950545632,0.0005604872094369471,0.0,0.0003725182462855783,0.0,0.0,0.0008678798552504193,0.0,0.0,0.0,0.00011308978000665188,0.0,0.0,0.0006533429388711684
4930553J12Rik_mm,0.0,0.0,0.0,0.00018601026837698108,0.0,0.0,0.0,0.0,0.0,5.310516453689553e-05,0.0,0.0,0.0,0.000167939829774234,0.0
4930557K07Rik_mm,0.0003075169483346695,0.0,0.0,0.0,1.5705468465363272e-05,0.0,0.0,6.621224606028655e-06,0.0,1.5880353455641217e-05,0.0,0.0,0.0,1.381386549214835e-05,0.0
4930558C23Rik_mm,0.004507181964347317,0.0,0.0,0.01107640753753208,0.0,0.0,0.0,0.0,0.0,0.0,0.0,0.0,0.0,0.0025578688897136973,0.0
4930558N11Rik_mm,0.0,0.0,0.03271945059064025,0.0,0.0,0.0,0.0,0.0,0.195392777278827,0.02914210213714605,0.0,0.0,0.04380979569586196,0.006554626374058641,0.0
4930563F08Rik_mm,8.425852981781563e-05,0.0,0.0,0.0,0.0,0.0,0.0,0.0003708208036592841,0.0,0.0,0.0,0.0,0.0,8.698592803380616e-05,0.0
4930571N24Rik_mm,0.0,0.0002186271883928832,0.0006135852845825059,0.0,0.0,0.0,0.0,0.0,0.0,0.0005655360402820009,0.0,0.0,0.0,0.00031139112196638144,0.0
4930573C08Rik_mm,0.0,4.312884927130404e-05,0.00014154132016753874,0.0,0.0,0.0,0.0005284639774296063,0.0,0.0,0.0,0.0,0.0,0.0,0.0007712533040304543,0.0
4930578M07Rik_mm,0.0,0.0,0.0,0.0,0.0,0.0010843536378011714,0.0,0.00212146540644293,0.005059478667954845,0.006552099260581021,0.0009259079758567987,0.0,0.0,0.0034697862808376716,0.0
4930579C12Rik_mm,0.0,0.0,0.00021573109688754718,0.0,0.0,0.0,0.0,0.004309441683458498,0.0,0.000913104447181871,0.0,0.0,0.0,0.0,0.0
4930579D07Rik_mm,0.0,0.0,0.0005967004924737209,0.0,0.0,0.0,0.0,0.0027389648973158826,0.0,0.004313454011305617,0.0,0.0,0.0,0.00037544984444325694,0.0
4930581F22Rik_mm,0.03379943258444912,0.0,0.0,0.17055046886179562,0.0567100375697552,0.0,3.367720457516101e-05,0.0,0.10601768852525531,0.1080554858945702,0.0,0.0,0.0,0.022792260720528364,0.0
4930587E11Rik_mm,3.765434553497659e-05,0.0,0.00013374839910781962,0.0,0.0,0.0,0.0,0.0,0.0,1.8728014571714238e-05,0.0,0.0,0.0,0.0,0.0
4930589P08Rik_mm,0.0,0.0,0.0,0.0,0.0,0.0,0.0,0.0,0.0,0.0011078943607399812,0.0,3.4607360131241874e-05,0.0,0.0001474911400523951,0.0
4930593C16Rik_mm,6.757716183496991e-05,0.0,0.0,0.00010538214888971073,0.0,0.0,7.850936435315051e-06,0.00015122587786884755,0.0,0.0,0.0,0.0,0.0,4.251598186457665e-05,0.0
4930595M18Rik_mm,0.0,0.00018045478476258082,0.00754272457094245,0.0,0.0,0.0,0.0,0.0,0.0,0.0023299142804287434,0.0,0.0,0.0,0.0,0.0
4931428L18Rik_mm,0.0,0.0027088469089659633,0.0012371428627792442,0.0,0.0,0.0,0.0,0.0,0.0,0.0023315352506313508,0.0,0.0,0.0,0.0003588693076666403,0.0
4932414N04Rik_mm,0.0,0.0,0.0,0.0,0.000990128562745631,0.0,0.0,0.0,0.0,0.0009870766521407925,0.0,0.0,0.0,0.0,0.0
4932415D10Rik_mm,0.0,0.0072119952335184465,0.06534753937478714,0.05216662855610847,0.0,0.0,0.0,0.0,0.024149369640133977,0.014395206579548476,0.0,0.0,0.0,0.0,0.054851838000692495
4932435O22Rik_mm,0.0,0.0,0.0004369709079422001,0.0,4.381850142862121e-05,0.0,2.9674446747076128e-05,0.00035197631177131546,0.0007822417496028693,0.0,0.0,0.0,0.0,0.0,0.0
4932438H23Rik_mm,0.0,0.0005628891189033339,7.854821619859858e-05,0.00021533170976582142,0.0,0.0,0.0,0.0,0.0,0.0,0.0,0.0,0.0,0.0,0.0
4932443L11Rik_mm,0.0,0.0,1.865227738237109e-05,0.000773996412638767,0.0003684388394550247,0.0,0.0,0.000614964641160163,0.0,0.0017469480204989685,0.0,0.0,0.0,0.0,0.0
4933402J10Rik_mm,0.0,0.0005806890719487653,0.0008107032421932577,0.0,0.0,0.0,0.0002852808001085718,0.0,0.0,0.0,0.0,0.0,0.0,0.0,0.0
4933403O08Rik_mm,0.0001269859694501927,0.0,1.7058885713604105e-05,7.54328976758964e-05,0.0,0.0,0.0,0.0,6.381688641539607e-05,0.0,0.0,0.0,0.0,2.2693433628143586e-06,0.0
4933406B15Rik_mm,0.0,0.0,2.848829389248759e-05,0.0,0.0,0.0,0.0,0.0,0.0,0.0006408390499072843,0.0,0.0,0.0,0.0,0.0
4933406J10Rik_mm,0.0,6.203953165928271e-05,0.00026239134077220337,0.0013088293788463578,0.0,0.0,0.0,0.0,0.0,0.0008446789890102539,0.0,0.0,0.0,0.00027366411453323437,0.0
4933411E06Rik_mm,0.011288588105138043,0.0036596166740562332,0.011885377200878441,0.010502669937731877,0.0009420917114448321,0.0,0.009418292776483473,0.0,0.06888599107309086,0.12677821987350948,0.030358298798402357,0.008396375057185244,0.0,0.015239676797314375,0.0
4933413J09Rik_mm,0.0,0.0,0.0,0.0,0.0,5.315034062590645e-05,0.0,0.0005284455958321457,0.0003734593553831985,0.0011559917294935475,0.0,0.00023714074595984714,0.0,0.0,0.0
4933417D19Rik_mm,0.0,0.0,0.0,0.001753543878778542,0.011656629048307707,0.0,0.0,0.00014586052370597005,0.0,0.008655817503773096,0.0,0.0,0.0,0.0,0.0
4933421A08Rik_mm,0.002741375521605985,0.0,0.0,0.0,0.0,0.0,0.0,0.0,0.0,0.047034811445249555,0.010189044862170059,0.0,0.05998112344170054,0.0,0.0
4933427D06Rik_mm,0.0,0.0,0.0004785679350077801,0.0,0.0,0.0,0.0,0.0,0.0012253412987072645,0.0,0.0,0.0,0.0,0.0,0.00017240681600263664
4933430N04Rik_mm,0.0,0.00021569984040750864,0.00033617277730046155,0.0,0.0,0.0,0.00021199604711155733,0.0,0.0,0.0,0.0,0.0,0.0,0.0,0.0
4933436I01Rik_mm,0.0,0.0,0.0,0.00019027007796184903,0.0,0.00010625898467402099,0.0,0.0,0.0,0.0,0.0,0.0,0.0,2.864146459148054e-05,0.0
4933436P19Rik_mm,0.0,0.0,0.0,0.0,0.0,0.0,0.0,0.0,0.0,0.0,0.0,0.0,0.00027121678191079654,0.0,0.0
4933439C10Rik_mm,0.047366296374796064,0.0,0.0,0.11119997896075096,0.055278448240780535,0.0,0.0,0.0,0.0,0.10545332294291504,0.040034426677710684,0.0,0.003957115141267534,0.006472384103358871,0.08804190748484902
4933440M02Rik_mm,0.0,0.000328922688862659,0.00012154497816299612,0.0,0.001954755855234958,0.0,0.0,0.0,0.0,0.0015386217863530072,0.0,0.0,0.0001657504852549174,0.0005331169132512355,0.0
5031415H12Rik_mm,0.0,0.0,0.0,0.0,0.0,0.0,0.0,0.0034032656985690823,0.0,0.0,0.0,0.00018857170321125884,0.0,0.0,0.0
5031425E22Rik_mm,0.03978425236033818,0.0,0.0,0.00146284410362932,0.0,0.0,0.03776115495287929,0.17119139146268822,0.0,0.5083879102232403,0.05348181277280412,0.0,0.5993564107280255,0.0,0.0
5033421B08Rik_mm,0.0,0.0,0.0,0.0033956714490187352,0.06129870094663162,0.0,0.0,0.09830740678671218,0.0,0.06009576130360212,0.0,0.0,0.0,0.0,0.0
5033426E14Rik_mm,0.0,0.0,0.00010832899870653686,0.0,0.0,3.9960919882117876e-05,0.0,3.2919602692779284e-05,0.0,0.00045482029960101087,0.0,0.0,0.0,0.00010009054436980099,0.00011030204670360297
5033428I22Rik_mm,0.003165402675255764,0.0,0.0008424804739157519,0.0,0.00024960793041957043,0.0,0.0,0.0,0.005293568613809797,0.0358177117800691,0.0,0.0,0.017413808330136987,0.0012424516821632875,0.0
5330406M23Rik_mm,0.06787752129413784,0.0,0.0,0.0,0.07363715171104966,0.002455558932043465,0.0,0.030996013469400393,0.0115091700582982,0.18096673694223583,0.0,0.0,0.0,0.0,0.0
5330413D20Rik_mm,0.0,0.0,7.422542177115811e-06,0.0,0.0,0.0,0.0,0.0,0.0,3.692984305276606e-05,0.0,0.0,0.0,0.0001840589100607987,0.0
5430403N17Rik_mm,0.0,0.0,0.0001751718864904013,0.0,0.0,2.6318656147796308e-05,0.0,0.0007670773323654807,4.504796993179982e-05,9.965897953594158e-05,0.0,0.0,0.0,5.831857605107944e-05,0.0
5430405H02Rik_mm,0.03995856584638263,0.0,0.012926823524526303,0.1487246287586574,0.06372121392083387,0.0,0.012308626110442034,0.05348379938078172,0.13678564365873697,0.21347127276100078,0.07487966319580408,0.0,0.0,0.026276032309413715,0.0
5430416N02Rik_mm,0.0,0.0,0.0,0.0,0.2666898016299072,0.0,0.2003605994511459,0.01890030556775302,0.10706007110971352,0.15212700292022782,0.40372602209874325,0.12233985953845646,0.19927237182100355,0.0,0.0
5430434F05Rik_mm,0.005983480440807193,0.0,0.0,0.01695072505240638,0.028988256336858528,0.0,0.0,0.006707969915213825,0.0,0.04459431177511873,0.09142453042181382,0.04106903498518111,0.0,0.0,0.0
5730409E04Rik_mm,0.11335959938379092,0.0,0.019604532135633734,0.2604464205767652,0.14115989310495594,0.0,0.006677310618208766,0.010540893649900657,0.0,0.1111835116545031,0.13374881569812275,0.0,0.06081364718461205,0.0,0.0
5730455P16Rik_mm,0.1290537900243112,0.0,0.0,0.04431181851216224,0.17870131649096796,0.0,0.03338485356458873,0.02948535925509252,0.1532369916123189,0.35325353598262976,0.11757432799483271,0.030174769615058605,0.029643115786034617,0.02046529696605593,0.019570193045152173
5730460C07Rik_mm,0.0,0.0,3.323476601583419e-05,0.0009383813137965346,0.0,0.0,0.0,2.5168557888131566e-05,9.337189138062994e-05,0.0008054663118845375,8.567967710169136e-05,0.0,0.00012099207459111228,0.0,0.0
5730596B20Rik_mm,0.0,0.0002919193335861307,0.0,0.0,0.0,0.0,0.0,0.0,0.0,0.0,0.0,0.0,0.0,0.0,0.0
5830411N06Rik_mm,0.0,0.0,0.0,0.0,0.0,0.0,0.0,0.0,0.0,0.0005941109407038702,0.0,0.0,5.57471140497624e-05,0.0,0.00013614595587301348
5830428M24Rik_mm,0.0,0.0,0.0007502431644566454,0.044500231157087185,0.04290067798104085,0.0,0.0,0.007116688536548044,0.0,0.022908941378719308,0.0,0.0,0.0,0.029206439724649938,0.0
5830444B04Rik_mm,0.0,0.011378659176892788,0.02972192144419844,0.09287581983170598,0.06743632265458138,0.0,0.0,0.019397807028769087,0.0,0.05804524410192223,0.0,0.0,0.0,0.0030605908751796776,0.0
5930430L01Rik_mm,0.21977281218678033,0.0,0.0,0.2892646467407794,0.1138849860222408,0.0,0.017962521391862114,0.0,0.1755949020514091,0.31592955040890425,0.0,0.0,0.0,0.022494187860387534,0.0
5930438M14Rik_mm,0.0,4.9099576542581084e-05,0.00011951046576439453,0.0,0.0,0.0,0.00023600017513435278,0.0,6.989757552154085e-05,0.0,0.0,1.3981608642962573e-05,0.0,0.0,0.0
6030407O03Rik_mm,2.805785157143896e-05,0.0,2.3346408023374537e-05,0.00010552762223215565,0.0,0.0,0.0,4.882922601555397e-06,0.0,1.123882600488295e-05,0.0,0.0,0.0,0.0,0.0
6030443J06Rik_mm,0.03581174568614945,0.012389996391567406,0.0,0.0,0.03397647546690564,0.0,0.0,0.017956457457938915,0.01619961186284978,0.12141754959820716,0.0,0.003505130826592538,0.05568130009218683,0.002426522865820276,0.0
6030458C11Rik_mm,0.5151041456378728,0.0,0.039624390578572054,0.4905870520688543,0.2582914098624247,0.0,0.0,0.007386233989474499,0.312461970111651,0.25780088286029923,0.14959909092578375,0.0705883974609076,0.0,0.043196246606690525,0.019296553065230187
6330562C20Rik_mm,0.0377852126411542,0.0,0.0,0.1346316881982942,0.05179289558654515,0.0036766764993463215,0.0,0.0,0.0,0.06048059791114893,0.03323331668396488,0.0,0.0,0.0,0.0
6430553K19Rik_mm,0.0,0.0,8.569525976921428e-05,7.213719465405655e-05,0.0,0.0,0.0,0.0,0.0,0.0004091738409363608,0.0,0.0,0.0,0.0,0.0
8030423J24Rik_mm,0.0,0.0,0.0,0.0,0.0,0.00023279343760131954,0.0002633476978866749,5.026847641442082e-05,0.0,0.0,0.0,0.0,0.0,0.0,0.0
8030474K03Rik_mm,0.0010776312040654073,0.0,0.015328405355350424,0.019645248286344133,0.0,0.0,0.0,0.0,0.0,0.0,0.0,0.0,0.0,0.0018733133407528157,0.0
8030487O14Rik_mm,0.0,0.0,0.0,0.0,0.0,0.0,0.0,2.458381201115094e-05,0.0,0.00010168473075457501,7.968782710565351e-05,0.0,0.0,0.0,0.0
9030025P20Rik_mm,0.061669138378758974,0.0,0.006370624198274504,0.09150048839939488,0.0823443013366097,0.0,0.0,0.0474728656861033,0.004983596407838213,0.25501877556245967,0.052753207415090944,0.0,0.028948104077791637,0.002888200396564998,0.0
9330111N05Rik_mm,0.0,0.0003931932464332045,0.002297808900766947,0.0,0.0,0.0,0.0,0.0,0.0,0.0,0.0,0.0,0.0,0.00038965899489627986,0.0
9330158H04Rik_mm,0.0,0.0,0.00042188570872702134,0.0,0.001020564505936092,0.0,0.0,0.0,0.0,0.0006004937800814508,0.0008532718286964543,0.0,0.0003029079808266573,0.0005241911974051198,0.0011934553530276993
9330159M07Rik_mm,0.0,0.01768383021713245,0.045614766682993774,0.03726332662644754,0.0,0.0,0.0,0.0,0.0003328855483863872,0.02803093923285695,0.003478515117036277,0.0,0.0,0.004503971201595167,0.0
9330175E14Rik_mm,0.06948956259629123,0.0,0.0,0.05348985494138541,0.07899632824708154,0.0,0.0,0.026098420606240465,0.05991451220826676,0.0,0.0,0.0055755660134559955,0.0,0.10401230654008183,0.0
9330175M20Rik_mm,0.0,0.0015427186981239844,0.013263863676057076,0.0014778961214745587,0.0,0.0,0.0,0.0,0.0024742278660713967,0.0,0.0,0.0,0.0,0.0,0.0
9330188P03Rik_mm,0.0,0.0,0.0,0.0002139822824739828,0.0,5.5955626723447575e-05,0.0,0.0,0.0,0.0,0.0,0.000261978236097831,0.0,0.0001944064281817992,9.40528759416746e-05
9430053O09Rik_mm,0.0,0.00048604666631453216,1.9934415646317694e-05,0.0,0.0,0.0,0.0,0.0,0.0,0.0,0.0,2.990892827287326e-05,0.0,0.0,0.0
9430065F17Rik_mm,0.0,0.0027856050519735535,0.009208624467257358,0.0,0.0,0.0,0.0,0.009063871939161854,0.016885061420252562,0.06205854975072968,0.0,0.0,0.02580312103356894,0.004498535654795219,0.0
9530082P21Rik_mm,0.02721815136467136,0.004329635827230971,0.01156286344256108,0.10438740645834542,0.05017964465214041,0.0,0.0,0.028119587911941992,0.0,0.0,0.0,0.0,0.0,0.0,0.0
9630014M24Rik_mm,0.0,0.0,0.0,0.0,0.009877445931004385,0.0,0.0,0.00859545651968217,0.0051698827287306485,0.004821325887870918,0.0,0.0,0.0,0.0,0.0
9930111J21Rik2_mm,0.0,0.07304260653270737,0.0,0.5282801462113975,0.0,0.0,0.0,0.44685162428169023,0.6997135670319822,1.775095889235801,0.20532539108903286,0.11768313277773006,0.11484776220484907,0.04847874544096025,0.4512975962157854
9930120I10Rik_mm,0.0,0.0,0.0,0.09334928778691964,0.051472017443088394,0.0,0.0,0.014434736968404098,0.0,0.13251054040194926,0.0576980972838352,0.009557661730522804,0.0,0.0,0.0
A130014A01Rik_mm,0.0010472013949698147,0.0,0.0,0.050871199157485676,0.03945698484894174,0.0,0.0032679379488146764,0.03314549635333687,0.009622353120209683,0.07260754171982646,0.0,0.0,0.0,0.01112481103351174,0.0
A130077B15Rik_mm,0.021326408422387557,0.0,0.015021140959816747,0.019006925322662283,0.010592318763941932,0.0,0.0,0.010434135661663228,0.12346947552420945,0.20927202398764808,0.07428009068099277,0.013409439495751387,0.0,0.00925550432073552,0.0
A230083N12Rik_mm,0.0,0.0,0.004003304169691624,0.0,0.0,0.0,0.0,0.0011735225136561681,0.038690740190186694,0.019303298022037986,0.0,0.0,0.006972661861281071,0.0004012431804026764,0.0
A330023F24Rik_mm,0.0,0.0,0.0006876507123746211,0.0018779323613460372,0.00026113880479000895,0.0,0.0006067752990229347,0.0013564950979244436,3.8824952878253705e-05,0.0021371951236140926,0.0,0.0001780819924245012,0.0,9.140032512435329e-05,0.0
A430073D23Rik_mm,0.047770771734553755,0.02488642226176338,0.00405274459054293,0.07007482614000454,0.0,0.0,0.0008526349857113542,0.0,0.07696169870079841,0.27745553661557376,0.007463199705001348,0.0031518876153090484,0.0,0.03672318710405006,0.016124868443055416
A530010F05Rik_mm,0.0,0.0,0.0,0.0,0.0,0.0,0.0,0.0,0.0,0.0,0.0,0.0,0.0002466141076081498,0.0003070391112277245,0.0
A530010L16Rik_mm,0.0,0.0,0.0,0.0009928336359690151,0.0074583562930017645,0.0,0.0,0.0,0.0,0.006215661681191853,0.0,0.0,0.0,0.0003055867611094463,0.0
A530032D15Rik_mm,0.0,0.0,0.09786968158866803,0.1699457731773168,0.051285456463873565,0.0,0.0,0.005153866493889643,0.0,0.1298009832765357,0.0,0.0,0.0,0.051208895747499185,0.0
A530040E14Rik_mm,0.0,0.0,0.011817908848211807,0.037229806452776196,0.007414959801902332,0.0,0.0,0.013088645377441355,0.0,0.014033671889312245,0.0,0.0,0.0,0.019538598862492595,0.0
A530058N18Rik_mm,0.0,0.0,0.0,3.4728636548806866e-05,0.0,0.0,0.0,0.0,0.0,0.0,0.0,0.0,0.0,0.0015513813838674163,0.0
A530065N20Rik_mm,0.0,0.0,0.0005867258854856033,0.0,0.0,0.0,0.0,0.0007835644918348571,0.0,0.002643854504809056,0.0,0.0,0.0,0.0,0.0
A530083M17Rik_mm,0.13338806412863335,0.0,0.0,0.1025023382706881,0.11570434377993062,0.0,0.0,0.0,0.0,0.15210767554708735,0.0,0.0,0.0007874065241905612,0.0,0.0
A630089N07Rik_mm,0.6707484036474134,0.07630117757099368,0.06576242630627989,0.19042187620375398,0.0,0.0,0.0,0.0,0.40461285026659316,1.536458328026712,0.5003366318493448,0.0,0.021444276489411718,0.059770724493199555,0.8234438458909303
A730081D07Rik_mm,0.0,0.0,0.0007001269554428553,0.0,0.0,0.0,9.512302843152782e-06,0.0005174753671721792,0.0,0.00031112695356107353,0.0,0.0,0.0,0.00021229962747444078,0.0
A830008E24Rik_mm,0.0,0.0003551122059878622,0.02532248583844751,0.0,0.0,0.0,0.0,0.0005172794502745239,0.10970965337383479,0.020951770576389528,0.0,0.0,0.019482769173816597,0.0,0.0
A930005H10Rik_mm,0.0,0.0,0.0,0.1518616347349372,0.17310562587369904,0.0,0.32476171715837865,0.05358470507753679,0.0,0.0,0.0,0.0,0.0,0.2518169979563177,0.0
AA414992_mm,0.0,0.0,0.0,0.0,0.0,0.0,0.0,0.0,0.0,6.419071865373168e-05,0.0,0.0,0.0,0.0002947075259070242,0.0
AA792892_mm,0.0,0.0006078600681489953,0.0003602882400774009,0.0017756529588546029,2.3122819098869945e-05,0.0,0.0,0.0,0.0,0.0062093638259613955,0.0,0.00026454628792101743,0.0,0.0006094405682213728,0.0
AB041806_mm,0.010680691895462526,0.006933269586211559,0.0005415848638182523,0.001362662162971586,0.0,0.0,0.0,0.006891488142813241,0.017581885678081582,0.06915420159907096,0.005377313640990203,0.0,0.01901952728908019,0.007142249248547911,0.0
AC124742.1_mm,0.0,0.0,0.0,0.0001325341621203638,0.0,0.0,0.0,0.0,0.0,0.0,6.858433925030137e-05,1.1978108172903994e-05,1.8747481670524503e-05,0.0,0.0
AC132444.6_mm,0.15133347504071246,0.13151648151932427,0.04236888066021,0.1946719641787022,0.0,0.0,0.0,0.0,0.2764440375747074,0.9574787000143948,0.08023435849489276,0.0,0.0,0.008258580633296738,0.0
AC133103.1_mm,0.0,0.007842922651436943,0.04293091296805392,0.26527760153227725,0.09167602145070795,0.0,0.0,0.04045404585177643,0.0,0.1435660962184348,0.0,0.0,0.0016421240174558788,0.0025383192270328416,0.0
AC133103.7_mm,1.9445644408321706e-06,0.0,0.0,0.0003971188363129974,0.0,2.2001419455845977e-05,0.0,0.00015865338650785803,0.0,0.0,0.0,0.0,0.0,0.0,0.0
AC139131.1_mm,0.2071876934275161,0.14120728293381535,0.033380131043202844,0.12787422138261134,0.0,0.0,0.0,0.017123411160066077,0.34012604347003117,0.9904792232323821,0.023721396793269647,0.022435710213611824,0.0,0.03164977634063568,0.0
AC147806.2_mm,0.0,0.0,0.002706592065214969,0.02761349394528137,0.0109917815741743,0.0,0.0020708821097961856,0.0004933490547335778,0.0002882416068699715,0.0042522912833015845,0.0,0.0,0.0,0.002728879405402914,0.0
AC149090.1_mm,0.6846212639961637,0.11087386300066766,0.0,2.9671237023847885,1.1084963240842056,0.39932650276699727,0.0,0.8388300354229477,3.230782718106162,1.1593926086455988,1.1294810414053027,0.2636440179638652,1.6306905654253379,0.0,0.0
AC154200.1_mm,0.002747570931650519,0.0,0.001832357265103196,0.0,0.003994929855065146,0.0,0.0,0.0,0.00473797235709242,0.02822374938583566,0.0035384646032614246,0.0,0.006796073290694251,0.0,0.0
AC160336.1_mm,0.0,1.4761327369826587,0.5165150407740184,1.2950681607987062,0.0,0.0,0.0,0.7333872993914297,0.027864001535863863,1.8155619154106695,0.0,0.22490799485928553,0.0,0.0,0.0
AC163703.1_mm,2.198885714226742e-05,0.0,0.0,8.476648542670493e-05,0.0002015338668157187,2.007470767803814e-05,0.0,0.0,7.082933907033742e-06,0.0,0.00020453489850770024,0.00014019464185451648,0.0,0.0,0.0
AC164084.1_mm,0.0,0.0004517793976777341,0.0012333030986841677,0.00012027479645673237,0.0,0.0,0.0,0.0,0.0,0.0011800828986007644,0.0,0.0,0.0,0.0002034498800488179,0.0
AC168977.1_mm,0.0,0.01503035646512657,0.03491022356887514,0.23815121235076728,0.08777334797576775,0.0,0.0,0.008823680408225119,0.0,0.14427877772760556,0.0,0.0,0.0,0.040567210503744046,0.0
AF067061_mm,0.0,0.0022799958111551703,0.002071019180328634,0.0,0.0,0.0,0.0,0.0,0.0,0.004754381008474656,0.0,0.0,0.0,0.0,0.0
AF067063_mm,0.0,0.0001641592009096259,0.0,0.0,0.0,0.0,0.0,2.8839743867357586e-05,0.0,0.0006028364466959604,0.0,0.0,0.0,0.0,0.0
AI427809_mm,0.0,0.00019982178121376174,0.0024763190516217193,0.0025431968828998034,0.0,0.0,0.0,6.323598887131864e-05,0.0,0.0,0.0,0.0,0.0,0.0005394542732953764,0.0
AI429214_mm,0.0,0.0,0.00025205015137312234,0.0,0.0,0.0,0.00010720102357775735,0.0,0.0004800479481900976,0.0,0.0,0.0,0.0,1.8838619800388145e-05,0.0
AI506816_mm,0.14579161369577592,6.514861383226769,1.1334248443042998,2.7109742229036407,0.36107899221278594,0.0,0.0,0.0,1.6942913855397246,0.8106392426016873,0.07226019955397095,0.6895384622254693,0.0,0.33309495303576137,0.0
AI507597_mm,6.610161104572244e-05,0.0,0.0,3.378363729075181e-05,0.0,0.0,0.0,0.0,0.0,1.7404709194440442e-05,2.3128677399208615e-05,0.0,0.0,0.0,5.702454949344794e-05
AI838599_mm,0.00928570149427431,0.004792526370117016,0.003648892272019517,0.01665182454221841,0.0,0.0,0.0,0.00225789609009559,0.025535695300779378,0.05466074069958443,0.0,0.003455464497681858,0.0,0.007665069208687976,0.0
AU019990_mm,0.0,0.005035087250032733,0.004981005700757577,0.0,0.0,0.0,0.01121902088733099,0.0,0.0,0.0048454123026561305,0.0,0.0,0.0,0.0022414792903849364,0.0
AU020206_mm,2.6661799485382907,0.18489866422162607,0.32760657871421967,2.4388099610073013,0.16409540108342785,0.7950824549825348,0.18701679972034707,0.0,0.2249532606521816,1.1957836937272295,0.0,0.0,0.13868438777568037,0.1438284274863337,0.39561511775187613
AU040320_mm,0.0,0.017813136535079533,0.06891060690394923,0.7161254632141676,0.3921100401442678,0.0,0.04043083784429138,0.11711835688714271,0.0506988603836918,0.08809542582350147,0.2814415992927571,0.024969663313917496,0.049702537229441415,0.0,0.0
Aadacl2fm1_mm,0.0,0.00013052583786883105,9.7413010754297e-05,0.0,0.0,0.0,4.4923992379383845e-05,0.00020269933134620425,1.1374436056403606e-05,0.0,0.0,0.0,0.0,0.0,0.0
Aadacl4fm5_mm,0.0,0.0,0.0,0.0,0.0,1.3612169705122016e-05,0.0,0.0,0.0,0.0006257464579386879,0.0001159871649968424,0.00014044040560270892,6.384694545293798e-05,0.0,0.0
Aarsd1_mm,0.23461485519645295,0.0,0.0,0.05071331159258168,0.11402676048765889,0.0,0.007450386612021758,0.0,0.0,0.14518244001183764,0.9619135696248512,0.16221397226810413,0.07792801632625503,0.061845888313701386,0.03165582955717657
Aatk_mm,0.0,0.0,0.0,0.000538729444937606,0.026580463246733785,0.0,0.0,0.010119395952624755,0.0,0.0,0.0,0.0,0.0,0.0,0.0
Abca2_mm,0.1563280869145264,0.0,0.0,0.28338837898966796,0.1738870452034458,0.0,0.0,0.0,0.020102588409569334,0.05421819066062624,0.07941020046811079,0.0,0.0,0.035168622034561024,0.002316038751854563
Abca4_mm,0.0,0.0,4.329777128315028e-05,0.00027620339085683283,0.0,3.4197252757223335e-06,0.0,0.0,0.0,2.750457489768807e-06,0.0,0.0,0.0,0.00018413438284390504,0.0
Abca5_mm,0.0,0.0,0.00012886773484102729,0.0,0.0,0.0,9.96963603332744e-05,0.00038496537743029397,0.0009885397323456584,0.0012735621364662532,0.0,0.0,0.0,0.0,0.0
Abca7_mm,0.0406726920924535,0.0,0.0,0.2625398099390612,0.25969866052724067,0.0,0.0,0.03433479821181709,0.0,0.12585424544364038,0.19912204803634756,0.0,0.03634877148727962,0.0,0.0
Abcb1a_mm,0.0,0.011341283512279778,0.0,0.04385754856471446,0.038184308892569005,0.0,0.0,0.13793764030933808,0.0,0.0,0.0,0.023765675759434893,0.005582719418914471,0.0,0.0
Abcb1b_mm,0.9199751903659197,0.0,0.14239627408978983,0.4490154084307074,0.0,0.0,0.0,0.8471031986952077,2.280655965872492,0.4080129515582814,1.5794080454603219,0.3317017453867632,0.38070795340154717,0.0,0.0
Abcb4_mm,0.31107687839311743,0.1191958702366567,0.002745135250149544,0.977865067172399,0.20347953450480444,0.0,0.1420341703607839,0.6532393253608548,0.3567084610103139,0.9253680477750745,0.15634158623641403,0.36023842783725335,0.30026824218234865,0.01746440377160838,0.0
Abcb5_mm,0.0,0.00014780340183596493,9.306452583158448e-05,0.0,0.0,0.0,0.0,0.0,0.0,0.00025064678134452525,0.0,5.963222857784843e-05,0.0,0.0,0.0
Abcb8_mm,0.29906379221910245,0.0604060368030316,0.0,0.20156110223033505,0.15317137737872574,0.0,0.0,0.010956169182551202,0.006730486208076989,0.27476533788462376,0.3562840650212627,0.049998287026306765,0.0,0.07742940410780008,0.03804527837019205
Abcc5_mm,0.20914812750105732,0.040098932813656535,0.06504448130688473,0.4923457115002422,0.25275631421849226,0.0,0.0,0.14418726626263276,0.1075017574506426,0.25984834763952513,0.25377342889674526,0.09715706708183373,0.03643149403253771,0.0,0.047927326967773166
Abcc6_mm,0.0,0.0,0.00016169329836936507,0.0009193752566319639,0.0007588711367950963,0.0,0.0,0.0002326403224890264,0.0,0.0,0.0,0.0,0.0,0.0006200916318171622,0.0
Abcd4_mm,0.1521407994874932,0.02783647228019995,0.05688748521594402,0.09415625498985626,0.05391996034233099,0.0,0.016513681481740854,0.09675865546359384,0.08752732145465587,0.5421556073440281,0.19683334516560558,0.0,0.22109088546763536,0.0010828986373480408,0.0
Abcg3_mm,0.0,0.0,0.0002088019269278719,0.0,0.0,0.0,0.0,0.0,0.0,0.00010417730012455606,0.0,0.0,0.0,0.0,0.0
Abhd16a_mm,0.08288632730875663,0.0,0.0,0.021607234315501378,0.03953417825097284,0.0,0.0,0.0013448165049129487,0.009656981908786383,0.0329218188131799,0.0,0.0,0.0,0.019047921592191333,0.0
Abl1_mm,0.14588435170760827,0.12814962212577577,0.01983969669592488,0.9864597144778336,0.26546784752351654,0.015896556332226024,0.0,0.05180857717952679,0.03372611707295865,0.36806876368864655,0.8576898297998465,0.03918390752766979,0.16786466026249344,0.02577929852078315,0.19130776422855167
Ablim1_mm,1.063756463378331,0.21233813996214387,0.05501274954743096,2.025670313221574,0.0,0.31618036673847943,0.012343895346280446,0.8853866573850959,0.49050661604553275,0.49815793320425344,0.5524923458362468,0.34715593853957166,0.15071075863040967,0.3814945557521295,0.6482628119899652
Abtb1_mm,0.0,0.0,0.0,0.27547534785113104,0.1427272617066046,0.0,0.0,0.1318778799802944,0.0,0.06025781756714051,0.002453914708663929,0.0,0.0,0.06282155506494053,0.0
Acaa1a_mm,0.11961226585524881,0.0,0.0,0.6605874004410798,0.16356369117080072,0.0,0.0,0.07701288704999293,0.0,0.03502239834664424,0.288877133858856,0.0,0.033425923764211,0.013563646884007319,0.0
Acaa1b_mm,0.00041679800291669457,0.0,0.0,0.024904139888130488,0.01317273049658551,0.0,0.0,0.00034848276693083985,0.0,0.009498311230154162,0.017557130770872106,0.0,0.0,0.00027315060267740136,0.0
Acad10_mm,0.0007130678205066404,0.0,0.0,0.13297308922476975,0.10276826590731891,0.0,0.0,0.007739385419362552,0.0,0.015239900832077036,0.0020275947342642637,0.0,0.0,0.011595719524512544,0.0
Acad11_mm,0.041248957289059106,0.00021156265720920223,0.0,0.1125554523797951,0.05920711518391645,0.0,0.022218166842567243,0.042174708005163694,0.028260443555829528,0.15960811036605757,0.009638239930829164,0.019421831826183966,0.009363293469606697,0.008844073421588388,0.0
Acad12_mm,0.027831055106747243,0.016655207007012274,0.0010508882763964587,0.2441723212341344,0.08760753302419656,0.0,0.0,0.05355569211084713,0.0,0.06733545668006846,0.0,0.0,0.010187441433207317,0.01196243663070126,0.0
Acadsb_mm,0.08772029213423167,0.0,0.02009029632198786,0.3754348311414461,0.18828959383978724,0.003382717760016826,0.05087343055588973,0.1271057839243235,0.16454465687209838,0.059809344278648084,0.0,0.021541435150159032,0.0,0.0050377639741646845,0.0
Acadvl_mm,0.6424076751747319,0.0,0.016253018749332746,0.5377932241407947,0.36659037448939646,0.0,0.0,0.15817507908782055,0.0,0.11305547289229627,0.12309662724877904,0.0,7.061204040571279e-05,0.14780422580479916,0.0
Acap1_mm,0.034549908729729344,0.00789867885720911,0.010076734710736902,0.7225140686785363,0.4207634156180742,0.0,0.0,0.06959424941117198,0.13777384451640554,0.21913093579111892,0.5554555184078257,0.04797487980162289,0.04625316917128472,0.1417875101312345,0.13306032959616387
Ace2_mm,0.0,0.0,0.0,0.00018294857537172384,0.0,0.0,0.0,4.045453314198477e-05,0.0,0.00016418740449988573,0.0,0.0,2.45609307566541e-05,0.0,0.0
Acer3_mm,0.044157344499983514,0.0,0.002606485654146926,0.023078089977123756,0.0018799926727701415,0.0,0.0,0.01837818379026885,0.051860945791237345,0.07071897795947067,0.0,0.0,0.0,0.003981872369421762,0.0
Ackr3_mm,0.0,0.0,1.401548795007587e-05,6.817102751550861e-05,1.3506870509885923e-05,0.0,0.0,0.0,0.0,4.302745831589399e-05,0.0,0.0,0.0,0.0,0.0
Acly_mm,0.8621663216475258,0.0,0.04873618425595599,2.10434706921413,0.0,0.5744649811997807,0.334735738449309,0.0988972326004191,1.0735417549221955,0.06406549768605128,1.1071925481042386,0.7890298882502633,0.2536505489795627,0.18990074760223646,0.4059056607108673
Acot2_mm,0.028075353574077557,0.0,0.0,0.0,0.03305140186384938,0.0,0.013338976144380777,0.0026956573535445246,0.0,0.10725034915635112,0.02033380995948522,0.006799695050343213,0.04045851197957155,0.0,0.0
Acot3_mm,0.0,0.0,0.0,0.0,0.0002683745316407639,0.0,0.0,0.0,0.0001887239715989315,0.0,0.0,0.0,0.0,0.0,0.0
Acox1_mm,0.3089172825763845,0.02873071210316335,0.0,0.5236263078742979,0.2510943092480977,0.0,0.03750689645402524,0.2553415666984075,0.2619372909328717,0.1941477949995237,0.011964242811747109,0.0,0.0,0.0,0.0
Acox3_mm,0.17894436639468447,0.04933103638805555,0.0,0.6366310365447039,0.29791433071468604,0.0,0.0,0.3061380073876644,0.0,0.15661202539511973,0.0,0.016198190120630947,0.0,0.0,0.0
Acoxl_mm,0.9166751723001926,0.10887717701906881,0.0,0.14365724679289768,0.0,0.0,0.1884950443110689,0.004227332258412016,0.003461754597403574,0.0,0.9759954378984508,0.10518855123995453,0.0,0.37384912623145455,0.0
Acrbp_mm,0.0,0.0,0.0,0.10237623755707918,0.10204019896068252,0.0,0.0,0.014475308345525139,0.0,0.13895584428584698,0.0,0.0,0.0,0.003905392106552274,0.0
Acrv1_mm,8.91190409443792e-05,0.0,0.0,0.0,0.0,0.0,0.0003894986206383985,0.0,0.0,0.0008025273028244508,5.7617465357225655e-05,0.0,0.0,1.294973874337413e-05,9.142928148634044e-05
Acsbg1_mm,0.01525925868697236,0.0,0.0,0.17666692533778575,0.25650445013815926,0.0,0.0,0.17701396463906988,0.0,0.018280603838407874,0.0,0.0,0.0,0.0,0.0
Acsl3_mm,0.0,0.000907162993145186,0.004876447197938761,0.0038122141387934203,0.0,0.0,0.0,0.0032188108867027914,0.0,0.00011972573489083358,0.0,0.004784740033527283,0.0,0.00378559885591041,0.0
Acss1_mm,0.6037811572844733,0.0,0.0682517952875089,1.0297906638171745,0.21595874111785535,0.03192052072530486,0.0,0.0,0.0,0.01487325361806153,0.3965265274830564,0.0,0.02602688487973878,0.09718669873414609,0.39586597564476367
Acss3_mm,0.0,0.03570540394191086,0.12694139698840912,0.044526529482827794,0.0,0.0,0.0,0.0,0.0,0.0,0.0,0.0,0.0,0.0,0.0
Acta2_mm,0.0,0.12991484532906947,0.12332215214370064,0.5926546905649585,0.0,0.0,0.0,0.0,0.2595117825782602,0.0,0.0,0.08457031206308474,0.0,2.0852846887823233,0.0
Actc1_mm,0.0,0.000427823729626231,4.7492524521822256e-05,0.0004718809652473382,0.0,0.0,0.0001017490786097383,0.0,0.0,0.0,0.0,0.0,0.0,0.00014217482774156852,0.0
Acte1_mm,0.0,0.00019540788396763122,0.0005166482804987023,0.0009363395743681947,0.0,0.0,0.0,0.0,0.0,0.0003278156977011841,0.0,0.00020150340239510098,0.0,0.0,0.0
Actg2_mm,0.0,0.0298411485786026,0.0,0.4152901395422634,0.03975493946543479,0.0,0.0,0.05617061728154311,0.06564804304288743,0.0,0.0,0.010079411054455796,0.0,0.5014052711739885,0.0
Actl7a_mm,0.0,0.0,0.0,1.0391449295645186e-05,0.0,0.0,0.0,2.0065980620700942e-05,0.0,0.0,0.0002700822470899644,0.00018468466444401433,0.0,0.0,0.0003333518094870239
Actn2_mm,0.0,0.0,0.01826995855203763,0.03050547041385786,0.012965501396805475,0.0,0.042968795266994625,0.0,0.0,0.004749086580160798,0.0,0.0,0.0,0.03592911491203432,0.0
Acvrl1_mm,0.0,0.0,0.0,0.06383002112852276,0.010594360605384713,0.0,0.0,0.02029661888972226,0.0,0.0,0.0,0.0,0.0005178888031974395,0.016966083767991465,0.0
Acyp2_mm,0.0,8.423403515547423e-05,6.173881964729425e-05,0.0,0.0,0.0,0.0,0.0,8.825355523949223e-05,0.0,0.0,0.0,0.0,0.0,0.0
Adam26b_mm,0.009112700961859553,0.0029268487588232817,0.0,0.006906535286652405,0.0,0.0,0.0029054097142831377,0.0030705626817910726,0.009486564879917623,0.03269794967839109,0.0,0.0,0.0,0.004545089591565295,0.0
Adam28_mm,0.02338284610750838,0.01312714881976056,0.01588925193718638,0.0,0.0,0.0,0.0007599926128824151,0.02717495667674763,0.07020768636167324,0.23817474374222897,0.03004511936583928,0.0,0.07891622824872588,0.01198992256067759,0.0
Adamts13_mm,0.0,0.0,0.21348400368863948,0.08002213761786743,0.024611453644377085,0.0,0.0,0.06312964239309912,0.0,0.1854555910465347,0.0,0.0,0.11663063957466258,0.0024354613351275376,0.0
Adamts16_mm,0.0,0.0,3.35642382777597e-05,7.886540529372618e-05,0.0,0.0,0.0,0.0,0.0,0.0,0.0,0.0,0.0,0.00046395020757558224,0.0
Adamts1_mm,0.0,0.00031831063475391537,0.0008615282430485855,0.0008659804200208941,0.0,0.0,0.0,0.0,0.0,8.66819793279357e-05,0.0,0.0,0.0,0.0,0.0
Adamts2_mm,0.0,0.0,0.0007264357182291074,0.0006959439454737001,0.0,0.0,0.0008073549109348304,0.0,0.0,0.0017739236414032607,0.0,0.0,0.0006413376907261234,0.0012375026997802454,0.0
Adamtsl2_mm,0.002043926354319074,0.01311604820792816,0.025717847391956494,0.2647205883022503,0.07296179931577672,0.0,0.0,0.01146412073034087,0.0,0.04694155395602037,0.0,0.0,0.0,0.0,0.0
Adck2_mm,0.052572021921192036,0.0,0.020892069384341957,0.1712329323064221,0.07641852301816605,0.0,0.0,0.010683694943345735,0.0,0.08674548597286783,0.0,0.0,0.0,0.02866549556024913,0.0
Adcy1_mm,0.0,0.0,0.0017659259320437419,0.0,0.0006508093675122587,0.0,0.0,0.0001134110791769865,0.0,0.012657209171285044,0.0,0.0,0.0,0.0,0.0
Adcy2_mm,0.0,0.00011489305340613325,0.00033096471297145786,0.0,0.0,0.0,0.0,0.0,0.0,0.0005391231611710433,0.0,0.0,0.0,0.00024755167536267376,0.0
Add1_mm,0.32381737766078567,0.21554019417433679,0.16255227034006123,1.400846069291531,0.3914746743257551,0.0,0.0,0.4224962859143678,0.2211990876376168,0.06091897346984621,0.7184116691953236,0.19794718109496617,0.08714156788886425,0.08478616526686893,0.07338579203712349
Add2_mm,0.0,0.0005452840215839755,0.0010175489484664823,0.020274700009454277,0.0,0.0,0.0,0.005606576683877618,0.0,0.00019999958892416583,0.0,0.0,0.0,0.0016649862052134444,0.0
Adgb_mm,0.0,0.0002030291905124499,0.00011240804255724032,0.0,0.0,0.0,7.884743436324227e-05,0.0,4.4055717800016946e-05,0.0,0.0,0.0,0.0,6.813348288018527e-06,0.0
Adgrb2_mm,0.0,0.0,0.0,1.500250266396645e-05,0.0,4.970549234915478e-05,0.0,0.0,1.1883328160633092e-05,0.0,0.0,0.00021194973006824982,0.0,0.0,0.0
Adgre5_mm,0.40814722527619485,0.0,0.0,1.1838527528115077,0.5138790931176961,0.0,0.24666448319313858,0.7344845331108738,0.023470088939953015,0.09520192837342517,0.01491468271528972,0.31719295084252974,0.0,0.23111858312422293,0.0
Adgrf1_mm,0.0,0.00013466032065790034,0.0020239622352497613,0.007965384129247998,0.0,0.0,0.0,0.0,0.0,0.001817630608990117,0.0,0.0,0.0,0.0,0.0
Adgrf5_mm,0.0,0.0,0.011652982079257225,0.003442069250957941,0.0,0.0,0.0,0.0,0.0,0.0006002914809052839,0.0,0.0,0.0,0.0,0.0
Adgrg3_mm,1.1625240708603248,0.005953928780671076,0.0,0.3365205390122886,0.7211953679079561,0.0,0.0,0.09933741054435444,0.24779989250864892,0.15418641825917317,0.29919288436477404,0.0,0.0,0.0,0.0
Adgrg5_mm,0.0,0.0,0.0,0.002823954673335973,0.0,0.0,0.0,0.0006816798432366185,0.0,0.0,0.0,0.0,0.0,0.0005733079211926687,0.0
Adh7_mm,0.0,0.0006879845024177025,0.00045714816425658576,0.0,0.0,0.0,0.0,0.0,0.0,0.0015341110295479601,0.0,0.0,0.0,7.213019338316221e-05,0.0
Adi1_mm,0.8172118651877113,0.0,0.0,0.12085428265385449,0.339570764430165,0.0,0.0,0.30841931765231195,0.3222034805367428,0.2799723962083184,0.3768749100029575,0.064729404545707,0.0,0.20351279803556122,0.0
Adipoq_mm,0.0,0.0,0.0001365913594316494,0.0015600905769285844,0.0,0.0,0.0,0.00022467773714439953,0.0,5.61968274278345e-05,0.0,0.0,0.0,0.0013644420543992854,0.0
Adora2b_mm,0.00015651158829956032,0.0,0.0006707434073552189,0.0007789324225492949,0.0,0.0,0.0,0.0,0.0,0.0,0.0,0.0,0.0,5.9667484531216686e-05,0.0
Adprhl1_mm,0.0,0.0,0.000537908508778873,0.003943722668183935,0.006183644887595176,0.0,0.0,0.0,0.0,0.0016280745629016218,0.0,0.0,0.0,0.0005345846858875986,0.0
Adrm1_mm,0.05645962535290194,0.0,0.0,0.011243746694859131,0.12444447512997461,0.0,0.0,0.11517921579239608,0.17885569516658273,0.06737014374326997,0.47265741247347165,0.09833718894121751,0.0,0.12403192852497798,0.0
Aebp1_mm,0.00020361424623328018,0.0,0.0,0.0,0.0,0.0,0.0,0.00037642611551665605,5.239066840641048e-06,0.0,0.0011960861992506104,0.0,0.0,0.0,0.0015826987145653982
Afap1_mm,0.011293726009416383,0.21126651925065723,0.022779332438944786,2.167830328627599,0.5066344076642698,0.030198474670306768,0.0,0.6414436937891513,0.0,0.336632863852088,0.6043364657160731,0.2391961671440181,0.3573929041432629,0.020455730604871,0.0
Afap1l1_mm,0.0,0.0,0.22246685623048554,0.409227752874148,0.4294001282824056,0.05881249142789395,0.0,0.0,0.0,0.5403540653974518,0.0,0.0,0.09477160424821948,0.038986208227136075,0.0
Afdn_mm,0.0,0.0,0.0002663868724849877,0.0016389695526909207,0.0,0.0,0.0015623627929050705,0.0009108585382707173,0.0018220179139286162,0.005071601816266028,0.0,0.0004164804063543542,0.0,0.0,0.0
Aff3_mm,0.4138084364148387,0.0,0.0,0.48817094033289365,0.1862954469385398,0.0,0.0,0.0,0.24757193828149218,0.11276259573051847,0.31710998575129873,0.08852485225739763,0.0,0.0,0.2949954867717308
Aff4_mm,0.0,0.024024544041572456,0.02369541853052608,1.0864461899105726,0.19098599319286047,0.24206939159139199,0.0,0.6860635825917435,0.6859324031742037,1.553407924113789,0.4170474477065886,0.2707367245711189,0.0,0.050890873240734914,0.0
Afg3l1_mm,0.4795911962316877,0.04841921388531539,0.011417815980742782,0.25258820807918936,0.44823216545491135,0.0,0.021583786270062993,0.23035831965892406,0.0,0.2902929023152061,1.119945362387258,0.13568021241010908,0.2560665081569194,0.03929045992130003,0.17047133659538893
Afp_mm,0.00035088173205077286,0.0,0.0068320468604283115,0.0030718313771718065,0.0,0.0,0.0,0.0029379647225970993,0.0,0.0016769668304673752,0.0,0.0,0.0,0.0002200886756471476,0.0
Ago2_mm,0.4965923084987675,0.0,0.05469757702191477,0.6020450851165461,0.42649486607144554,0.17445364226169513,0.0,0.8725677654048,0.7999764692258388,0.38747043514431795,0.6511945900507538,0.07290939920857095,0.0,0.017030553215702886,0.2614785709721511
Ago4_mm,0.08764515945466607,0.0,0.02142191648824951,0.3773278179590903,0.31909443807576154,0.0,0.0,0.07309288970011911,0.0,0.3287438603411125,0.0,0.0,0.037531352374757736,0.005936019882560874,0.0
Agpat3_mm,0.7290106597250507,0.0,0.0,0.6450755968766191,0.6979347748717222,0.0,0.0,0.035108735869533975,0.0,0.14278612018806502,0.45000798819594773,0.10790789066754831,0.06373861916283664,0.3176833294985333,0.0
Agpat4_mm,0.035722304762153434,0.0,0.0,0.25028090804583825,0.13827518420237508,0.0,0.0,0.7362959555768932,0.0,0.05729628033838304,0.2836463244050989,0.0,0.013087959447569731,0.06121718724528488,0.0
Agrp_mm,0.0,0.0,0.0011489568849658808,0.0,0.0,0.0,0.003666267468559183,0.007573019366117549,0.0,0.014675115286084414,0.0,0.0,0.0,0.0044488298236858145,0.0
Ahi1_mm,0.0,0.0,0.01565827935295057,0.33419363916905603,0.21161336276518503,0.0,0.046505286833066865,0.1082923976924286,0.0,0.17789790740069672,0.13003553393006098,0.0,0.056501367654972975,0.020631427760633737,0.0
Ahnak2_mm,0.0,0.0,0.00265388140612799,0.0,0.0,0.0,0.0,0.05577532295476096,0.0,0.00468284348162226,0.0,0.0,0.0,0.0,0.0
Ahnak_mm,0.5918774760168304,0.14565643170588038,0.26694171660776117,1.3360461659494638,0.40332301080982325,0.12273079205931237,0.0,1.0757990362299847,0.0,0.9015180872017905,0.25192671978187553,1.2236045644060978,0.0,0.008091864170907466,0.7537092276336042
Aicda_mm,0.0063016681979289795,0.0,0.029268709612609245,0.3067996312208286,0.007671225552510281,0.0,0.0,0.018322247506819583,0.0,0.047688511039636956,0.0,0.031177023045246655,0.0,0.1865485901463369,0.0
Aif1_mm,0.27662349672940084,0.017026566329382806,0.0,0.6261028048303455,0.0,0.0,0.0,0.0,0.0,0.017763912997661283,0.12303686135873716,0.0,0.18703153544564807,0.03876961976944865,0.14424674887771852
Aif1l_mm,0.0,0.0,0.00026451719046148396,0.0,0.0,3.5283594900023124e-05,0.00021726624371276408,0.00032710589467637786,0.00046006458557360186,0.0004119521148142867,0.0,0.0,0.0,0.0,0.0
Airn_mm,0.0,0.0,0.00012277788594557433,0.0,0.0,0.0001252788106660993,0.0005651830120679977,0.0,0.0,0.0,0.0,0.0,0.0,0.0,0.0
Ajap1_mm,0.0,0.00029735618167771663,0.00022558758801479242,0.0,0.0,0.0,0.0,0.0,0.0,0.0007276734405534896,0.0,0.0,0.0,0.0,0.0
Ak8_mm,0.0,0.0,0.0,0.0011875799218719544,0.0,0.0,0.0,0.0016641395875607384,0.0,0.0068182065280419915,0.0,0.0,0.0,0.0006035822104592641,0.0
Akap7_mm,0.0,0.0,0.0,0.05326679891413891,0.08790756082945524,0.0,0.005186745819323398,0.027233102222193863,0.01606025890836675,0.13593388899938721,0.014118630333116253,0.0463103754102169,0.07237496037419575,0.0,0.0
Akap8l_mm,0.0,0.0,0.06441971420348645,0.271476841976262,0.1864370141763064,0.0,0.0,0.03223835719412937,0.0,0.29022867677368486,0.2828497863334526,0.04320490192885605,0.35947987512433094,0.0,0.0
Akap9_mm,2.4524605655110965,1.464558453728761,0.2833778670021903,1.359494361418188,1.3931775051187116,1.12551583485633,0.028787992892884893,1.297626566494053,0.0,2.848089015567095,1.1363877459200635,2.723827237993875,2.3520431618720643,0.06497568972561625,0.0
Akp3_mm,0.0,0.0,1.4378467308620528e-05,0.00020743134827629284,0.0,0.0,0.0,0.0,0.0,0.0,0.0,0.0,3.1108284863651298e-06,0.0,0.00031983217731940345
Akr1a1_mm,1.5341685122939608,0.0,0.030954149758567563,1.0611887664370367,1.2352018588623017,0.15129226993693187,0.0,0.455207254611745,0.49458155138216864,0.2569865535109349,0.0,0.0,0.046495166990002806,2.0606678836852974,0.06080073846503591
Akr1b8_mm,0.0,0.0,0.0018369212692699907,0.0,0.0,0.0,0.0,0.013233366647681133,0.0,0.0,0.0,0.0,0.0,0.00011217222679789235,0.0
Akr1c20_mm,0.0,0.000578206620448344,0.0,0.0,0.0,0.0,0.0,0.0,4.87068688664498e-05,0.0,0.0,0.0004744350733872457,0.0,0.0,0.0
Aldh16a1_mm,0.25596128925920825,0.005913335663783348,0.006367699469150137,0.36057436146823746,0.20605342205732932,0.0,0.0,0.050719693231901945,0.0,0.06564031244811042,0.4221828713576731,0.0,0.012694173959084174,0.053115221894634225,0.0
Aldh18a1_mm,0.8326439044871651,0.0,0.043112006707364425,0.15225601795188046,0.4640261672224707,0.0,0.014877979626428749,0.0069766923168310705,0.13739395961086323,0.018162028246157494,0.36386045251468213,0.0746180662578404,0.0,0.2923664461239493,0.25705277925551484
Aldh1a7_mm,0.0,0.0002655838265275373,0.0,0.0006663270071635752,0.0,0.0,0.0,0.00042977189516470144,0.0,0.0,0.0,0.0,5.313647324640577e-06,4.573526739469527e-05,0.0002519208084164903
Aldh1l1_mm,0.12466093864813894,0.0,0.0,0.21011734215850258,0.0,0.0022545994385248405,0.05045443854925762,0.0,0.013081782841004747,0.0,0.14078098555117272,0.0,0.005688146001093293,0.003291171662072215,0.0
Aldh1l2_mm,0.0030727471524275934,0.00013616107288417486,0.016174556164536807,0.012939062497258244,0.0,0.0,0.0,0.0,0.002576635699094262,0.011064930615242684,0.0,0.0,0.0,0.0,0.0
Aldh2_mm,0.6860567067676548,0.0,0.0,1.1074205197862257,0.8681322582971932,0.0,0.0,1.1311674427524772,0.0,0.2882240356717897,0.9010679246600122,0.21980790624738947,0.08795371080336498,0.47982245065664436,0.34995166978491693
Aldh3b1_mm,0.09155873455703106,0.0,0.0,0.3977299685552677,0.19806042275274052,0.0,0.0,0.08885508591343864,0.0,0.0825214503263432,0.03646894738476486,0.0,0.025505250351358637,0.09117531450697035,0.0
Aldh4a1_mm,0.02429378824232747,0.009195466487284705,0.0,0.042245992175611494,0.0,0.0,0.0,0.026370511730676546,0.0,0.0,0.031173658828475777,0.0,0.0,0.0,0.0
Aldh8a1_mm,0.0,0.005967125449371801,0.006388975032053186,0.0025296887876162144,0.0,0.0,0.0,0.0005165936554816516,0.0,0.02293047880316114,0.0,0.0,0.0,2.0166719513321133e-05,0.0
Aldoa_mm,2.353665724241593,0.140767853960105,0.0,0.29047313578200357,1.0017054414188913,0.15236622924552945,0.0,0.8116910294710648,2.005283486289149,0.0,1.442654419403575,0.0,0.0,3.142120050637616,0.0
Alg2_mm,0.11044081187386966,0.0,0.0,0.2352921033132951,0.20394818451431826,0.020234990003573775,0.0,0.06493994691507801,0.39209961910683283,0.15842589659707892,0.20864080292371406,0.0014474342740804238,0.0,0.021568330200752175,0.0
Alpk2_mm,0.0,0.0,0.1796471630996644,0.0,0.0,0.0,0.0,0.004537910332078725,0.9414942423410835,0.0,0.0,0.0,0.21953770816123763,0.0,0.0
Alpl_mm,1.9358988569290125,0.19724485600056232,0.0,0.5780314991079862,0.3207141710699719,0.0,0.0,0.0,0.8756667315746967,0.41631655397392375,1.6853760019144004,1.0651490090586389,0.0,0.2582810431233555,0.0
Als2_mm,0.0,0.0,0.054260944768514896,0.0,0.0,0.0,0.0,0.0,0.301807190200967,0.0,0.0,0.0,0.061212889716199245,0.0,0.0
Als2cl_mm,0.03616825551494681,0.002192921535718961,0.0,0.021981125885759,0.07075247266328982,0.0,0.0,0.021420577333012208,0.0006568502346641527,0.03073516950915094,0.004287720815158939,0.0029774414190460127,0.0,0.0021396064690521275,0.0
Alx3_mm,0.0,0.0,8.371435450617552e-05,0.00028066089549858616,0.0,0.0,0.0,0.0,0.0,0.00013814863016018778,0.0,0.0,0.0,0.0,0.0
Amdhd2_mm,0.0,0.0,0.0,0.17585020488510827,0.24321717960933723,0.0,0.0,0.11150917701947484,0.0,0.0,0.05988758994502855,0.0,0.01073643343867913,0.03458129526770274,0.0
Amn1_mm,0.03903984954777375,0.020406050003496094,0.012530812292760582,0.13230381118599382,0.17131449792274606,0.0,0.024726742571875668,0.0933066825374337,0.1173974578272029,0.24784092202159208,0.0,0.0,0.0,0.011745164515214322,0.0
Amotl2_mm,0.0,0.0,0.0,0.0,0.0,0.0,0.0,0.002717758913098696,0.01394583128889613,0.008761790137951645,0.0031132504870520837,0.0,0.019648837489924187,0.0,0.0
Amz1_mm,0.37331267729956474,0.0,0.0,0.27229989337376165,0.344118364580602,0.0,0.0,0.2505582169049248,0.0,0.0,0.050625423189187044,0.0,0.0,0.02991652436693347,0.0
Anapc16_mm,0.6627090697055311,0.0,0.0,0.3147727317912026,0.37653500537669315,0.0,0.30660906541855726,0.10142101264016813,0.0,0.28331621257493356,0.15882781124888395,0.0,0.0,0.22496415222967003,0.0
Anapc5_mm,0.8380863544564042,0.11644902930931847,0.19336528720307772,2.020912406486449,0.8250567917810286,0.6405360216365016,0.4251988595601587,0.0,0.21204624943600867,0.0,1.547563579577378,0.32734148714570754,0.6644332524145213,0.9626463480877513,2.05048001791471
Angel1_mm,0.0,0.0,0.0,0.0030569446009578766,0.0007591958374013061,0.0,0.0,0.020779086433501407,0.0,0.0,0.0,0.0,0.0,0.003655662340637663,0.0
Angpt4_mm,0.0,0.0,0.0,0.0,0.0,0.0,0.0,0.0,0.0,0.0,0.0,0.0,0.0,0.0006952218160006232,0.0
Angptl2_mm,0.6636288533217799,0.0,0.0,0.09089507187066992,0.08172926380091304,0.0,0.0,1.2359967444735374,0.0,0.016913401617723405,0.041575429923044215,0.0,0.0,0.044097186716787855,0.0
Angptl6_mm,0.0,0.0,0.0,0.07847825686399124,0.26758925987708304,0.0,0.0,0.0,0.0,0.0,0.0,0.0,0.0,0.0407372169715682,0.0
Ankfn1_mm,0.0,0.0,0.0,0.0,0.0,0.0,0.0003294919944256969,0.0,0.0001044654658127516,0.0,0.0,1.3672203709395634e-05,0.0,0.00035376320639348547,0.0
Ankhd1_mm,0.45438275358600894,0.008614008964171796,0.006937555517496274,0.4857096562102443,0.4485979752992695,0.38920213415596333,0.17721736666932544,0.5245422302206373,0.26142325984405307,2.242017811377861,1.045422090027732,0.043912188709401015,0.7972199748751606,0.0,0.6170647565376342
Ankib1_mm,1.0290894538800506,0.4683928203460913,0.30332626130538987,2.4498797526031346,0.24708641719625277,0.7613195632702049,0.0,0.7422281853585344,1.0525207948662192,0.8988439483828791,1.2649813303754853,1.6525606412360372,0.5295801638682897,0.0,0.0
Ankrd11_mm,0.24884822469648554,0.15420597581940979,0.31169648217535023,1.3968560760750381,1.5193461557126617,1.3534625091893286,0.0,0.5893854540738018,0.0,3.4546049494726314,2.0704281413846854,1.0803003395551463,3.2101536238479853,0.15585075702125564,0.03057077205899159
Ankrd12_mm,0.172364473601791,0.1043261380798789,0.0,0.43657533971092677,0.8587168119677718,0.3912389551711349,0.2877642593506776,0.6260562821046031,0.11628967481223405,3.529237890312964,0.5169177748172623,0.08844131855162474,0.6698197616035884,0.0,0.3088795976609988
Ankrd13d_mm,0.16825311847277696,0.012434542967186152,0.040436862755291327,0.442551402714904,0.00010165633076880619,0.0,0.0,0.035671562197153256,0.0,0.049425480417536125,0.07058138928736117,0.0,0.006273382492194654,0.0,0.0
Ankrd1_mm,0.0,0.0,8.935231211229065e-05,0.0,0.0,0.0,0.0007100742658234298,5.7898367450612974e-05,0.0,1.5563331967312888e-05,0.0,0.0,0.0,0.00024651460127002046,0.0
Ankrd22_mm,0.0,0.0017921082300719133,0.004584915172094247,0.006327989711073217,0.0,0.0,0.0,0.0,0.000994884395698215,0.0012884844694681194,0.0,0.0,0.0,0.0067097964900793335,0.0
Ankrd29_mm,0.0,0.0,0.00015532301042721594,0.0,0.0,0.0,0.0007301636338719962,0.0,6.269419478472107e-05,0.0,0.0,0.0,0.0,0.0,0.0
Ankrd31_mm,0.0,0.0,0.0,0.0003182841990971885,0.0002284294390205077,6.315627826986358e-05,3.6104047585319615e-05,0.0,0.0,0.0009572057136582626,0.0,0.0,0.0,0.0,0.0
Ankrd33b_mm,0.0,0.0,0.039579050020612565,0.008427298032743693,0.0,0.0,0.0,0.07114711747630009,0.0,0.0,0.0,0.0,0.0,0.0,0.0
Ankrd34b_mm,0.0,0.0,0.0,0.0,0.0,0.0,0.0,0.00027270635397946895,0.0006422544690617369,0.0009426043195693346,0.0,0.0,0.0,0.0,0.0
Ankrd34c_mm,0.0,0.0003460491457249627,1.9232053084138757e-05,0.0,0.0,0.0,0.0,0.0006161821213283561,0.0002585258627296446,0.0010140938346678875,0.0,0.0,0.0,2.1013743099899987e-07,0.0
Ankrd44_mm,0.418395784027724,0.08107870143089842,0.12626493522028548,1.390765106579111,0.31673171456213806,0.03509757646888731,0.009576769013055673,0.2553097718221603,0.7137678739783178,0.4277727504461931,0.03249302072368211,0.2570452668348837,0.04714918243573827,0.0,0.02328108763908702
Ankrd50_mm,0.0,0.0,0.0,0.0,0.0,0.0,0.0,0.0001686907831505472,0.0,9.469461357210295e-05,5.100897128179663e-05,0.0,0.0,0.0,5.887062568869934e-07
Ankrd65_mm,0.0,0.0,0.0,0.0,0.0,0.0,0.0,0.0,0.0,0.0,0.0,0.0,1.911712362919644e-05,0.0,9.447986490986931e-05
Anks3_mm,0.09440022194433523,0.0,0.0,0.44967942271805006,0.16159552949184022,0.0,0.0,0.12190774993657891,0.0,0.34366407948738964,0.2306296256163756,0.00403772995628976,0.007678207690557024,0.0036494304410853075,0.0
Ankub1_mm,0.0,0.0,0.0,0.0,0.00014188749804706463,0.0,0.0007347303081989016,0.0,0.0,0.0011618587953116293,0.0,0.0,0.0,0.0,0.0
Ankzf1_mm,0.24724540483295085,0.0,0.0,0.5510498745317097,0.24259835191469428,0.0,0.0,0.0,0.0,0.25658673523744263,0.08288901906952922,0.0,0.047438495001168014,0.03523384297330216,0.0
Ano3_mm,0.0,0.0,0.0002827791368622769,0.0,0.0,0.0,0.0006373827991355762,0.0,0.0,0.0,0.0,0.0,0.0,0.00035301655582382647,0.0
Ano5_mm,0.0,0.0,0.0,0.0,1.8051942785068215e-05,0.0,0.0,5.003062102201406e-05,0.0,0.0002928960402345914,0.0,0.00015623491984436395,0.0,3.688815312313213e-05,0.0
Anp32b_mm,2.1010884557743554,0.026817947349613427,0.991823152017012,0.0,0.7033794774705783,1.9792158501389263,0.0,0.48209865616536735,0.6142878184155854,0.0865958376676607,4.098608052366695,1.5455392507817698,7.420660587242431,0.6532928179285492,0.9022334231846674
Anxa10_mm,0.0,0.0,0.0,0.0,0.0,0.0,0.0,0.0,0.0007875792635344942,0.0,0.0,0.0,0.0,0.0,0.00022809591413001373
Anxa2_mm,0.0,0.0,0.013319890733802887,0.0,0.0,0.0,0.0,0.01132371424897054,0.0,0.003608060024678049,0.0,0.0,0.0,0.0,0.0
Anxa6_mm,0.09851380840674771,0.0,0.0,0.777370567927028,0.14870562324428718,0.0,0.02478857263437293,0.24108859863591361,0.05678886243533598,0.04277730274689691,0.17854885241974242,0.0,0.0,0.2528122901237655,0.0012954866780730552
Anxa7_mm,1.261834956136311,0.0,0.10654465045217773,0.6399275866581488,0.6282742587999957,0.0,0.0,0.6799606626930897,0.0,0.060904703322236846,0.08024518682621505,0.0,0.0,0.24501655587444526,0.0
Aoah_mm,0.0,7.1810601449064904e-06,9.463392302706589e-05,0.0,0.0,0.0,0.0,0.0,0.00039433175270802106,0.0,0.0,6.493986638232817e-05,0.0,0.0,0.0
Ap1b1_mm,0.08891413661247145,0.0,0.0,0.44769280148591456,0.20375409256420665,0.024505110344588292,0.09039317793866533,0.0,0.09498652790275842,0.10594040971742004,0.2810922280749756,0.0,0.027242181168117274,0.08783856255422456,0.018214976290820997
Ap1g2_mm,0.22927970315135696,0.0,0.0013345894290397735,0.45292170142308685,0.22129683771757752,0.0,0.0,0.051530444247476284,0.08011269924009168,0.04136701707478857,0.2579384260339844,0.0,0.0,0.13256108857873874,0.02632792141701864
Ap2b1_mm,0.15681271768223087,0.0,0.058235489490074704,0.4640055142549616,0.4046850885360504,0.0,0.0,0.2148423720525706,0.7737634696559695,0.24341053466783358,0.9062125814919614,0.16423639161739761,0.12014397882822145,0.02644113680195739,0.13889681056008454
Ap2s1_mm,0.10856465780261024,0.0,0.0,0.6537407078039887,0.8011165519520347,0.0,0.5486217250195183,0.34182723195983233,0.0,0.0,0.7233291463855775,0.0,0.11149809077188162,0.9212965249390338,0.0
Ap3d1_mm,0.0,0.1444153978493452,0.29583486775651585,1.2404446798152062,0.7413923906314717,0.06694493748158817,0.02222465806723959,0.5150403789549998,0.0,0.9953878842722718,1.2552552330117916,0.0,1.019523836302748,0.040621629315872564,0.0
Ap3m2_mm,0.0,0.002360636909886898,0.0,0.18112903793271182,0.13963327510457846,0.0,0.0,0.04524158581508864,0.0,0.11014796337855136,0.056338802841268916,0.0,0.0040363441190255514,0.022557248181693093,0.040466413273630715
Ap5z1_mm,0.09765677603606333,0.0,0.04392617277715473,0.2673577218343898,0.21210839193576034,0.0,0.0,0.09996556656197653,0.057377421896494994,0.18706420587264158,0.19981231766980068,0.0,0.12086948123911474,0.0,0.0
Apba2_mm,0.0,0.0,0.0,0.0,0.0,0.0,0.0,0.0,0.0,0.019599440649565557,0.06889657770922418,0.0,0.2285017218908341,0.0,0.0
Apbb3_mm,0.47242548970198595,0.0,0.0,0.0,0.1734591135408474,0.0,0.0,0.3312823001583801,0.0,0.0,0.0,0.0,0.0,0.11361052316184139,0.0
Aplnr_mm,0.0,0.0,0.0,0.0,0.0,3.8046808194913264e-05,0.0,0.0,5.937522980619162e-05,1.2017200426715858e-05,0.0,0.0,0.0,0.0,0.00019036100529052225
Aplp2_mm,0.0,0.018304958345274923,0.043212915454592285,0.9331682665956003,0.09576002679242178,0.07232002740788687,0.09321781008265151,0.07053046023169122,0.14793097915030234,0.07647102494467022,0.242575571101539,0.05756597979072774,0.04392756411880592,0.045722434288304685,0.11540450228465231
Apoa4_mm,0.0,8.994028727344682e-05,0.0,0.0002235835168004252,0.0,0.0,0.0,1.2730854344442786e-06,0.0,2.5551198834694105e-05,0.0,0.0,0.0,0.0,0.0
Apobec1_mm,0.2862292953504573,0.0,0.0,0.42925686944591024,0.4522576294939874,0.0,0.04410408741787803,0.0,0.31563883600734044,0.43770777576849607,0.07778008759995057,0.14969693991506694,0.015048785573889662,0.07985261337057493,0.21764365994036397
Apobec3_mm,0.23426880905320954,0.20550800128693614,0.10367507288260265,0.12575715460563755,0.020030644552906315,0.0,0.0,0.03433892320139168,0.0,0.34368774236033356,0.09708351066830265,0.0,0.0,0.04511079708251668,0.0
Apoc1_mm,0.0,0.000815129580030083,0.006003784495918308,0.005185767351378596,0.0,0.0,0.0008913657959823532,0.0,0.0,0.0,0.0,0.0,0.0,0.0,0.0
Apoc4_mm,0.0,0.030411014553169063,0.01267859052784315,0.0,0.00915536035316946,0.0,0.0,0.03787537356881417,0.26194345941741976,0.18886868878539714,0.0,0.0,0.06351380041267106,0.012844837595581257,0.0
Apod_mm,0.0,0.0006450685940239897,0.0009608878974474294,0.0,0.0,0.0,0.002560676144332228,0.0,0.0016127181425144236,0.00025834184076041554,0.0,0.0,0.0,0.0,0.0
Apoe_mm,0.21240500738268725,0.0,0.008761271710839562,0.14832966802413525,0.011929578735984034,0.0,0.0,0.021562623653037998,0.0,0.2728856309062798,0.10514176335200694,0.0,0.0,0.00014629532344925323,0.0
Apol10a_mm,0.0,0.0004372481243542784,0.0002915580577110812,0.0,0.0,0.0,0.0004789592828851044,0.0004621076817492896,0.0003115906863685951,0.0,0.0,0.0,0.0,0.00029604879818146334,0.0
Apol7b_mm,0.0,0.0,0.0004003436780360824,0.0,0.0,0.0,0.0,0.0,0.0,0.0009256074458307493,0.0,0.0,9.725841865299213e-05,0.0,0.000977206610646189
Apol7c_mm,0.0,0.0,0.0003584470766654739,0.0,0.0,0.0,0.0,6.360664369666993e-05,0.0,0.003135624838316434,0.0,0.0,0.0,0.0,0.001744308862615912
Apol8_mm,0.675196349467187,0.03132573802633711,0.0579296945850035,1.0746365756207858,0.36732167851694725,0.0,0.0,0.2030759900349415,0.0,0.33793857907587216,0.0,0.0,0.12935709753674868,0.333097240156222,0.05150939756329749
Apol9a_mm,0.0,0.0,0.004534296323454586,0.005266939496817983,0.0,0.0,0.0,0.0,0.0,0.007804515992104106,0.0,0.0,0.0,0.0046840534195021835,0.0
Apold1_mm,0.09368311281115878,0.0,0.0,0.09996154278374073,0.0,0.0,0.0,0.5993407838408967,0.0,0.17880824270772647,0.3979927415327657,0.11739036305381632,0.013915609172105142,0.0,0.029049122705967757
Aqp1_mm,0.0,0.0,6.913411444362669e-05,0.0,0.0,0.0,0.0,7.328343403891609e-05,0.0,0.00025670408732837095,0.0,0.0,0.0,0.0,0.0002502831538348224
Aqp3_mm,0.0,0.0,0.0,0.0005451350792219806,0.0,0.0,0.0,4.403970587350147e-05,0.0,0.0,0.0,0.0,4.625327817150956e-05,0.0,0.0
Aqp7_mm,0.006140644057642548,0.002772416267225311,0.0,0.0,0.005158494395739729,0.0,0.0,0.0036225847415724682,0.0026847081824536894,0.053749922902220804,0.013539196560799356,0.005202501252100381,0.014981055838367886,0.0,0.0
Araf_mm,0.5658446084080702,0.0,0.034350743732066376,0.4702310420104594,0.3435271045928221,0.0,0.0,0.14940036164198534,0.2930659413658107,0.30210176426156216,0.2731836720723814,0.011849070981624339,0.12582902540936364,0.10966270810087463,0.08351704903197976
Arap1_mm,0.1041359389889406,0.0,0.0,0.2666093577506065,0.10659417581759058,0.0,0.0,0.13672646201531913,0.0,0.16639423740757509,0.05759747812142807,0.016707604908762552,0.06322859293466589,0.0,0.0
Arap2_mm,0.0,0.04562597078233477,0.052616970217896,0.7709378226994317,0.3068144222642217,0.07801587529308582,0.180180130777207,0.3790545914072323,0.31526281133685125,0.4772865114528761,0.24762301613136703,0.3051013361640326,0.09588181421763928,0.022275005085396853,0.0
Arfgef2_mm,0.019266507664234017,0.0,0.06234473666998824,0.4081195704585982,0.26915378774536586,0.056099944759967484,0.0,0.3517406445389418,0.12320225956494571,0.6916875211232453,0.5598783546077015,0.12688339866121665,0.028363636816135556,0.017763265102793798,0.059760349696272835
Arfgef3_mm,0.0,0.0017195642432848428,0.015539089216230276,0.01035936263795086,0.0,0.0,0.0,0.0,0.0,0.0,0.0,0.0,0.0,0.0,0.0
Arhgap10_mm,0.0,0.0,0.04659124638134639,0.30307442296302844,0.07823826360828222,0.0,0.07814233621165752,0.1299367343653481,0.0,0.10485747422926313,0.7862236150014876,0.1831126765921001,0.27858566270869156,0.0,0.0
Arhgap18_mm,0.2131510016925887,0.05264862992072691,0.14061745296824388,1.6223665488351944,0.31209095679808657,0.06887202615898198,0.18778013728701112,0.3835718867019679,0.5329770767675893,0.13993865843463082,0.09959220472837149,0.30952643162419624,0.12543653490972012,0.05448708567679961,0.3760685681755751
Arhgap22_mm,0.05861413282934199,0.0,0.0,0.1471338877106437,0.0,0.0,0.0,0.16481594446735104,0.0,0.0,0.0,0.0,0.0,0.0,0.0
Arhgap24_mm,0.1398799956440528,0.00047211135335360163,0.0,0.19085865997476917,0.12586206370596079,0.0,0.0,0.2819556267452406,0.0,0.1102285624490359,0.0,0.01236265407471747,0.004102449774462437,0.0,0.0
Arhgap25_mm,0.16743887438227334,0.021415156313158875,0.0,0.6136664876943998,0.2414741621474351,0.0,0.0089476356132684,0.14746020850675834,0.0,0.27628037848528375,0.09772141245853704,0.11314686495320651,0.11741673664879639,0.033942216408273385,0.012091898350127086
Arhgap40_mm,0.0,0.0,0.0001160987920160347,0.0,0.0,0.0,0.0,6.857786135677801e-05,0.0,0.0,0.0,0.0,0.00012649730202950535,0.0,0.0
Arhgap45_mm,0.40984085151334043,0.024721319409406493,0.0,1.6087330637106452,0.7974268493362102,0.0,0.0,0.0,0.0,0.5514709816258958,0.7978074155154314,0.0,0.2622373573938901,0.01600067348445929,0.0
Arhgap4_mm,0.4419195338650852,0.0,0.11291690714295055,0.8701028768439787,0.20152525543810187,0.0,0.0,0.0,0.0,0.09953064078953233,0.4285865970307709,0.0,0.06208877847080608,0.07225235033628592,0.16695808989095895
Arhgap6_mm,0.0,0.002597866896580757,0.0,0.001807930735334272,0.0,0.0,0.0,0.001974513721907522,0.0005868710423388167,0.0015855445970596866,0.0022189904846751083,0.0,0.0,0.0,0.0
Arhgdig_mm,0.0,0.0,0.0,0.006982226401371673,0.0007298485627789644,0.004460900547994682,0.0,0.0,0.002750428808448582,0.002192806791544381,0.0016045497962265478,0.0,0.0,0.003144614795761656,0.0005323199845493642
Arhgef10l_mm,0.09256860496638931,0.0,0.0,0.0,0.0,0.0,0.0,0.0,0.0,0.0,0.4578396581495442,0.07317555382403021,0.026483130139115907,0.0,0.0
Arhgef15_mm,0.005765967729049772,0.0,0.0,0.0,0.0,0.0,0.0,0.028512862605196476,0.01748529641752285,0.07806873240500788,0.02479937467510294,0.008712876887466792,0.0,0.0,0.0
Arhgef18_mm,0.0,0.0,3.7246148242677295,0.2743370033158577,0.04824334015322959,0.0,0.0,0.0,0.0,0.0,0.0,0.0,0.0,0.4938960582948214,0.0
Arhgef1_mm,0.14683188951272394,0.0,0.011037745104839278,0.6799532097309038,0.13534089083855938,0.0,0.10118588401997794,0.000575764392505393,0.2319743120310847,0.4127852588175782,0.6120265268749253,0.07636763253910131,0.17224028942235148,0.0,0.0
Arhgef26_mm,0.00016319511906159482,0.0002851745895751213,0.0006958582098828288,0.0004627560916911635,0.0,0.0004765994370034275,0.0,7.792830255456136e-05,0.0,0.0020485982633816975,0.0,0.0,0.0,0.0022862180530559715,0.0
Arid4a_mm,0.0,0.0,0.2928779583351753,0.8050778422900293,0.1547536480226262,0.2148799510332514,0.0,0.3303677807335996,0.0,2.178543240107554,0.6278626131260322,0.06982501025764114,0.7807398325983491,0.0,0.32819738980369256
Arid4b_mm,0.0,0.0,0.0,0.5316849229771826,0.06793507957005028,0.36613863414148906,0.3328996073042807,0.7600828857427058,0.0,2.571730231056017,0.8138622787697537,0.2763023730664919,0.8913378493905083,0.0,0.22344107877053584
Arid5a_mm,0.0,0.0,0.0,1.0736206753814397,0.41436172878153876,0.0,0.033413647418682524,0.19606790909044922,0.0,0.4708039109080051,0.4258446691833547,0.3997155056600969,0.015170539643956982,0.14250420933450672,0.0
Arid5b_mm,0.0,0.0,0.005280105623477132,0.0,0.0,0.0,0.0,0.0076824767720673716,0.0,0.002165957297993211,0.0,0.0,0.0,0.0,0.0
Arl13b_mm,0.0,0.0,0.0,0.33855995919745385,0.14807239902571975,0.008874949811513422,0.06453043405810759,0.203936619816431,0.0,0.33035355995447274,0.3874456096012796,0.038534006424179534,0.1002019092474023,0.0,0.18992214838679422
Arl14_mm,0.0,0.0002984833329169915,0.0004971776655250027,0.0,0.0,0.0,0.0,0.0,0.0,0.0,0.0,0.0,0.0,0.0,0.0
Arl14epl_mm,0.09222372260961065,0.0,0.03838758943217896,0.279545708903648,0.23922263474912794,0.012262252656369156,0.2152703600391316,0.15331174780808798,0.08021610535248176,0.12308336850326056,0.010906964808806187,0.0,0.0,0.03561316244032874,0.0182775403598058
Arl2_mm,0.3622988424111686,0.0,0.0,0.5029501377102319,0.3684021213456919,0.0,0.0,0.1335695216918253,0.0,0.0,0.38664531783198336,0.0,0.035839396176626244,1.104522405848495,0.0
Arl8a_mm,0.05175221454742232,0.0,0.048735840240697416,0.445336993172652,0.19964004872663646,0.03495356452012718,0.24958984625018565,0.45435314988614617,0.024080424642173796,0.08509609280732233,0.20018263080525836,0.0,0.0,0.0,0.0
Arl9_mm,0.0,0.0,6.995287033360977e-05,0.00025820897566375444,7.447667360435775e-05,0.0006432322717613643,0.0,0.0029942961570382036,0.0015112262421354378,0.010484094417988539,0.0,0.0,0.0,0.0002727269160240247,0.0
Armc5_mm,0.07783313731431966,0.0,0.0,0.1842902065200252,0.08549628357107324,0.0,0.016623288160465405,0.0,0.0,0.12010638981233553,0.37193853287307543,0.00790023634794628,0.0,0.0,0.061861234473108276
Armcx4_mm,0.0,0.0,0.0,0.0034969140372038063,0.005525605870611409,0.005388544557889169,0.0,0.0009811415336351554,0.00044812583260704164,0.017623587310553107,0.0,0.0,0.005082257626418526,0.0005614742573029685,0.01579208347165309
Armh4_mm,0.0,0.0,2.0077163166662416e-06,0.0008169099149306732,0.0,0.0,0.0005214718532949161,0.0,0.0,0.0016081141057388475,0.0,0.0,0.0012369030442000582,0.0,0.0006468763921452356
Arpc1b_mm,2.4754016307563522,1.2122710670247476,0.15976019985235568,0.9120188470716438,1.559648606423819,0.414242231629096,0.0,1.1077368926064202,0.0,0.12985351428377986,2.8647973967960123,1.1268096991459895,0.6869692140935321,2.1096767849728884,0.0
Arpp21_mm,0.0,0.0,0.033398909730805205,0.11347962623223858,0.0,0.019651253038734048,0.0,0.0,0.0,0.06296473987895013,0.028320763327640792,0.0,0.09761226641236738,0.009595160849704515,0.1333529372999516
Arrdc3_mm,0.12254995050739523,0.06767962791034628,0.05588673082553423,0.012376689607893688,0.5982346089845204,0.014987999585195855,0.2405243818778184,0.21720367698706056,0.7071367244714202,0.9398623300220476,0.0,0.09903499485565452,0.0,0.10679487287174874,0.0
Arsj_mm,0.0,0.0008687031279149505,0.00874098232582805,0.005891092146790554,0.0,0.0,0.0,0.0,0.0,0.0,0.0,0.0,0.0,0.0,0.0
Art2b_mm,0.0,0.0,0.0,0.0,0.0,0.0,0.00016312682483112664,0.0,0.00022587632067067826,0.0,0.0,0.0,0.00019638005648465207,0.0,0.0
Art5_mm,0.00011200155400020303,0.0,0.0,0.08423234971549372,0.0813514549498445,0.0,0.0,0.02492812947524798,0.0,0.0863520481804068,0.0,0.0,0.0030214494399607777,0.013917421395157467,0.0
As3mt_mm,0.0,0.01160450630544476,0.04280568991497441,0.0087210349244665,0.0,0.0,0.0,0.0,0.0,0.0,0.0,0.0,0.0,0.02320027984889105,0.0
Asb2_mm,0.0,0.002840698469010594,0.0005879998504656641,0.035933779548898176,0.012895818667807469,0.0,0.0,0.0,0.0,0.0,0.0,0.0,0.0,0.0023011603997470727,0.0
Ascc1_mm,0.18416334474050922,0.0,0.0,0.3660266447422347,0.19619892452258744,0.0,0.0789390359554982,0.012842591472585405,0.09089081953313122,0.15737154780801793,0.20800528170698934,0.05522980095347212,0.003267630730821998,0.19891273928283673,0.008647796012000216
Ascc2_mm,0.13926752488363228,0.0,0.0,0.5355104248744027,0.17187658911964918,0.0996679026022506,0.0,0.029476304037095925,0.23344697042026635,0.3957702210825,0.5698893886265631,0.006499274781904401,0.0,0.07810088679811673,0.145742066941962
Asic1_mm,0.00025289834867609195,0.0,0.0,0.0,0.0,0.0,0.0,1.4573326384266997e-05,0.0,2.7643591575936267e-05,0.00013389993438301162,0.0,0.0,0.0,0.0
Asna1_mm,0.069609723999021,0.0,0.0,0.0,0.13141026192945696,0.0,0.0,0.1893149246806061,0.1280244674812885,0.04419377760315373,0.34883654574106027,0.0,0.0,0.13221425894269756,0.0
Asns_mm,0.745626769372374,0.0,0.0342859258260516,0.10993116197264262,0.5439213052120331,0.0,0.0,0.258871422542564,0.4928209581064382,0.0,0.4248741142352677,0.1584503602093152,0.0,0.774347035530374,0.15055645057560538
Aspa_mm,0.0,0.0,0.00042333614282187825,0.0,0.0,0.00015673417002151911,0.0,0.0001821017388617497,0.0,0.00016878584417483108,0.0,3.0849446308854636e-05,0.0,4.485191032475764e-06,0.0
Asph_mm,0.31437101396221095,0.0,0.04955778981805521,0.471188919167774,0.42618353878649784,0.0383622066224153,0.04497648878798226,0.37724600682466664,0.21348253104518206,0.38066483937196216,0.19245194073123953,0.05347184575426388,0.07250810918477509,0.0,0.0
Asprv1_mm,0.0,0.0,0.0,9.710087512575546e-05,0.0,0.0,0.0,0.0,0.0,0.008283796152574414,0.0,0.0,0.0,0.0008940635205583806,0.0
Aspscr1_mm,0.06770829444297231,0.010643936961451786,0.0,0.1097128522436597,0.21984694885561246,0.0,0.0,0.06756200611343913,0.0,0.22447366331086044,0.31117385767141964,0.0006578267583708178,0.0026617814780573916,0.08633963322451499,0.0
Ass1_mm,0.8543768446526036,0.0,0.0,0.0,0.6053112188978003,0.0,0.0,0.3400761598164203,0.6496098650050902,0.0,0.916058543283424,0.017967610768456366,0.0,0.4196432064725677,0.0
Astn1_mm,0.0,0.0,0.0001855863965641306,0.0,0.0,0.0,0.0008570226871451389,0.0,0.0,5.7359281829479944e-05,0.0,0.0,0.0,0.00010989491744477992,0.0
Astx3_mm,0.0,0.0,5.7919360293092045e-05,0.0,0.0,0.0,0.0,0.0,0.0,0.000521776601577903,0.0,0.0,0.0,0.0,0.0
Asz1_mm,0.0,0.0008690043151265039,0.0,0.0,0.0,0.0,0.0,0.0,0.0,0.0,0.0,0.0,0.0,0.0,0.0
Atcayos_mm,0.0,0.00016050699993112123,0.006695780385951114,0.00027134968767316775,0.0,0.0029871106565288693,0.0,0.0,0.00014087070320020358,0.023139488555794254,0.005980996102536376,0.0,0.005028648258157953,0.000683931280352281,0.01773641802498946
Atf3_mm,0.0,0.0,0.004189803823895617,0.0,0.22306470053745125,0.0,0.0011488184404921436,1.253600730876547,0.0,0.00812701895776058,0.006162654421654423,0.005966432604296089,0.050196072696238846,0.022357702841283675,0.0
Atf4_mm,0.6727643654552893,0.0,0.31965269600073204,0.0,1.9676456421002653,0.47351762034519823,0.1684661815213056,1.3675610674641334,1.38832783390039,0.0,1.5525760395608423,0.21190186267624872,0.20695858705409861,1.159249869180852,1.4625308978574099
Atf5_mm,0.0,0.0,0.2379334976194916,0.3133194719681938,1.0242351602793573,0.0,0.0,0.0,0.0,0.5299384072248033,0.008987737620702044,0.0,0.008540632031504796,0.0,0.0
Atg7_mm,0.19167560514825824,0.0,0.0,0.20565296198361854,0.2188244126592468,0.0,0.0,0.2664913279794686,0.05125983983350854,0.10849363936896815,0.13672478883089467,0.0,0.0,0.028308539993625658,0.0
Atp11a_mm,0.0,0.004340431034938946,0.005276049988237004,0.0,0.0,0.0,0.0,0.02831203135552924,0.01649366356538846,0.011674647301712424,0.0,0.0,0.0005957268504542918,0.0019449821377268337,0.0
Atp13a2_mm,0.2092234617031882,0.0,0.0,0.9409708177415813,0.24821965362245726,0.0,0.18292046555145305,0.0,0.16124909797548348,0.0,0.3352625677526445,0.0,0.06372580613392505,0.13979095743056075,0.0
Atp13a4_mm,0.0,0.0,4.087499000504588e-05,0.0,0.0,0.0,0.0,0.010046844078697126,0.0,0.00218191739771379,0.0,0.0,0.0,0.0,0.0
Atp1b1_mm,0.0,0.003284232305870866,0.01729041430306862,0.029865474060083004,0.0,0.0,0.0,0.0,0.0,0.0,0.0,0.0,0.0,0.005616360939905928,0.0
Atp2b4_mm,0.050090981160786856,0.09025862735204161,0.0546663608468026,0.6032816606273128,0.0,0.0,0.0,0.05333167578684441,0.0,0.0735137442648231,0.011505000587615045,0.06947969832358991,0.13177334211555655,0.0,0.12209281592114504
Atp5d_mm,0.3436133030991163,0.0,0.0,0.8463183480597886,0.5503058121369648,0.2952591447765992,1.6510384986987092,0.6460222650679199,0.0,0.0,3.2102645616576906,0.15529428218144303,0.21268698435536626,2.707630006229869,0.0
Atp6ap1_mm,0.7525129487322618,0.0,0.01411295685253288,0.5822389632390009,0.4263666689355042,0.0,0.0,0.44345635520052806,0.15968348751714045,0.0,0.0,0.0,0.0,0.3074221794797653,0.0
Atp6v0a1_mm,0.0,0.022177897575171253,0.0,0.4044590300073637,0.31954949275823225,0.0,0.16977693777324565,0.4864429877444649,0.03477106835716036,0.03514120209285678,0.021152327218021585,0.10178430549836304,0.008859426013444839,0.0,0.0
Atp6v0d1_mm,0.3751686221274827,0.0,0.06941986984263739,1.0204765182620508,0.5868603166402904,0.009351497923969719,0.23106775077034927,0.820114747639636,0.0,0.4103843960789943,0.0,0.0,0.0,0.2827453466570629,0.0
Atp6v0d2_mm,0.0,0.0,0.0,0.0,0.0,0.0,0.0,0.011487061712861157,0.0,0.0,0.0,0.0,0.0,0.0,0.0
Atp6v1a_mm,1.3596749388906286,0.0,0.14826349132833572,0.6476919003888458,0.8099305271623575,0.2586849978318355,0.0,2.0360391092303884,0.7437752875756166,0.471296714921991,0.055505974422283826,0.0,0.0,0.10536229841758711,0.08847146499287584
Atp8b1_mm,0.0,0.0,0.0,0.0,0.0,0.0,0.0,0.0,0.0,0.00019372813967536876,0.0,7.558961672378432e-05,0.00020086015809268458,0.0,0.0
Atp8b3_mm,0.0,0.0005583421683761901,0.00011948979799016576,0.001979072370205714,0.0,0.0011542802942376413,0.0,0.0016452715773676771,0.001719999149164349,0.01697309700731129,0.0,0.0,0.0,0.002940687003290517,0.0
Atp8b4_mm,0.0,0.0,0.003927851921305387,0.008767387167184826,0.0,0.0,0.0,0.005160114571342381,0.0,0.00259207437404173,0.0,0.0,0.0,0.0001445177239417475,0.0
Atp9a_mm,0.0,0.0,0.0015658747921976164,0.0002208000002682655,0.00029289318920511145,0.0,0.0,0.0,0.0,0.0007656917157640536,0.0,0.0,0.0,0.0,0.0
Atrx_mm,0.8581597962951604,0.0,0.16691943104360837,0.48739885260925575,0.4283643064529623,0.6672495809079247,0.06607383890654572,0.1663715175072146,0.3667071812928353,2.6983692265941577,1.366546976440037,0.8953959370899601,1.8306327944215868,0.043895023400194785,2.505662260368376
Atxn1_mm,0.6983268496178953,0.0,0.07225593241054927,1.3462221089289272,0.40149340577651427,0.14921921629169105,0.0,0.5703771844089894,0.7137667578592812,0.6066414360957203,0.2535253746563975,0.3524299350690246,0.0,0.0,0.27686797964626814
Atxn7l3_mm,0.07453816925741345,0.0,0.028532995603730845,0.7846121821196629,0.06188660124494674,0.1616613646560114,0.0,0.09302313116803869,0.13607411721391274,0.2615350131597942,0.9731528780793689,0.017217473566744374,0.009940136908723998,0.0,0.18171836745063497
Atxn7l3b_mm,0.9913625947152863,0.3235707699283729,0.12229015700656039,0.7154369540051291,0.02556767625361997,0.0,0.0,0.7346450959168888,0.0,0.0,0.37659742824586606,0.059289536884562205,0.04352986094220259,0.03308917136591102,0.0
Aup1_mm,1.1438113324265984,0.10755455688815498,0.03299446124251052,0.6378470600253262,1.0966330019916448,0.0,0.0,0.4820789781504698,0.0,0.3204015360886077,1.0399848693007616,0.0,0.0,0.7127050816562496,0.0
Auts2_mm,0.0,0.0,0.0031342013990405438,0.014337667335973003,0.0,0.0006964318545642428,0.0,0.0,0.006526406240805277,0.01805728892967782,0.0,0.0,0.002931881747832094,0.0038723990353917628,0.012562897126648442
Avil_mm,0.0,0.0,0.0007681504070775005,0.0,0.0,0.0,0.0,0.0016002075894675197,0.0,0.04796954163741696,0.0,0.002867312924602058,0.0,0.0,0.0
Awat1_mm,0.0,0.0001724723264220652,0.0,0.0,0.0,0.0,0.0002982155330440047,0.0,9.397292204201879e-05,0.0,0.0,0.0,0.0,0.0,0.0
B020004C17Rik_mm,0.0,0.00013243738027510663,0.00046640485120172295,5.2109233774960583e-05,0.0,0.0,0.0,0.0,0.0,0.0007588004869136622,0.0,0.0,0.0,0.0006169517716834687,0.0
B020004J07Rik_mm,0.0,0.0020754238793259713,0.0006220878909689127,0.00011560972279301263,0.0,0.0,0.0,0.0,0.0,0.0006283258979913308,0.0,0.0,0.0,0.0,0.0
B020031M17Rik_mm,0.0,0.0069342643076751,0.005425242691390489,0.0010242686701035428,0.0,0.0,0.0,0.0,0.0,0.006861840150021426,0.0,0.010673644081465523,0.0,0.004880788414664095,0.0
B230118H07Rik_mm,0.0,0.0,0.01778027255600474,0.07841752695032446,0.0,0.0,0.0,0.00010680579887139812,0.0,0.010346438866598816,0.0,0.0,0.0,0.046695127213252204,0.0
B230219D22Rik_mm,0.37646473035331424,0.0,0.0,0.3117506910490142,0.13501552178507104,0.0,0.12534414209023464,0.21908559817319323,0.5522649042919946,0.5066355356754157,0.22101325518188872,0.14970939462395472,0.0,0.035131456423163204,0.014988997323177326
B2m_mm,0.7408939673184964,1.4484455046694344,0.15831772335347435,1.4547628995452258,0.7822490432527031,0.0,2.976303455930219,1.161845239981442,5.505995686132155,0.0,0.0,0.9135763519243268,0.0,1.3565984824177038,0.0
B3galt1_mm,0.0,0.0,9.050189671383813e-06,0.0,0.0,0.0,0.0,0.00035449401930064833,0.0,0.0001239670552456094,0.0,0.0,0.0,0.0002543127682169089,0.0
B3galt2_mm,0.001608596418191725,0.0,0.0,0.0009598619758001486,0.0,2.9430113892410225e-06,4.5178404400947876e-05,0.004437871583850894,0.00780005097831526,0.003744829580320166,0.0017113808536077647,0.0,0.0,0.00015209028997653848,0.0
B3gat3_mm,0.24486052176169895,0.011110087490100163,0.02499405544097413,0.5668900379144844,0.35387936849715124,0.0,0.0,0.2850441222833963,0.0,0.09973761199020628,0.1432316690451829,0.0,0.0,0.13156274370713952,0.0
B3gnt6_mm,0.0,0.0,0.0,0.0,0.0,0.0,0.0,0.0,0.0,6.682108037444363e-05,3.3802422787966287e-06,0.0,0.0,0.0,0.0
B3gnt8_mm,0.028764128346971035,0.0,0.0,0.11816436307249233,0.13032045091514516,0.0,0.0,0.0,0.0,0.0,0.09598939653614082,0.018349839530000914,0.034832385141942146,0.034490684283691564,0.0
B430119L08Rik_mm,0.0,0.0,3.612293138912069e-05,0.0,0.0,5.203813174567259e-05,0.0,0.0,0.0,7.325417420921819e-06,0.0,0.0,0.0,0.0002667091607121685,0.0
B430306N03Rik_mm,0.0,0.0004652735220626111,0.0,0.0063845996927363174,0.004579847359541002,0.0,0.0019038519124951665,0.0008830422098756864,0.003035154901015457,0.010158310421306008,0.00463395425157521,0.002227440739230601,0.0,0.002295029907581012,0.0
B4galt1_mm,0.2019116472634738,0.0,0.14719153690725087,0.6439782861160736,0.5832377687106773,0.11680967706287905,0.0,1.0270876293497566,0.0,0.438623613621993,0.0,0.06767828965612165,0.013962775587067332,0.09013244249695432,0.0
B4galt6_mm,0.006389396731080267,0.0025126582061146888,0.00016023654946189196,0.0,0.0,0.0,0.0,0.008544951416890854,0.01754207469417569,0.05353316242943525,0.005085113609117555,0.0,0.021337711523787363,0.007073610715133793,0.0
B630019A10Rik_mm,0.0,0.0016945808307970154,0.003849350535530102,0.004284239910294464,0.0,0.0,0.004805983750769426,0.0,0.0,0.002766293226007058,0.0,0.0,0.0,0.0002646833036889826,0.0
B830042I05Rik_mm,0.0,0.0,0.0,0.0,0.0,0.0,0.0,0.0,0.0,0.02862673366964736,0.0,0.0,0.21364084982605971,0.0,0.0
B9d1_mm,4.267608095177265e-05,0.0,0.0001509999662335058,0.0,0.0,0.0,0.0,0.00028242141048466436,0.0,0.0,0.0,0.0,0.0,0.0,0.0
BB287469_mm,0.0,1.7169270222603833e-05,8.431728119030757e-05,0.00010400118834814715,8.11817005804659e-06,3.349510954136858e-05,0.0,3.746788906473461e-05,0.0,0.0,0.00016745367543870364,0.0,0.0,0.0,0.0
BC004004_mm,0.08446922596383122,0.33388161787083775,0.28013962663231995,0.3513221273024272,0.10847339010119189,0.11300334732428788,4.009306430822301,0.0,0.6656954764034768,1.7946119207894924,1.3635397411877794,0.5640478999512933,0.06956681375844047,1.6390411340099558,0.0
BC035947_mm,4.458533620506459e-05,0.0004409702304877775,0.0,0.0008568628266345169,0.0,0.0,0.0,0.0,0.0,0.00015362966426091438,0.0,0.0002661023084916089,0.0,0.001043121051228228,0.0003451845718606572
BC037039_mm,0.0004879496596625979,9.386486089391679e-05,0.0006944491235225722,0.0012453540627094615,0.0,0.0,0.0,0.0,0.0,0.0,0.0,0.00047920633084379223,0.0,0.0,0.0
BC049352_mm,0.0,0.007997075434806825,0.008587552575748275,0.028406414304521236,0.0,0.0,0.006448397091962211,0.0,0.0,0.0,0.0,0.0,0.0,0.007807185861905771,0.0
BC051019_mm,0.0005946532821396637,0.0006551583512037485,0.0,0.0029468908660232173,0.0,0.0,0.0,0.0,0.0,0.000256581524146021,0.0,0.0,0.0,0.0,0.005223425607031766
BC051077_mm,0.0,0.0,0.45904235506973085,0.0,0.0,0.0,0.0,0.0,2.066940275841176,0.0,0.0,0.0,0.533996292244475,0.01161481470189147,0.0
BC067074_mm,0.0,0.0,0.0007824023194169155,0.0,0.0,0.0,0.0,0.0,0.0,0.0016351223210715163,0.0,0.0,0.0,0.0,0.0
BC080695_mm,0.0,0.0005345957239008021,0.0007484558582566934,0.0,0.0,0.0,0.0,0.0,0.0,0.0023850153017268643,0.0,0.0,0.0,9.526156093066873e-05,0.0
BC147527_mm,0.0,0.0005734115912320232,0.0003295243681893317,0.002667392630778016,0.0,0.0,0.0,0.0,0.0,0.0025197488980129392,0.0,9.244847735496023e-06,0.0,0.0,0.0
BE692007_mm,0.0,0.0,0.0,0.0,0.0014755531763118812,0.0,0.0,0.0,0.0,0.048038004693147986,0.0069906492149494565,0.0,0.04615142994435806,0.0,0.0
Bace1_mm,0.017430287232550187,0.0,0.0,0.046862736902510034,0.010754972799565644,0.005136686451281096,0.0,0.0,0.02322572236669853,0.05830948646087806,0.00715582896808865,0.0,0.0,0.015665654418575287,0.0024857190559400867
Bach1_mm,0.0,0.0,0.0,0.7265963319640197,0.35692836350385887,0.11460031780034187,0.0,0.7982653126395741,0.0,1.0355012972479825,0.5499757424639831,0.2570605600976782,0.0,0.0,0.0
Bach2_mm,0.3263400031648438,0.0,0.1668108897387765,0.761398306453968,0.13731981627677028,0.13717790476908917,0.14146082594666476,0.0,0.11992581668276157,0.8325738173036152,0.0,0.059922941763804353,0.024633683227031952,0.0,0.8822752344537829
Banf2os_mm,0.0,0.0,0.0,0.0,3.945177162930333e-05,0.0,0.0,0.00028474568348417804,0.0,3.576145277336651e-06,0.0,0.0,0.0,0.0,0.0004172585229695905
Bank1_mm,0.39675992787001074,0.00448858135857845,0.0,1.637958163565012,0.5126854079368971,0.35710041952675636,0.4449485106491853,0.0,0.8907627701304381,0.22840665797107051,0.36133740687892046,0.17181346065922468,0.08290824423723234,0.08705136124091936,0.08709221006364375
Basp1_mm,0.0,0.0002676712345435355,0.0,0.0,0.0,0.0,0.0,0.0,0.0002166502805654305,0.000790805745503503,0.0,0.0,0.0,0.0,0.0
Baz2a_mm,0.0,0.0,0.0,1.1686900741968065,0.5876456669054989,0.6082390386659331,0.0,0.061314058909140205,0.07933156014973992,1.7092842228510274,0.4490974935099965,0.0,0.41723526665929955,0.06176231175280371,0.0656585902303546
Baz2b_mm,0.11379283890834319,0.21247612662586302,0.14957211415439947,1.6001716219896225,0.19574171991740838,0.3322697758847484,0.0,0.38349997873993275,0.04227231067129232,2.074878775678016,0.689379383150997,0.010292923741414491,0.596083093722143,0.0,0.7550136113916117
Bbc3_mm,0.0,0.0,0.0,0.0,0.13044970977154283,0.0,0.0,0.2666052563929515,0.0,0.14732558105327756,0.0,0.0,0.04164533344663642,0.0,0.0
Bbs7_mm,0.0,0.0006567165973648218,0.00010188265429727767,0.0,0.0,0.0,0.0,0.0,0.0,0.0009557751627998406,0.0,0.0,0.0,0.0,0.0
Bbx_mm,0.24892235204179916,6.449786359636056e-05,0.032738832903868045,0.6663274790783008,0.30302665300101583,0.04983290564002876,0.0,0.09842742555302014,0.18298803890377466,0.693300507385225,0.42199946382373854,0.06193159441119252,0.06358187762412176,0.0,0.16791751635207836
Bc1_mm,0.0,0.0,0.0,0.0,0.0,0.0,0.0,0.0,0.04249043283884527,0.0,0.0,0.00891992070500783,0.31227210514099474,0.0,0.0
Bcas1os1_mm,2.7397150109818512e-05,0.0,0.0,1.6246805604524194e-05,0.0,0.0,0.00035425828463629195,0.0,2.3084615604854556e-05,0.0,0.0,0.0,0.0,0.0,0.0
Bcas3os2_mm,0.00014394041587533475,0.0,6.0969946420320015e-05,4.80614392913435e-05,0.0003205876718800964,0.0,0.0,0.00020699239850401722,0.0,0.0,0.0,0.0,0.0,0.0,0.0004242220780636503
Bcat2_mm,0.6890997522263377,0.0,0.0,0.6490035203138071,0.33653638521991797,0.0,0.0,0.011391684601215339,0.0,0.1123678615637532,0.7780125703049617,0.0,0.07891638275406934,0.33442163414035414,0.0
Bckdha_mm,0.05712132746527225,0.0,0.0,0.2363440464344732,0.19294431059187853,0.0,0.0,0.08813039004926745,0.0,0.004712608654428541,0.1955746761881029,0.0,0.0,0.09489125530319317,0.0
Bcl2_mm,0.0,0.0,0.0,0.028180130425392486,0.002516189090423176,0.009913438054704989,0.0,0.004602654408732509,0.0,0.04858986972233008,0.0,0.0,0.0,0.013815686173098885,0.02066086060280032
Bcl2a1c_mm,0.0,4.0953677306862816e-05,5.050911032937435e-05,0.0,0.0,0.0,0.0,3.752691894514105e-05,0.0,4.633609478813914e-06,0.0,0.0,0.0,0.0,0.0
Bcl2a1d_mm,0.00018904099115497325,2.1045792665418332e-05,5.575651840969532e-05,4.497657485942169e-05,0.0,0.0,0.0,0.00021096065914009182,0.0,0.0,0.0,0.0,0.0,0.0,5.655434643796627e-05
Bcl7a_mm,0.3318895409093699,0.0,0.034325628269338146,0.33912937120985825,0.32272418974301115,0.06689469733725797,0.0,0.0,0.0,0.736253040384077,0.5940571775931178,0.16473815406049194,0.0905419874093163,0.0,0.3458891262073369
Bcor_mm,0.0394936434557975,0.0036400581434441795,0.07143936662985977,0.6802717398121706,0.026970225747227683,0.09942644643301958,0.0,0.03280682471156697,0.0885851898633153,0.6047071817969748,0.473122530942082,0.1325908598876877,0.0,0.04933003898746998,0.08295532087355126
Bdkrb1_mm,0.002370142766822213,0.0,0.0,0.0033442560503582014,0.009685070855797447,0.0,0.0,0.0,0.0,0.008613021225950947,0.014748065533067099,0.0043216319690619915,0.0,0.0006857974416604788,0.0
Begain_mm,0.0,0.0,0.0,0.0369200451250204,0.06875221854532962,0.0,0.0,0.0,0.0,0.014929366406343122,0.0019866175550771236,0.004457187973698109,0.0,0.0,0.0
Bend7_mm,0.0,7.870960059176312e-06,0.0003704414687740357,8.648927250062531e-05,0.0,0.0,0.0,0.0,1.1186488595696596e-06,0.0,0.0,0.0,0.0,0.0002013325461964828,0.0005151859007159708
Bet1l_mm,0.07732732007280714,0.0,0.0,0.5075455783929471,0.18680372623414032,0.019676929094013675,0.2253718639362751,0.5365274736366273,0.01661221124172877,0.31287744422907154,0.2621957054385331,0.0,0.0,0.15192360315831846,0.0
Bfar_mm,0.4757691403111824,0.0,0.08765801164709612,0.45369325184917536,0.3158561055549373,0.013366525415819962,0.0,0.17298496694395898,0.03911588681128576,0.4999407864330366,0.09227716346640041,0.0,0.00029633471470402295,0.002814795025028885,0.00742309075859959
Bfsp1_mm,0.0,0.0005338366390959853,0.035525742804980186,0.006033166033535166,0.0,0.0,0.0,0.0,0.0,0.0,0.0,0.0,0.0,0.018763438134403537,0.0
Bfsp2_mm,0.0,0.04059390667020863,0.31826699737843034,0.4502946708769406,0.0,0.0,0.11552601576848284,0.0,0.0,0.0,0.03912842270586328,0.0,0.0,0.9252524949194989,0.15898427175065227
Bglap3_mm,0.0,0.0,0.04974649572417207,0.016607067127489748,0.0,0.0,0.0,0.0,0.0,0.0,0.0,0.0,0.0,0.04222968579876663,0.0
Bgn_mm,0.0,0.0,0.0,0.0,0.0,0.0,0.0002130573350433964,0.0002525674790054948,0.0,0.0,0.0,0.0,0.0,0.0008539045447061621,0.000466559528588413
Bhlha15_mm,0.0419393745213573,0.0,0.06479454569283007,0.11719130881249555,0.042977786720508934,0.019208474132053056,0.0062171494339536325,0.0,0.04153917233864166,0.0,0.09632382931451888,0.0,0.0,0.05743218478925294,0.0
Bhlhe40_mm,0.0,0.0,0.0015439943491347783,0.0,0.0835643850734201,0.0,0.0,0.7930137538398353,0.0,0.12561109448973587,0.0,0.062384749697002376,0.0,0.0,0.0
Bicc1_mm,0.0,0.00036945241243303,0.0005677777624814814,0.0,0.0,0.0,0.0018484590617096838,0.0,0.0,0.0009061736196516367,0.0,0.0,0.0,0.0008343362680409333,0.0
Bicd1_mm,0.0,0.0,0.04675482322120823,0.0,0.0,0.0,0.010288104073651006,0.009787394554659155,0.17758337711669908,0.13780019765263635,0.0,0.0,0.060396850620684756,0.012076787180279549,0.0
Bicd2_mm,0.13282824831653894,0.031091073977400522,0.0002458268679786392,0.3087720836402179,0.2773549199927942,0.0,0.00928771842132751,0.18403794183144656,0.1511134688454907,0.08543110210488436,0.44181973613673264,0.011843720566609721,0.0,0.01013782234718571,0.08245925063807821
Bin1_mm,1.3937598936753008,0.2646905504383001,0.0,0.8427865555594103,1.182240832695828,0.0,0.0,0.2789288013127039,0.0,0.3967924411176416,1.4727450163228228,0.33223291526674614,0.4230255513350276,0.2465549042360665,0.0
Bin2_mm,0.0209971887090945,0.0,0.03223028936526315,0.21378117339319977,0.10344383890561878,0.0,0.0,0.021447668287197942,0.0,0.13327119811203755,0.12802536804773523,0.0,0.07820816707347204,0.046822042116455936,0.0
Blnk_mm,0.3732209880602659,0.0,0.0,1.1206294938379624,0.4251618773667233,0.0,0.0,0.06430732385392349,0.35738526914413987,0.5630966809190363,0.0,0.3139887720818452,0.22534269233156992,0.2674516988389472,0.0
Blvrb_mm,0.8277238240794849,0.0,0.0,0.42616316273336585,0.9680395183727786,0.0,0.8060883081939898,0.974390092028131,0.0,0.0,0.1507893686300868,0.0,0.0,1.2217870720112174,0.0
Bmf_mm,0.0,0.0,0.04657177323276895,0.14515927783783136,0.1183039788036862,0.0,0.0,0.03351333298589692,0.0,0.11568371489243778,0.0,0.0,0.0,0.0,0.0
Bmp3_mm,0.0,0.00025666684203112626,0.0,0.0,0.0,0.0,0.0,0.00043467995709386655,0.0,0.00023370954077038948,0.0,0.0,0.0,0.0,0.0
Bmp4_mm,0.0,0.00018608198501873807,0.00017933879867035354,0.0,0.0,0.0,0.00013088597585148628,0.0,0.0,0.00020161657810073227,0.00010265685985940044,0.0,0.0,3.5740411981471826e-05,0.0
Bmp6_mm,0.0,0.0,0.0,0.0001121796860991289,0.0021242611623047522,0.0,0.0,0.0043167852381514335,0.0,0.0005062568613087198,0.0,0.0,0.0,0.00016401332805909607,0.0
Bnip3_mm,0.3556273468945459,0.0,0.0,0.21082558155441924,0.21361744105310307,0.0,0.1919096721336033,0.06371546777435275,0.4347126025003364,0.0,0.046809240270882665,0.12180821603420516,0.0,0.0,0.0
Bod1l_mm,0.23016517170097997,0.3380840937853418,0.0,1.3791230375839503,0.3466948276214713,0.640952515533348,0.0,0.4205393264715333,0.0,2.4453225648857044,1.4981683178237057,0.2496066303725832,0.9163993607912767,0.0,1.6501112237196598
Borcs6_mm,0.22563642461902042,0.0,0.03001378558495232,0.7688392860650808,0.33741301462232637,0.02273512489340319,0.1161969965661155,0.31126202021814153,0.0,0.219030428889414,0.0,0.0,0.0,0.0,0.0
Bpgm_mm,0.21142417643530287,0.0,0.002944184694588797,0.25239924172862244,0.0,0.0,0.015244860706532045,0.11344978245257445,0.07167524079879878,0.0395645965638073,0.11347593294620047,0.0,0.0,0.016503537655764552,0.004865752669566688
Bphl_mm,0.15717670002854014,0.0,0.0,0.11215487808953141,0.13220872840754544,0.0,0.0,0.023039344741053933,0.0,0.0,0.0,0.0,0.0,0.15869188357346595,0.0
Bpifb3_mm,0.00011916943378636537,0.0,3.0322804109813232e-05,0.0,0.0,0.0,0.0,0.0,0.0,0.0,0.0,0.0,0.0,0.0,0.00019262782072612325
Bpifb4_mm,0.0,0.0,7.926531795835919e-06,0.00014179524897686444,0.0,0.0,0.0,0.0,0.0,0.00011291245409942953,0.0,2.1681665963200992e-05,0.0,0.0,0.0
Brap_mm,0.0,0.0,0.014853068434902283,0.2287222159775169,0.09447384234682207,0.0,0.0,0.1101419216287604,0.2531280935996462,0.39631948484376733,0.33793398874404207,0.08807569354099419,0.25119683036726553,0.0,0.0
Brca2_mm,0.8744229385523962,0.08313107519086481,0.0,0.3551228761781903,0.19352352589667088,0.038228235963305005,0.0,0.0,0.6205763599518029,0.7839232166927903,0.8898807059817595,0.2810195552645493,0.0,0.0,1.3829879288507816
Brd1_mm,0.0,0.0,0.08650073940899694,0.9401073658915449,0.03687509279590968,0.20906613139962385,0.01794163164472037,0.17027588330686244,0.0,0.9167419555149149,1.2267583144425185,0.2993402944030969,0.3081901055291725,0.0,0.0
Brd2_mm,0.03944756463892687,0.5337002829018812,0.00792455522802209,1.077641631988818,0.6453019497746703,1.0592448379710786,0.11794492838739883,0.8073710794234841,0.0,1.895667091790605,2.57387953197476,0.0,0.575859625904388,0.0,0.17826766534408944
Brd3_mm,0.14417632479874468,0.35038726668341835,0.07854018206933523,1.4747073309910905,0.4777850031703885,0.47723970104955993,0.0,0.0,0.0,1.105974924508961,2.5107643605085723,0.0,0.9239725235208649,0.0,1.02609724116914
Brd4_mm,0.0,0.06462076436612949,0.1589567211254584,1.0935639961792831,0.22823889879660533,0.6217659409948088,0.0,0.4197543812887157,1.0017091218109073,1.571511675104696,2.092197054267021,0.3112383282249103,0.4480856828624575,0.13455463197540263,0.11928496474740063
Brd9_mm,0.035304324472644116,0.0,0.037491132417427304,1.0859303100258628,0.0,0.02056205661018924,0.307238885198778,0.2051005874180478,0.5560021620081659,0.4098797290371463,1.2879735883919623,0.0,0.6582796398243308,0.0,0.6363058741731016
Brdt_mm,0.0,0.0,0.0,0.00044680077932457494,0.004718787297792555,0.0,0.0,0.0029471718307835016,0.0,0.00502076358502604,0.0,0.0,0.0,0.00020302335276717364,0.0
Brf1_mm,0.11605673288230654,0.0,0.0,0.8372883424025934,0.30224735832925526,0.0,0.0,0.026553662250200408,0.0,0.24729728518972577,0.551930903438498,0.0,0.247718963446008,0.010036164372239944,0.13542101944439255
Bri3_mm,0.0,0.0,0.05586833325551892,0.2638983281467443,0.2613431871913904,0.015316141022134562,0.20324639718200516,0.34064635442015295,0.007777996016216117,0.08152844157642185,0.23614067233637834,0.0,0.013796810602515338,0.0,0.0
Bst2_mm,0.11105804230406936,0.00823885268159527,0.0,0.0,0.17389198434425965,0.0,0.17683924482176977,0.04207885121437902,0.0,0.07167503023267904,0.22351191113109725,0.0,0.01803589695803627,0.28073025436869536,0.0
Btbd17_mm,0.0,0.00020831976907706906,0.0,0.0003683601042934598,0.0,0.0,0.0,0.0,0.0,0.00013481695119604622,0.0,0.0,0.0,0.0,0.0
Btbd8_mm,0.003865992353250215,0.017327478085250803,0.0,0.08461940004146894,0.06521170069111318,0.0,0.0,0.04460195998148681,0.011525008574799163,0.06818908665602466,0.02100211397716994,0.0,0.0,0.0,0.03208748768555419
Btbd9_mm,0.43840929729380596,0.008150525753133821,0.060495209880997,0.5306504295256095,0.33938333483578353,0.04162691722500637,0.0,0.2038054329062788,0.0,0.6300727841615198,0.3965558102016688,0.0,0.010081200821672121,0.050037221796135074,0.0
Btg2_mm,0.0,0.0,0.0,0.23512091727366785,0.06234903398923156,0.0,0.0,0.1830719407899597,0.0,0.38360289462320313,0.0,0.0,0.0,0.09699510570119994,0.0
Btg4_mm,0.0,6.13669760692434e-05,0.0,0.0,0.0,0.0,0.0,0.0,0.0,0.00018890822049430294,0.0,0.0,0.0,0.0,0.0
Bves_mm,0.0,0.0,0.002063295331226104,0.0001610199393318673,0.0,0.0,0.0,0.0,0.0,0.0002625280779912552,0.0,0.0,0.0,0.005321615129959369,0.0
C030007H22Rik_mm,0.0,0.0005280145788559804,2.891648181612637e-05,0.0,0.0,0.0,0.0002838171129111077,0.0,0.0,0.0,0.0,0.0,0.0,0.0,0.0
C030034L19Rik_mm,0.14065237587124546,0.0,0.0,0.13481210183926198,0.13742509870035707,0.0,0.0,0.0,0.10830759245054078,0.16100851104807481,0.0,0.00227896183180611,0.0,0.0,0.0
C030038I04Rik_mm,0.0,0.0,0.00011863908299360831,0.0,0.0,0.0,0.0,0.0,0.00021747059430103432,0.0,0.0,0.00017399956373737426,0.0,0.0,0.0
C130026I21Rik_mm,0.0,0.058115135739619836,0.17478764777943445,0.7936771229966744,0.3824428028637691,0.0,0.0,0.30653011919984274,0.0,0.45068629967218626,0.0,0.0,0.0,0.15562670440992726,0.0
C130074G19Rik_mm,0.0,0.0,0.006017898390944226,0.005167441382719097,0.0,0.0,0.0,0.0,0.0,0.0,0.0,0.0,0.0,0.0,0.0
C130075A20Rik_mm,0.0,0.0,0.004599482828160171,0.004296815760117196,0.0,0.0,0.0,0.0,0.0,0.0,0.0,0.0,0.0,0.0,0.0
C1ql3_mm,0.00033304793493920103,0.0,8.445134929956141e-05,0.00045474842218474305,0.0,0.0,0.0,0.00015783732815763735,0.0,0.0003927669234129651,0.0,0.0,0.0,0.0,0.0
C1qtnf6_mm,0.2611588572165759,0.0,0.02787535087371947,0.5779836472960728,0.2640869404346808,0.004058473703258229,0.15893178987479,0.20191185450128904,0.11463564780685741,0.0,0.38091062307404167,0.0,0.0,0.09971732869430291,0.04404988058063897
C1ra_mm,0.1815402735642022,0.0,0.0,0.0,0.0,0.0,0.0,0.0,0.06811931271748574,0.006045755592075477,0.21966693850560376,0.039200643780918525,0.0,0.0,0.0
C230012O17Rik_mm,0.0,0.0,5.8277598112834947e-05,0.0,0.0,0.0,0.00024892971062684963,0.0,4.065959806066261e-05,0.0,0.0,0.0,0.0,0.00028255558298704843,0.0
C230057M02Rik_mm,0.00012781014270731253,0.0,0.00022249239980871017,0.0005352159158447515,0.0001276583502516057,0.0,0.0,0.0,0.0,0.00010883284278238138,0.0,0.0,0.0,0.0002701076044990326,0.0
C2cd3_mm,0.15448334262261856,0.013162848009142565,0.03423658750393853,0.5482289397639584,0.06323485267824466,0.033574533385862505,0.0,0.0,0.24069822205552224,0.434997295861792,0.40222980665378355,0.05510151323842788,0.01852507187448547,0.0,0.2547612017640668
C2cd5_mm,0.012501646377940979,0.0,0.0,0.22560494119160776,0.1091784392754035,0.0,0.0,0.11175466676706441,0.1274380818733085,0.2778227831768834,0.2609016399376995,0.08904564647634479,0.01250416892670839,0.0,0.1580693140294914
C330022C24Rik_mm,0.0,0.0,0.00027599879802294396,0.0,0.0,0.0,0.0,0.0003934433498377267,0.0,0.0002870998710307539,0.0,4.839504801140467e-05,0.0,0.0,0.0
C430014B12Rik_mm,0.0,0.0,0.0,0.0,0.0020582449114624657,0.0,0.0034101012131302864,0.0037091031020075904,0.0006268579134193267,0.005907218752693139,0.0,0.0,0.0,0.0008391130972080549,0.0
C430042M11Rik_mm,0.0071913588712581265,0.0,0.003416095356945683,0.0,0.0,0.0,0.0,0.0,0.010946568507224027,0.023634028509784424,0.026484928419702552,0.0027688904290309397,0.013553849630624757,0.0,0.0014956259434507103
C5ar1_mm,0.0,0.0005481040809633439,0.0004572129787627203,0.0012129103844294418,0.0,0.0,0.0,0.0003338535248524399,0.0,0.0,0.0,0.0,0.0,0.0005003356694606305,0.0
C78334_mm,0.00015745920129130067,0.0,0.0,0.0,0.0,0.0,0.0,0.0,0.0,0.0,0.0006607936101149187,0.00034960332713288066,0.0,0.0,0.0
C87198_mm,0.0,0.0,0.0,0.00020470972883689927,0.0001767007533486668,0.0,0.0,3.890311771074104e-05,0.0001646925122981476,0.00031915559662220585,0.0002325920429951529,4.273838229276067e-05,0.0,0.0,0.0
C87499_mm,0.0,0.0,6.138216906952732e-05,8.740052803033167e-05,0.0,0.0,0.0,0.0,0.0,0.0003803569389658052,0.0,0.0,0.0,7.342262590315671e-05,0.0
Cabin1_mm,0.28345756921008974,0.05358004289810698,0.0019977883852068208,1.8472457647506644,0.3425060072439914,0.5407530913835064,0.0,0.32890847838591347,0.23446152459328448,1.0068042428287132,1.4399069257284989,0.0585833959464667,0.19897425660993298,0.23229315005476178,0.0
Cabp1_mm,0.0,0.0,0.0,0.055235926626109544,0.1091271606049615,0.0,0.0,0.0,0.0,0.13009163464958007,0.0491937627615754,0.019583265445231358,0.020877960176338747,0.10057521039474361,0.0
Cabp4_mm,0.1955981798450848,0.0,0.0,0.31277601298701085,0.062499171591202045,0.0,0.0,0.0,0.0,0.2747789722147955,0.4115576784609261,0.05701909295413534,0.0,0.0,0.018357958126416062
Cabs1_mm,0.0,0.0,6.19575706938015e-05,0.0,0.0,1.7103775510624294e-05,0.00034242881567842106,0.0,0.0005878239917773842,0.0,2.3692956799476335e-05,0.0,0.0,0.0,0.0
Cachd1_mm,0.0,0.0009311580327384708,0.00097422005733378,0.0005569938993757185,0.0,0.0,0.0,0.0,0.0,0.0,0.0,0.0,0.0,0.0,0.0
Cacna1c_mm,0.0,0.0,0.00037831906064839186,0.0,0.0,0.0,0.0013630829307431649,0.0,0.0,0.0006146568977882369,0.0,0.0,0.0,0.0,0.0
Cacna1d_mm,0.0,0.0,0.0013075005232262688,0.006322173786918805,0.002615441996118101,0.0007431561586325743,0.0,0.0008780048658459672,0.0001533998841276156,0.01988251829040142,0.0,0.0,0.0,0.004720484080354897,0.007533267858095001
Cacna1f_mm,0.0,0.0,0.011209505040224535,0.00574301882658222,0.0,0.0,0.0,0.0,0.0,0.0,0.0,0.0,0.0,0.023432919435213542,0.0
Cacna1s_mm,0.0,0.0,0.001154598887641763,0.0023810624123195064,0.0,0.0,0.0,0.0,0.0,0.0,0.0,0.0,0.0,0.0005460894271686462,0.0
Cacnb2_mm,0.0,0.0,0.0,0.002759643618437114,0.0006517661837675767,0.0,0.0010740302542564055,0.0005518688416481722,0.0007466402272255545,0.001946165827947841,0.0,0.0,0.0,0.0,0.0
Cacng4_mm,0.0,0.0,0.0,0.0,0.0,0.0,0.0,0.0,0.0,0.04493690507297008,0.0,0.0,0.0648846761368132,0.0027944873009936822,0.0
Cacng7_mm,0.0,0.0,0.0,0.00020195707208307711,0.0,0.0,0.0,0.0,0.0,1.8837382636043607e-05,0.0,0.0,0.0,0.0,0.0
Cadps2_mm,0.0,0.0,0.0,0.0,0.0,0.0,0.0,0.0,0.0,0.08111340098053699,0.0,0.0,0.2087471382561044,0.0,0.0
Calcoco1_mm,0.0,0.0,0.01899394680999218,0.09009130680126616,0.09768694143022477,0.0,0.0,0.12953852177597686,0.029297290938894344,0.11870575339127694,0.0,0.0,0.0,0.0048227433089504095,0.0
Calcoco2_mm,0.0,0.0011545346076342077,0.0009987604962460811,0.0035126435183172556,0.0,0.0,0.00015017262928812675,0.0,0.0,0.0,0.0,0.0,0.0018182960317670027,0.0,0.001943657041827502
Cald1_mm,0.0,0.0,0.000370236758280013,0.0009665188767626065,0.0,0.0,0.0001582646148522508,0.00013198471240722347,0.0001333230779378648,0.0014234377285746705,0.0,0.0,0.00029125140284993935,0.0006672616161415612,0.0005076056973392295
Calhm3_mm,0.0,0.0,0.0,0.0,0.0,0.0,0.0,0.0,0.0,0.00020132710867911606,0.0,0.0001971004514346992,0.0,0.0,0.0
Calm4_mm,0.0,0.0010978496803185792,0.002108630761700839,0.012982420311418002,0.0,0.0,0.0,0.0,0.0,0.0,0.0,0.0,0.0,0.009382422558946113,0.0
Camk2a_mm,0.0,0.0,0.005386629121821093,0.028592088480180883,0.006451531715621993,0.0020520594667521336,0.0,0.0,0.005615973797576694,0.02643352178478972,0.0,0.0,0.0,0.0076333397608729855,0.0
Camk2b_mm,0.08524711710229248,0.0,0.0,0.1622046028395983,0.16094586696743038,0.05405956852314682,0.0,0.0,0.0,0.2604480292084619,0.18027203711775963,0.0,0.0,0.04882487484075178,0.26533328366298203
Camkk1_mm,0.0,0.002186536035506596,0.0,0.09957651246046853,0.0,0.0,0.0,0.2180177702917583,0.0,0.08723498542492003,0.0,0.0,0.0,0.0,0.0
Camkk2_mm,0.4135325048092647,0.12982129151211105,0.12625659055946464,0.8831178850575003,0.5183759475649765,0.08073727290416848,0.06609588890683285,0.16141913353188483,0.2856338242752078,0.6128171054500586,0.4178124939623616,0.0,0.06765819083074057,0.0,0.0
Capg_mm,0.0,0.0,0.0,0.9446724498420274,0.5134084615051941,0.0,0.0,1.4917846888173676,0.0,0.0,0.0,0.0,0.0,0.7491730599234803,0.0
Capn13_mm,0.002521417689759869,0.0,0.0,0.0,0.0005473695380022464,0.0,0.0,0.0,0.0,0.0009218013636229754,0.0,0.0,0.0002966589135695043,0.0032758503564033386,0.000357407905773431
Capn5_mm,0.0,0.0,0.0,0.017746642275268152,0.00934027254805798,0.0,0.0,0.0023770289970295217,0.0,0.010080760594794345,0.0,0.0,0.0,4.002662470002541e-05,0.0
Capns1_mm,0.19511077355115977,0.0,0.0,1.6630221026437053,0.41302206449043993,0.0,0.0,0.3023514889496619,0.6535537310332874,0.0,0.5624389885284196,0.0,0.0,0.7068113238143331,0.0
Car2_mm,0.0,0.012940297972408017,0.021740317971371596,0.024928972154582358,0.0,0.0,0.0,0.0,0.003585418854959901,0.0,0.0,0.0,0.0,0.006887410038472026,0.0
Car3_mm,0.7718359222445051,0.0,0.0,0.4573237178886948,0.0,0.0,0.48066032701984457,0.0,0.3069535634577908,0.0029770889336886127,0.3308651015830063,0.03502022001367917,0.0,0.0,0.0
Car5a_mm,0.0,0.008252028984956373,0.019679305172399346,0.03637585595130262,0.07469262443762603,0.0,0.008126841904946206,0.06770670698529589,0.03549440816518699,0.18548765142680487,0.03820070772617967,0.0,0.038880307444497955,0.018575769023344534,0.0
Car5b_mm,0.0232341794585659,0.0,0.006578444569919275,0.0,0.0,0.0,0.0,0.006773344373694455,0.04373854098839687,0.10169263822336537,0.03726712985244386,0.0,0.04305239701584198,0.01657877347313914,0.0
Card11_mm,0.05047602281696825,0.0,0.0451711605399057,0.5899333625318132,0.09709500182888223,0.0026317295227501025,0.0,0.17514841906989534,0.07438463790141253,0.08346821177267554,0.2941568425793368,0.0,0.02471467768441716,0.07300705488030365,0.0
Card19_mm,0.13087406195636886,0.0,0.0,0.057781461825649756,0.1366254512461908,0.0,0.01910722253685175,0.3727685439657541,0.0,0.0,0.0,0.0,0.0,0.31307624518591004,0.0
Carlr_mm,0.0,0.0,0.0,0.0,0.0,0.0,0.0,0.0,0.0,0.0003228304796816163,0.0,2.7141883685709927e-05,0.0,0.0,0.0
Cars2_mm,0.4612040670749138,0.029659836133123067,0.025897776800028,0.7542845166820337,0.31095695234706433,0.031816157809040436,0.028637334249371784,0.0,0.015704638127588887,0.2168016777857858,0.54821252544007,0.0,0.018271741664847036,0.07284137512760153,0.2819219959454102
Cars_mm,0.0,0.0,0.054715935702308614,0.5238523649896261,0.7029430329749359,0.0,0.0,0.14874682954233695,0.0,0.5332218769937133,1.3496745920412294,0.1887661632297262,0.7762983434744876,0.23905825062099983,0.14712829132885305
Casc4_mm,0.0,0.0,0.1987025758834909,0.0,0.0,0.0,0.0,0.0,0.9466763575839631,0.013778357041029613,0.0,0.0,0.23044011479039034,0.0,0.0
Cask_mm,0.0,0.001977364178941597,0.0,0.00910063083596686,0.0005129325631212569,0.0,0.00024264024992316682,0.00970600824484369,0.0001689292580553484,0.005949068889702199,0.0,0.001259905709315193,0.0,0.0,0.0
Casp4_mm,0.0,0.0,0.014291620228695985,0.0,0.0,0.0,0.0,0.017931906559829052,0.0,0.04038751026376361,0.0,0.0,0.0,0.0,0.0
Casr_mm,0.0,0.0,2.8993843801479273e-05,0.0,0.0,0.0,0.0,0.0,0.0,4.8054501714728915e-06,0.0,0.0,0.0,0.00029986931253466354,0.0
Cast_mm,0.0,0.11216314918199527,0.05195995921888179,1.1468523156906976,0.3149476838374477,0.0,0.06123925136446445,1.034020347610479,0.7729757159294933,0.764730872987433,0.601184102691312,0.2737199812398135,0.335574866094576,0.09580434322697239,0.33884226065701345
Casz1_mm,0.0,0.0013930074611384886,0.003601843592432397,0.00340303773726372,0.0,0.0,0.0,0.0,0.0037451256456489477,0.007751866385737712,0.005818740269728835,0.00200192779037751,0.0015961762297388232,0.0,0.0014117470093178185
Catsper3_mm,0.0,0.0,0.0,0.0,0.000317920356455155,0.0,0.0009937432116750922,3.621554789284343e-05,7.609492837110431e-05,0.00023218981938126444,0.0,0.0,0.0,0.0,0.0
Catsperd_mm,0.0,0.0,0.00043189736442326456,0.028167729861711642,0.020028847159057814,0.0,0.0023651283500914556,0.0,0.0006825816302764743,0.014451225347669319,0.0,0.0,0.0,0.0008809595373266574,0.0
Catsperg1_mm,0.0,0.0002733541456581882,0.0012236094672698993,0.00423502927803492,0.005540633537478594,0.0,0.0,0.003781352726916924,0.0,0.007644779944239874,0.0,0.0,0.0,0.0,0.0
Catsperz_mm,0.0,0.0,0.00889089135361178,0.014373766302448325,0.01032797619619991,0.00521662843899459,0.0007591441114974085,0.0,0.0,0.01393742487364018,0.0,0.0,0.0,0.029516907974410343,0.0
Cav1_mm,0.00041141482433657294,0.0,0.00011708245945806413,0.0,0.0,0.0,0.0,0.0006257577319505571,0.0,0.0,0.0,0.0,0.0,0.000191737624391273,0.0
Cavin2_mm,0.0,0.0,2.220616960896378e-05,0.0,0.0,0.0,0.00015949877432229064,6.377510439142613e-05,0.00011076062520663933,0.0,0.0,0.0,0.000184739100329319,0.00024285082522258218,1.0647015115504619e-05
Cavin3_mm,0.0,0.0,0.0,0.0,0.0,0.0,2.1880274190527224e-05,3.389567519083581e-05,0.000511927102466525,0.0,0.0,8.043515639756452e-05,0.0,0.0,0.0
Cbfa2t3_mm,0.23892929034716867,0.0,0.0,0.8795003276822089,0.0,0.1476696412185841,0.0,0.0,0.0,0.5196474739098106,0.2234825856425444,0.14872632050228313,0.0,0.0,0.32962448293486546
Cbln2_mm,0.009518370197139145,0.0,0.007036504843081147,0.04156807639657038,0.0,0.0,0.0,0.0,0.0,0.014732385456193665,0.0,0.0,0.00029631384166315506,0.0,0.014080753876364727
Cbx6_mm,0.865126576649174,0.0,0.0,0.22300080900890565,0.25685883805369536,0.0321206503566962,0.0,0.18262398418057466,0.12996832476478115,0.5633352512251414,0.8998118585984322,0.0,0.31023645385838405,0.0,0.2841045761802819
Cby3_mm,0.0,0.0,0.0,0.00021731550859436236,0.0005528205102041224,0.0,0.0,0.0,0.0,0.0,0.0,0.0,4.866008484197031e-07,0.0,0.0
Cc2d1b_mm,0.2012062428944426,0.030197121064855847,0.028634378477228745,0.5535657100008751,0.4003472716752581,0.0,0.0,0.13818754145835793,0.0,0.2965335385755026,0.7400718693466031,0.0961656494621244,0.33026257278648063,0.0,0.06441154706242827
Ccar1_mm,1.3783006351424354,0.09892761035727123,0.0,0.0,0.5249954029908283,0.4910799533635323,0.0,0.1289969045236357,0.044886216602728596,2.643104277507213,1.4401236651855067,0.0,1.100194855002072,0.0,1.617503548260748
Ccdc102a_mm,0.0005234623621845,0.0,0.0,0.003271436529695742,0.0,0.003925887725546849,0.0,0.0,0.0,0.005139059029726978,0.005428849038314585,0.0,0.0,0.010915582863754755,0.0021092107728922
Ccdc120_mm,0.0,0.0,0.0,0.0,0.004918750310123499,0.0002588602363214747,0.0,0.0,0.0013276466583870396,0.007860244192628084,0.0,0.0,0.0,0.003999721821659254,0.0
Ccdc130_mm,0.05596247421112538,0.0,0.0,0.20107075581715278,0.14924136179010322,0.0,0.0,0.11060887312092633,0.02188866622202322,0.0,0.052155780176469414,0.0,0.0,0.12881046103677846,0.0
Ccdc137_mm,0.27491896564469714,0.0,0.0,0.0,0.0,0.0,0.0,0.05896507760527906,0.3923340871243183,0.07882194806880209,0.7270496872023335,0.005520546482018696,0.028865643162092853,0.0,0.0
Ccdc144b_mm,0.009364190449142187,0.0,0.0,0.0,0.0159681066393496,0.0,0.0,0.0,0.006163172625503229,0.03311829773251526,0.015201940141134513,0.0014843902313778396,0.0011507994129437186,0.001052552657585783,0.0
Ccdc148_mm,0.0,0.001783278326947278,0.0,0.0,4.829579887715683e-05,0.0,0.0,0.0054991323664493625,0.00239505566955696,0.009657120403812999,0.0,0.0,0.0,0.0,0.0
Ccdc150_mm,0.0,0.0,0.0,0.0,0.00010771096805201584,0.0,0.0,0.0005538151712181666,0.0,0.0008141066330659314,3.623317933463241e-05,0.0,5.940546941816282e-05,0.0,0.0
Ccdc160_mm,0.0,8.644826077164359e-05,4.3782941111385737e-05,0.0,0.0,0.0,0.00018617413125109948,0.0,0.00022028365987331839,0.0,0.0,0.0,0.0,0.0,0.0
Ccdc180_mm,0.0,0.0,0.0,0.0035880429915849917,0.015556049648680651,0.0,0.008784776170509148,0.02686977570102254,0.0,0.0,0.0,0.0,0.0,0.007299665428144348,0.0
Ccdc181_mm,0.005810284586037723,0.0,0.0,0.33579018744940264,0.3324618828448758,0.0,0.0,0.14675040470602368,0.0,0.39248265862335796,0.21171425792903453,0.09071042480843114,0.0962998641178533,0.053076024691849646,0.2522701232476738
Ccdc18_mm,0.0009041761189151386,0.0,0.017201729737012925,0.19808720261843857,0.142685055183718,0.0,0.0,0.0,0.0,0.7055510324017993,0.13586595154354944,0.0,0.29141454857676474,0.0,1.3068344962347869
Ccdc191_mm,0.31716742442960627,0.0,0.0,0.25284305229451226,0.19107471865955167,0.0,0.0,0.0,0.0,0.6330494149057716,0.5155738386746013,0.0,0.5210611599710848,0.024825261413579366,0.03352334370357096
Ccdc34_mm,0.6778010369826705,0.0,0.0,0.0,0.2920797428096613,0.0,0.0,0.0,0.0,0.8027793999191247,1.5885420551035938,0.0,0.37398593958094467,0.1152774113361769,1.5585597248641558
Ccdc7a_mm,0.0,0.0,0.06258387898192175,0.0,0.00012058542003378066,0.0,0.0,0.0,0.0,0.0,0.0,0.0,0.0,0.0,0.0
Ccdc7b_mm,0.0,0.0,0.0,0.0,0.02272513125414413,0.0,0.0,0.0,0.005743629824800772,0.0223522691822246,0.0,0.0014033490659877124,0.0,0.0,0.0
Ccdc80_mm,0.0,0.0,0.0030937295726285456,0.0,0.0,0.0,0.0,0.004568906910244743,0.0,0.006140967679797239,0.0,0.0,0.0,0.0,0.0
Ccdc88b_mm,0.0,0.028520055609271736,0.0,0.3379903737366791,0.3053980172112221,0.0,0.0,0.08854425901771232,0.0,0.0939329314290933,0.4122036903271483,0.05554964878394489,0.25714394141310365,0.0,0.0
Ccdc88c_mm,0.22572068650840343,0.0,0.025742295247472027,0.41324974255423763,0.08420398366417886,0.0,0.0,0.0,0.038887578958514676,0.3719779883440509,1.0534909520105393,0.08212500125675531,0.4399228680290045,0.01387482827566853,0.07278902817844454
Ccdc91_mm,0.0,0.0,0.00037064117107845804,0.00042205245562315316,0.0,0.0,0.0,0.0,0.0,0.0005377205741453389,0.0,0.0,0.0001701653175360341,0.0,0.0004866894638644545
Cchcr1_mm,0.016250786028639788,0.002996256562871456,0.016888896839880825,0.15056217539145728,0.12229338957897937,0.0,0.0,0.020223233690065505,0.0,0.11322359804032123,0.15441572425677985,0.0,0.056478261015685115,0.0,0.07676939561053249
Ccin_mm,0.0,0.0005460860548468967,0.0003651097476049504,0.0,7.014478989106447e-05,0.0,0.0,0.00029342274769526025,0.0,0.0,0.0,0.0003517855715443089,0.0,0.0,0.0
Cckar_mm,0.0,0.0,0.0,0.0008277553796646107,0.0,0.00010665461988813115,0.00030329352528984797,0.0001376638930510759,0.001097436599667627,0.0,0.0011598068386653672,0.0006083346268145442,0.0,0.0003343693527359682,0.002793034173519894
Ccl17_mm,0.0,0.0,0.002188733349393074,0.0,0.0,0.0,0.007450840851102225,0.0,0.0,0.0,0.0,0.0,0.0,0.005380365110732572,0.0
Ccl22_mm,0.0,0.0,0.0012146868238724496,0.0010184487098503353,0.0,0.0,0.0003864501574907753,0.00012869558616268183,0.0,0.0,0.0,0.0,0.0,0.00043446472676812416,0.0
Ccl27a_mm,0.0,1.116656198902276e-05,9.007773473447398e-05,0.0,0.0,0.0,0.000393023886448455,0.0,0.0,0.0,0.0,0.0,0.0,8.667940886161353e-05,0.0
Ccl2_mm,0.0,0.0,0.0,0.0,0.0,0.0,0.0,0.017122369245680825,0.0,0.0,0.0,0.0,0.0,0.0007080826918964375,0.0
Ccl3_mm,0.0,0.0,0.0,0.0,0.0,0.0,0.0,1.1692576574408773,0.0,0.0,0.0,0.0,0.0,0.0,0.0
Ccl4_mm,0.0,0.0,0.0057457565154727455,0.0,0.0,0.0,0.0,0.019116434485361867,0.0,0.0,0.0,0.0,0.0,0.018463864926730245,0.0
Ccl5_mm,0.0,0.0010703865548469835,0.006873064562519962,0.012409737115931855,0.0,0.0,0.005975386067704193,0.003848791147204064,0.0,0.0,0.0,0.0,0.0,0.027013274055827142,0.0
Ccl6_mm,0.03964443793549251,0.0,0.0,0.0,0.5263634240921118,0.0,0.056162602659114165,1.2762032592536554,0.0,0.0,0.0,0.0,0.0,0.34497362572318746,0.0
Ccl7_mm,0.0,0.0,0.0,0.0,0.0,0.0,0.0,0.0929237645382798,0.0,0.0,0.0,0.0,0.0,0.0010419437188877647,0.0
Ccl9_mm,1.3989050951476814,0.0,0.0,0.0,0.3484393773525402,0.0,0.04469125711622832,2.278778119973764,0.0,0.0,0.0,0.0311822556368967,0.0,0.7839676439665905,0.0
Ccm2l_mm,0.0,0.0,0.002056946275860002,0.004892819530537577,0.0,0.0,0.0,0.0,0.0,0.0,0.0,0.0,0.0,0.0003274641146769798,0.0
Ccn3_mm,0.09797578953677108,0.0,0.0,0.583444272981675,0.16666174488793437,0.0,0.25036037330893074,0.6145768601274016,0.0,0.0,0.0,0.13354406914579997,0.0,0.11333765336382369,0.0
Ccn4_mm,0.0,0.0,0.011972716213125381,0.0,0.0,0.0,0.0,0.015171134220493,0.0,0.0007360393273181116,0.0,0.0,0.0,0.0,0.0
Ccn6_mm,0.00047945693060233647,0.0,0.0,0.0011572365936048754,0.0,0.0,0.0,0.0,0.0,0.00024771314332066484,0.0,0.0,0.0,0.0003994714070148988,0.0015977809327900555
Ccnb2_mm,2.3202311286388504,0.0,0.0,0.45591572500807237,0.0,0.0,0.1427886342823343,0.07887812678010789,0.14422331140067882,0.0,0.0,0.0,0.0,0.3993510337398303,1.0056737843173593
Ccnb3_mm,0.0,0.0,0.028218574275203412,0.005326914218684729,0.0,0.0,0.0,0.0,0.0009196487351836387,0.0027086935525506054,0.0,0.0,0.0,0.0,0.006305323756843232
Ccnd1_mm,0.03859790032159738,0.015951044341763653,0.05651354316671802,0.13912242060367183,0.0,0.0,0.0,0.0,0.0,0.0,0.0,0.0,0.0,0.0,0.0
Ccnd2_mm,4.210839263378889,0.8748405528028455,0.0,1.0760557450776755,1.6421956019646824,1.8142745666133449,0.0,0.0,1.5361379400885427,0.0,1.8795762375450122,0.8470749394199945,1.1331560046161817,0.2734778628909724,0.0
Ccne1_mm,0.38015236392483653,0.0,0.017718685959081725,0.026038604492421628,0.0,0.0,0.0,0.0,0.21585710561690544,0.0,0.5082798481205545,0.035187582088156,0.0,0.0,0.05054728725495799
Ccnl2_mm,0.13506633856720618,0.0,0.1376404382884611,0.38676108931926434,0.43813804226138386,0.18261938643824713,0.0,0.33567943386448273,0.0,1.4553984121823444,0.8972153288422189,0.1086959639865284,0.20696642086708847,0.0,0.003768397703198166
Ccr2_mm,0.45121564171157624,0.0,0.0,0.0,0.0,0.0,0.0,0.0,0.2845934249450531,0.012991486990213274,0.20614882172080554,0.12029773553777187,0.0024580170916418402,0.0,0.0
Ccr4_mm,0.011064310807602487,0.0,0.0064976683608710915,0.0,0.0,0.0,0.0,0.0,0.0,0.04151686452031079,0.04611141678348948,0.004098052169243447,0.026564801997614133,0.0,0.0
Ccr5_mm,0.06674296852171027,0.0,0.0,0.015634175105190235,0.08123019722054454,0.0,0.015489537757655077,0.13289154086222366,0.10564248182281527,0.13861165094664157,0.04269945704831729,0.0,0.23881156856279645,0.004854754854557837,0.0
Ccr6_mm,0.0,0.000539928854974005,0.0,0.00034827941719861084,0.0,0.0,0.0,0.0,0.0,0.002860727310784639,0.0,0.0,0.0,0.0012792426881356488,0.0
Ccr7_mm,0.0,0.0,0.0,0.01917710197039078,0.0072259864618860305,0.0,0.0,0.07504364088260217,0.0,0.0,0.0,0.0,0.0,0.007805304831176602,0.0
Ccser1_mm,0.0,0.00026777816363068434,0.000611163809524652,0.0021197213279960723,0.0,0.0,0.0,0.00020109576859108388,0.0,0.0016996866283425995,2.6561922715314097e-05,0.00014246014973899203,0.0,0.0007698161974619397,0.0
Cd109_mm,0.0,0.0,0.0005948650375278799,0.0,0.0,0.0,0.0,0.010664218530465602,0.0,0.0,0.0,0.0,0.0,0.0,0.0
Cd14_mm,0.007314877072983268,0.0,0.0,0.0,0.0,0.0,0.0,0.17517877862295975,0.0,0.0,0.0,0.0,0.0,0.0,0.0
Cd19_mm,1.7325273772602456,0.0,0.0906594218718594,1.2216854785899203,0.6922139628735708,0.09787018455685212,0.0,0.0,0.39350325581335543,0.24603303070232804,0.5584757049243393,0.0,0.0,0.6285466814112968,0.1686969818174507
Cd200_mm,0.0,0.0,0.010874906690954091,0.00584369380835314,0.0,0.0,0.0,0.0,0.0,0.0,0.0,0.0,0.0,0.0,0.0
Cd200r1_mm,0.0,0.0,0.0,0.0,0.0,0.0,0.0,0.000336528438112336,0.0,0.0007759644954459375,0.0,0.0,0.0,0.0,0.0
Cd209a_mm,0.0,0.0,0.00023026938851945913,0.0,0.0,0.0,0.0,0.00011587610194213019,0.0,2.015127596195938e-06,0.0,0.0,0.0,0.0,0.0
Cd209b_mm,0.0,0.0,0.00018053099080148327,0.0,0.0,0.0,0.0004722612198653577,0.0,0.0,0.00011246929185425896,0.0,0.0,0.0,0.0,0.0
Cd209c_mm,0.5516455825546738,0.0,0.6266491884524648,0.8743860606842718,0.0,0.0,0.0,0.0,0.0,0.12258052452834985,0.13098484020690607,0.0,0.0,0.21333712965035037,1.6097230976056942
Cd226_mm,0.0,0.00012494425848116192,9.436213098371166e-05,0.0,0.0,0.0,0.0,0.0,0.0,0.0,0.0,0.0,0.0,0.0003667642675884712,0.0
Cd28_mm,0.46156578557451666,0.0,0.0,0.3645556726520973,0.11203889160161065,0.0,0.0,0.5406680495322541,0.18484048072049258,0.0,0.0,0.0,0.0,0.21763120985830284,0.0
Cd2_mm,0.0,0.0,0.0,0.021487561778497997,0.034992846864501416,0.0,0.0,0.020234325368599662,0.0,0.02413314725450898,0.0,0.0,0.0,0.03193062633839284,0.0
Cd300e_mm,0.0,0.0,0.0002642916549386039,5.90883544888727e-05,0.0,0.0,0.0,0.0,0.0,0.0,0.0,7.534532975319661e-05,2.4716115926611506e-05,0.0004995130962667581,0.0
Cd300lb_mm,0.0,0.0,0.0,0.0,0.0,0.0,0.0,0.0,1.1534804521268493e-05,0.0,0.00023117339241127997,0.0,0.0,0.0,0.0
Cd300ld3_mm,0.0,0.0,0.0,0.000383188622456466,8.738597393079416e-05,0.0,0.0,0.0,0.0,0.0,0.0,0.0,6.472943266884437e-06,8.041907498635823e-05,0.0
Cd300ld_mm,0.0,0.003337553002660498,0.0027113679789377613,0.019385548658651372,0.0,0.0,0.0,6.029805991295534e-06,0.0,0.0,0.0,0.0,0.0,0.0022079036204462575,0.0
Cd33_mm,0.0,0.0,0.009363777540453625,0.0,0.0,0.0,0.0,0.08071318525526222,0.0,0.0,0.0,0.0,0.0,0.0,0.0
Cd36_mm,0.7942610036554734,0.0,0.0,0.0,0.0,0.03731227479238157,0.0,0.1652168036697521,0.2916697668985606,0.06389536262066642,0.27121438511980117,0.22255941112622152,0.0,0.0,0.0
Cd37_mm,1.4092070406783692,0.21964796785953875,0.13818000108221037,1.6292804626123825,0.8650360855299307,0.0,0.0,0.1946038241355381,0.7497834888039776,0.0,0.5586506962054627,0.0,0.5467838688606158,1.4844725667633645,0.0
Cd40_mm,0.0,0.005123945894100576,0.015146883873209633,0.03099639640147387,0.0,0.0,0.0,0.0007945913569423311,0.0,0.02012694332951328,0.0,0.0,0.0,0.003092343215985543,0.0
Cd52_mm,0.23749103068832722,0.0,0.07093877022830258,0.4248538139872436,0.0,0.0,1.1810705849044227,0.0,0.13326985214736728,0.0,0.0,0.0,0.0,0.3832553868065008,0.0
Cd55_mm,0.0,0.0,0.0006597806511361256,0.00043062405505139996,0.0,0.0,0.0,0.0002020272136835064,0.0,9.080544288315765e-05,0.0,7.552077680263528e-06,0.0,0.00017488384854299737,0.0
Cd59b_mm,0.11667026005500813,0.0,0.0,0.0,0.0,0.0,0.0,0.0,0.14364991158075638,0.02191337051799371,0.1976710227308388,0.024887285246833087,0.0,0.0,0.0
Cd5_mm,0.0,0.0077284514996994605,0.028650496446126886,0.06736428571163668,0.0,0.0,0.0,0.12077698038631308,0.0,0.0,0.0,0.0,0.0,0.0,0.0
Cd5l_mm,0.0,0.0,0.0,0.0,0.0006878219416430263,0.0,0.0,0.0014881754473717085,0.0,0.0006804913168185822,0.0,0.0,0.0,0.0,0.0
Cd68_mm,0.002211313052368517,0.0,0.0,0.0,0.0,0.0,0.0,0.5676640808966931,0.0,0.0,0.0,0.0,0.0,0.0966404836629557,0.0
Cd69_mm,0.8348883778742714,0.4731758381902959,0.0,0.421187248340048,0.4263418612823836,0.0,0.09533789738251462,1.1895388350802634,0.4770063454731115,0.0,0.0,0.06746129495794018,0.009918907620349068,0.14586280764513226,0.0
Cd74_mm,0.0,0.1333423992316435,0.0,0.3557617701282115,0.1010348338078351,0.0,0.0,0.6232159765708629,0.0,0.0,0.0,0.0006706413232136228,0.0,0.4661401850397179,0.0
Cd79b_mm,1.5293914662927852,0.0,0.0,2.4128744630691057,0.4513857446125279,0.35326674504365574,0.3544987180802555,0.0,0.024526148986720165,0.0,0.2598726021203813,0.013569704555304853,0.02555397046112612,1.9307169933579673,0.0
Cd82_mm,0.0,6.004123214638185e-05,0.006720713779813517,0.029403659909468912,0.0030782436701154575,0.0,0.0,0.0025942178970230507,0.0,0.0,0.0,0.0,0.0,0.0,0.0
Cd84_mm,0.21093700175467656,0.03634049806170245,0.02301529316383848,0.18226263736345047,0.0,0.0,0.0,0.12906660984354223,0.09059909653638847,0.06503244463681582,0.05842449694657204,0.05856381694776417,0.0,0.003659819073953292,0.0
Cd93_mm,0.21640282316333076,0.0,0.014928628137721459,0.087092730337235,0.17329155238163368,0.0355506727921505,0.05865492901234326,0.0,0.06691400760972109,0.12671357325217428,0.0,0.008561772043735776,0.0,0.04770299604416408,0.0
Cd9_mm,0.0,0.0,0.07661088538392243,0.0,0.0,0.0,0.0,0.0022728708568148987,0.32801979322295455,0.03873731846047053,0.0,0.0,0.08441587118617759,0.013603217473264513,0.0
Cda_mm,0.0,0.002253940701013086,0.035729511258055104,0.0,0.0,0.0,0.0,0.0,0.0,0.0,0.0,0.0,0.0,0.09533006886120313,0.0
Cdc37_mm,1.2182320983585653,0.2707791127000664,0.0,0.5628539291376432,0.6608047347059393,0.251929061121835,0.06814528326580278,0.7814218218157108,0.0,0.0,3.3504712738833673,0.9743071651216213,0.8475110031149138,0.8679726700116936,0.0
Cdc37l1_mm,0.3063484208436612,0.0,0.0,0.2721912446531258,0.32544123742778847,0.07334503901395699,0.11275504744986317,0.330042948764331,0.26999394560506856,0.8324605113818684,0.5367851365212752,0.2395194764590825,0.05450180965813356,0.0,0.16974187671138788
Cdc42ep2_mm,0.029904648448596614,0.0038393883711805832,0.012660987844064659,0.013002896588168238,0.0,0.0,0.0035885077846199236,0.028614091998291565,0.021655135453774014,0.11170602128175686,0.019365315809462772,0.0,0.029681622695567962,0.01014137638768951,0.0
Cdcp3_mm,0.0,0.0,0.0006424810119224021,0.001216974362507868,0.0,0.0,0.0,0.0,0.0,0.0,0.0,0.0,0.0,0.0,0.0
Cdh11_mm,0.29645563659518054,0.0,0.0,0.0,0.249957272173053,0.0,0.0,0.1478319628890815,0.40207581916668494,0.8197527855757539,0.6125205955194998,0.13815668801226033,0.0,0.15022025314214713,0.0
Cdh17_mm,0.32430974582269273,0.07645008594509434,0.09183886768808032,0.6301191681770488,0.0,0.0,0.1345121877764338,0.0,0.16454664704877495,0.0,0.0,0.045609462624420206,0.0,0.09175489875074751,0.0
Cdh19_mm,0.0,0.006629693325052303,0.0396823432697818,0.014153446855890988,0.0,0.0,0.0,0.0,0.0,0.0,0.0,0.0,0.0,0.0,0.0
Cdh2_mm,0.010928546598856516,0.0020673279655330085,0.00014856884934751592,0.012934765062411311,0.0,0.0,0.0,0.0,0.0,0.0,0.05398567570349512,0.019991493365068197,0.00271299139972902,0.0003997885603766347,0.021178979966675542
Cdh4_mm,0.15020973070121374,0.09354560363104086,0.0,0.22756411783819822,0.0,0.0,0.0,0.08360162406258706,0.0,0.0,0.1203529249752388,0.03221857478136576,0.0,0.0,0.0
Cdh5_mm,0.0,0.0005690628128681008,0.0023826753558835747,0.0,0.0,0.0,0.0,0.0003031103529585178,0.0,0.0006556475053674205,0.0,0.0,0.0,0.0,0.0
Cdhr2_mm,0.0,0.0,0.0035754803002869054,0.035252994080643536,0.01305867948009002,0.0,0.0,0.0,0.0,0.018509980006196865,0.0,0.0,0.0,0.004098807360947681,0.0
Cdhr4_mm,0.0055280468088858515,0.0,0.0,0.11550965582583864,0.07963753208252658,0.0,0.0,0.0,0.0,0.05096009739419501,0.0,0.0,0.005098737414456622,0.039184332502665446,0.0
Cdk10_mm,0.0849777926058341,0.0,0.0,0.17537464027971916,0.16671989553294148,0.0,0.0,0.0,0.0,0.030560292071336037,0.10711354517507635,0.0,0.032996635636352974,0.03615148316953473,0.0
Cdk14_mm,0.015465650229923526,0.025765554533010507,0.002364858952504424,0.09580407435351683,0.008638331104242858,0.0,0.022471227886404193,0.013065227480419116,0.010824615821934834,0.020098694945061932,0.0,0.0009436555482854359,0.0,0.004242382561363284,0.0
Cdk15_mm,0.0,0.0,0.0,0.0,0.0,0.0,0.0,0.0,0.0,0.21674762516183466,0.020328343347120734,0.0,0.3932012835251761,0.0,0.0
Cdk16_mm,0.237089610260031,0.008641542725969065,0.0,0.09201480829501334,0.18735716878701433,0.0,0.0,0.11180358844340368,0.043350413185701014,0.08649491133720907,0.29420507668473056,0.0,0.0,0.043221531240816395,0.0
Cdk5_mm,0.5396886284010123,0.0,0.0,0.1647074389071302,0.21434308137570612,0.0,0.0,0.25756350773325126,0.0,0.0,0.0,0.0,0.0,0.3899752340076896,0.0
Cdk5rap3_mm,0.22840580620592021,0.0,0.0,0.5579606178200563,0.26215212095923346,0.0,0.0,0.0,0.0,0.11822437223377502,0.5187292619288417,0.0,0.12346373592819546,0.2751382975707686,0.11925650090985321
Cdkn1a_mm,0.0,0.0,0.027055094073857117,0.13635977314987682,0.08197365775581944,0.0,0.0,0.0,0.0,0.089497760004864,0.0,0.0,0.0,0.026880117724641057,0.0
Cdkn1b_mm,0.0,0.0,0.020306791514850053,0.1315344440610108,0.17092303577880685,0.0,0.030029324045645792,0.13159353588565129,0.03029476105802371,0.21802616951723566,0.018292922839767363,0.0529924295609135,0.0,0.024893654161295235,0.08948455832983862
Cdkn2b_mm,0.07220414940867853,0.0,0.0,0.14276593947106062,0.04674288661558314,0.0,0.040699289300528546,0.13243391996190118,0.005297950894321326,0.031646390743609476,0.0,0.0,0.0,0.03852142546423174,0.0
Cdr2l_mm,0.0,0.0,0.0001894362823872962,0.00019959791584442965,0.0,0.0,0.0,0.0,0.0002047470090864469,0.00018238546227554287,0.0,6.934577707543948e-07,0.0,0.0,0.0
Cds2_mm,0.9373679323560834,0.08995391094922779,0.16500314656009255,0.7549937759478196,0.59052428746991,0.0,0.06385491794533996,0.3931325324680595,0.10340139932712847,0.2875937799692973,0.7463139090468046,0.20696199451587252,0.04750492394638749,0.153852975649518,0.22421486422286172
Cdx1_mm,0.0,0.0,0.0,0.0,2.8717798787519063e-06,0.0,0.0,0.0,0.0,0.00011576069231370448,0.0,0.0,0.0,3.6477985124443876e-05,0.0
Ceacam16_mm,0.0,9.94364707051444e-05,0.0,0.14619862513283038,0.07431405789163635,0.0,0.0,0.038458995835804165,0.0,0.036231108623385334,0.0,0.0,0.0,0.004005281679592999,0.0
Ceacam1_mm,0.0,0.07356069733424105,0.0008479979477964809,0.6652565820795503,0.18565052694394982,0.0,0.0,0.22187848272517094,0.0,0.03190003571965084,0.0,0.04347463283347702,0.0,0.04880650152415431,0.0
Ceacam20_mm,0.0,0.0,0.0021168724776435667,0.0,0.0041821017558061925,0.0,0.005886639303204874,0.0,0.010896895796829661,0.045450553428688506,0.01906693929658929,0.0,0.016608061189831404,0.015386286980478869,0.0
Ceacam5_mm,0.0,0.0,7.410983408801868e-05,0.0,0.0,0.0,0.0,0.0,0.0,0.0001011059335212037,0.0,0.0,0.0,0.0003696610554714381,0.0
Ceacam9_mm,0.01310398399758416,0.0,0.0,0.012889284007067143,0.04699043776660338,0.0,0.0,0.0,0.0,0.013059480772171804,0.0,0.0,0.0,0.00015776910963185545,0.0
Cebpg_mm,0.4246493757597348,0.13336643273533114,0.10560428048604778,0.12221512615890882,0.5078996020179499,0.0,0.0,0.2156279981943172,0.0,0.660015503293459,0.14441514061766264,0.12663827896270208,0.0,0.0795932321140003,0.2793604562624409
Cela3b_mm,0.0,0.0,0.0,0.0008579239547970646,0.025828082618750737,0.0,0.0,0.0,0.0,0.009260397042955535,0.0,0.0,0.0,0.01743268410946634,0.0
Celsr2_mm,0.0,0.0003935986915044852,0.0,0.0,0.0,0.0,0.0,0.005270241226474363,0.0,0.024888715640551402,0.0,0.0,0.0,0.0,0.0
Cenpb_mm,0.0,0.0,0.0,0.0,0.024284586720389658,0.01613270277132823,0.0,0.0,0.0,0.04684253766790973,0.014437654941802143,0.0,0.01955356144805859,0.011379741448384,0.04073450132463761
Cenpe_mm,0.0,0.0,0.0,0.0,0.3680290576822343,0.0,0.0,0.26711667526279814,0.0,0.5348928084728576,0.300166969709033,0.0,0.2653451533669751,0.0,10.16772536436979
Cenpf_mm,0.0,0.0,0.20304898839727,0.12134709045628549,0.13089854761278857,0.0,0.1093364435905611,0.0,0.3170438655542704,0.2176408832134067,0.0,0.0,0.0,0.1419180305835069,9.661795791630563
Cenph_mm,1.5426018335802,0.0,0.0,0.0,0.05058279005624191,0.0,0.37809699506645505,0.09808269198021657,0.1731066620252568,0.3109191613362066,0.5511796876454201,0.1109684098770643,0.06572949997653244,0.0,0.76402818064207
Cep104_mm,0.0,0.0,0.0,0.5160638940227941,0.08447673473438552,0.10568245559123061,0.0,0.07519905984427597,0.125525579683176,0.35339635777433615,0.8731297509511065,0.0019926434928961016,0.035521418179037936,0.0,0.07547880548035216
Cep112it_mm,0.07525468589971135,0.0066554633428304675,0.0,0.0335456081203018,0.008925928994799619,0.0,0.0,0.04234072232453691,0.08071958916498333,0.16313975456044533,0.10124802079802023,0.017352713983495083,0.0,0.004602434775556924,0.0
Cep126_mm,0.0,0.0,0.0,0.0,0.0,0.0,0.0007757436784788534,0.0,8.281513537570843e-05,0.0,0.0,0.0,0.0,0.0,0.0
Cep162_mm,0.0,0.016139675621723908,0.09521615775314095,0.599093420393794,0.7839140140289667,0.0,0.089166909854982,0.30576675187597846,0.0,1.3588187938255154,0.3386472036149624,0.24413917063212223,0.30957305730390117,0.0,0.31503624665465774
Cep164_mm,0.38021077732093855,0.0,0.0,0.5428539362190055,0.3624882755783526,0.0,0.0,0.0650709647774851,0.0,0.30152150099503455,0.9786998927069098,0.0,0.520203072214386,0.008663942288902179,0.5230565979411231
Cep170_mm,0.3257902489398749,0.025126067967385365,0.04060280594711594,0.8620044711031812,0.40776627624057565,0.12153049693681164,0.0,0.6050284594744725,0.8104425310979448,0.7794065462758395,0.21315905584801884,0.3209218262368466,0.0,0.0,0.1831997129772106
Cep19_mm,0.29910028051498827,0.0,1.0867230691786038,1.0207732587341283,0.0,0.0,0.04157364574420837,0.1742638536882402,0.0,0.0,0.0,0.0,0.0,0.0,0.0
Cep250_mm,0.05061524210470736,0.0,0.19584245661410316,2.6800254988283787,0.13806347986587614,0.12496737305316681,0.041211762330496976,0.0,0.2141179869291687,0.02349867557081953,2.4348846989715462,0.8789965969452537,1.8209893056970654,0.36259693241264424,0.0
Cep295nl_mm,0.0,0.0,0.0,8.699756723468611e-05,0.0,0.0,0.0,0.0001753824828028451,0.0,4.705707004808483e-05,0.0,0.0,0.0,0.0,0.0
Cep350_mm,0.0,0.0,0.15399658117398843,0.9639995048370359,0.3647740792286026,0.07367259026059371,0.0,0.056588075713130126,0.3586005910319353,1.0549518034951386,0.228936211996246,0.25525507326559543,0.17318714697040322,0.0,0.4866372586984929
Cep41_mm,0.12582896846200864,0.0,0.017038634567380955,0.30330111367345663,0.06585704650397249,0.0,0.006745135643253326,0.0,0.2579485978072558,0.01228184892106185,0.271707948893135,0.01919621081200998,0.0,0.025272600293660418,0.15256345506460572
Cep83_mm,0.569908902835409,0.14870656168245772,0.0,0.47047360985486614,0.10040154947961775,0.08465937063379875,0.07812585678453954,0.20081890973972052,0.3714951585508642,1.1406784521715847,1.4978635935295028,0.41899110059299177,0.3827371117620836,0.0,0.6420731027154418
Cep83os_mm,0.03585023747150441,0.0,0.0,0.07212898853745722,0.09512120828293225,0.0,0.015537479144369471,0.022827965449583362,0.06168612787889878,0.0,0.0,0.0,0.0,0.01952467204163351,0.0
Cep97_mm,0.21977581424507614,0.0,0.0,0.32755049204217535,0.2550491721459143,0.0,0.0,0.0,0.11834120197182121,0.3553110107541384,0.019183845627102694,0.0,0.06460438731548104,0.018218066595602628,0.23412464979957107
Cerk_mm,0.07692978651704808,0.0,0.09537660709578827,1.4494949682353704,0.42300180766689505,0.0,0.0,0.0,0.0,0.6252567813073935,0.11895608001962424,0.3053770552663528,0.14619877652661295,0.088546453751968,0.07752480819396998
Cerox1_mm,0.0,0.0,0.0,0.0,0.011693698301375951,0.0,0.0,0.005321846366595623,0.0016356954833869606,0.0018554916318222333,0.0,0.0,0.0,0.005332060498617312,0.0
Cers2_mm,0.31821782909664703,0.0,0.0,0.018384146007193007,0.14024884349465785,0.0,0.0,0.03487088382883235,0.13025893098351637,0.07134388220387579,0.0,0.0,0.0,0.05192984088758651,0.0
Cers4_mm,0.7021785819859241,0.0,0.0,0.870693262217528,0.14449001758133745,0.0,0.0,0.0,0.0,0.8974576380977655,0.47661322173908044,0.0,0.5325574641052399,0.0015615974677686147,0.12942116148501115
Cers5_mm,1.9678691628546359,0.0,0.04793780177505781,0.1233419338783196,0.376100859354557,0.0,0.0,0.6885627533621477,0.0,0.0,0.0,0.0,0.0,0.5279548369421134,0.0
Ces2b_mm,0.0034212649103901142,0.001461622220398993,0.0024391924247198,0.009528840873660955,0.0,0.0,0.0,0.0,0.029685120828625972,0.06128530073883815,0.015877449993493765,0.010348540235081907,0.0010988413341995143,0.0,0.0
Ces2c_mm,0.0,0.0,0.0003427990602865697,0.0,0.00028170851393916605,0.0,0.0,0.0012120942118432957,0.0,0.0008420249140691366,0.0,0.0,0.0,0.0,0.0
Ces4a_mm,9.62205980754219e-05,0.0,3.3525554624992767e-06,0.00023671935344024025,0.0,0.0,0.0,0.0,0.0,0.0,0.0,0.0,0.0,1.654156972118814e-05,0.0
Cetn1_mm,0.0,0.0,0.00013782319967673549,0.00010039123314693592,0.0,0.0,0.0,1.0797256610921089e-05,0.0,4.730650232615625e-05,0.0,0.0,0.0,0.0,0.0
Cfap100_mm,0.0,0.0,0.00016305974396959143,0.0006447826029041074,0.0,0.0,1.9561080817627267e-05,0.0005453815524156524,0.0,0.0,0.0,8.332657683934175e-05,0.0,0.0,0.0
Cfap43_mm,0.0,0.0,0.03022872531742479,0.028344685561258885,0.0,0.0,0.0,0.0,0.006087206018163224,0.010900183035107775,0.0,0.0,0.0,0.07991685037891189,0.006379362726044549
Cfap44_mm,0.0,0.000868087833410285,0.00023436220070859891,1.843170566940334e-05,0.0,0.0,0.0003523091501982813,0.0,0.0,0.0007431649189114549,0.0,0.0,0.0,0.0003378720978816091,0.0
Cfap46_mm,0.0,0.0007028850184825579,0.0009222959551133478,0.0,0.0,0.0,0.0,0.0,0.0,0.00292413119361197,0.0,0.0,0.0006663478005028124,0.0,0.0
Cfap53_mm,0.0,0.0,0.004877599095138142,0.0,0.0,0.0,0.0,0.0010059351737044862,0.0,0.03719096202913235,0.0,0.0,0.0,0.0,0.0
Cfap54_mm,0.0,0.0,0.0,0.25361622328250005,0.2975509938664703,0.0,0.0013130054598359188,0.0,0.022677762422551147,0.4940964693086369,0.0,0.026930479533346662,0.030749129220980925,0.0,0.0
Cfap65_mm,0.0,0.00011837656401321736,0.0005307007021370679,0.0,0.0,0.0,0.0001144659357648314,0.0,0.0,0.00413277395059622,0.0,0.0,0.0,0.0,0.0
Cfap69_mm,0.0,0.0,0.0034364361870611736,0.00596213627565206,0.0,0.0,0.0,0.002107443812013149,0.002397960267569761,0.004380916400260233,0.0,0.0,0.0,0.0,0.0
Cfap70_mm,0.0,0.15329136511875682,1.8706944616165684,0.6103426085158604,0.0,0.0,0.0,0.0,0.0,0.0,0.0,0.0,0.0,0.043926558696237204,0.0
Cfap74_mm,1.7620942808566415,0.0,2.135090700126619,0.7448559196956537,1.6074496859153027,0.2136121448067164,1.4632305281622597,1.0997681010583984,2.3292508863971464,0.7886122278460793,0.6817817858802988,0.0,4.048277467101725,0.7768749952680788,0.0
Cfc1_mm,0.0,0.0001531120156397642,0.0002181473370694183,0.0,0.0,0.0,0.0,0.0,0.0,0.0,0.0,0.0,0.0,0.00010828635548150544,0.0
Cfhr2_mm,0.0,0.0,0.00012304614839183628,0.0,0.0,0.0,0.0003868152735503525,0.0,0.0,7.656280324494237e-05,0.0,0.0,0.0,0.0007070910392747784,0.0
Cfp_mm,0.07377468703034859,0.0,0.0,0.2658428588248354,0.0,0.0,0.0,0.07770679414902126,0.0,0.05561256623195784,0.0,0.0,0.0,0.056343770988588886,0.0
Cftr_mm,0.0,3.7471845196804655e-05,6.154699140102858e-05,0.0,0.0,0.0,0.00053222978721671,0.0,0.0,0.0,0.0001544519792312539,0.0,9.745419461761108e-05,0.0,0.0
Chac1_mm,0.23069778419651302,0.0,0.0,0.0,0.5059417584957137,0.0,0.16049400959479265,0.3933091937315105,0.0,0.0,0.0,0.0,0.0,0.2532350966364688,0.0
Chadl_mm,0.007341634317348587,0.00043633643348861323,0.0,0.0,0.0,0.0,0.0,0.001564171947121699,0.0,0.010575532327136358,0.006685026439717525,0.0,0.0,0.0,0.00430138080677117
Chchd10_mm,0.3050121414524449,0.2308812542775238,0.0,0.0,1.3931611139983264,0.0,5.777131314237788,0.0,0.0,0.0,1.736003629820375,0.4518743008605535,0.0,1.7605403787346627,0.0
Chd2_mm,0.0,0.0,0.1533338760985391,0.11707708574701121,0.7074552741423342,0.0,0.0,0.06449979990844071,0.0,2.5304934221671234,0.7654564163202006,0.3013807561847548,1.1813062114879997,0.039504740516133424,0.21808495663397592
Chd3_mm,0.0,0.0,0.1256079750303898,0.8591689303969876,0.5204582632528463,0.04112604661913353,0.0,0.0,0.6506948519800679,0.487017130790587,1.2770263980168561,0.007868817084946803,0.7707634484553645,0.0,0.11653315624533994
Chd4_mm,1.100206075123825,0.7213114418275537,0.4661436669409549,1.725771708959464,0.7681793984040115,1.2378813633713563,0.028244608212816987,0.6670502623390921,0.4220498264835418,0.16926263855559798,3.5336929796666294,1.3244983742579493,3.1102917322874903,0.0,0.3071087227838432
Chd7_mm,0.0,0.0,0.024402649169418957,0.6036533787478489,0.11594415322775486,0.07971922465524628,0.0,0.44107439462716186,0.0,1.2379213587928926,1.4883090685315716,0.287683495559614,0.6009611506001369,0.01511105533334053,0.0
Chek2_mm,0.08288246140721393,0.0,0.037572623788339594,0.0,0.0,0.0,0.0,0.05546925475760746,0.18102609256064958,0.34629615900764443,0.18114671363296259,0.00067373966886596,0.2103385674908797,0.0,0.19731527398487475
Chga_mm,0.0,0.0,0.0,0.014072295627063964,0.003774266543925038,0.0,0.0,0.00417841015321564,0.0,0.0,0.0,0.0,0.0,0.004622020451231342,0.0
Chid1_mm,0.19476266755306013,0.0,0.039162316292829694,0.4271463035931314,0.2168863301243252,0.0,0.002940279649782414,0.026863525573519016,0.0,0.0,0.08429807314149469,0.0,0.0,0.19531760347456256,0.0
Chit1_mm,0.0,0.0,0.0,0.006013646256066086,0.0,0.0,0.0,0.007921025036447921,0.0,0.0,0.0,0.0,0.0,0.0,0.0
Chmp2a_mm,0.24014567884337623,0.0,0.22746895187536814,1.3881892082280731,0.28180545781836874,0.14590466297599308,0.6867111637138674,0.6642729624356577,0.7358363398720812,0.12619415943246878,1.4949460201915952,0.16873578028999472,0.0,1.1230009648061983,0.0
Chn1_mm,0.0,0.0,0.0002945095404221703,0.000694511895442597,0.0,0.0,0.0010991193666053996,0.00039313903457132885,0.0003495774263124751,0.0012038617655740205,0.0,0.0,0.0,0.0004096334846598753,0.0
Chpf2_mm,0.18166834404274776,0.0,0.0,0.16041665503766317,0.21434974183239539,0.0,0.0,0.2673181486354861,0.0,0.05400139535647505,0.1902465726216787,0.0,0.0,0.0,0.0
Chrm5_mm,0.0,0.0001887880374502546,0.0001032443900581584,0.0,0.0,0.0,0.0,0.00030710347488894623,0.0,0.0009893653425374423,0.0,0.0,0.0,0.0,0.0
Chst12_mm,0.17600076528768935,0.0,0.0,0.15357038438745305,0.17563036425671008,0.0,0.0,0.05124599142184911,0.0,0.0637316761576692,0.06367849954887403,0.01579695488723816,0.0,0.05631340895357558,0.0
Chst3_mm,0.627635345379059,0.0,0.0,0.3725166854170912,0.44854942883340104,0.0,0.0,0.0,0.0,0.3312895053248399,0.1890176150050253,0.3178667522199155,0.03452413178773882,0.0,0.20314843641267533
Chst4_mm,0.0,0.0,0.0,0.00011003923447696793,0.0,0.0,0.0,0.0,0.00015345340366166107,0.0,0.0,0.0,0.0,0.0,0.0003216012044348943
Chst5_mm,0.0,0.0,0.0,0.00027243418065051457,0.0,0.0,0.0,0.0,0.0,0.0,0.0,0.0,0.0,0.0,0.0
Chst7_mm,0.0,0.0005106010139157798,0.00013164965506721395,0.0,0.0005388096722449163,0.0,0.0013778049281712016,0.0,0.00034983954313863895,0.0008531471594664414,0.0,0.0,0.0,0.0009864302155879205,0.0
Cib2_mm,0.0,0.001899881056125148,0.012221986828481388,0.027349191032672103,0.0,0.0,0.0,0.0,0.0,0.0,0.0,0.0009837724322373524,0.0,0.015540774891581578,0.0
Cib3_mm,0.0,0.0,0.009582337511465581,0.014187900155873392,0.0,0.0,0.006099619603435308,0.0,0.0007478974089862341,0.011109190088291249,0.0,0.0,0.0,0.007975103964643149,0.0
Ciita_mm,0.0,0.001433314270249696,0.007266948489071429,0.04516220146239904,0.0,0.0,0.0,0.0,0.0,0.0,0.0,0.0,0.0,0.008876131218936618,0.0
Cilp_mm,0.0,0.0,0.00023586909212104255,0.0,0.0,0.0,0.0,0.0,0.0,0.0003503914916534691,0.0,0.00023954797717529118,0.0,0.00021023059852090883,0.0
Cir1_mm,0.24764902465350128,0.0,0.02357143379558559,0.6992744953824862,0.3313390911968512,0.10831987222090789,0.0636300254752986,0.33020341179063506,0.10284229599681688,1.481089899999871,0.31464196513130505,0.0,0.16811588036720418,0.11911413886573655,0.1746325262320759
Cish_mm,0.3114873454441863,0.0,0.0,0.5530638759256192,0.12523384721348924,0.0,0.0,0.31722892672189246,0.0,0.06793860612320968,0.0,0.041316663917530826,0.0,0.08676851364737424,0.0
Ciz1_mm,0.0,0.0,0.0,0.8358144323637008,0.3015161414834711,0.0,0.0,0.1612421429164359,0.32329261716311364,0.3270261799161642,0.6077513260267255,0.0,0.278929463672092,0.154624295486402,0.0
Ckap2l_mm,0.3607066530916418,0.0,0.0,0.42912456765853146,0.0,0.0,0.0,0.06540965097874556,0.5931523664175127,0.051220355291360126,0.0,0.0,0.0,0.26237744782365474,1.7087147613838216
Ckap4_mm,0.0,0.0,0.001705638234133473,0.0013484726472927833,0.00018785010441416567,0.0,0.0,0.0,2.6339751865889186e-05,0.0018781577231044826,0.0,0.0,0.0,0.0,0.0
Cklf_mm,0.15798982826946062,0.01944187130085141,0.0,0.17449638515919322,0.1312309594870845,0.0,0.11888623435604267,0.2414750819912836,0.150624772185152,0.2370562548639176,0.0,0.010681887999588436,0.011676339141763867,0.12259366306944117,0.0
Clasrp_mm,0.0,0.0,0.015284902786447164,0.34441302430050624,0.08621944891706,0.0,0.0,0.0,0.0,0.3055639501073519,0.3638689356518854,0.05443843775366836,0.2560982680442339,0.0,0.0
Clba1_mm,0.0065296086515052405,0.0,0.0,0.08572076081328851,0.06727577315923226,0.0,0.006932120302141449,0.01927353902003333,0.0,0.06507973260820465,0.042452397419322864,0.0,6.67887128076306e-05,0.0,0.0
Clca3a2_mm,0.0,4.247984547637665e-05,0.00015613362958572338,0.0,0.0,0.0,0.0005458961602962421,0.0,0.0005250659335086711,0.0,0.0,0.0,0.0,0.0003516969049236997,0.0
Clcn5_mm,0.8781514342817548,0.0,0.0,0.6621647279526515,0.37126175569470926,0.31174222409243024,0.0,0.291275132807367,0.6929394243420376,0.6051531783445433,0.6545777895067304,0.13107118445390162,0.06606418918800885,0.0,0.18752980606064332
Clcn7_mm,0.062267753876928955,0.004274327672620329,0.0,0.01754315026147131,0.06624316485743457,0.0,0.0,0.09334452154586088,0.0,0.4023102561100014,0.04723011871301185,0.0,0.30123758216504976,0.010299572174855408,0.0
Cldn20_mm,0.0007680165643392874,8.34994882766232e-05,0.0,0.0018295282821872733,3.8146881996209795e-05,3.80079737378427e-05,0.0,0.0,0.0,0.0023566805847381115,0.0,0.00010220471879697696,0.0,0.0005494995651810165,0.0
Cldn22_mm,0.0,0.0,0.0,0.0,0.0,0.0,0.0,0.0,0.0,0.0,0.0,0.0,0.0,0.00022637144091440395,0.0
Cldn4_mm,0.0,0.0,0.002993140892144061,0.0,0.0,0.0,0.0,0.00938625633448605,0.0,0.0,0.0,0.0,0.0,0.0,0.0
Cldn5_mm,0.0,0.0,0.0,0.0,0.0007490758843728119,0.0,0.0,0.0,0.0,8.789456470686269e-05,0.0,0.0,0.0,0.0,0.0
Cldn6_mm,0.0,0.0,0.0,8.796344316311097e-05,0.0,0.0,0.0,2.4613643498245425e-05,0.0,4.774795229906784e-05,0.0,0.0,0.0,0.00012631815753736737,0.0
Clec1a_mm,0.0,0.0,0.00046399486253185363,0.0011795297450986116,0.0,0.0,0.0,0.0,0.0,0.0,0.0,0.0,0.0,0.0,0.0
Clec2h_mm,0.0,0.0,2.815846945591134e-05,0.0,0.0,0.0,0.0,0.0,0.0,0.0,0.0,0.0,0.0,0.00019347924769029276,0.0
Clec4d_mm,0.0,0.0,0.001378321794385888,0.0,0.0,0.0,0.0,0.004202513686609878,0.0,0.0003186900916023768,0.0,0.0,0.0,0.0,0.0
Clec9a_mm,5.535144473223164e-06,0.0,0.0,6.294408241961281e-05,0.0,0.0,0.0,0.0,0.0,0.0,0.0,0.0,0.0,6.378592988610171e-06,0.0
Clic3_mm,0.0,0.0010436509832771994,0.0,0.0,0.00011101179120390205,0.0,0.0,0.00035602149841076165,0.0,0.0008046675850871785,0.0,0.0,0.0,0.0,0.0
Clip1_mm,0.3132803186395118,0.024245242843837937,0.050309815689999426,0.5845094910099896,0.29587450610675153,0.20380842133255675,0.0,0.30672027589462203,0.0,1.3343131538865924,1.3176654171843991,0.09837284916673003,0.5795791261343217,0.0,0.28680222749047934
Cln3_mm,0.1353415828523988,0.0,0.044816251949478254,0.25701412816839636,0.21563811696955215,0.0,0.0,0.4346159943739566,0.022334306067827086,0.29388337429330175,0.053987183931897,0.0,0.0,0.12546417221686273,0.0
Clvs1_mm,0.0,0.020873470771144213,0.05242256217804219,0.02931331303537294,0.0,0.0,0.0,0.0,0.005089360670131742,0.0,0.0,0.0,0.0,0.0009447324601108418,0.0
Clvs2_mm,0.0,0.0,0.0008316732002317724,0.00046958884176779637,0.0,0.0,0.0,0.0,0.001095755498835573,0.0,0.0,9.033668796313578e-05,0.0,0.000999710441796722,0.0015615292175363412
Clybl_mm,0.3770952568318782,0.0,0.0,0.15048983479363523,0.13305750109266964,0.0,0.0,0.05114961158425185,0.292413957123291,0.0,0.21416479714601433,0.007795430898364995,0.0,0.09566565542546353,0.0
Cma1_mm,0.0,0.00030511787603317193,0.0,0.0007421711188463888,0.0,0.0,0.0,7.770005513712617e-05,0.0,0.0008878737221643904,0.0,0.0,0.0,0.0,0.0
Cmip_mm,0.2773017575868154,0.0,0.0,0.997616919602639,0.5832687248350198,0.19944504852416964,0.0,0.4108196376950053,0.07944380773935833,0.7170579578247828,0.9956503285432176,0.0,0.0,0.0017840628172928865,0.0
Cmklr1_mm,0.0,0.0,0.0011862269306978721,0.0048890269397267655,0.0,0.00016074267357459921,0.0,0.0003830323136868558,0.0010132415143419714,0.0017802205114263749,0.0,0.0003919521886981992,0.0,0.0,0.0
Cmtm7_mm,1.906975238253088,0.0,0.0,0.19928526383386133,1.074699256618989,0.0,0.299324848267692,0.2561201380528424,0.4149461565085017,0.1066455216778536,1.1131691000955357,0.1639047717782157,0.0,1.1697515946659973,0.0
Cnfn_mm,0.0,0.0,0.0,0.0,1.9202338511836773e-05,0.0,0.0,0.0,0.0,8.035355859886182e-05,2.6955004609910464e-05,0.0,0.0,0.0,0.0
Cnga1_mm,0.0,0.00021618575629017779,0.0,0.0,0.0,0.0,0.0,2.563090012107666e-05,0.0,0.0047217033418330105,0.0,0.0,0.0,0.0002973066843519581,0.0
Cnpy1_mm,0.0,0.0014293522645023875,0.0011854622808221465,0.004330693134755836,0.0,0.0,0.0,0.0,0.0,0.0,0.0,0.0,0.0,0.0014664724855057427,0.0
Cnr1_mm,0.0,4.8458012864318364e-05,2.1433285043590575e-05,0.0,0.0,0.0,0.0,0.0,0.0,0.0005224300003103634,0.0,0.0,0.0,0.0,0.0
Cntln_mm,0.0,0.0023507074654036276,0.06869348050673757,0.5669080407373149,0.2589788617684536,0.0,0.0,0.0,0.11806436855483274,0.528746276399785,0.3857687465126281,0.16261981706705841,0.29187236649510045,0.0,0.8578986030570759
Cntn1_mm,0.028293025898096943,0.0,0.007289330532810076,0.03966951601143165,0.0,0.013592777875156845,0.0,0.0,0.01880809156049436,0.0,0.07487237508641033,0.016721133170789812,0.011063502355606025,0.0,0.0281262882315569
Cntn2_mm,0.006934711304450159,0.0008823998441198492,0.014737003772015443,0.0,0.0,0.0,0.0,0.009016482013667402,0.030010773953340213,0.09140939502272619,0.008869178405160848,0.0,0.02805622141179598,0.002226929527966565,0.002302013380786664
Cntn3_mm,0.0,0.013453153702921723,0.055828942518975855,0.018963629557471776,0.0,0.0,0.0,0.0,0.0,0.0,0.0,0.0,0.0,0.0,0.0
Cntn5_mm,0.0,0.00039597162213767846,0.0010864263841382227,0.00041090928044863685,0.0,0.0,0.0,0.0,0.0,0.0,0.0,0.0,0.0,0.0,0.0
Cntnap4_mm,0.0,0.0001309390610731663,0.0,0.0,0.0,0.0,0.00024957598268062744,0.0,0.00013701697202152529,0.0,0.0,0.00012105299940305293,0.0,5.43221209621979e-05,0.0
Cntrl_mm,0.4157687503073104,0.005041681445883981,0.10630195771197343,0.9160862980970877,0.2191826421792423,0.2247815672071241,0.0,0.2134075372443853,0.2267592530851551,1.865989639854281,1.1904986988933146,0.26931586056541584,0.8206551892764582,0.16352145457519102,2.08264401134817
Coasy_mm,0.4147761077481727,0.0,0.0,0.380479626322661,0.24936607833675534,0.0,0.0,0.10150124386839281,0.0,0.0,0.23667234256149514,0.0,0.04533062685512252,0.0511494533567222,0.0
Col11a2_mm,0.0,0.0,0.0,0.006733519202968157,0.053790358819676705,0.0,0.0,0.0,0.0,0.08054859852766003,0.0322797526660924,0.006437246709288411,0.02160868367250293,0.0,0.0
Col19a1_mm,0.0,0.0,0.0,0.025129250430910202,0.03638656107889655,0.0,0.0,0.0,0.0,0.035965106456459166,0.015629735079384068,0.0073524679192911325,0.017821661013661578,0.0,0.0
Col1a1_mm,0.0,0.0015537263027778914,0.0008201029718478823,0.0,0.0,0.0,0.0006008166034600558,0.0,0.0,0.0019275347604544753,0.0,0.0,0.0,0.0010148557378171343,0.0
Col1a2_mm,0.0,0.0,0.0,0.0,0.0,0.0,0.0,0.0,0.0,0.033080823061227616,0.014430659067389811,0.0,0.049578067686719754,0.0,0.0
Col26a1_mm,0.10178867543621106,0.0,0.0,0.2018818537335555,0.14626649558045376,0.0,0.008204946806325362,0.11564392411218005,0.05394859953631283,0.0,0.15412171212762119,0.0,0.0,0.03188018008998296,0.0
Col27a1_mm,0.8520393406176912,0.22539315242813357,0.11520773905201176,0.7926840670653972,0.17105718722606755,0.0,0.0,0.00986822784959734,0.0,0.7017056133350514,0.811824960101962,0.1065031959611135,0.3407780119525075,0.0,0.0
Col4a2_mm,0.0,9.277071736463259e-05,0.002972835709754893,0.0006603054141404884,7.420647859667187e-05,0.0,0.0,0.0006706838732886313,0.0,0.001091700977929779,0.0,0.0,0.0,0.0,0.0
Col5a2_mm,0.0,0.0,0.0007539392421527185,0.0,0.0,0.0,0.0,0.0009514572973374426,0.0,2.3588575599179066e-06,0.0,0.0,0.0,0.0,0.0
Col5a3_mm,0.0,0.0,0.0,0.002314404344055934,0.006034162951632476,0.0,0.0,0.0,0.0,0.0007845358913407325,0.0,0.0,0.0014872941399521114,0.0,0.0
Col6a3_mm,0.0,0.0,0.0010063134544071506,0.0025545591664811024,0.0,0.0,0.0,0.0005477938779422381,0.0,0.001104282556484083,0.0,0.0,0.00025728374109479856,0.00039596696258439363,0.0
Col6a4_mm,0.0,0.0,0.0014532711474471037,0.0010481675023622766,0.000299537177674055,0.0,0.0,0.0,0.0,0.0,0.0,0.0,0.0,0.0,0.0
Col6a5_mm,0.0,0.0,0.20802015139323599,0.08616277570254195,0.0,0.0,0.0,0.0,0.0,0.0,0.0,0.0,0.0,0.0,0.0
Col6a6_mm,0.0,0.0,0.0,0.29960095972505657,0.04758165963822318,0.0,0.0,0.0,0.0,0.10696325017779287,0.08271863192282229,0.038444367325456176,0.17707104974042062,0.0,0.0
Col8a1_mm,0.0,0.0,0.0006498305066143094,0.0,0.0,0.0,0.001215275100128921,0.00043094892012394466,0.0,0.0010773781674753482,0.0,0.0,0.0,0.0,0.0
Colec11_mm,0.0,0.0,0.0012229831202156642,0.0,0.0,0.0,0.0,0.0012340130501919486,0.0,0.008161267313136957,0.0,0.0,0.0,0.000686383026576984,0.0
Colec12_mm,0.052201886087560066,0.028366386668943082,0.018476126532920852,0.0,0.01207931553200666,0.0,0.0,0.04699118253232404,0.22716890396082312,0.45429552945190194,0.10589471222223311,0.0,0.12079432003003998,0.030064404247248454,0.0
Comtd1_mm,0.18197016780475686,0.0,0.0,0.06969188181890766,0.15256400251576538,0.0,0.0,0.05642851742410803,0.0,0.0,0.36196670634127326,0.0,0.0,0.2578531516585165,0.0
Copb1_mm,0.05036759682961698,0.0,0.11612707717277446,0.6789696406477768,0.25598760348421823,0.34125470576035327,0.17010657541144453,0.5844987517544918,0.6925000613105379,0.8364449124530121,1.2346400966091844,0.47292965438218093,0.0,0.047837140849685066,0.02521159350310277
Cope_mm,0.33639383830297503,0.0,0.0,0.6095828514101272,0.6567866305267094,0.0,0.0,0.26553556644694326,0.0,0.0,0.3777044593066497,0.0,0.0,1.0663572077117507,0.0
Coprs_mm,0.0006434051807406332,0.0,0.0,0.004893814836641161,0.0033133282530874437,0.003874384361045461,0.0031934232133882918,0.0017134998891707195,0.004543575462261411,0.009602394736440931,0.0,0.0,0.00038181045327643104,0.002732242934663287,0.0
Coq2_mm,0.8598629489607603,0.0,0.04814391390769435,0.6805433388667304,0.3103110493428387,0.0,0.0,0.0,0.0,0.011010420738355486,0.0,0.0,0.0,0.08593268467873211,0.0
Coq8b_mm,0.024583821613452506,0.0,0.0,0.21511743052280435,0.13768418360239093,0.0,0.0,0.049213430490465594,0.0,0.03270903809159608,0.19102332793132074,0.0,0.024718724873023193,0.030311108293915263,0.0
Coro1a_mm,1.8554228851063723,0.44020174808116314,0.0,0.5765061251028897,0.9614723436861862,0.0,0.2779285422071309,0.23166760315933263,0.3583618901424781,0.0,2.8102314926560523,0.5137324806088184,0.029818411053376064,1.3327546584696088,0.0
Coro1b_mm,0.40878361948303854,0.009261394363934394,0.0,0.8879266434960282,0.7280911242579878,0.0,0.0,0.45077485170744996,0.20445312744913566,0.0,0.5741575699615397,0.005191734618882842,0.0,0.2946483206919496,0.0
Coro7_mm,0.33000992049491124,0.0,0.0,1.1765292614442908,0.737913491137619,0.0,0.0,0.0,0.15354765134663356,0.5384531014822284,0.7080983028566022,0.16560220278426274,0.28107423519706165,0.1401612505786955,0.0008662713143523218
Cotl1_mm,0.5442776498891116,0.15456546509935296,0.0,1.2183248430224514,0.4673797040240044,0.0,0.42566870823829717,0.4485404798309431,0.0,0.0,0.912923557000083,0.11773707233030153,0.16666968052273012,0.1812018260587841,0.0
Cox10_mm,0.9659799929546226,0.021882969122726467,0.0,0.37673450336750774,0.36356457524345165,0.03222158495758157,0.0353696163012788,0.16691163426038674,0.39177397375729517,0.007821738919531179,1.2762359663562668,0.0,0.0,0.09752315665836064,0.0
Cox17_mm,0.18047033959550865,0.0,0.0,0.0,0.0,0.0,0.8037835055780731,0.17156809008591156,0.7129779304604636,0.35505037384281546,0.12180903472446639,0.1080623422216235,0.08890018318392355,0.12152591035669218,0.0
Cox6a2_mm,0.0,0.0,0.0960004681290435,0.0,1.1052220199487461,0.0,1.5222891575540174,0.0,0.0,0.0,0.0,0.0,0.0,0.6621330244429707,0.0
Cox7a2l_mm,1.0074365480673289,0.0,0.4114319129015282,1.3810345632723586,1.5374544877549106,0.9911101374507998,1.2429504935219835,0.876728976042006,0.19688540945110125,0.7841224096424387,0.10479135546810081,0.472455190024296,0.3329725387130425,2.3257084887273742,0.17548763479535973
Cox7b2_mm,0.0,0.014016389159959808,0.02811907030445764,0.0016820314867837937,0.0,0.0,0.015368960000760204,0.0,0.0,0.0,0.0,0.0,0.0,0.007278102999964962,0.0
Cp_mm,0.0,0.0032977851190680867,0.003251837086829353,0.0,0.0,0.0,0.0,0.0,0.0,0.008789208870994944,0.0,0.0,0.0,0.0,0.0
Cpa1_mm,0.0,3.458428029738551e-05,0.0,0.0003041258664842019,0.0,0.0,0.0,0.0,0.0,0.0,0.0,0.0,0.0,0.0,0.0
Cpa3_mm,0.0,0.0016239950664778315,0.002001453396778269,0.0034913347113932763,0.0,0.0,0.0,0.0,0.0,0.0,0.0,0.0,0.0,0.0011081037092758388,0.0
Cpa4_mm,0.0,0.0,0.0,0.0,0.0,2.8074968608323593e-05,0.0,0.0,0.00016098386951191065,0.0,0.0,7.549105420251128e-05,0.0,7.103958865586008e-05,0.0
Cpa6_mm,0.0014560768529326075,0.0,0.0007902021020450236,0.017487619987923517,0.0,0.0,0.007395372055856731,0.0031962331070983117,0.03750058158704599,0.049031752103638325,0.00948965352985444,0.0038030156791120815,0.0024646251815698414,0.001633315452756963,0.0
Cplx2_mm,0.05495816361897874,0.0,0.0,0.09717581470373153,0.0,0.0,0.005224776747352754,0.0,0.0,0.016999732205798444,0.22307093412379767,0.0,0.2625115396163164,0.0,0.19646546107713186
Cplx4_mm,0.0,0.0,8.324784765224901e-05,0.0,0.0,0.0,0.0,1.4647458122467954e-05,0.0,0.0005413768393086668,0.0,0.0,0.0,7.247598175476724e-05,0.00025556782260057956
Cpn1_mm,0.0,0.0,0.03229120777534565,0.040977807891055,0.0,0.0,0.0,0.0,0.0,0.0,0.0,0.0,0.0,0.03699997456171793,0.0
Cpn2_mm,0.0,0.0,0.00032528890538342944,0.0007145590888776354,0.0,1.7621091978201527e-05,0.0,0.0,0.0,0.0,0.0,0.0,0.0,0.000163402898708877,0.0
Cpne4_mm,0.0,0.0,0.0007166342434483489,0.0036960798890490133,0.0018305044331263368,0.0,0.0,0.0,0.0,0.0017071593425728821,0.0,0.0,0.0,0.0009043386330616909,0.0
Cpne6_mm,0.0,0.0,0.0,0.0,0.0,0.0,0.0,0.017851862130946874,0.0,0.0,0.0,0.0,0.0,0.0,0.0
Cpne8_mm,0.19436611445207702,0.0,0.7737065042799474,0.511980040102588,0.28859748688271214,0.0,0.24186088166584532,0.2042907288680486,0.0,0.7577434175341324,0.0,0.0,0.5811442304919253,0.09907517726841694,0.0
Cpt1a_mm,0.9961451301767968,0.060404058379145774,0.050396128728755776,0.9666807836175629,0.5738864443005525,0.0,0.05296225592426655,0.19154840883458088,0.7442162434143766,0.4319914529214359,0.3875750174861472,0.3330220170697178,0.0,0.026713216456164483,0.0
Cr2_mm,0.1799164977820541,0.086116346772488,0.004074071860189636,0.6213711390425322,0.0,0.008226460411101384,0.1002031196501656,0.0,0.13502305129503053,0.1483430658719922,0.03960194018495182,0.0867706026195378,0.07312972448965083,0.06614199519596581,0.1891732060322957
Creb3l3_mm,0.0,0.0,0.00035962106317761794,0.000989935175093782,0.0,0.0,0.0,0.005435391692150785,0.0,0.0006125109047227854,0.0,0.0,0.0,0.0,0.0
Creb5_mm,0.0,0.0,0.012156238664894075,0.11150043928407632,0.03150345086741821,0.0,0.006795064863583524,0.22563232035609898,0.0,0.11244611547275284,0.0,0.0193347019471976,0.0,0.0,0.0
Crebbp_mm,0.09717064806653579,0.0,0.351926327580148,1.3983453679265183,0.5941759592674575,0.7615630619852302,0.0,0.2975965997533158,1.142333953837758,1.7738875041596835,1.3771849227274102,0.33034132564137736,0.3794071399253171,0.09987014162117026,0.7636175917041851
Crebl2_mm,0.0,0.001205202777398759,0.00029592745296966175,0.10874960273485186,0.08860467052160002,0.0,0.0,0.09367414646414465,0.0,0.09164934506186778,0.0,0.0,0.0,0.0,0.0
Crebrf_mm,0.0,0.07553296183177853,0.07164187656855474,0.0,0.40898196603238707,0.0,0.0,0.7394752313880647,0.0,1.1110641909925258,0.0,0.0,0.0,0.0,0.0
Crhr2_mm,0.0,0.0,0.0,0.0,0.0,0.0,0.0,0.0,0.0,2.0269716172129177e-05,5.118251719838427e-05,3.163749857404694e-06,0.0,0.0,0.0
Crip2_mm,0.830061943579673,0.0,0.0,0.18711977018273734,0.16203718678502044,0.0,0.0700023816842256,0.1343087853924956,0.24009029726080477,0.0,0.19336185537624903,0.0,0.0,1.440007137859104,0.0
Crisp1_mm,0.0,0.0,0.0,0.04040845101367217,0.0,0.0,0.02228201464100893,0.1945765769559321,0.0,0.0,0.0,0.0,0.0,0.02278471346414004,0.0
Crisp2_mm,0.00035229183237215153,0.0006692949597619061,0.00024862572629769954,5.437477060956801e-05,0.0,0.0,0.0,0.0,0.0,0.0,0.0,0.0,0.0,9.95049549037335e-05,0.0
Crisp3_mm,0.0,0.0,0.0,0.011576887651485897,0.012904365568747033,0.0,0.030202514322042406,0.09384935567217881,0.0,0.0,0.0,0.0,0.0,0.012673640526728204,0.0
Crispld2_mm,0.0,0.0011227208101127805,0.0010744808191064164,0.0015770143005581674,0.0,0.0,0.0,0.0,0.0,0.0026444684349892413,0.0,0.0,0.0,0.0003846890581351062,0.0
Crlf1_mm,0.0,0.0,0.0,0.0024692457332172986,0.02239762072907648,0.0,0.03560094207400805,0.006646829367341593,0.0,0.0026805266324328343,0.033949619081790845,0.0021881601475821693,0.0,0.0,0.0
Crmp1_mm,0.0,0.0,0.0006344225706784542,0.00363139446947614,0.0,0.0,0.0,0.0,0.0,0.0049748161180473045,0.0,0.0,0.0,0.0,0.0
Crtam_mm,0.0,0.001221249856080352,0.006113395738434495,0.005056470428174805,0.0,0.0,0.0,0.006840617442350904,0.0,0.00806260898887573,0.0,0.0,0.0,0.0,0.0
Crtc3_mm,0.2990237209306971,0.03905191191661012,0.0,0.43884610425262527,0.2807402075353997,0.015528155247456309,0.03662602355493692,0.11795707042724336,0.16293170210496696,0.4111162242664032,0.3753499209342583,0.02789963504491346,0.0,0.0,0.0
Cryba4_mm,0.0,0.0,0.0,0.0008395013359428691,0.0,0.0,0.0,9.868259789975685e-05,0.0,0.0,0.0,0.0,3.5056127075189785e-05,0.0,0.0
Crybb1_mm,0.0,0.0,0.0,0.0005421091967621941,0.0,3.665415023354547e-05,0.0,4.3442415703267926e-05,0.0,0.0,0.0,0.0,0.0,0.0,0.0
Crybb3_mm,0.0,0.0,0.0011998370239256417,0.0008723000900256836,0.0,0.0,0.0,0.0,0.0,0.0016722768680546354,0.0,0.0,0.0,0.00024297419453317404,0.0
Cryzl1_mm,0.36155995985961525,0.0,0.05710868295768825,0.24129162764048734,0.39585888265526975,0.0,0.028188113291488945,0.2398803897062065,0.44001076373614845,0.23389602857386513,0.1322393302498379,0.11517987231153949,0.04678191044974853,0.5627126738679709,0.0443375319483707
Csdc2_mm,0.0,0.0,0.0,0.038968659582110425,0.015724386596489382,0.006067257666676528,0.0,0.006461191062644877,0.0008255857354516497,0.01510150626546937,0.0,0.0,0.0,0.0171274337356335,0.0
Csf1_mm,0.0,0.0,0.0,0.3005849001076448,0.09958264201090963,0.0,0.0,1.5553306592144576,0.0,0.3494700445325957,0.0,0.009570885116493394,0.0,0.0,0.0
Csf2rb2_mm,0.01959589199970137,0.0,0.0,0.23690197923070916,0.08591679558488237,0.0,0.0,0.5057358721998969,0.0,0.0,0.0,0.0,0.0,0.0,0.0
Csf2rb_mm,0.5045127860703984,0.03100281016352134,0.0,0.8657167491316199,0.2755042220606065,0.060610373825447136,0.0,1.2444665277225244,0.0,0.13902089141242255,0.26213990685297245,0.03986842002973383,0.07594489261094704,0.0,0.0
Csf3r_mm,0.020982142052833833,0.004646985711043944,0.035826455009144116,0.009010331686853355,0.0,0.0,0.0,0.05316584573823406,0.08090495799290091,0.32104673655043975,0.01088176676863134,0.0,0.10926319458758067,0.017546156246863665,0.0
Csgalnact1_mm,0.0,0.0,0.00046416653543736346,0.0014338805095594368,0.0,0.0002760076812267203,0.0,0.0,0.0001621827962643992,0.0019306309994731184,1.6283240128145547e-06,0.00042399709266348974,0.0,0.00030485833230111623,0.0
Csl_mm,0.07255427237800115,0.0,0.0,0.03381054115201212,0.034385175738866174,0.0,0.0,0.0014227817954006112,0.014131653198789255,0.03834726464182081,0.06691021340768921,0.014299638610732229,0.0,0.032358522979445956,0.0
Csmd2_mm,0.0,0.0,0.00034424516443956713,0.0012588879957844317,0.0,0.0,0.0,8.366556667087165e-05,0.0009396034899395253,0.0015816984888692624,0.0,0.0,0.0,0.0005083664608169997,0.0
Csn1s1_mm,0.0,0.0,0.0003619633970409834,0.0,0.0,0.0001852203735733225,0.0,0.005537451335098391,0.0,0.0008533091105135788,0.0,0.0,0.0,0.0,0.0
Csn1s2b_mm,0.0,0.0,0.0,0.000488788824569995,0.0,6.369142379336761e-05,0.0,0.0004749801579520641,0.0,0.0,0.0,0.0,0.0,0.0,0.0
Csn3_mm,0.006740822309161687,0.001875616435054874,0.027797519302329137,0.0,0.0,0.0,0.0,0.022285626146349456,0.04511497060975986,0.14509065308705654,0.01066959842182897,0.0,0.039240608578695005,0.0043353616726410985,0.0
Csnk1g2_mm,0.12498341723985264,0.0,0.03733835223804965,0.6066627081121596,0.13129688768964304,0.01696963526345347,0.13355751507171904,0.0441227395475091,0.01685318934894539,0.380529349637045,0.6876621055227806,0.1294007887004645,0.12411040736365328,0.0,0.08960687103284291
Cst3_mm,0.8323419227058407,0.0,0.0,0.6472433054325853,0.06032979545452216,0.0,1.4004003679864585,0.5151012506360452,0.0,0.0,0.0,0.03008393217095663,0.0,1.167559414582785,0.0
Cst9_mm,0.0,0.0002904776186797768,0.0006452568307743028,0.0,0.0,0.0,0.0003030545898064491,0.0,0.0,0.0007914791779246026,0.0,0.0,0.0,0.0,0.0
Ctbp1_mm,0.6320190467976655,0.40647737038059445,0.055231353063132815,0.3305880603563722,0.42247409417421367,0.0,0.0,0.10374055142394259,0.0,0.0156989326635145,1.9971501296988072,0.7388719428660432,0.10717084839757159,0.0,0.0
Ctcf_mm,0.6807569783391838,0.324716057001789,0.11067070540774522,1.3397451261346602,0.34052901856171663,1.1071437506096318,0.26749443123635297,0.2726948402558316,0.09024799635566916,1.2398041093716965,2.157264671217883,0.21555026377036682,0.0,0.0,2.7000005731639694
Ctcflos_mm,0.0,0.0,3.808730769574342e-05,0.0,0.00026066313670736955,0.0,0.0,0.0,0.0011952978715452853,0.002021779304530244,0.0,0.0,0.00014125215698361154,0.0001403363259950968,0.0
Ctdsp1_mm,0.6445287135531459,0.0,0.017364240331907768,0.36615173185322714,0.2298227365771159,0.0,0.10586227479815086,0.0,0.31472394979237894,0.2981698076318065,0.3266696767238947,0.0,0.0,0.24920014456796916,0.21066205216510964
Cth_mm,0.057935641369733434,0.0,0.0,0.0,0.06539272749976323,0.0,0.0,0.0,0.0,0.0,0.0,0.0,0.0,0.018096206177607575,0.0
Ctla2a_mm,0.004487819011695759,0.0030778752504595558,0.0,0.30239952935846287,0.0,0.0,0.08921869190795055,0.4012432774840649,0.0,0.0,0.0,0.0,0.0,0.058569552670369056,0.0
Ctnna2_mm,0.0,0.0,3.3390842968586885e-05,0.00037159000943205685,0.0,0.0,0.0,0.0,0.0,0.0,0.0,0.0,0.0,4.13529531106585e-05,0.0
Ctsa_mm,0.9910104981948735,0.0,0.0,1.4007806825734932,0.6099526230118977,0.04464877838153205,0.0,0.9408814709117512,0.35371999909124996,0.0,0.32947628257091,0.0,0.0,0.8907997146408105,0.0
Ctsd_mm,0.8481770420475112,0.0,0.06540642639958671,1.4341665912506347,1.2161353395886652,0.27817132424828933,0.0,1.4459880070653155,0.0,0.0,0.6565703223652631,0.0,0.20162824778112504,0.8705466962641332,0.0
Ctsf_mm,0.0,0.0,0.0005508882506957858,0.0,0.0,0.0,0.0,0.001437383431090331,0.0,0.00033449420319619014,0.0,0.0,0.0,0.0,0.0
Cttnbp2nl_mm,0.0,0.00011605615155284101,0.0014180721087327735,0.0,0.0,0.0,0.0,0.0005359147969763115,0.0005363911253185117,0.0,0.0,0.0,0.0,0.0,0.0
Ctu2_mm,0.33620693093361226,0.0,0.0,0.0788626859310444,0.17970274267550354,0.0,0.0,0.029505177238651148,0.0,0.07077922974031324,0.46423495187665087,0.0,0.03838087363536693,0.0,0.0
Cuedc1_mm,0.0,0.0,0.0,0.04444449711156709,0.0025634378898979765,0.0,0.0,0.0,0.0,0.052664595842295464,0.0,0.0,0.005860681665969563,0.001553630183343068,0.001414566490073284
Cuedc2_mm,0.5293468619945382,0.0,0.0,0.6764269936406561,0.430495793178307,0.0,0.09857120136817682,0.32821930479802147,0.0539615131719962,0.0,1.0244527190229773,0.042771520616786775,0.15908299338127813,1.034019212599421,0.0
Cul4a_mm,0.2589692720273951,0.013764963001858773,0.023581562193033544,0.2625658504747394,0.12697685985311208,0.0,0.0,0.05013091425422379,0.1520912279440689,0.3662949859772848,0.15866172191568828,0.09283328506043194,0.049488450512756986,0.031009017709062704,0.11845611701919971
Cul7_mm,0.0,0.0,0.11864876555378284,0.34108276841873425,0.1488466191423881,0.07861647503927358,0.0,0.0,0.0,0.2071059582146618,0.2264041317661154,0.0,0.03813086878502727,0.03979676219591695,0.040281862576837406
Cuta_mm,0.3039404778793559,0.025767875574057676,0.07879675822065679,0.5834910791777261,0.5246387171960427,0.0,0.9213968199455562,0.29899018803459637,0.0,0.03051076146410663,0.5005908923969734,0.0,0.0,1.3906359916929671,0.0
Cx3cl1_mm,0.0007210874685438454,0.0,1.4906429678328883e-05,0.0,0.0,0.0,0.00022789391820771327,0.0001047603166056557,0.0019015390189004052,8.170606510496449e-05,0.0,0.0,6.444748713153543e-05,0.0,0.0
Cxcl10_mm,0.0,0.000703682030863613,4.5149638466018455e-05,0.005356020967732038,0.0,0.0,0.003850325674597487,0.009973684977091047,0.0,0.003413231275972108,0.0,0.0,0.0,0.006926076662820601,0.005467341622051144
Cxcl1_mm,0.0,0.00015131639849870018,0.00018769433220044475,0.0007348254688930636,0.0,0.0,0.00018711719211429796,0.0,0.0,0.0,0.0,0.0,0.0,0.0004309548562528566,0.0
Cxcl2_mm,0.0,0.0023946162126003345,0.004092798341120374,0.008431429769382786,0.0,0.0,0.002877929593396696,0.0,0.0,0.0,0.0,0.0,0.0,0.0002612005991430454,0.0
Cxcr1_mm,9.532805803039559e-05,0.0,0.0,0.00013421459264469687,0.0,0.0,0.0,0.0,0.00012527982757292225,0.0,0.0,2.9859249187562274e-05,0.0,0.0,0.0
Cxcr4_mm,0.0,0.0,0.0,0.0,0.07760673426909304,0.0,0.0,0.2585609898707145,0.07814975122442225,0.07919692740158224,0.019692053291644133,0.06894978988344727,0.09186513282074113,0.0,0.0
Cxxc5_mm,0.061494639957124134,0.0,0.0,0.31839674667215173,0.21906479444684288,0.0,0.01954624995919521,0.02892875005294903,0.0,0.3471449418326238,0.44590646524026345,0.29244672975186664,0.022280822094183955,0.0,0.04828705007693342
Cyb561a3_mm,0.13061605400074497,0.0,0.0,0.11550530236186629,0.0973612603903483,0.0,0.0,0.05605016927018807,0.0,0.045936865135023444,0.0,0.0,0.0,0.01598706652796709,0.0
Cyb5r1_mm,0.3522422447942906,0.0,0.03048013941728294,0.12761665686945323,0.3122203589962953,0.0,0.0,0.09695637247894198,0.035835132237682095,0.15643153700098777,0.20635665347637877,0.0,0.0,0.12424694330182597,0.005263525792014194
Cybb_mm,0.4939763392570326,0.11489898701744773,0.0,0.8216738639084981,0.0,0.0,0.03836691073689446,0.1083438911804314,0.02988934106468298,0.0,0.0,0.15555758959840169,0.00909700079749076,0.13476230378983167,0.0
Cyct_mm,0.011869123779084837,0.0,0.04985757014062968,0.11424089852673816,0.01458268834217598,0.0,0.0,0.024465070926369247,0.0,0.05996167408774195,0.0,0.0,0.0,0.04172850386004639,0.0
Cyfip1_mm,0.27001422677147335,0.0,0.04545391761209862,1.847476406544587,0.12216765106169666,0.2790231807033069,0.0,0.4652090590778384,0.405746595837634,0.33632983493341956,1.0680348954489916,0.19388496082263298,0.0,0.28066426898406116,0.008079849313250335
Cyfip2_mm,0.9440167625710939,0.05115862849165712,0.0,1.9203460255674467,0.886287230337035,0.49290488877520194,0.0,0.7224890211532611,0.75899493864446,0.5322280476394454,1.4180297398444677,0.7357833164867669,0.1339358128223504,0.45065024136605586,0.0
Cygb_mm,0.0,0.0017191309409615736,0.012454160860326597,0.0145687000988492,0.0,0.0,0.0,0.0,0.0,0.0,0.0,0.0,0.0,0.0,0.0
Cyhr1_mm,0.25333745968193594,0.0,0.021718885946000223,0.5913184549090891,0.33450861587359454,0.004896336536429024,0.0,0.1606358008309332,0.13213447588176666,0.31218518164394193,0.24526527776218224,0.0,0.0,0.15084832061697573,0.0
Cyp11a1_mm,0.0,0.0,0.0,0.011067780267825214,0.0,0.0,0.0,0.0,0.0,0.0013345637194395843,0.0,0.0,0.0003848799243783034,0.002846608149959144,0.0
Cyp21a1_mm,0.00018038660618336353,0.0,0.0,5.1110845006571676e-05,0.0,0.0,0.0,0.0,0.0,0.0,0.0,0.0,0.0,0.0,0.0
Cyp24a1_mm,0.0,0.0,0.0002955167561862737,0.0002708494841171128,0.0,0.00028245491042086724,0.0,0.0,0.0,0.001191492899968668,0.0,0.0,0.0,0.0,0.0
Cyp27a1_mm,0.0,0.006276470981588914,0.017712965841617648,0.031190808575927462,0.0,0.0,0.0,0.0,0.0,0.00428667792374546,0.0,0.0,0.0,0.0006416962111538957,0.0
Cyp2b10_mm,5.269683873438677e-05,0.0,0.0,1.488975138206136e-05,0.0,0.0,0.0,0.0001910408371797691,0.0,0.0,5.710865478966981e-05,0.0,0.0,0.0,0.0
Cyp2c54_mm,0.0001874727502219267,0.0,0.0,0.0,0.0,0.0,6.421212849440484e-05,0.0002056990460935176,0.0,0.00012196094779677123,0.0,0.0,0.0,0.0,0.0003668596011685138
Cyp2c55_mm,0.0,0.0,0.041553370966273026,0.0,0.0,0.0,0.0,0.0,0.0,0.0,0.0,0.0,0.0,0.007641295434757817,0.0
Cyp2d34_mm,0.0,0.0,0.0,6.952825322359761e-05,0.0,0.0,0.0,0.0,0.0,3.61333213101177e-05,0.0,0.0,0.0,0.0,0.0
Cyp2f2_mm,0.0,0.0,0.0,0.00012860159455382745,0.0,0.0,0.0,0.0,0.00019457514238694785,0.0,0.0,0.0,0.0,9.313533197386988e-05,0.0
Cyp2j6_mm,0.0,0.0,0.0,0.0,3.017431959628648e-06,0.0,4.3828334946902626e-05,1.5455687928130087e-05,1.8818441330813857e-06,0.0002501613758179883,0.0,0.0,0.0,2.918865064781556e-06,4.93477541953256e-05
Cyp2r1_mm,0.0,0.0,1.9041681156418e-05,0.0,4.531215747006519e-05,0.0,2.332591535328398e-05,0.00011439611690555935,0.00037542323663441166,0.0,0.0,0.0,0.0,8.471776085458145e-06,8.459000522619536e-05
Cyp3a13_mm,0.0,0.0,0.0,0.0,0.0,0.0,0.0,0.00030510373958236625,0.0,0.00036771346373611145,0.0,6.02369432967714e-05,0.0,0.0,0.0
Cyp3a57_mm,0.0,0.00010475628228190062,0.0,0.0,0.0,0.0,0.0,0.0015183698456559835,0.0,0.0016584925133167954,0.0,0.0,0.0,0.0,0.0
Cyp4a12b_mm,0.0,0.005944024089726697,0.04257925885674426,0.016576136576173257,0.0,0.0,0.0,0.0,0.0,0.0,0.0,0.0,0.0,0.014281295259805211,0.0
Cyp4f13_mm,0.0,0.0,0.0,0.1283821330927105,0.18355830961383007,0.0,0.0,0.10230695804632955,0.0,0.1113149017022841,0.0,0.0,0.0,0.017114200122695974,0.0
Cyp4f16_mm,0.25784593264949857,0.0,0.0,0.6645914502603659,0.2067027439393217,0.0,0.0,0.16257189405466094,0.0,0.0,0.0,0.0,0.025375554064206742,0.08973236553033787,0.0
Cyp4f18_mm,0.0,0.0,0.0,0.357761952811625,0.21773463839122292,0.0,0.0,0.806992751645837,0.0,0.0,0.0,0.0,0.0,0.14381517733641003,0.0
Cyp4f39_mm,4.175973533719367e-05,0.0,0.0002605463199115631,0.00030571470455181024,0.0,1.8366694520268353e-05,0.0,0.0,0.0,0.00010052461794624504,0.0,0.0,0.0,0.0,0.0
Cyp4f40_mm,0.0,0.0,0.00012146355420672737,0.0006485363700287007,0.0002004336389844597,0.0,0.0,0.0,0.0,0.0,0.0,0.0,0.0,0.00048075906623416717,0.0
Cyp51_mm,3.2729444371411827,0.0,0.7724067806275554,1.2881885932330794,0.0,0.9273808644667403,1.1609333759879121,0.39324877619488463,0.0,0.0,1.3858419052472406,3.290169373203223,0.8528729599382325,1.1876259844668982,0.30488384113242845
Cysltr1_mm,0.0,0.0,0.0,0.013522856798653463,0.0,0.0028489473011429406,0.0,0.0004646936555770566,0.011550336772759582,0.00683852012052959,0.0,0.0,0.0,0.002263414322701239,0.0
Cyth1_mm,0.0,0.0,0.0,0.21516902351828218,0.0075932747172435195,0.0,0.0,0.0,0.06864723340490417,0.21228822844116288,0.4007104766922455,0.3693903765161576,0.35383609907586583,0.0,0.0
D030007L05Rik_mm,0.0,0.0,0.006906673788448239,0.031195950743467014,0.0,0.0,0.0,0.0,0.0,0.0,0.0,0.0,0.0,0.01919022649478271,0.0
D030025P21Rik_mm,0.0,0.0,1.4058549741273242e-05,0.0,0.0,0.0,0.0,0.0,0.0,0.0,0.0,0.0,0.0,0.0002595074212334388,0.0
D030028A08Rik_mm,0.5703237217777308,0.0,0.08360312664940321,0.49744402896715323,0.2149126861079612,0.008715018560739307,0.0,0.0,0.0,0.17665011787616236,0.5091354840849339,0.0,0.0,0.02486523971163648,0.0
D030045P18Rik_mm,0.1040970038760562,0.0,0.0,0.07924619538330041,0.0509164198789119,0.0,0.0,0.0,0.08341026734484136,0.1088192262643354,0.007069263943191305,0.0,0.0,0.0,0.0
D030068K23Rik_mm,0.0,0.0001413430788152191,0.0,0.0,0.0,0.0,0.0,0.0,0.0008482746392661232,0.0,0.0,0.0,0.0,3.5032603956700657e-05,0.0
D230022J07Rik_mm,0.0,0.0031176534376126932,0.0,0.010680771496106368,0.029752930462442293,0.0,0.003653077440931342,0.003390983046503295,0.01429974274556301,0.030683241833433236,0.0,0.0,0.0,0.0020119063044556243,0.0
D430019H16Rik_mm,0.00018096239932458388,0.000769696531142034,0.0002686211318336547,0.0,0.0004045892534331165,0.0,0.0008472078214423268,0.0,0.0,0.0024549647185317814,0.002011560819270647,0.00032196362242583037,0.0003130429525767215,0.00044302381732163145,0.0
D430040D24Rik_mm,0.0,0.0,0.0,0.0,0.0,0.0,0.0,0.0,0.0,0.00011542177492398858,0.0005201201836403254,0.00011929126597789136,0.0,0.0003604926383068786,0.0
D430042O09Rik_mm,0.020447804356200864,0.0075277896085671646,0.03554894916321819,0.2811409116541445,0.101781060440949,0.0,0.0,0.17234844284890444,0.1459012169060048,0.5155144875668628,0.06261352917922841,0.0,0.09235685309529232,0.0,0.06951603390615062
D530014G21Rik_mm,0.0,0.0,3.877913369465321e-06,3.6401218772016974e-05,0.0,0.0,9.491874352039068e-05,0.0,0.0,0.0,0.0,0.0,0.0,8.790631624850841e-05,0.0
D630036H23Rik_mm,0.0,7.370211873916037e-05,3.8454489519131734e-05,0.0,0.0,0.0,0.0,0.0,0.0,0.00021780100122160373,0.0,0.0001734631553451512,0.0,0.00013732821838974112,0.0
D730045A05Rik_mm,0.0,8.50628020600712e-05,5.056021050721314e-05,0.0,0.0,0.0,0.0,0.0,0.0,0.0,0.0,0.0,0.0,0.0005122716057860953,0.0
D830013O20Rik_mm,0.0,0.0,0.0,7.970730036178399e-06,0.0,0.0,0.0,0.0,0.0,0.0,6.281000002109114e-05,0.0,0.0,0.0,0.0
Daam1_mm,0.0,0.0,0.0035772247769716337,0.0,0.0,0.0,0.0,0.0,0.0,0.005732396934869997,0.0,0.0,0.0,0.0,0.0
Dab2ip_mm,0.0,0.000686808257829728,0.08428286218099104,0.7579086250016112,0.1675098155036328,0.03266082757605013,0.05931733107740814,0.15144423242922822,0.09478720810335868,0.07427021208830727,0.44592931706177014,0.04167781033267117,0.0,0.0,0.0
Dagla_mm,0.0,0.0001707508685318158,0.0005536909014171687,0.0,0.0,0.0,0.0,0.0,0.0,0.0005521843309750755,0.0,0.0,0.0,0.0,0.0005742512171811677
Dao_mm,0.0,0.0,0.010684500985819573,0.011986479447230523,0.004239113333272989,0.0,0.006133657870197955,0.008099198744084919,0.02703957908247605,0.06403519650592662,0.0004488724144895213,0.0,0.019938027416749014,0.000726933547731777,0.0
Dazl_mm,0.0,0.0,0.017388884335291982,0.003755396880311536,0.0,0.0,0.0,0.0,0.0,0.004229148504427088,0.0,0.0,0.0,0.0015355199601143116,0.0
Dbhos_mm,0.1175280364560613,0.0,0.12954613264656634,0.3466914332751363,0.0,0.0,0.0,0.0,0.0,0.12186437312201374,0.0,0.0,0.0,0.0792385701418868,0.1111200851647157
Dbi_mm,0.9438192468729817,0.0,0.036369377819723096,0.0,0.0,0.0,4.245659520373871,1.018844945719568,1.1338943099096586,0.0,0.0,0.0,0.0,1.5976580970377854,1.5367171392706644
Dbnl_mm,0.2101704357049838,0.0,0.0,0.3662389295072505,0.1408758978984209,0.047456281023885785,0.05221890287109939,0.0,0.0,0.08702877455002943,0.37417404618702266,0.0,0.014823578791704525,0.11466825862998141,0.14715089970311485
Dbt_mm,0.27417835518118,0.0,0.0,0.0,0.0,0.0,0.0,0.051015224476230324,0.24688099088008347,0.49177994668534974,0.37560418756954495,0.0,0.4109535687424891,0.0,0.0
Dcaf15_mm,0.3174295271505796,0.0,0.0,0.27353146579188703,0.16225639048465534,0.0,0.0,0.0765450827377521,0.0,0.0,0.30373841485874997,0.0,0.0,0.03390917220307773,0.0
Dcaf6_mm,0.09307859680897358,0.0,0.0,0.29931334638308876,0.13446035258692432,0.0,0.0,0.16647875701142947,0.016479361809912028,0.26215130654481156,0.06802719618130734,0.035961493861412834,0.04379340185552698,0.014893238437951524,0.06759108279358507
Dcaf8_mm,0.2828793533281678,0.0,0.07462116746938736,0.7522452689534933,0.41178409185925435,0.07633765916048313,0.0024748926683546293,0.18105384394170224,0.2628664567030304,0.6592088986983686,0.48929557307234683,0.08187660359595059,0.07955051937595543,0.0,0.1208910714560196
Dcaf8l_mm,0.0,0.0,0.08112444161742602,0.03262769265783833,0.0,0.0,0.0,0.0,0.0,0.0,0.0,0.0,0.0,0.0,0.0
Dcbld1_mm,0.0,0.0006909241141661423,0.0009237465289843978,0.0,0.0,0.0,8.492976603722497e-05,0.0,0.0,0.0,0.0,0.0,0.0,0.0006140665668856953,0.0
Dcdc2c_mm,0.0007644157709062285,0.0007750630820381764,0.0,0.0005953623688148749,0.0005055442514188468,0.0,0.004048006205226307,0.0009472715800061407,0.0,0.0266454291992109,0.0033538066028588405,0.0,0.0,0.0021537577949584715,0.0
Dclk1_mm,0.0,0.0,0.0001248313322301833,0.0,0.0,0.0,0.0008596271990654182,8.54423273149545e-05,0.0,0.0,0.0,7.937581201311635e-05,0.0,0.0,0.000335942706880589
Dcpp2_mm,0.0,0.0,0.00014132427363662214,0.0,0.0,0.0,0.0,0.0,0.0,0.00014039627761127348,0.0,0.0,0.0,0.0,0.0
Dcstamp_mm,0.0,0.00018138175647542783,0.0004327489237443705,0.0,4.122873384738308e-05,0.0,0.0,0.0,0.0,0.0,0.0,0.0,0.0,0.0,0.0
Dctn1_mm,0.08967202004329856,0.0,0.14162817248737156,1.465847640352582,0.42708366588628877,0.05198749777199757,0.3809601787474499,0.28958880511211416,0.16765091591632228,0.0,1.0166407257956835,0.0,0.27826735656011187,0.039510810271544995,0.05183522278296419
Dctn2_mm,0.29318680565389404,0.0,0.0,0.8664246723567697,0.5087477640499666,0.012747059190823702,0.0,0.3172284268224747,0.07530801650527462,0.15116498592699606,0.3994682286701308,0.0,0.0,0.3408991358479083,0.0
Dctn3_mm,0.2627726423820885,0.0,0.0,0.22786278791416317,0.20752545934682823,0.0,0.07348350930168755,0.21389520362224357,0.0,0.0,0.07226772566166158,0.0,0.0,0.429911877410715,0.0
Dcxr_mm,0.0,0.0,0.001202793041083544,0.0022196509824153133,0.008439091831065228,0.0,0.0,0.0007792426299889902,0.002931480987378987,0.003380080876272607,0.0,0.0,0.0,0.0021211426139746523,0.0
Ddah1_mm,0.0,0.0,0.0010504796668799994,0.0006249175691003867,0.0,0.0,0.0005825990985285102,0.0007017140430867434,0.0,0.0004302871571814713,0.0,0.0,0.0,0.0,0.0
Ddah2_mm,0.0,0.0,0.0,0.25550452732491796,0.1746298775555212,0.0,0.0,0.10060298976980431,0.0,0.04320569918024935,0.09969977394686029,0.058853790776061746,0.024742835994874677,0.13468934296833662,0.0
Ddit3_mm,0.0,0.0,0.22520580888598352,0.03712714908981025,2.322598149808582,0.0,0.17968543713598906,0.34203886417938667,0.0,0.38386650048783166,0.0,0.0,0.0,0.6853448180660879,0.0
Ddit4_mm,0.0,0.0,0.0,0.0,0.12869965779635215,0.0,0.02093718075060599,0.04025546671475953,0.0,0.051060796564591296,0.141660428759674,0.02529509217005751,0.04328304515835426,0.0,0.0
Ddit4l_mm,0.0,0.0005173142462708151,8.197553098034833e-06,0.0,0.0,0.0,0.0,0.0,0.0,0.0014368790001142405,0.0,0.00018070650687142465,0.0,0.00025078423242952413,0.0
Ddr2_mm,0.47189779417771455,7.034643529539159e-05,0.047181529837423485,0.27866244626457287,0.22923207309570445,0.0,0.0,0.0,0.12700032382142845,0.23393952639618623,0.23138295038710335,0.07474973326129719,0.10854020831218325,0.020371279944977415,0.19346336219054946
Ddrgk1_mm,0.3678523697889238,0.0,0.08430231380349715,0.5100597307696585,0.8246108468391493,0.0,0.0,0.053390164811713395,0.0,0.06542198529015793,0.6305199178240588,0.0,0.3333343069415545,0.6416038107327069,0.0
Ddx18_mm,1.5632808523195334,0.0,0.47705051666071485,0.6440468618401424,0.0,1.5978318938571543,0.5745710584106136,0.7980391073000199,1.0622813880281254,0.12111189911618124,3.6264043989814714,0.0,0.5524498383649448,0.0,0.2037155820412985
Ddx27_mm,0.23315730089706116,0.1347163934759617,0.0,0.3765881795613561,0.31990916020976606,0.05738735737079722,0.37766493511700006,0.1645650000328744,0.44006461676463526,0.1648330264646965,3.4122776443142824,0.3081911356214254,1.7807944956370196,0.12565829101914563,0.0
Ddx41_mm,0.3275601994094588,0.0,0.0,0.6263110796276651,0.3200573396202339,0.03070104104007896,0.0,0.14244333798193232,0.30633648204696173,0.05852385725489935,1.1623351136938702,0.14868045356212392,0.1605340301475958,0.23763100075354232,0.03977456047331632
Ddx43_mm,0.0,0.0,0.0,0.007838862823147774,0.060683456576673116,0.0,0.0,0.0036480266196987684,0.0,0.11499462274961325,0.0,0.0,0.021313904760693028,0.0,0.0
Ddx54_mm,0.4245686635790539,0.062134614280538195,0.03357908789801483,0.566364085273213,0.4442240465748076,0.0,0.0,0.5316456201215911,0.0,0.04765220085551482,2.4216650343089103,0.3680173783105171,0.45045667931895084,0.18883274038991382,0.0
Ddx58_mm,0.0,0.03631528164703533,0.08730777039137033,0.5640243692972773,0.13568813934710205,0.0,0.06420206255487139,0.07221016809383227,0.1891299360644615,0.43529525140378794,0.0,0.031245877922504852,0.03327834183539943,0.0,0.0
Decr1_mm,0.0,0.0,0.0,0.001852027668289525,0.014494092111876031,0.0019003150069546732,0.0,0.0,0.0,0.012447239505367292,0.0,0.0,0.0,0.00791963962787172,0.003408416197924514
Decr2_mm,0.0,0.012652621095330356,0.005058333757358635,0.0,0.0,0.0,0.02627709926899297,0.0,0.030772519707396227,0.0277836324358153,0.0,0.0,0.0007085607874657677,0.006804953880449876,0.0
Defb15_mm,0.0,0.0,2.3745428109929584e-05,0.0,0.0,0.0,0.0,0.0,0.0,3.168489658295446e-05,0.0,0.0,0.0,0.00017210513063529024,0.0
Defb20_mm,0.0,0.00020952430861193415,9.36186615226309e-05,0.0,0.0,0.0,0.0003011649596348178,0.0,0.0,0.0,0.0,0.0,0.0,0.00023101671937463688,0.0
Dennd1a_mm,0.2603574508490358,0.0,0.004197323117659994,0.541774430180965,0.24726220669072002,0.012950239136127742,0.02223962071760379,0.12131805451353855,0.11450118598664227,0.578528721331545,0.0,0.07601394360905622,0.11017985675987355,0.0,0.006179920516256952
Dennd1c_mm,0.011422339465285796,0.0,0.0,0.321949635715704,0.19630230029549567,0.0,0.0,0.09934719988972618,0.0,0.16256033350043533,0.0,0.0,0.0012512872878506784,0.02050403984362493,0.0
Dennd2d_mm,0.703995850525884,0.0,0.0,0.08200407927356398,0.31630251111996954,0.03739125620403347,0.028578709201089365,0.0,0.06554452469593863,0.09853014116719767,0.40213927580142084,0.024818462727716834,0.0,0.0,0.018948849016267772
Dennd5b_mm,0.0,0.22976839718626293,0.3351217800791915,0.5928896060784435,0.0,0.0,0.0,0.2567493771877094,0.23919195677995442,0.3655833202986165,0.0,0.0,0.0,0.0,0.0006757168325823279
Dennd6b_mm,0.04400375663467536,0.0,0.0016865888081959923,0.1396878189384715,0.07804250458372167,0.0,0.0,0.0,0.0,0.048234717302252615,0.06335780660928052,0.0,0.008185817326972959,0.007340433106343471,0.0
Derl3_mm,0.0,0.0,0.046996238494846694,0.03392268666661416,0.0,0.0,0.0,0.0,0.0,0.0,0.0,0.0,0.0,0.06867511646799238,0.0
Des_mm,0.0,0.0,0.0165046226304966,0.27125537593139853,0.15210309367206098,0.0,0.0,0.025334611177408685,0.0,0.0,0.1290884131666699,0.02366100109181417,0.01426014093032109,0.06979659834863088,0.0
Dgat2_mm,0.0,0.0,0.0001236617763099639,0.0,0.0,0.0,0.0,0.0,0.0,3.966507265280289e-05,0.0,0.0,7.622766359782064e-06,0.0003718526290116525,0.0
Dgcr6_mm,0.06369862823574599,0.0,0.0,0.42110063181613716,0.3266338789356432,0.048977338623010895,0.0,0.0,0.0,0.12806853932421788,0.15321208808692383,0.0,0.006182729437151969,0.21261426392074925,0.0
Dgkd_mm,0.11955583136821496,0.0,0.22501064836070164,2.0137714102217052,0.7847270850430078,0.3381972864762355,0.09716023988602633,0.5526776649792121,0.30715164374047466,0.7524233560730617,0.9817179313145694,0.3793832868624902,0.5094695997279631,0.23103329641995554,0.0
Dgkh_mm,0.0,0.0,0.009952740761416407,0.04948310187213421,0.04558442671988726,0.0037375907720646273,0.0,0.0435581571584356,0.013675249883153526,0.12706734934986433,0.0,0.0,0.0,0.008862034915795545,0.018768945218018293
Dguok_mm,0.23948687806447877,0.0,0.03127967304851603,0.2570957414681479,0.3002292429939313,0.0,0.0017885541167656062,0.15804949602229149,0.0,0.05463470010309704,0.0,0.0,0.0,0.25329827190061255,0.0
Dhfr_mm,0.37465984998486257,0.0,0.0,0.0,0.5372967678113844,0.05023311847208994,0.029211098284626057,2.177277607488677,0.8448306889386785,0.49813083927932694,0.6130592214086349,0.0,0.0,0.5432341178745139,0.07669048086706212
Dhrs3_mm,0.0,0.0,0.019369524299285606,0.029093360736788854,0.0,0.0,0.0,0.21954484569373464,0.004163921337253071,0.0,0.0,0.0,0.0,0.029773707949469583,0.0
Dhrs7_mm,0.26671611009328744,0.0,0.04915875316384011,0.4323662840090187,0.6576004479920795,0.0,0.3839547859657295,0.27373456296733834,0.28626802699743925,0.0,0.09593875238104568,0.23247303055961357,0.10039514464890965,0.3405230584294094,0.0
Dhrs7c_mm,0.0,0.0,0.0,0.0002695508909176107,0.0,0.0,0.0,0.0,0.0,0.0002805233098093942,0.0,0.0,0.0,0.0,0.0
Dhx30_mm,0.7825373676837843,0.0,0.006303095861578145,0.3354191210024373,0.17620946757567058,0.0,0.0010115529377128993,0.10676552605296447,0.2760706817550683,0.3959520357483331,0.48944096093818973,0.0,0.0,0.07961705462310127,0.10722486949168523
Dhx34_mm,0.004693412130273265,0.0024124849912769038,0.0,0.14841553941373528,0.08029865672580493,0.0,0.0,0.002408511780725362,0.0,0.026509446994178273,0.06551112432005636,0.0,0.0,0.020745534376290252,0.02717282172717535
Dhx57_mm,0.0,0.0,0.0019527518818913848,0.31100712211255843,0.1274811143867208,0.0,0.0,0.04206347402363559,0.07414370904717008,0.2835590289592837,0.2889403058156056,0.08583660622429551,0.04059141098029623,0.0,0.0
Dhx58os_mm,0.0,0.0,0.0004670675671841302,0.0,0.0,0.0,0.0,0.0,0.0,0.000573827243115293,4.208914544699787e-05,0.0,0.0,0.0,0.0
Dio2_mm,0.00825758084981009,0.0,0.0,0.027738905407920733,0.0,0.0,0.0,0.013221748568674056,0.0,0.03491473027995056,0.0035805182816977584,0.010114207824637749,0.0,0.002752310848828934,0.032695342703101184
Dip2a_mm,0.0,0.0068007037272759755,0.0,0.1875880889220265,0.09191938735913777,0.0,0.0,0.08154850597046283,0.01646455970025916,0.04764526344993237,0.09199768089406954,0.0333977927595179,0.010758324645050232,0.0,0.0
Disc1_mm,0.0029977232218257595,0.005479644490691377,0.014251165814893363,0.012273348664172507,0.0,0.0,0.0,0.01114996086297083,0.012853642308484136,0.06884848857333983,0.015719704101967078,0.0,0.02345357047766373,0.0,0.0
Disp3_mm,0.0,0.0,0.0009875677491925203,0.0,1.821189626427627e-06,0.0,0.0,0.0015486946573730685,0.0,0.0004526045320256472,0.0,0.0,0.0,0.0,0.0
Dkk3_mm,0.0,0.007728457290097576,0.02428411806872477,0.02550971773960354,0.0,0.0,0.0,0.0,0.0,0.0,0.0,0.0,0.0,0.0,0.0
Dkkl1_mm,0.023786619732992502,0.008600478716209796,0.0,0.37979322032773244,0.17924266093184196,0.0,0.1809513697358046,0.2660896959351471,0.0,0.0,0.03335489868288934,0.0,0.0,0.292175778125397,0.0
Dlec1_mm,0.0,0.0,0.0,0.00021956788424373254,0.0,0.0,0.0,0.0,0.0,0.00015638284614875192,0.0,0.0,0.0,0.0,0.0
Dlgap4_mm,0.0,0.06095669976900944,0.017275264615905082,0.44879120176473897,0.195230486901755,0.0,0.0,0.21615298112254444,0.0,0.1515936577748625,0.24825094989499183,0.021717755628092174,0.0,0.050090758590512145,0.0
Dlx4_mm,0.0,0.00013781179310034665,6.892737844816059e-05,0.0,0.0,0.0,0.0,0.0,3.461954166426559e-05,0.00016414891432591487,0.0,8.501154308516813e-06,0.0,0.0,0.0
Dlx6_mm,0.0,0.0,0.0,0.0,0.014949264713893991,0.0,0.0,0.0,0.0,0.19910033656157236,0.0007976481781072528,0.0,0.2210748248951535,0.0,0.0
Dmc1_mm,0.0,0.00011702737567004821,0.00026319580918582504,8.420485412300515e-05,0.0,3.375715753931932e-05,0.0,0.0,0.0,4.3235063386716566e-06,0.0,0.0,0.0,0.0,0.0
Dmd_mm,0.0,0.00016651088491680832,0.0012747867314029469,0.0020433661032622477,0.0,0.0,0.0013301120107643094,0.0,0.0029589682600046816,0.0,0.0,0.0020229471888870633,0.0014969923887891625,0.0,0.0
Dmkn_mm,0.0,0.0,0.0002703838369750828,0.00046248121934800796,0.0,0.0,0.0,1.5104509874848454e-05,0.0,0.0,2.7053836053052584e-05,0.0,0.0,0.0,0.0
Dmpk_mm,0.0,0.0,0.0017306552997121876,0.0036448461793355366,0.0,0.0,3.02114319350404e-05,0.0,0.000560307813335808,0.0,0.0,0.0005264752810796266,0.0,0.0,0.0004946864261634695
Dmrt1_mm,0.04372804509648081,0.0,0.12515848708081612,0.30607053326430933,0.05967831587288264,0.03677825376723653,0.0,0.0,0.05841113643420203,0.03749440471060292,0.04376208075987048,0.050535126545353276,0.0,0.0601153491376914,0.15106233996887847
Dmrta2os_mm,4.1357236578884776e-05,0.0,0.0,2.155895023949214e-05,0.0,0.0,0.0,0.0001802552057409423,2.3770503862844175e-06,0.00022663814834128615,9.28286929190986e-05,0.0,0.0,0.0,0.0
Dmrtb1_mm,5.1511887393622324e-05,0.0,0.001124359832829542,0.0004334571972410051,0.0,0.0,0.0,0.0,0.0,2.9928517381074105e-05,0.0,0.0,0.0,0.0,0.00018134508740358913
Dmrtc1a_mm,0.0,1.3411283955980739e-05,0.0,0.0,0.0,0.0,4.3208410182034914e-05,0.0,0.0,0.0002477033134467116,0.0,0.0,0.0,2.3991361531615105e-05,0.0
Dnaaf3_mm,0.0,4.926212088711369e-05,0.000853284546715335,0.0007742423489425163,0.0,0.0,0.0,0.0,6.326025976037462e-05,0.0,0.0,0.0,0.0,0.0,0.0
Dnah3_mm,0.0,0.0,0.0,0.0,0.0,0.0,0.0016016319289560903,0.0,0.0,0.0006704631262468104,0.0,0.00015386011742339248,5.005434409304335e-05,0.0001184060569652769,0.0
Dnah7a_mm,0.0,0.0007579506893490765,0.003031679377036759,0.0008316541452419886,0.0,0.0,0.00156703393606315,0.0,0.0,0.004613267903621277,0.0,0.0,0.0,0.0,0.0
Dnah8_mm,0.0,0.0,0.036289650383695915,0.4776059820737043,0.34670049407328846,0.0,0.0,0.029070866182522657,0.0,0.43981461900441854,0.0,0.20143856109702843,0.04385084408476758,0.0,0.69442563941953
Dnajb12_mm,0.003149461720673755,0.0,0.005652999749843544,0.3849257980448518,0.08200435299458216,0.0,0.0,0.14676076268669466,0.1876379172865545,0.17950406630658072,0.32110299477400084,0.08480291518652887,0.0,0.000777361789857213,0.0
Dnajb14_mm,0.03242209228913499,0.0,0.2851043737301109,0.02261318868385438,0.013146289580631987,0.0,0.0,0.004911893618628841,0.899607139118044,0.3029313779194416,0.0,0.0,0.2957718454585893,0.04788304344611783,0.0
Dnajb2_mm,0.036973913144179964,0.0,0.02728284743378172,0.32616311373050594,0.17527692997589367,0.0,0.0,0.11639430632181488,0.0,0.04830392118899821,0.17159283080608964,0.0,0.0,0.021855691310383646,0.0
Dnajc21_mm,0.7486543176276913,0.03392061196759133,0.005520751229533061,0.19078160194254842,0.06026045687153279,0.6633157097036234,0.0,0.19467131089575976,0.0,1.198685890265443,2.6795476426544695,0.10712334745137213,0.8974692939574164,0.0,0.7403948548819118
Dnajc22_mm,0.0,0.0005431089371608818,0.00012120434189009895,0.000565003592399442,0.0,0.0,0.0,0.0,0.0,0.0,0.0,0.0,0.0,0.0,0.0010060942099451976
Dnajc4_mm,0.08796644363189247,0.0,0.0,0.07786131849936159,0.08076965720791231,0.0,0.02968478768258862,0.08958834038868244,0.0,0.0,0.0,0.0,0.0,0.12375310748524827,0.0
Dnajc5_mm,0.6208860127526551,0.038775326948446334,0.11499553865651471,1.4336523810005728,0.28603599901174404,0.33005063068884016,0.042626159738375705,0.15167279404432926,0.6528926368686055,0.7953654663321174,0.6910259933072403,0.0,0.0,0.13972141836897284,0.0
Dnajc5b_mm,0.0,0.0,0.0,0.005769145657005773,0.001179149186874082,0.0,0.000551379233280151,0.011559048671554311,0.0,0.0016811160119480813,0.0,0.0,0.0,0.0043976702882313375,0.0
Dnase1l1_mm,0.04017395037857566,0.0,0.0,0.07118746001387871,0.19542915476941833,0.0,0.0,0.19251673608407618,0.0,0.005544967559097665,0.0,0.0,0.0,0.0554385289402079,0.0
Dnase1l3_mm,0.0,0.0068429994323736575,0.0,0.2819020583116535,0.005964515511528634,0.0,0.04010357658305049,0.059259855380562505,0.059745434926178585,0.0,0.0,0.01132655140043781,0.0,0.053934805226322144,0.0
Dnase2a_mm,0.5322200411398716,0.0,0.0,0.0,0.4231000147644545,0.0,0.0,0.3314147670508614,0.0,1.1424866918113592,0.44439503118933943,0.0,0.38613820157907786,0.0,0.0
Dnhd1_mm,0.0,0.0,0.003023891677053245,0.04347179740875646,0.029201214820997773,0.0023952093865905045,0.0,0.0,0.0,0.08919499987634635,0.0,0.0,0.0,0.0,0.0
Dnm1l_mm,0.23747965266502905,0.0,0.0,0.7771767008485169,0.04982553842939598,0.12707810920102341,0.3641988281458772,0.2646088646638033,1.3881704792296807,0.45224378834226564,1.2472197385514288,0.2182350685290879,0.1054583258863803,0.0,0.0
Dnm2_mm,1.9522029321586973,0.0,0.04320639350951608,0.9646387230356716,0.8438097481723557,0.0,0.0,0.7791353980762226,0.27967840304872765,0.4150756950517473,0.0,0.19867874545193945,0.2846642580544158,0.40693117803879514,0.0
Dnm3_mm,0.0,0.0018896695676984914,0.0018271989288603542,0.005919640042488172,0.0,0.0,0.0,0.0025563739184302514,0.0,0.003482292510249829,0.0,0.0,0.0,0.001793671935563882,0.0
Dnm3os_mm,0.0,0.0,0.00020627736990305279,0.0,0.0,0.0,0.0002731037125208991,0.00015949184927201122,0.00013587946646151383,0.00043943436193520375,0.0,0.0,0.0,0.0,0.0
Dnmt3a_mm,0.8751547089678791,0.33046556059601007,0.22731476752240654,1.546315122858084,0.49321055859532636,0.4171689379472556,0.0,0.18000241411548637,0.0029112135984367365,0.663654673606415,1.212975258771947,0.037145430655790866,0.08026157618038156,0.0,0.14769529642351975
Dnmt3l_mm,0.0,0.0,0.0011123386392324068,0.0,0.0,0.0,0.0,0.0,0.0,0.00026980255945189657,9.8116589340031e-05,0.0,0.0,0.0008976703976035002,0.0
Dntt_mm,0.0,0.0,0.04781182605846685,0.2743458910408912,0.0,0.0,0.0,0.0,0.0,0.037756714043731085,0.0,0.0,0.0654947360088888,0.13478932106878885,0.16327090414725376
Dock10_mm,1.3066735382790804,0.004486312230116376,0.03481496633132813,1.5104647200454573,0.03335058750529848,0.3125006595881749,0.0,0.3238108954810122,1.207055375337478,1.1993428967864281,0.48137780927509644,0.5174088830567142,0.13340724885197053,0.022761056827433273,0.0
Dock2_mm,0.6732365643135132,0.0010540364476786484,0.18501600427358653,0.9124498763890535,0.7818744706047087,0.11686584146537474,0.0,0.8984082645962935,0.5826839828469013,0.7074801889824763,0.5137180287798084,0.08807225160224334,0.09691308534244626,0.004004652787205139,0.35547851745442083
Dock8_mm,0.0,0.0,0.013717581055333676,0.021279479085338313,0.0,0.0,0.0,0.0,0.0,0.0,0.0,0.00032768729739400266,0.0,0.0,0.0
Dock9_mm,0.16839331825426862,0.047082109367893574,0.0,0.6937015104430455,0.05328852038665551,0.0,0.0,0.0,0.0,0.1040832530140658,0.11774644963639702,0.1491083623635807,0.07432762588862724,0.0,0.0
Dok1_mm,0.4402022709621297,0.04146484537448974,0.006018112690128111,0.4369437027850136,0.35767116462884563,0.0,0.0,0.21285335961360669,0.0,0.0,0.4341711395063163,0.0,0.001082297689928139,0.0970824034547402,0.0
Dok3_mm,0.0,0.0,0.0,0.09119675234170695,0.15307822520149078,0.0,0.0,0.07991586807249737,0.0,0.069690963442238,0.03372630728396089,0.006071774758972753,0.0,0.0001806575070152938,0.0
Dok6_mm,0.0,0.0,0.0,0.0,0.00017487123087123996,0.0,0.0,6.629247034898114e-05,0.0004127868694419459,0.00037342815130455827,0.0,2.3154141189305668e-05,0.0,0.0,0.0
Dok7_mm,0.0,0.0,0.0022548410733559776,0.0,0.0,0.0,0.0,0.006960077126865911,0.0,2.8987910195498028e-05,0.0,0.0,0.0,0.0,0.0
Dpep1_mm,0.0,0.0,0.003561203393188138,0.001550458366303469,0.0016683215858128598,0.0,0.0,0.002100313682527841,0.0,0.0009176066749078426,0.0,0.0,0.0,0.0,0.0
Dpep2_mm,0.0,0.0,0.013081938770554654,0.0,0.0,0.0,0.0,0.12971391881527886,0.011470499863135709,0.018814906246546043,0.0,0.0,0.002080614395601065,0.002570804469422852,0.0
Dpep3_mm,0.0,0.00036960202070849494,0.01639932543234843,0.014317183719101104,0.0,0.0,0.0,0.0,0.0,0.0,0.0,0.0,0.0,0.0009718103893239275,0.0
Dpm3_mm,0.31871372537314,0.0,0.0,0.3230470916407371,0.15222720845700993,0.0,2.2122728081040246,0.08161645372128602,0.2571702792047483,0.0,0.0,0.0,0.0,0.0,0.0
Dpp10_mm,0.002092794312716246,0.01014452981528017,0.009877549738021624,0.017505532786082474,0.0,0.0,0.0,0.00854217911680018,0.05025351904495517,0.11782269241751046,0.03256921353286351,0.010023977908502943,0.0009898897930763588,0.0,0.007799238215733582
Dpp4_mm,0.571634263987623,0.0,0.0,0.4056174993436386,0.2076983668770338,0.017000270017529677,0.06427324025808544,0.0,0.6393732469597497,0.16468246981018475,0.45344499524924753,0.1403714194871614,0.007089925734905855,0.10051525533215833,0.13854231017464413
Dpp7_mm,0.6341526476138051,0.0,0.0,0.5291613326853687,0.4609039959388915,0.0,0.0,0.5676408042668721,0.0,0.3575444065209752,0.0,0.0,0.0,0.2282463843667973,0.0
Dppa4_mm,0.0,0.0007328242760674113,0.03625077250880064,0.019877914258495225,0.0,0.0,0.0,0.0,0.0,0.0,0.0,0.0,0.0,0.019411582382536267,0.0
Dpt_mm,0.0,0.00039465032706541595,0.0,0.00011231880274384944,0.0,0.0,0.0,0.0,0.0,0.00019911011059171437,0.0,0.0,0.0,0.0,0.0
Dpyd_mm,0.0,0.00022207134370473317,0.0002535866088725334,0.0,0.0,0.0,0.0,0.0,7.979528598845898e-05,0.0,0.00011785400861173105,0.0,0.0,0.0005204937321787229,0.0
Dpysl3_mm,0.0,0.0,0.00012461849410265878,0.0012387714408695813,8.864091981622368e-05,0.0,0.0004228857674393365,0.00037522099488649356,0.0,0.0005442266242726367,0.0,3.6267618121726902e-06,0.0,8.22740895979814e-05,0.0
Drap1_mm,0.6564455668389543,0.0,0.05743824211470465,0.3755672526540356,0.2589326019091174,0.0,0.587314325872746,0.09443845947178768,0.17058952573605346,0.15375430144497304,0.736069034302281,0.0,0.0,0.25655061286472197,0.0
Drd5_mm,0.0,0.0,0.0,0.0,0.0,0.0,0.0,0.0,0.0,0.0,0.0,0.00011235817608506866,2.4758957294174665e-05,0.0006835683483151067,0.0
Drr1_mm,0.0,0.0004364579493987831,0.00015964849522190558,0.00017131046670117004,0.0,0.0,0.0,0.0,0.0,0.0,0.0,0.00030086001598303707,0.0,0.0,0.0
Dsc2_mm,0.0,1.0135360757553974e-05,6.907834675678823e-05,0.0,0.0,0.00018747903504474187,0.00040096867672887614,0.0,0.00031547993131331376,0.0,0.0,1.604649924040164e-05,0.0,0.0,0.0
Dscaml1_mm,0.0,2.945922323195717e-05,0.0,0.0,6.072387166213563e-05,0.0,0.0,0.00011130276882732057,0.0,6.30456648899892e-05,0.0,0.0,0.0,0.0,0.00045195858563643477
Dsg1c_mm,0.0,5.4848631774646115e-05,0.0,0.0,0.0,8.815398366387081e-05,0.0002001318215902905,0.0002729593780010572,0.0,0.0,0.0,0.0,0.0,7.48635573100335e-05,0.0
Dst_mm,0.0,0.3930658967549513,0.44241274758037946,3.8050819975112,0.0,0.4262397602847622,0.013685987736376061,0.5934218071395145,0.7246281601115665,1.2454598669532408,0.15710251180185286,1.0316935444776274,1.6122369113470447,0.0,0.2472077841544611
Dstyk_mm,0.0009588196131536037,0.0,0.0,0.027773105519555075,0.008330751585501181,0.0026867203148792838,0.0,0.0009641643902419157,0.0,0.03981093019822642,0.0,0.0,0.0,0.004992831956975104,0.001804551854094942
Dtnbos_mm,0.0,0.006921002744800367,0.006080306343320662,0.0,0.0,0.0,0.0,0.0118529199438422,0.03569669466787354,0.07237655119089632,0.013409651673185832,0.0,0.027410666278628662,0.0,0.009754257783622596
Dtnbp1_mm,0.47743160051024025,0.0,0.0,0.9678772093326249,0.2258090299414676,0.04694658555656549,0.10304861197953119,0.08926923449776676,0.0,0.1315932716974775,0.3677722609690282,0.0,0.0,0.40349329868713885,0.20496070199835817
Dtx1_mm,0.0,0.0,0.0,0.010711434161724955,0.016029923022338105,0.0,0.0,0.012353370161647257,0.0,0.033594683843372664,0.0,0.0,0.0,0.009878502331981986,0.0
Dtx3_mm,0.013915924548920145,0.0,0.0,0.04501087023462103,0.09397402316960413,0.0,0.0,0.02958403487386164,0.05626512849605112,0.1103559506682648,0.016450097011008472,0.0007222094655556799,0.0038847733880648873,0.009443985735806756,0.0
Dtx4_mm,0.42867542419375454,0.04662930041695951,0.0,0.5408650504739251,0.34797189658268907,0.0,0.0,0.303967413981216,0.0,0.28432215662904764,0.0,0.0,0.0,0.037818010626821844,0.0
Dusp15_mm,0.0,0.0,0.00014417745148038243,9.383361224899439e-05,0.0,5.320118972719233e-05,0.00015450123504418627,0.0,0.0,0.0,8.24986934674418e-05,0.0,0.0,0.0005684496717173499,0.0
Dusp1_mm,0.0,0.0,0.020099547084920316,0.0,0.0,0.0,0.0,0.3305075354231151,0.0,0.0,0.0,0.0,0.0,0.00963587328122618,0.0
Dusp5_mm,1.0360259613661928,0.0,0.0,0.7491785032164907,0.4825771507067959,0.23286159015482283,0.0,0.18976061442276324,0.0,0.43199862813593154,0.6829144682781837,0.3385360269918193,0.10831440902027127,0.0,0.0
Duxf3_mm,0.0,0.0,0.0,0.000451052710413945,0.0002380871285459087,0.0,0.0,0.0,0.0,0.0008460297396932194,9.305167670613167e-05,0.0,4.910104595033489e-05,0.0001038086905598184,0.0
Dynap_mm,0.0,0.0,0.0,0.0,0.0,0.0,1.752943991292464e-05,4.754454252335377e-05,0.0002065119850397078,0.0,0.0,0.0,0.0,0.0,6.915499451633124e-05
Dync1h1_mm,0.0,0.2160747315971539,0.21691416271599243,1.8652856276779446,0.7528911820047075,0.4421191673757846,0.0,0.5523768830650028,0.14578777792791842,0.7968591621046921,1.8348673585327753,0.6033180161774214,0.5630996651697108,0.0,0.0
Dync1i1_mm,0.0,0.0,0.0004441059772662222,2.6836609777024967e-05,0.0,0.0,0.0,0.0,7.969140038383127e-05,6.14309668911039e-05,0.0,4.500869781703302e-06,0.0,0.0,0.0
Dync1li2_mm,0.05962139679570276,0.017648489800275707,0.030439768278859018,0.62608697453209,0.35167424353456095,0.0024498654157212633,0.0,0.3734904586915687,0.0,0.4072292036666552,0.4553253269446105,0.26783205840710195,0.03454893731539215,0.03685842561251416,0.010036169408718619
Dynlt1b_mm,0.09571256129957745,0.0,0.0,0.00944923416309042,0.0,0.0,0.11172616849923596,0.020789187013772605,0.04705418575298816,0.028489948591094067,0.0,0.0,0.0,0.09257568064448209,0.0
Dynlt1c_mm,0.03570573975354474,0.0,0.0,0.07935098233002522,0.055321533880827556,0.0,0.035844563607664644,0.030449769314930354,0.06146603844477416,0.1428037947713764,0.0,0.0033200468532645277,0.0,0.019075524975566395,0.0
Dynlt1f_mm,0.032110760537663874,0.0,0.0,0.00036374972501296824,0.020919682982181602,0.0,0.0643717957941994,0.016470385900296747,0.004231517449052629,0.038318756802984535,0.0,0.0,0.0,0.04791556149949573,0.0
Dyrk4_mm,0.15658720957760613,0.0,0.001844333398987352,0.2893375020521425,0.19566266014379027,0.0,0.017901380407370934,0.0,0.1380671034427536,0.15308009881560253,0.009111305930908451,0.0,0.01741853674086892,0.0,0.0
Dysf_mm,0.0,0.0003569157648625216,0.001181750343875775,0.0,5.1416175077373806e-05,0.0,0.0,7.581178264279021e-05,0.0,0.0012751423476259614,0.0,0.0,0.0,0.0,0.0009781100758958655
E030030I06Rik_mm,0.0,0.0,0.04688754821392609,0.15765240602281355,0.1947345784301824,0.0,0.20815045061363638,0.13010836073744145,0.0,0.20120625484267357,0.0,0.0,0.0,0.13830434412399384,0.0
E030042O20Rik_mm,0.0005163176250333844,0.0,0.0,0.0,0.0,6.056066276120013e-06,0.0020144274072945167,0.00379663925581855,0.0012663882090670666,0.00800341637176832,0.0,0.0,0.0,0.0004977415327288849,0.0005504951507581231
E130308A19Rik_mm,0.4857240986116063,0.008182807113442228,0.0,0.34176672599365515,0.09739616157222644,0.00808633562908668,0.0,0.05894878215053918,0.21485756104993678,0.20136708781382204,0.0,0.0,0.0,0.05097362365658857,0.11057357535084433
E230013L22Rik_mm,0.0,7.439266502000349e-05,0.00023051624243546805,0.00043071575833338136,0.0,0.0,0.0,0.0,0.0,0.0,0.0,5.508258153544161e-06,0.0,0.0,0.0
E230032D23Rik_mm,0.0,0.0,0.0,0.15843095213750408,0.08311377003457074,0.0,0.006032844356715462,0.16873819959920255,0.0,0.10750265240780715,0.0,0.0,0.0,0.015422566644978911,0.0
E330020D12Rik_mm,0.17596245295792257,0.0,0.04223246329892429,0.3640002729315657,0.07250059348030362,0.0,0.24657660895801767,0.16618409670613746,0.0640766081211974,0.5106934301547836,0.0,0.0,0.0,0.20318820777040034,0.0
EU599041_mm,0.0,0.0002600387540172235,0.0004994844119577856,8.074181568324608e-05,0.0,0.0,0.0,0.0,0.0,0.0,0.0,0.00012086557796683665,0.0,0.00023704383310270503,0.0
Ebf4_mm,0.0,0.0,0.0,0.0,0.0011562926987320774,0.0,0.0,0.0010897336496444188,0.0,0.0014247428528154202,0.0,1.4195556144020854e-05,0.0,0.0,0.0
Ebi3_mm,0.0,0.0,0.011196197479679823,0.02058332705844559,0.0,0.0,0.0,0.0,0.0,0.0,0.0,0.0,0.0,0.0009812963912429532,0.0
Eci2_mm,0.5481757993832032,0.0,0.0,0.3640332750477228,0.3418622141166041,0.0,0.0,0.06198457595739254,0.012519854253246273,0.23496083857157243,0.4750028799442652,0.2478067245082064,0.008738228108510639,0.26961978942970544,0.053867667038841986
Eda_mm,0.0,0.0,0.0003448905059127221,0.0,8.473579282996644e-05,0.0,0.0,0.000694161373234212,0.0,4.05183981725096e-05,0.0,0.0,0.0,0.0003979980159755695,0.0
Edn1_mm,0.0,0.0001638674637640733,0.0008814654757799897,0.0,0.0,0.0,0.0,0.002380539175387999,0.0,0.003705749023892786,0.0,0.0,0.0,0.0,0.0
Edn2_mm,0.0,0.00016995769962760714,0.0,0.0,0.00023447358938863375,0.0,0.0,0.0,0.00017927266772899594,0.0,0.0,4.036168406048845e-05,0.0,0.0,0.0
Ednra_mm,0.00022770663884330743,0.0,0.0002586556086220476,0.0,0.0,0.0,0.0,0.0,0.00015285668886645993,0.0,0.0,0.0,0.0,0.0,8.05176693844459e-05
Eea1_mm,0.0,0.10314189719031226,0.01435219530835761,0.39961419273534465,0.5003811269641475,0.04229266773523748,0.0,1.6577442731373129,0.4730558099520752,1.1228177597506848,1.2680912427146203,0.2993409125992404,0.23843522285832106,0.0,0.34864050399931495
Eef1b2_mm,1.6540747212147975,0.8211667001767408,0.8888277783426363,0.811630632569838,1.9081124908331564,2.043880769266133,3.536128446325464,0.5186130640191924,0.0,0.6526850955781955,0.4082639375887274,0.5004342194756675,0.6531727307081976,2.5302599988188375,1.571182698089704
Eef2_mm,0.8648837635490165,1.690612551058349,0.24269367674277448,1.1636535360361704,2.802779968633039,1.7615224878313471,1.0390431246608187,1.2261725822241198,2.1519008428894013,0.0,1.8052179275062132,2.352647285644976,2.371549489812599,2.6332555639627913,0.6859535306245335
Eef2k_mm,1.4306560559234895,0.0,0.023942413658867467,1.1023830560180785,0.6241129638645901,0.1238040656214681,0.18264399265531966,0.0,0.19653695077096855,0.24307496771341855,0.42603013003636797,0.040064442564631146,0.2444125659253039,0.056299422691492754,0.07639256162599754
Efcab14_mm,0.5978982908923604,0.0,0.09825400110790804,0.7570015352500888,0.3130843900855438,0.11203957033267775,0.030541166546878887,0.2048936418337811,0.4728715321001079,0.6186539761296984,0.7528211160715637,0.18166106706883633,0.05846368481562262,0.04558503559539163,0.1497015296768782
Efcab3_mm,0.0,0.0,0.0,0.00886745282565491,0.005714094884394475,0.0,0.0,0.0,0.0,0.005930785168101641,0.0,0.0,0.0021942407335608875,0.0,0.0
Efcab6_mm,0.0,0.0,0.0001931581525583611,0.0,0.0,0.0,0.0,0.021857344566050593,0.0,0.004239031087514664,0.0,0.0,0.0,0.0,0.0
Efhc2_mm,0.0,0.0032477898505907884,0.009615980578410822,0.004808545044491773,0.0,0.0,0.0,0.0,0.0,0.0,0.0,0.0,0.0,0.0,0.0
Efr3b_mm,0.14269909064177433,0.0,0.019211374581183303,0.0703474677396432,0.05569301673184288,0.0,0.0,0.040027222942429636,0.0,0.08603275158612224,0.054270985010521945,0.0,0.0,0.0030962894574380903,0.0
Egf_mm,0.13729009425904773,0.0,0.0,0.0,0.08481500748116837,0.0,0.0,0.0,0.028857481568582935,0.1533212512367456,0.17615255281484013,0.0149623214243196,0.016892765907653616,0.0,0.04743132995264054
Egfl7_mm,0.315745762992333,0.0,0.1180589178546539,1.2569519751074012,0.0,0.03991954258489536,0.0,0.0,0.0,0.0,0.9229840313100408,0.01078713276273087,0.22663922340821666,0.7389900588096354,0.016685053115388968
Egr1_mm,0.0,0.0071637124760541475,0.03596455204202646,0.007311513155490029,0.0,0.0,0.0,0.0,0.0,0.0,0.0,0.0,0.0,0.0,0.0
Egr2_mm,0.005030515845329622,0.0,0.006472788458173591,0.0,0.0,0.0,0.0,0.032068728553256765,0.0,0.011505938676333741,0.0,0.0,0.0,0.0,0.0
Ehbp1l1_mm,0.25991940032232813,0.0,0.1142873708702822,1.223599444334689,0.3131245217864975,0.0,0.0,0.3118301083835309,0.0,0.25537991440164337,0.886106700558311,0.21110590382042196,0.32228041430634957,0.11385622196066081,0.0
Ehmt2_mm,0.0,0.0,0.027614217606580754,0.5991515699092407,0.5591224826302471,0.0,0.34058982063830856,0.05401398988709836,0.0,0.0,1.6246049682044128,0.10364633373538151,0.8566233004401042,0.024240944071094304,0.14252648110675703
Eid1_mm,0.0,0.0,0.00010782479038125544,0.0,0.0,0.0,9.266443959080015e-05,0.00010764871988205509,0.0,0.0,0.0,2.8701992397123966e-05,0.0,0.00027664641658422737,0.00042684683220289545
Eif1_mm,0.6695440622673899,0.5262544179047991,0.0,0.0,1.807542618756995,0.44345254354674013,2.794437573536372,1.5897915161620213,0.5487816388531499,0.7093887000073686,1.6081526020450443,0.4376549108093696,0.13638114901827195,2.4805438938903053,0.219806736342395
Eif2s2_mm,2.721835858271296,0.4983211620397655,0.2682061272577827,0.13100060837194552,1.335354841651228,2.6914352881658234,2.1336278841580527,1.1950886856565972,1.145601414816218,1.2990655752392735,2.7630651000302398,1.3625175671895997,1.7972195611382162,1.2645817304494125,0.5879365798915787
Eif3c_mm,1.3479816007677314,0.7456501053698883,0.3405490826914005,1.5477851082747993,2.0973029279069926,2.657361527358053,1.9334220385987688,1.4326505256524746,1.0392949443440687,0.0,2.449520174546747,1.2035649888556097,1.7430463733542565,0.7958845754778889,0.647345430710727
Eif3f_mm,0.2723322440070068,0.2738116936725865,0.1129754678212643,2.3726871450776037,1.8741744743434898,1.5603877510316562,1.8292567745627075,0.6105186290068698,0.0,0.32819524484974355,1.3398157877316978,0.0,0.35262273258374666,0.6072078500611452,0.3248866270249668
Eif3j1_mm,0.17454480485498536,0.0,0.0,0.0,0.0,0.09150431686554758,0.0,0.06525523722223046,1.1155793930460676,0.17218662360453116,1.6886618153192456,0.0,0.0,0.0,0.0
Eif4a3l1_mm,0.0,0.0008755081968364132,0.000744370045798864,0.000514523257936235,0.0,0.0,0.0,0.0,0.0,0.0017368898148861212,0.0,0.0,0.0,0.0,0.0
Eif4a3l2_mm,0.0006331654933154014,0.0,0.0,0.0,0.0,0.0,0.0,0.0,0.0,0.00022548968948906293,0.0,0.0,5.8826315845519297e-05,0.0,0.00015335191749790074
Eif4ebp1_mm,0.22607969163249092,0.0,0.0,0.26310480700807654,0.8100633544211135,0.04849456669099783,1.4860331523074906,0.34173785463446094,0.08856019775450505,0.0,0.941762607767921,0.0,0.0,2.6495532908519284,0.0
Eif4g3_mm,0.6014305817438279,0.22431383620614045,0.2696223893894581,1.0748668495890386,0.40844535546759153,0.3229565088920006,0.0,0.006285793750953096,0.582003745447377,1.5275609909807724,1.4965413190818586,0.44979392957789843,0.4695188460789056,0.0,0.8327966223227267
Eif5_mm,2.0122080413897856,0.12135510381191973,0.2508395079613608,0.0,1.0883877960877297,0.6688104074394048,0.11847175045523643,0.20466848426736237,1.319848943324193,1.2324636313986228,1.4739576370870546,0.0,0.7269285578649778,0.09339558588210237,0.2558514753769989
Eif5b_mm,1.8613386363578024,0.3090318073863068,0.4045667341604688,1.0385702917375503,0.09071071872424791,1.5885584892302311,0.0,0.7786933415107592,0.7578521731262745,2.0720132542427745,2.887927228514017,0.0,3.979712526892072,0.07801478037544446,0.0
Elavl3_mm,0.0,0.0,0.0,0.0,0.0017300586225707836,0.0,0.0,0.0,0.0,0.03702583577180725,0.0,0.0038848317473914075,0.001732466976275784,0.0,0.0
Elfn2_mm,0.0,0.0,0.0,0.013457730554867629,0.007821370293761122,0.0,0.0,0.006209584226147472,0.0,0.018535186754046917,0.006078559267131241,0.0010617992669763173,0.002298220115743414,0.0,0.0
Elmod2_mm,0.0,0.009793884572340927,0.03785427727600027,0.22232507643779867,0.17082192562900364,0.0,0.04935722178707932,0.12204962928643083,0.05536033515954614,0.23038128377894782,0.019421092902471564,0.06300831841667302,0.0,0.033356636028206564,0.013567389946443097
Elovl7_mm,0.0,0.012280037700106739,0.030708259133656882,0.040998317793090044,0.0,0.0,0.0,0.0,0.0033592110203740752,0.0,0.0,0.0,0.0,0.012479163489838378,0.0
Emc7_mm,0.31374478891867735,0.0,0.0,0.0455949696251569,0.24438935719917748,0.0,0.18045709427474765,0.2843293818242222,0.4598584881585229,0.07634113615209326,0.48557837558953665,0.13902450690836843,0.0,0.0,0.0
Emid1_mm,0.20760519750391213,0.0,0.0,0.41145813148994304,0.17145558113695875,0.04885249355257994,0.012164230058648215,0.0,0.0799034092051138,0.0,0.09670133595197851,0.0,0.0,0.0964603657265374,0.018467066486648614
Emilin2_mm,0.43186572659770706,0.0,0.0,0.19633763872223342,0.05748534828330866,0.0,0.0,0.4779066527579876,0.0,0.0,0.1223876692601773,0.0,0.0,0.5577209095499693,0.0
Eml1_mm,0.017879007539932632,3.938228368910208e-06,0.004864027380523968,0.0022556408291824234,0.0,0.0,0.0,0.004703537734710492,0.022651148617526623,0.06784993679416992,0.0030521439030666733,0.0,0.037319929482726284,0.0041516150367652835,0.0
Eml2_mm,0.02422908180842009,0.0,0.0,0.18184264746846118,0.25417885763791054,0.0,0.0,0.0877442926292859,0.0,0.0,0.18438311828420023,0.0,0.09193991348973232,0.0016297291743955404,0.0
Emp2_mm,0.0,0.017114199988512765,0.0,0.0,0.0,0.0,0.0,0.0,0.0,0.08527802114552496,0.005682878528531302,0.0,0.12284237068347648,0.0,0.0
Emsy_mm,0.4275681628528129,0.03426743389929274,0.05655318207187132,0.43243983312678536,0.029062064973173953,0.04680096697602141,0.0,0.29077398576046526,0.6720032703767629,1.0364782414080214,0.4884437769676514,0.0060555460540142915,0.07439141542116706,0.047503171348422295,0.2719073630111933
Enam_mm,1.6299290977463564e-05,0.0,0.0,0.0007872578929391328,0.0,0.0,0.0,0.0,0.0,0.0,0.0,0.0,0.0,0.00024838755399890933,0.0002814805033744128
Endou_mm,0.0,0.0,0.007190705765559226,0.17340879702025402,0.05730366641230895,0.0016679357601442513,0.0,0.0,0.0,0.08608299155734704,0.0,0.0,0.0011737923578143674,0.015122477592007195,0.0014787139385304612
Eng_mm,0.059724010917618864,0.008007928649113665,0.0,0.17470629855622222,0.10834219602151401,0.0,0.024256716804896633,0.019659044637013418,0.10002356268043917,0.01207577921759198,0.1324518011456775,0.02845229071245019,0.0,0.0,0.0
Eno1_mm,1.1933810214392029,0.0,0.0,0.6937531845512478,0.09115932640523322,0.3332358961339595,0.0,0.23258603873462208,0.637130458331745,0.0,2.5455818919041886,0.5523318033310297,0.0,0.6893743491509323,0.0
Eno1b_mm,0.28190989348377427,0.0,0.0,0.1999459784532943,0.0,0.0,0.0,0.0,0.032785712425091915,0.10821288814729053,0.2650831946931478,0.0,0.03210122075831179,0.2573552988570331,0.07790129467640967
Enpep_mm,0.02425645356140763,0.0,0.0,0.0,0.0,0.11663000297408709,0.0,0.0,0.15868200530357707,0.18182957216844745,0.29585747048099703,0.07066351460882223,0.000834900840625356,0.0,0.4642247663027248
Ensa_mm,0.10726759576221395,0.02518700839465258,0.03254819914525587,0.6354038562299874,0.2134679046944473,0.012938226603353635,0.024916205006888573,0.18171642996086024,0.07053160330519154,0.4525250739709437,0.44888635798954984,0.10977968165022849,0.0,0.05305170134912278,0.03957812351909606
Entpd1_mm,0.09200490675330915,0.039305541849551706,0.0,0.4110572087669352,0.06400552485973833,0.0,0.03369516967400903,0.06294238636844311,0.1118770164805266,0.0,0.0033284570155782196,0.022256009555129692,0.01440631024073958,0.0354255085327531,0.0
Epb41l3_mm,0.0138920529672684,0.01514283612550108,0.0041878365109664735,0.0,0.0,0.0,0.008101940533691994,0.036165673626010954,0.06862939326667211,0.19125537785555108,0.02700040448563218,0.0,0.07683612912432852,0.004497778556239107,0.0
Epcam_mm,0.0,0.0,0.00019766903600459336,0.0,0.0,0.0,0.0,0.0,3.766934244408368e-06,0.00028466194202075314,0.0,0.0,0.0,0.0,0.0
Epha5_mm,0.1929401976576904,0.10370491261104645,0.0,0.27648344286219834,0.19971034925361572,0.0,0.0,0.252858571736352,0.32510625835950624,0.23181805232958638,0.49428533847283757,0.0,0.253714218955038,0.0,0.0
Ephx1_mm,0.26791136715661984,0.0,0.0,0.18692149364987692,0.5250080579535171,0.0,0.0,0.21496859130242862,0.0,0.0,0.0,0.0,0.0,0.11698969029452477,0.0
Ephx2_mm,0.0,0.0,0.00013475357452034765,0.0,0.0,2.7499888869900545e-06,0.0,7.070208790863354e-06,0.00017552285506386057,0.0,9.024808053871423e-05,0.0,0.0,0.0,0.0
Epm2a_mm,0.0,0.0,0.0,0.0,0.0002593218021081728,0.00012947898159891045,0.0,0.002893210276637279,0.0,9.286034497098316e-05,0.0,0.0,0.0,0.0,0.0
Epn2_mm,0.0,0.0008359378880693076,0.0009221382095882143,0.0,0.0,0.0,0.0,0.003694611385415549,0.0,0.004758719908482126,0.0,0.0,0.0,0.0,0.0
Epp13_mm,0.0,0.0,0.0,0.0,0.0,0.0,0.0,0.0,0.0,0.0003818759497916221,0.0,0.00016253291377418897,3.3329300265801025e-05,0.0,0.0
Eppk1_mm,0.0,0.0006296134523179639,0.0,0.0,0.0,0.0,0.0,0.0,0.00045355073862688344,0.0032464103966275007,0.0,0.0,0.0,0.0,0.0
Eprs_mm,2.0781790526048587,0.329088971566604,0.30400557303724457,0.0,2.060164842368158,1.5769626938961367,0.0,0.4365796637214136,0.6319301660710467,1.0921919458457656,2.2464903846306012,1.0380915787757479,0.5326971198721203,0.8012009006236804,1.7131281925827493
Eqtn_mm,0.0,0.0,0.0,0.0,0.0,0.0,0.0,0.048381091163093595,0.0,0.011504372629084164,0.0,0.0,0.0,0.0,0.0
Erc2_mm,0.0,0.0006949184338614619,0.0012908685760470787,0.0041978772950725055,0.0,0.0,0.0,0.0016669377567224233,0.0,0.009515790553245728,0.0,0.0,0.0,0.0,0.0
Erg_mm,0.0,0.0,0.12872131596254294,0.8022633317304961,0.0,0.0,0.0,0.0,0.15270139527333493,0.0,0.32964072060222777,0.28535777305340826,0.4941998326901261,0.0,0.3706655369194374
Ergic3_mm,0.36311271046734317,0.0,0.0,0.5718316958512772,0.3664823893582237,0.0,0.0,0.21826554395385803,0.31724383052402255,0.0,0.07428219148332468,0.008611545459062295,0.0,0.6540386769433228,0.0
Erh_mm,0.6153143035583041,0.0,0.0,0.0,0.0,0.0,0.2037621463195738,0.04876990969183383,0.0,0.071395650178402,0.09016982115134171,0.0,0.0,0.47860034571293747,0.0
Eri3_mm,0.2721921183128183,0.0,0.0,0.2329451167187056,0.11264773636797112,0.0,0.0,0.02851011453095845,0.10644424710329684,0.0,0.06568903386894719,0.0,0.0,0.351629237128778,0.0
Erich3_mm,0.0,0.0,0.004280865448742189,0.0,0.0,0.0,0.0,0.0007058168715977003,0.0,0.010833755099333443,0.0,0.0,0.0,0.0006744049155476274,0.0
Erlec1_mm,0.09535743779689723,0.0012493382829814694,0.013535066530702012,0.1561135719637727,0.20716643890983621,0.0,0.10028219927539726,0.10120313894002213,0.12240346818479837,0.16271863339849665,0.11473257416117233,0.0547407699682625,0.0,0.025213532829718475,0.019728617214531934
Ermard_mm,0.09695025701609608,0.0,0.0006816678602546932,0.13598982513983426,0.15175915567737874,0.0,0.0,0.07496601156445996,0.12970126381870417,0.23228083704713495,0.040716217840903235,0.026781311010326582,0.0,0.032378746607158594,0.03142258266870916
Ermp1_mm,0.6490944272577516,0.010726784438567285,0.059950601478361426,0.38630561722646334,0.0,0.0,0.0006588233846997182,0.15470875738774806,0.39906238310684855,0.0,0.2375657717021509,0.042561359456639664,0.0,0.035502869969086026,0.0
Ero1l_mm,0.5936821476110492,0.0,0.07997957764629521,0.05852180880116438,0.6005102093668081,0.0,0.10319087499828572,0.31639738702273795,0.3327115548764319,0.0925366944713216,0.39398003049133995,0.20924115135180588,0.0,0.0803960092374132,0.15145293971041016
Erp29_mm,2.1692575934248057,0.19159656589709756,0.5305817822638282,1.4843048773997654,0.6619078104807434,0.36182087223148574,0.0,0.2224252924138315,0.0,0.48424656130137256,1.358221347719914,0.0,0.009443108877391875,1.6749863800680789,0.0
Esr1_mm,0.08622926462988156,0.004827870349856877,0.02101052632206068,0.1887714764533472,0.03534243612501743,0.0,0.0,0.0,0.04690557096364074,0.08544845192930586,0.0,0.011052037455978563,0.0,0.008406731047035041,0.038279694368487986
Esrrb_mm,0.0,0.0,5.812224200626548e-05,0.0,0.0,0.0,0.0003323473566657576,0.0,0.0,4.1071702132433094e-05,0.0,0.0,0.00019073710294673242,0.00020395648109641687,0.0
Esyt1_mm,0.28223198773916863,0.0,0.0,0.20382525655035805,0.3492543676953913,0.001279267273020039,0.0,0.0,0.15997705300393555,0.3334917117416867,0.27180017401684975,0.08525147154046829,0.03607012293525092,0.04998167612302455,0.04743261956844482
Etl4_mm,0.0,0.005041410908098209,0.010687312463099325,0.009664111280889152,0.0,0.0,0.0,0.0,0.0,0.002022500839105954,0.0,0.0,0.0,0.0,0.0
Etnk2_mm,0.0,0.00040192445395015406,0.0,0.0,0.0,0.0,9.080897920297458e-05,0.0,0.0006040159043873059,0.0001464967013732425,0.0,0.0,0.0,0.0,0.0
Ets2_mm,0.21194203676558687,0.0,0.05498190669461645,0.3511427941682616,0.07755644053808392,0.005012461889546753,0.033604421047152895,0.22958786233492454,0.0,0.11291522209529548,0.0036395364209078963,0.0,0.0,0.0,0.0
Eva1c_mm,0.0,0.0,0.0,1.4955980972444336e-05,5.5932771393853856e-05,0.0,0.0,0.0,0.0,0.00013346095455438124,0.0,0.0,2.363636160083571e-06,0.0,0.0
Evi5_mm,0.0,0.0,0.0,0.03331161533148836,0.016963052974308345,0.005478399081716488,0.0,0.04494661048967467,0.010326425868267205,0.03330976103701479,0.0,0.0,0.004439447794466033,0.0011322762597653058,0.008981151790994504
Evx2_mm,0.0,0.0,0.0,0.0,0.0,0.0,0.0,0.0,0.0,0.0,0.0,0.0,0.00012452001338892696,0.0,0.00028555698682939605
Exoc3_mm,0.6788520122382016,0.11912220932168863,0.018126175348361452,1.500085013086072,0.5483785187092902,0.3859405721194964,0.0,0.32542432596162624,0.0,0.8859326392268045,0.6118623112846978,0.0,0.0,0.443916493900297,0.588097318897311
Exoc3l_mm,0.06654469273920327,0.0,0.03144491734733654,0.4934230127463248,0.20639833226263546,0.0,0.0,0.012968018226420816,0.0,0.09809945048345285,0.0,0.0,0.0,0.09555297327739787,0.0
Exoc4_mm,0.4384126144376196,0.0,0.0,0.6726568970809002,0.28183547048773017,0.0,0.005262071455964955,0.12577691600029622,0.32300273286259545,0.38049998042690175,0.16472489191350467,0.08759284663569472,0.0,0.028556826473112966,0.32528536551248405
Ezh1_mm,0.19373081266558748,0.008947588384068025,0.023581190322228964,1.047909937249629,0.3759954645055402,0.04293678808088355,0.014656544909215257,0.4729050194831247,0.13482459134922625,0.46268887898385547,0.08834449167669932,0.04272850368868506,0.0,0.013678447749159517,0.09292657112476202
F10_mm,0.0,0.0,0.0,0.0,0.0,0.0,0.008029450646751594,0.0,0.0,0.03881560539643341,0.0,0.0,0.0326628591249105,0.0,0.0
F630028O10Rik_mm,0.0,0.0,0.0,6.706120065904597e-05,0.000676633899385715,0.0,0.0,0.0004268682840252988,0.00018269210767275426,0.0,0.0,0.0,4.534251038042712e-05,4.941655468115904e-06,0.0
F630040K05Rik_mm,0.0026978435128463046,0.0,0.0,0.0,0.0033086214076730553,0.0,0.0,0.0012997108991076815,0.0165016775481102,0.03368095571837424,0.010612732384912187,0.00959737985606968,0.0010108540077511372,0.0,0.0
F830016B08Rik_mm,0.02662727624419744,0.046942888020833275,0.01905726226909663,0.11372816513113439,0.0,0.0,0.0,0.0,0.0,0.2851134917983377,0.036854341222043334,0.0,0.0,0.0213564127149993,0.02408081383769578
F830115B05Rik_mm,0.0,0.0003106615116234389,0.00010091016824388755,0.0021172399417604014,0.00020499894243086722,0.0,0.0,0.00025398243398863597,0.0,0.0024366559258214735,0.0,0.00016094907521393246,0.0,0.0,0.0
Faap20_mm,0.19452195928897217,0.0,0.025341621578027836,0.6079576068340301,0.2628385710431969,0.0,0.0,0.08874586164275575,0.0,0.11022689583158007,0.04111485242923153,0.0,0.0,0.27127654898166814,0.0
Fabp5_mm,0.0,0.000664274825751134,0.0009236372706787027,0.0,0.0,0.0,0.0,0.0005234577679242529,0.0,0.002499515880188842,0.0,0.0,0.0,0.0006601137124517347,0.0
Fabp6_mm,0.0,0.0,0.0008745137273905089,0.0,0.0,0.0,0.00038049176323481595,0.0,0.0,0.0003508194193661387,0.0,0.0,0.0,0.0006379314014438634,0.0
Fads6_mm,0.010506880611123839,0.006555861273488704,0.012580808923842494,0.007367042410509953,0.0,0.0,0.0,0.013916402952615108,0.021231968750855115,0.10359882288180065,0.00654957147777763,0.0,0.03323836524808861,0.00779995907067706,0.0
Faf2_mm,0.3350864544826594,0.08405000201009345,0.0,0.6366223693568122,0.372133454642073,0.03370990797483843,0.0,0.27113047168749416,0.2782018869772533,0.7378198721149738,0.4696351574295376,0.05616064913640086,0.0,0.1125683587900736,0.16924717338683498
Fam114a2_mm,0.10380254802660553,0.005774557642854184,0.0,0.26747192181186424,0.14627724130010636,0.04465413020665276,0.0,0.09266908353691604,0.06742911817635112,0.44189819268921116,0.28724116531274946,0.06883163125951575,0.04481609551048423,0.040842231787483356,0.12989095117317245
Fam120b_mm,0.3899691138253049,0.018031074641792984,0.0,0.4990203114426066,0.2878906787942496,0.014372488872952902,0.0,0.3320281477043217,0.3838686288841392,0.7014776706332081,0.1098500612785145,0.06752227705790192,0.0,0.020643563802516047,0.0
Fam120c_mm,0.0,0.0,0.007924796291984984,0.0894232542703408,0.09783660449805419,0.004566163221488626,0.0,0.0,0.03672795520624751,0.1043581612685306,0.006373266733574611,0.0,0.0,0.0,0.0035216470934360295
Fam122a_mm,0.0,0.0,0.0002055316143089947,0.004564676626764843,0.001806362726247678,0.0005204041506356857,0.0,0.0,0.006091479518691939,0.005924154550200176,0.0,0.0,0.0,0.00013863278839876755,0.004990578836214405
Fam126a_mm,0.5050049456697359,0.05924167589985159,0.018718579059037257,0.8444521455083905,0.3100293858281509,0.04981625349815019,0.23854244939841104,0.43275243629493015,0.011569359246127226,0.28352907071797834,0.2756758601661616,0.10140981040834197,0.10500513482306335,0.0,0.23098284554814974
Fam129b_mm,0.0,0.0,0.0,0.011355560054930526,0.016699133938629682,0.0,0.0,0.09124135630576945,0.0,0.0,0.0,0.0,0.0,0.0005765308124822916,0.0
Fam13c_mm,0.0,0.0,0.0009077342138891635,0.0,0.0,0.0,0.0004737826477629387,0.0002002059038995367,0.0,9.196301184505699e-05,0.0,0.0,6.128220492368948e-05,0.0,0.0
Fam151a_mm,0.0,0.0,0.0005176356171228433,0.0,0.0,4.9462645479362465e-06,0.0,0.0,0.0,0.0,0.0,0.0,2.3212489537096296e-05,0.0,0.0
Fam162b_mm,0.0,0.0,0.0,0.0,0.0,0.0,0.00014918398765240124,0.0,0.0003596739469756131,0.0,0.0,0.0,0.0,3.463835067683072e-07,0.0
Fam170a_mm,0.0,0.0,0.0,0.0,0.0,0.0,0.0,0.00025223206374226783,0.0,0.00040622303565704,0.0,0.0,0.0,0.0,0.0
Fam171a1_mm,0.0,0.00046174704213985555,0.001066897299810935,0.0,0.0,0.0,4.0366665356359424e-05,0.0,0.0,0.0006137280385557186,0.0,0.0,0.0,0.0,0.0
Fam171b_mm,0.0,0.0,0.0004417447470669661,0.0,0.0,0.0,0.0,0.0,0.0,0.0013948559661210206,0.0,0.0,0.0,0.000401217750721972,0.0
Fam173a_mm,0.0243738348118169,0.0,0.0,0.04668295752420251,0.07177420465862432,0.0,0.038375982344690134,0.029818035104921016,0.0,0.0,0.05496186972932527,0.007084973985475494,0.0,0.04385144189424586,0.0
Fam174b_mm,0.0,0.0,0.0,0.0,5.227163808931577e-05,0.0,0.0,5.358688017536218e-05,0.0,0.0002745862748165897,0.0,0.0,0.0,9.221195716650489e-06,0.0
Fam181b_mm,0.0,0.0001008452882675408,0.00015653741549806005,0.0,0.0,0.0,3.244128549294475e-05,0.0,0.0,0.00019889315674139111,0.0,0.0,0.0,0.0,0.0
Fam189a2_mm,0.0,0.0003251687141378115,0.00043044105222373754,0.0,0.0,0.0,0.0,0.0008227091774961102,0.0,0.0,0.0,0.0,0.0,0.0,0.0
Fam193a_mm,0.0,0.23109254385329686,0.10867236373857109,1.1572265622126037,0.1966485343169685,0.11539082186209229,0.0,0.2782805250651583,0.6216409389502018,1.1073717686272033,0.667141821059902,0.07641504107279458,0.0,0.13186780901177625,0.02763887231093132
Fam193b_mm,0.04530451737105087,0.02743143984812978,0.007848481832631522,0.4793735919431771,0.494474511463915,0.0010105734346550824,0.0,0.14105057640391866,0.0,0.7440834009710079,0.5740442380388769,0.0014862873182664024,0.20299187929693088,0.010715926707212449,0.21795822747765836
Fam205c_mm,0.0,0.00014742640194936426,0.0,0.0,0.0,0.0,0.0,0.0,0.00029480888943074946,0.0,0.0,0.0,0.0,0.0003036709918372917,0.0
Fam214b_mm,0.0,0.0,0.0,0.17202222690838645,0.11354379461829482,0.0,0.015523109315650936,0.19465402088199324,0.0,0.041470374723135354,0.0,0.001981897099318887,0.006007888358891896,0.0,0.0
Fam216b_mm,0.0,0.0002942250917566089,8.116720833486804e-06,0.0,0.0,0.0,0.0,0.0,0.00035482314187222646,0.0,0.0,0.0,0.0,0.0002424318844937025,0.0
Fam221a_mm,0.0,0.001079664250664094,0.0011124870208068956,6.256490909111029e-05,0.0006677951006757505,0.0,0.0,0.0006302369412252044,0.0,0.0028815452800533495,0.0,0.0,0.0,0.0,0.0
Fam240a_mm,0.0,0.0,0.0,0.0,0.0,2.6305562505853104e-05,0.0,0.0,8.930498121012751e-05,0.0,0.0002673720661050466,0.0,0.0,0.0,4.32623035991178e-05
Fam241b_mm,0.0001053094100006874,6.36555852645634e-06,0.0,0.0,0.0,0.00015702461439353281,0.0,0.0,0.0,0.0,0.0,0.0,0.0,0.0,0.0
Fam50a_mm,0.008750328207483947,0.0,0.0825764426176486,1.3359891817126177,0.4278930609520248,0.0839914668016935,0.0,0.6914871057878285,0.0,0.4321567438155356,1.089500458442175,0.0,0.5405231193543808,0.6355698746149676,0.0943693187880079
Fam53b_mm,0.2128856287806688,0.0,0.0,0.6340240720414353,0.42450155927647953,0.0,0.031820288999903266,0.0,0.051962742252543014,0.134602400912542,0.6431078843924474,0.12954464467499857,0.011280574262221857,0.0,0.049390741351562434
Fam57b_mm,0.0,0.0007010300297651268,0.00041656226201433925,0.0,0.0,0.0,0.0006217255496604318,0.00022277909610562106,0.00011015907838047863,0.0,0.0,0.0,0.0,0.00010283130461810557,0.0
Fam71b_mm,0.0,0.0,0.0,0.036436877635383925,0.04232612272810602,0.011459369992487662,0.0,0.0,0.0,0.07949981729810197,0.0,0.0,0.0,0.0,0.0
Fam83b_mm,0.0,0.0,0.0,0.0,0.0,0.0,0.0,0.000351378958897222,0.0,0.00030266704282825695,0.0,0.0,0.0,0.0,0.0
Fam90a1a_mm,0.0,0.00023160658989242482,0.0,0.0,0.0,0.0,0.0,0.0,0.0,0.0006776163842942902,0.0,0.00011087936285715455,0.0,0.0,0.0
Fam91a1_mm,0.0,0.00012590929249377703,0.0004155924444718716,0.0,4.349656026733786e-05,0.0,9.991906255473645e-05,0.0,0.0003494485984943344,0.0003015778764639475,0.0,7.708139730927138e-05,0.0,0.0,0.00014120145211436985
Fam92a_mm,0.026666553586658478,0.0004481038647195175,0.0,0.0,0.01826969847739222,0.0,0.0,0.003958396680730738,0.0,0.04730689706235879,0.0,0.0,0.0,0.0,0.0
Fam92b_mm,0.0,0.0,0.0,0.0,0.0,0.00013819685456326964,0.0,0.0,0.0,3.4661876942109735e-05,0.00031820411098705135,0.0,0.0,0.0,0.0
Fam98c_mm,0.035269345436770454,0.0,0.0,0.2531648217973332,0.22108911521121383,0.0,0.0,0.12337990305726983,0.0,0.08607055024139937,0.3092143818054431,0.0,0.022140279993651805,0.019821682395142825,0.0
Fank1_mm,0.0,0.0,0.06204460320260526,0.11422707392868096,0.0,0.0,0.0,0.0663119707115088,0.0,0.0,0.0,0.0,0.0,0.0,0.0
Far2os1_mm,0.0,0.0,0.007606117181330396,0.0,0.0,0.0,0.004302769764788063,0.0,0.0,0.008831432222645897,0.0,0.0,0.0,0.00811988147697179,0.0
Fastk_mm,0.77136155747104,0.0,0.0,0.7213217663254643,0.5612994354729955,0.0,0.0,0.22052042304842623,0.0,0.0,0.43426030114279124,0.0,0.0,0.22123435289244137,0.0
Fat3_mm,0.0,0.0,6.397822074603166e-05,0.00032420750595239984,0.0,0.0,0.00023642687280999632,0.0,0.0002498924139101047,0.00019781249331831394,0.0,2.354981444373806e-05,0.0,0.0,0.00023053859454894417
Fbf1_mm,0.09536748224546139,0.002435156251000835,0.0,0.16472132892465535,0.11082177982215247,0.0,0.0,0.022665615012995997,0.0,0.10826755348427337,0.3301392533964435,0.003393070353457343,0.03464327909769626,0.007280351449875995,0.07037308463042252
Fbln2_mm,0.0003762687223745853,0.0,0.0,0.0,0.0,0.0,0.0,0.0002581856914537124,0.0,0.0010524729406293225,0.0,0.0,0.0,0.0,0.0009505061832135545
Fbn1_mm,0.0,0.0,0.001521217755670111,0.0,0.0,0.0,0.0,0.030530541552979292,0.0,0.007757090283395291,0.0,0.0,0.0,0.0,0.0
Fbp1_mm,0.023829400980666226,0.0,0.0,0.32597318499796274,0.2379448000356361,0.0,0.03448166590158985,0.0,0.0,0.0,0.0,0.030002074014888733,0.0,0.05510110055895502,0.0
Fbxl18_mm,0.2845995408694164,0.0016648038759526946,0.023353252372948354,0.6440502844674406,0.2558497649440343,0.0,0.0,0.1612545750954865,0.0,0.13125185723582705,0.3758036526649492,0.0,0.0,0.025056757636900785,0.0
Fbxl20_mm,0.0,0.0,0.0,0.1798455212067063,0.12151148171338662,0.0,0.0,0.09352218142790632,0.041462557624885356,0.18930357677215223,0.0,0.029137862044062924,0.011669452783230868,0.0,0.0
Fbxl7_mm,0.0,0.0002582800850497575,0.0008859498027427102,0.0,0.0,0.0,0.0,0.0,0.0010527130203629327,0.0,0.0,0.0,0.0,0.00047410316825721607,0.0
Fbxo16_mm,0.0,0.0,5.319822805504769e-05,0.0,0.0,0.0,0.0,0.0,0.0,0.0,0.0,0.0,0.0,0.00041900541862681455,0.0
Fbxo44_mm,0.0,8.37598365589679e-05,0.0,0.0,0.0,0.000282732783860547,0.0,0.0,0.0,0.0,0.0,0.0,0.0,0.00021927858135323717,0.0
Fbxo6_mm,0.2574372732289651,0.0,0.0,0.16882773174339152,0.22383857505108348,0.0,0.0015120801102329173,0.20808542532555185,0.013971729951781559,0.0,0.0,0.0,0.0,0.3904535098784473,0.0
Fbxw15_mm,0.0,0.0,0.0008885924382637785,0.0008737434951040703,0.0,0.0,0.0,7.287000399436922e-05,0.0,0.0,0.0,0.0,0.0,0.0,0.0
Fbxw26_mm,0.0,0.0002582339414584438,3.1434144718832896e-05,0.0,0.0,0.0,0.0,0.0,0.00039631637353377066,0.0,0.0,0.0,0.0,0.0,0.0
Fbxw4_mm,0.028703290714304743,0.0,0.0,0.038323287870316365,0.14760930637372016,0.0,0.0,0.0,0.0,0.0862200955121117,0.0,0.0,0.0,0.004317929090520255,0.0
Fbxw8_mm,0.00023511174925532996,0.0,0.00036450295709419627,0.0,0.0,6.229047413058978e-05,4.305393113209246e-05,0.0,0.0,0.0001752754473773608,0.0,0.0,0.0,0.0,0.0
Fcer1g_mm,0.0,0.0003532906293152252,0.0024301272025701016,0.0,0.0,0.0,0.0,0.002043826574691696,0.0,0.003964313637040036,0.0,0.0,0.0,0.004816594352998206,0.0
Fcer2a_mm,9.375144474226224e-05,0.0,0.008967715332644637,0.0,0.0,0.0,0.004315999963221781,0.008227016854390392,0.00615155986110446,0.055373805684911744,0.005459729458595484,0.0,0.028478775848281655,0.0038642067226451094,0.0
Fcgr2b_mm,1.1581341147500608,0.0,0.0013659367223005036,1.1973012272660228,0.544918304811081,0.0,0.0,0.1948297063295687,0.736214416983907,0.8877355225326777,0.0,0.16380553695755617,0.0,0.8101051956205033,0.0
Fcgr3_mm,0.0,0.0,0.014065959243629644,0.03967458399260688,0.029537665851969923,0.0,0.0,0.018923564308295088,0.0,0.0032221200775549522,0.0,0.0,0.0,0.03113328858928496,0.0
Fcho1_mm,0.05950065491259778,0.0,0.0,0.3027569219212924,0.21889104720907018,0.0,0.01982677346798585,0.04778075041220794,0.0,0.13192657894808726,0.3346128984281588,0.050474759884830016,0.027095916568523785,0.005931948618095833,0.07327711222694318
Fcna_mm,0.0,0.0,4.5285560800866083e-05,0.0,0.0,0.0,0.0,0.0,0.0,0.0004986553787927521,0.0,0.0,0.0,0.0,0.0
Fcor_mm,0.0,0.0,0.0004224578234094288,0.0,0.0,0.0,0.0019204529681593678,0.0,0.0,0.0,0.0,0.0,0.0,0.0,0.0
Fcrl1_mm,0.0,0.0,0.0,0.020678680326671285,0.0,0.0,0.0009484424445320045,0.0026907097885219685,0.0,0.0,0.0,0.0,0.0,0.00961333197053162,0.0
Fcrls_mm,0.0,0.0,0.0,0.0001506125662877518,0.0,0.0,0.0,6.0917118735473805e-05,0.0,2.6667022942823145e-05,0.0,0.0,3.217396368309659e-05,0.0,0.0
Fdx2_mm,0.010936439837011898,0.0,0.0,0.001640548326906337,0.0029509684256023385,0.0,0.0007783067094077189,0.005673949404812524,0.0,0.008105121066999016,0.011347225322227322,0.0,0.0,0.0031247240299718906,0.0
Fer1l4_mm,0.0,0.000489338534986663,0.0005258780321845985,9.130752263691574e-05,0.0,0.000567424609607812,0.0,0.0,0.0,0.0017113458109267539,0.0,0.0,0.0,0.0,0.0
Fer_mm,0.0,0.0,0.00021306454961634785,3.3740619082182994e-06,0.0,0.0001713170156187761,2.64232086765538e-05,0.0003254196232145453,0.000321400841722585,0.00043904263906226307,4.556864056521473e-05,0.0,0.0,0.0004106482516574601,0.0
Fermt1_mm,0.0,0.0,0.00021198864808362507,0.0007533623223945638,0.0,0.0,0.0,0.0,0.0005493772387036171,0.0,0.0,0.0,0.0,0.0,0.0
Fermt3_mm,1.0123860707130419,0.06520578794137416,0.0,0.9693469269530061,0.35490060350699393,0.046133071318234,0.0,0.10472499950150971,0.0,0.5162653867605229,0.8656160110338377,0.004648110988208182,0.15385038172908774,0.03301636236908631,0.0
Fes_mm,0.2514106303708488,0.0039789089543259,0.0,0.6507645549875593,0.14814658099651531,0.0,0.0,0.05437726578349952,0.0,0.12004384052629583,0.06482642860243192,0.0,0.0,0.09699268164468494,0.0
Fetub_mm,0.0,0.0,0.0006818298285141117,0.00048422044436321777,0.0,0.0,4.37439969973231e-05,0.0,0.00047110119348554017,0.0010075177907458881,0.0,0.0,0.0,0.0,0.0
Ffar2_mm,0.0,0.0,0.0,0.1423198792322881,0.02531928899469384,0.0,0.0,0.0,0.0,0.04389739286104635,0.0,0.0,0.02610238033413702,0.005353235128173157,0.0
Fgd3_mm,0.0,0.0,0.0,0.22449798318700204,0.0766854414283822,0.0,0.0,0.41669779979223276,0.0,0.21257732029668416,0.07913553887314233,0.0,0.04150884879688215,0.006587599625318209,0.0
Fgd4_mm,0.037174456287356925,0.050811120296104524,0.09994946508967527,0.050971934723323106,0.0,0.0,0.0,0.0,0.47677659777270903,0.5496098491529099,0.04040707900116697,0.015984715815415707,0.021277193298403576,0.027317979601741708,0.010371004819812296
Fgf11_mm,0.017161336219101934,0.0,0.0,0.09660771765346005,0.08836858365347329,0.0,0.0,0.025896272154450888,0.0,0.07828873391782361,0.0,0.0,0.029476667812167335,0.006914671554767747,0.0
Fgf13_mm,0.0013550564744075546,0.0,0.0,0.0,0.0,0.0,0.0,0.0,0.01993993237422736,0.044267967164620205,0.006193575760243348,0.0,0.028670435911649396,0.0,0.0
Fgf1_mm,0.0,0.00042948323759072095,0.0006542418328638717,0.0026314876930626984,0.0,0.0,0.0,0.00227284223229652,0.0,0.0027928873516518565,0.0,0.0,0.0,0.0003840704388986486,0.0
Fgf20_mm,0.0,0.0,0.00016580865163128212,0.0,0.0,0.0,0.0,1.327971912983963e-05,0.0,0.00033074597532135213,0.0,0.0,0.0,0.0,0.0
Fgf4_mm,0.0,0.0,0.0,0.0,0.0,0.0,0.0,0.00016932000932403998,0.00033750881440983865,6.363614662007232e-05,3.90473825406317e-05,0.0,0.0,0.0,0.0
Fgf7_mm,0.0,0.0,0.0,0.000601769007448624,0.0,0.0,0.0,0.0004106537234016212,0.0018411774446690785,0.0019518976028418359,0.0005972115518295485,0.0,0.0005084573107646908,0.0,0.0
Fgfr1_mm,0.934810810801184,0.16787366167908083,0.03970951784296271,0.5061750505229156,0.1329382792122991,0.0,0.0,0.9368592013893028,0.0,0.0,0.1396126236751333,0.02530164254702698,0.04713180412135328,0.02890571464791369,0.024017311444483918
Fgfr1op2_mm,0.3692704612878838,0.042063009303171056,0.007678655606951298,0.5512421018634088,0.31226040764471874,0.03848094759957829,0.37344539307079766,0.1238185648146271,0.21632244131991069,0.30467778436998666,0.511701863116865,0.08703267617893741,0.0,0.1231949003021274,0.19622074043390048
Fh1_mm,0.29184217036960913,0.0,0.0,0.07274505074554588,0.0,0.0,0.0,0.0,0.16802978150576237,0.08266831899937485,0.11755941842917243,0.040078392610993226,0.0,0.05700771977727011,0.034909290775386875
Fhad1_mm,0.0,0.0,0.0007531375137996751,0.0009987719639284484,0.0,0.0,0.0010704159319252782,0.0,0.0,0.005311645827547789,1.3435062455771863e-05,0.0004583466203280014,0.0010443349785301092,0.0,0.0008092876031670019
Fhod1_mm,0.0,0.0,0.03891707089680451,0.12979771347072408,0.041389057647063576,0.0,0.0,0.3992068332413294,0.0,0.31312817738059484,0.0,0.0,0.0,0.0,0.0
Fignl2_mm,0.0,0.00014588101648348008,5.471826271969899e-05,0.0,0.0,0.0,0.0,0.00023385499461471248,0.0,5.403635372496528e-05,0.0,0.0,0.0,0.0,0.0
Filip1l_mm,0.0,0.07624855107418392,0.0,0.6915704399211076,0.06182142067457797,0.0,0.09660000479315223,0.2409661267855509,0.2072422141026727,0.5460441021795832,0.0,0.06904205930402722,0.002656907296528309,0.004777541551568634,0.0
Fkbp10_mm,0.0,0.0,0.0,0.0,0.0,0.0,6.484229037928397e-05,0.0,0.00018754616480278215,0.0006793548972889837,0.0,4.879549684467055e-05,0.0,0.0,0.00012289001142589073
Fkbp6_mm,0.0,0.0,0.003341149341989832,0.0039341274839261,0.0003099773222673459,0.0,0.0,0.0,0.0,0.0002466679187216215,0.0,0.0,0.0,0.0005061198205375488,0.0
Fkbp8_mm,0.5497659960604527,0.13242055956954787,0.0,0.869898603919018,0.5978347432358461,0.0,0.008463679419821037,0.14918621169118684,0.16035520177007592,0.0,1.0262961228790661,0.0,0.0,0.4869260034625659,0.0
Flii_mm,0.0,0.05625640345155522,0.012175186560870617,0.8420174345317237,0.28348088339078703,0.0,0.0,0.24169221304338084,0.0,0.2626327687785715,0.796359777255751,0.15925730783233713,0.12696114828213137,0.0,0.0
Flna_mm,0.5026605054812675,0.0,0.0,1.4640022530207777,0.3143091720336162,0.0,0.39876842664024004,0.5823386327952147,0.4210422580797669,0.0,0.3068537451162863,0.0801350002531296,0.0,0.369411189784035,0.19343703631517692
Flot1_mm,0.25247953165284837,0.0,0.011163331250359941,0.5839557345019499,0.27257115404333937,0.0,0.0,0.1758897941683857,0.0,0.0,0.0,0.0,0.0,0.15131024213870942,0.0
Flt3l_mm,0.0,0.0,0.0,0.06834170079490888,0.20042641875107087,0.0,0.0,0.0,0.0,0.0,0.016993668187509883,0.0,0.0,0.014012410340276131,0.0
Flywch1_mm,0.0,0.0,0.0026859044779343542,0.015028365538237389,0.007105560975096033,0.0023797911016269664,0.0,0.0,0.0,0.020083713374783322,0.0,0.0,0.0,0.0,0.0028538391779092042
Flywch2_mm,0.0,0.0,0.00032723105353676274,0.0,0.0,0.0,0.0,0.004289400251331536,0.0,1.849242606776465e-05,0.0,0.0,0.0,0.0,0.0
Fmnl1_mm,0.0278465511965714,0.0,0.03669440949163949,0.30162666141084754,0.059675743055567575,0.0,0.0,0.0,0.15721036201053562,0.06849064820094342,0.1696296894512153,0.02082089278486868,0.017225668933456957,0.07533481158886594,0.0
Fmo2_mm,0.0,0.0003554155337278777,0.0002598501358137983,0.0,0.0,0.0,0.0006867502622357451,0.0,0.0,0.0,0.0,3.208647159452978e-05,0.0,0.0,0.0
Fmo4_mm,9.928081579135405e-05,0.0,0.0,0.0,0.0,0.0,0.0,0.0001316725161343818,0.0,0.0004751615034003186,0.0,0.0,0.0,0.0,0.0
Fmr1nb_mm,0.0,0.003763509752219871,0.020635611969591548,0.001515116463541859,0.0,0.0,0.0,0.0,0.0,0.0,0.0,0.0,0.0,0.01537659589238977,0.0
Fndc1_mm,0.0,0.0,0.00037775691124130044,0.0004464619171900274,0.0,0.0,0.0,0.00011411697068751945,6.527460160024178e-05,0.0,0.0,6.693754132874706e-05,0.0,0.000754204749821453,0.0
Fndc3a_mm,0.0,0.0,0.08635077279210641,0.3157876952119189,0.1960649090437661,0.06118332386654761,0.05958321955712397,0.24725984081739072,0.40866644981440925,0.5373587218313556,0.12790063070593394,0.01573537604286145,0.0,0.038359920090313644,0.0
Fndc3b_mm,1.0814634226387752,0.0027932912735302387,0.08802081144244242,0.23294098581522044,0.9566306343919803,0.0,0.1504634144912191,0.3325987440917048,0.12612855459300074,0.291875064176008,0.0,0.17441952988163464,0.0,0.0,0.0
Fndc4_mm,0.0,0.0,0.0,0.00031800511011725733,0.0,0.0,0.0,0.0,0.0,4.357152351109401e-05,0.0,0.0,0.0,0.0001357221950702124,0.0
Fndc5_mm,0.004797673844869634,0.0,0.0,0.011538958823862147,0.015876152898705267,0.0011981179018163838,0.0,0.008993474177057747,0.0,0.008155155473491972,0.0008808852390188417,0.0,0.0,0.0028380550239229187,0.0
Fnip1_mm,0.0,0.0,0.0,0.0,0.21455867184197672,0.0355235111907705,0.0,0.9273076079623035,0.11803001492476596,1.14807222242734,0.03167419157917751,0.173595056342225,0.04983242692138557,0.0,0.0
Fos_mm,0.0,0.0,0.0153606130593619,0.0,0.0,0.011060548313421306,0.0,0.08064988738507207,0.0,0.08853071952074779,0.08630201332385466,0.0,0.011279054968671728,0.0,0.0
Fosb_mm,0.0,0.0,0.010979268410461668,0.0,0.0,0.030095861202839528,0.0,0.10091332314013794,0.0,0.04012438083749269,0.29358696044860766,0.0039469771178864575,0.1166087211224319,0.0,0.0
Foxd1_mm,0.0,0.00029789958471736834,0.0,0.0,0.0,0.0,7.2076895328181e-05,0.0,0.0,0.0007142077335387794,0.0,0.0,0.0,0.0,0.0
Foxi1_mm,0.0,0.00018609819255829027,0.0003653605713744944,0.0,0.0,0.0,0.0,1.0878933270111621e-05,0.0,0.0,0.0,2.3748609881487635e-05,0.0,0.0,0.0
Foxn3_mm,0.565901803168184,0.0,0.0,0.748977583668153,0.5239487749417346,0.10259326765073723,0.0,0.43321116491567807,0.0,1.0213654057602084,0.04904928779604091,0.023059619277784854,0.08041492613963909,0.0,0.341175750580561
Foxo1_mm,0.252657747085475,0.044693890913266664,0.0,1.5933699881204122,0.2522544545248874,0.15094592758245884,0.19046963930401306,0.5830941224538897,0.09154071734150293,0.6012885386991845,0.0,0.0,0.0,0.11807697011894473,0.0
Fpr3_mm,0.0,0.0,0.00022929490394839666,3.397526914884529e-05,0.0,0.0,0.0001599545925473081,0.0,0.0,0.0,0.0,0.0,0.0,0.00043156060712927057,0.0
Fras1_mm,0.0,0.0,0.0,0.0051798606387033095,0.0020138063959866588,0.0005214959723469034,0.0,0.0,0.0003015732684425969,0.006902069241466686,4.9598403344438946e-05,0.0,0.0,0.0,0.0
Frem3_mm,0.0,0.0007849696700142724,0.0005357430097060449,0.0006196812076690433,0.0,0.0,0.0,0.0,0.0,0.0010040647810268973,0.0,0.0,0.0,0.0015305993717374484,0.0
Frmpd1_mm,0.0,0.0,0.0,0.0003260300278939287,0.0,0.0,0.0,0.0,0.0005641041839197066,0.001500911221079701,0.0,0.00020171480211281874,0.0,0.0012928356182052743,0.0
Frs3os_mm,0.0,0.0002883929133646059,0.0,0.000266807432571847,0.0,0.0,0.0,0.0,0.0,0.0,0.0,0.0,0.0005012525146319145,0.0,0.0
Fry_mm,0.015558117596467098,0.030073158787774865,0.0,0.4549952157481956,0.1509319230900432,0.0,0.0,0.0925555207096804,0.38101402409329554,0.1681945202888489,0.0,0.043649952390727276,0.1375699742496199,0.0,0.0235918235236853
Fth1_mm,3.612426267631056,3.023786900743723,0.008075884489315182,0.0,3.4341912973747943,2.1589971867058404,4.706221084074974,3.8299076322286347,0.48876393756665926,0.0,0.0,0.5965543368973999,0.573582835986989,3.905277507822602,0.0
Fthl17f_mm,0.0,0.0,0.005289759399043834,0.00432648719033814,0.0,0.0,0.0,0.0,0.0,0.0,0.0,0.0,0.0,0.00028270156278942715,0.0
Ftl1_mm,2.6072992877537966,1.64248555874799,0.0,0.0,2.7644832865078026,0.0,0.2195875875513077,2.9979847266771964,0.0,0.0,0.8220121790287437,0.0,0.0,3.226843269223174,0.0
Fuca1_mm,0.41429725421728736,0.005502104676729939,0.021418327769637396,1.0512209548496696,0.36989367046089394,0.0,0.06931886669051884,0.34973076375523615,0.0,0.0,0.28899785154004687,0.03639951688067523,0.0,0.1710815324498786,0.0
Furin_mm,0.0,0.0,0.10987588016623888,0.03275484939479481,0.067699767360084,0.0,0.015331500091300259,0.3969186136924443,0.2027560546151587,0.1488611593001453,0.041778592252754994,0.0,0.07429998000585057,0.0,0.0
Fxyd1_mm,0.0,0.0,0.000781134680497401,0.0,0.0,0.0,0.0,0.0,0.0,0.0001837867333808987,0.0,0.0,0.0,0.001048697176619224,0.0
Fxyd2_mm,0.0,8.869536402618154e-05,0.004056300409921253,0.00013749467057198262,0.0,0.0,0.0,0.0017281732426393072,0.0,0.0,0.0,0.0,0.0,0.0002540897357637019,0.0
Fxyd6_mm,0.0,0.0,0.0,0.0002888534118103575,0.0,0.0,0.0,1.9023503234322568e-07,0.0,0.0,0.0,0.0,0.0,0.0,0.0
Fyb2_mm,0.0,0.0,0.0001989908392018776,4.500740662521348e-05,0.0,0.0,0.0,0.0003219798552749253,0.0,0.00025654879902397556,0.0,0.0,0.0,0.0007708751191523095,0.0
Fzd9_mm,0.0,0.00011099514728998486,0.0,0.0,0.0,0.0,0.0,0.0,0.0,0.00023461105050276643,0.0002083951006816683,9.525439598291381e-05,0.0,0.0,0.0
G630055G22Rik_mm,2.123494972398816e-05,0.0,0.0,0.00025317612942355334,0.0,0.0,5.5376194801229434e-05,0.0002707132542349931,0.0,0.0,0.0,0.0,0.0,0.0,0.0
Gaa_mm,0.512839276660998,0.0,0.0,0.5572608459184778,0.48524597699854927,0.0,0.0951774701492803,0.13955512719862362,0.0209148885705579,0.0,0.36175965714794733,0.0,0.0,0.18935202899996115,0.0
Gab2_mm,0.0,0.0,0.017407515742714565,0.6316849360381708,0.7153857812209432,0.0024747281665726483,0.08614006792930637,0.4171890415722028,0.36910965075298346,0.410529464929136,0.018839811254064733,0.13267638167417725,0.0988309251745582,0.0,0.19991702010604395
Gabarap_mm,0.0924100601162853,0.1898122148789536,0.21506569229751704,1.2442449411989518,1.064511556817532,0.16607434045321967,0.6228319661930166,1.6081694521695717,0.4995150418931692,0.3494388953871985,0.0,0.0,0.0,1.6219008533965384,0.0
Gabrd_mm,0.0,0.0,0.0,0.0597054815608193,0.048102429529559496,0.0,0.0,0.004599640472530451,0.0,0.011912323692846834,0.0,0.0,0.0,0.0,0.0
Gabrr1_mm,0.0,0.0,0.000697715888118139,0.0014173275074236599,0.0,0.0,0.0,0.00016718800770488618,0.0,0.001587331329741389,0.0,0.0,0.0,0.0019303902568694792,0.0014439047115704458
Gad2_mm,0.003557022409350057,0.0,0.013540393138363338,0.004877932075524302,0.0,0.0,0.0,0.0,0.04642146705553078,0.0795014896246704,0.0,0.0,0.03923118106377819,0.0,0.0
Gadd45a_mm,0.0,0.0,0.0,0.024423854196217922,0.06076878275758596,0.0,0.0,0.1617101936268763,0.0,0.09606208928329996,0.0,0.0011542841106586084,0.017166685780881107,0.0,0.0
Gadd45b_mm,0.0,0.02912410756099773,0.0,0.0953136613422527,0.006590209595255178,0.0,0.011822933050163258,0.5316944779799415,0.0,0.20100776446792928,0.0,0.0,0.0,0.07503690453505232,0.0
Gadd45g_mm,0.0,0.0,0.024944275809115412,0.09222260575301101,0.026847513828460297,0.0,0.0,0.05058703369506214,0.0,0.10930480591675258,0.0,0.0,0.0,0.08235934715317834,0.0
Gal3st2_mm,0.0,0.0,0.0,0.0005851013802655465,0.0,0.0,0.0,4.727606051335006e-05,0.00031665054567933394,1.397609265436622e-05,0.0,0.0,0.0,0.0,0.0
Gal3st2c_mm,0.0003629775937405449,0.0,0.0005093964207600133,0.0011446470842447923,0.0,0.0,0.0,0.0,0.0,0.008264800389680735,0.0,0.0,0.0,0.001986694193722921,0.0
Galm_mm,0.0,0.0,0.000279941235277011,0.0002167684317955943,0.0,0.00038183022007996477,0.0,0.0,0.00035059853249966554,0.0,0.0005931861320401546,0.0,0.0,0.0005647536583604726,0.0
Galnt10_mm,0.0,0.0,0.0,0.01246245703274218,2.977849278222459e-05,0.0018057633712615826,0.0,0.0,0.0,0.011767412329017546,0.0,0.0,0.00021047562437753105,0.00354682503168695,0.001969575637032699
Galnt15_mm,0.0002355931557184007,0.0,0.0,0.0,0.0,0.0,0.0003282689603970205,0.0,0.0006408888280179099,0.0005401811155806013,0.0,0.0,0.00011988169294197808,0.0,0.0
Ganc_mm,0.1418760071627276,0.06196115749988868,0.0011406480291660682,0.5294265912970113,0.2417938378034326,0.0,0.0,0.06284266628037606,0.14353904398339448,0.2377691356122667,0.0,0.0,0.0,0.07247635158995556,0.06376573415424697
Gapdh_mm,1.106988965547317,0.10882016558150336,0.0,0.20107173076666476,0.20910439526597344,0.33512159642725037,0.0,0.6636880739074129,3.4051278641258613,0.11064219007850805,2.086111713397051,0.0,0.0,3.879440464872355,0.0
Gas1_mm,0.0,0.0003329298524980456,0.0,0.0,0.0,0.0,0.0,0.0001335101911362351,0.00025994240750114246,0.0,0.0,9.871717878537623e-05,0.0,0.0,0.0006138551319422967
Gas5_mm,0.0,0.19267300661691308,0.22938709450074707,0.0,3.0455125459395993,0.012482770845041923,4.038775409990417,0.0,0.8702027739051509,1.1935467637516353,0.0,0.6613002208559638,0.5837816141468335,0.5865350597540026,0.5358070539985785
Gas7_mm,0.020445519202863485,0.0,0.0,0.6464422796535235,0.0,0.008286269810224591,0.0,0.011332505171863988,0.0,0.10843167656338562,0.0,0.11549580856276376,0.0428853732297181,0.01915219489331849,0.09305299372112115
Gba_mm,0.38024697800217083,0.0,0.018046682623132807,0.7479671195780667,0.5145637222045075,0.030186139812587318,0.03321830523825247,0.4242071612875423,0.2444549723045106,0.0,0.2142118309385313,0.0,0.0,0.2664945055907587,0.02945913997851441
Gbf1_mm,0.5868710122101584,0.13266714084733375,0.04096765371109954,1.805259466309009,0.4412755150143534,0.38783679688432593,0.11706264876644817,0.2162892062005322,0.285522523109389,0.858504833598589,0.6507278528839648,0.0,0.0,0.08965165302831983,0.5027999180294463
Gbp2_mm,0.0,0.015770661976953388,0.010513189104180691,0.08650191178179054,0.014385086573853068,0.0,0.0005945659828495552,0.018303747490910346,0.0,0.05620873050311424,0.0,0.0,0.0,0.0010319261325327732,0.0
Gbp4_mm,0.0,0.0031798139993455747,0.002008124143792361,0.019054599089147455,0.001655230271054587,0.0,0.0,0.007428720261063283,0.0,0.01840539292134568,0.0,0.00022399508200304162,0.0,0.0,0.0
Gbp5_mm,0.0,0.006168413278731158,0.0045623089669075394,0.05695382817202855,0.0,0.0,0.0033406267766933322,0.0,0.0,0.04033489229867167,0.0,0.006997384352885468,0.0010009095467573839,0.0,0.0
Gbp6_mm,0.0,0.0021986683918201358,0.00010054417367732368,0.006681832892211136,0.0031308845157166803,0.0,0.0,0.0003677508477584562,0.0,0.004316802573773543,0.0,0.0,0.0,0.0,0.0
Gbp7_mm,0.36179917190744876,0.0,0.0,1.4774920787094297,0.0,0.2008655663105594,0.0,0.0,0.6110114310750104,0.622889510397049,0.09264103253010512,0.2360950488573487,0.09879934005666653,0.10334747223410579,0.5574154788052403
Gbp8_mm,0.0,0.0005400645242040426,0.0,0.011830475096354947,0.003082386732619622,0.0,0.0,0.0,0.0,0.009697102424671832,0.0,0.0033811687500100236,0.0,0.0,0.0
Gch1_mm,0.10504951479720924,0.0,0.0,0.07137278104425077,0.08192096635452743,0.0,0.01143062591810305,0.25514018069334343,0.07087852105625289,0.13801328492584927,0.0568917057247369,0.02728550463832403,0.0,0.030281276339896693,0.0
Gchfr_mm,0.0,0.0,0.0,0.0009224521371193919,0.0,0.0,0.0,0.0,0.0,0.0005506603266871341,0.00020120811485339828,0.0,0.0,4.290877716527808e-05,0.0
Gck_mm,0.0,0.0,7.036067072270077e-05,4.709737950591972e-06,0.0,0.0,0.0,0.0,0.0,9.505629555835763e-05,3.110685927753236e-05,0.0,0.0,0.0,0.0
Gclm_mm,1.1171877985526262,0.0,0.0,0.22333685625580627,0.31872441039593674,0.0,0.0,0.7277876655232387,0.3649509873991296,0.22131763522438974,0.47332120923846116,0.0,0.0,0.0,0.0
Gcm1_mm,0.0,0.005601108633823336,0.0,0.0,0.0025941663137429957,0.0,0.003201085762131808,0.0,0.0,0.09695609840654067,0.0,0.0,0.09144898098326915,0.0,0.0
Gcn1_mm,0.5669363747663646,0.2175689257671335,0.04148787969657799,0.8701841774593894,0.5690344974279637,0.27545112315114106,0.0,0.4963047154961307,0.0,1.1500952123514672,2.140795624657127,0.13184721724127527,0.3499546145782265,0.0,0.0
Gcnt2_mm,0.0,0.0003271544309687355,0.0002496368269261071,0.004521513265588592,0.0,0.0,0.0008919544184529492,0.00016453756382478393,0.0,0.00035157814314524844,0.0,0.0,0.0,0.001188813438297983,0.0003211250137087682
Gdf5_mm,0.0,4.2399353975082825e-05,0.0,0.000485157779475206,0.00023250984141520367,0.0,0.0,0.0,0.0,0.0,0.0,0.0,0.0,8.442020290514696e-05,0.0
Gdi1_mm,0.20546115293552453,0.04369613422787104,0.0059387861529554085,0.2638371304436539,0.3109229166492923,0.0,0.0,0.13982903516689038,0.07095923156545307,0.2635881208530118,0.0,0.0454624563574793,0.023587340071473402,0.02951677362505893,0.009812567227310512
Gfap_mm,0.0,0.0,0.0,0.0,0.0,6.118520691810746e-05,0.0,0.00012434422155343833,0.0,0.0009475460736180611,0.0,0.0,0.0004547809345409436,0.0,0.00038102484417440967
Gfi1_mm,0.1867242248047318,0.0,0.0,0.13715089439207157,0.17723683879490149,0.0,0.0,0.17840040352560066,0.002525038230788775,0.21095355715582834,0.0,0.011975297836180959,0.00012260946508925303,0.05158718051779198,0.058645292232383454
Ggnbp1_mm,0.0,0.0,0.10835920794471308,0.0,0.0,0.0,0.030718869500717227,0.0069288225904656706,0.49020903466404836,0.0667354972459806,0.0,0.0,0.07099800034690332,0.032336258066154824,0.0
Ggnbp2_mm,0.5272302954050885,0.0,0.0,0.37646958974698186,0.5899710322432146,0.341467935955963,0.0,0.4282212781565591,0.0,1.995817149957138,1.304764386266067,0.2679892623874617,0.6341386596184694,0.0,0.8273140606703281
Ggt1_mm,0.0,0.0,0.016311872005893017,0.08800524317031719,0.030469209152847117,0.0,0.0,0.0,0.0,0.008371280430825124,0.022187364792682428,0.0,0.0,0.01979469977998417,0.0
Gh_mm,0.0,0.002137106913466625,0.03854537845851396,0.0204053422934253,0.0,0.0,0.0,0.0,0.0,0.0,0.0,0.0,0.0,0.04050914310062076,0.0
Gigyf1_mm,0.0,0.0,0.0,0.011089304116412842,0.12484095739883098,0.0,0.0,0.2232913292353295,0.0,0.5659374786598456,0.14942576186108975,0.0,0.1282493374356707,0.0,0.0
Gimap3_mm,0.8985496177366902,0.0,0.0,1.221713473929677,0.5248546352571282,0.021860704629781565,0.0,0.1157351121273507,0.27423752381462496,0.10649822124942467,0.0,0.030129603167045316,0.0,0.14394815293304558,0.0
Gimap8_mm,0.058451169462220405,0.06374555882060444,0.031378799200735295,0.5066147099380558,0.20802615812168992,0.0,0.0,0.25053994044081584,0.12954702991168793,0.14685959946083876,0.0,0.10314513803927822,0.028787689377568208,0.0,0.04935036076195503
Git2_mm,0.5331868183523603,0.035560619174247875,0.06639924531947261,1.1043088612894496,0.4716028661417605,0.045159909304153964,0.0,0.3772333496229726,0.6229959179859619,1.552437949077321,0.5386913099905938,0.44915364972301713,0.11439185839863363,0.11274018543077925,0.12635262169535239
Gja5_mm,0.0004542402925653914,0.0,0.0,0.0010525124903140299,0.0,0.0,0.0,0.0,0.0002308126604071465,0.0006933981821189622,0.0,0.0,0.0,0.0,0.0
Gjc1_mm,0.0,0.00014789750498946571,0.0005402459517180447,0.0,0.0,3.1110564707633884e-05,0.0,0.00075303999110049,0.0,0.0015592108665341325,0.0,0.0,0.0,6.50351975366263e-05,0.0
Gkap1_mm,0.0,0.00030163107767013005,0.0,0.0,0.0,0.0,0.001935336808057374,0.0,0.00019460666850590165,0.0036758252482417923,0.0,0.0,0.0,0.0017799084009009233,0.0
Glipr2_mm,0.006424071234339197,0.0,0.030318117853036407,0.4147919146038556,0.32306845718611504,0.0,0.0,0.1631489750393132,0.0,0.019336474472379073,0.08513080612793322,0.05054902683978991,0.024419614090729527,0.3671973600414828,0.0
Glmp_mm,0.3445911807121423,0.0,0.0034751532753284084,0.43712184936296866,0.22649301932587723,0.0,0.0,0.4094077187981859,0.0685725459584156,0.09186970113278353,0.0,0.0,0.0,0.43547970900335636,0.0
Glp2r_mm,0.0,0.0,0.0,3.405205758833885e-08,0.0001505833132422315,0.0,0.0,0.0,0.0,0.00010371626504743476,0.0,0.0,0.0,0.0,0.0
Glra4_mm,0.00017267718713165765,0.0,0.0,0.0,2.6136069478874807e-05,0.0,0.0,1.5984719175805447e-05,0.0,3.224797984408775e-05,0.0,0.0,0.0,0.0,3.892782168655677e-05
Glt6d1_mm,0.0,0.00015351001252218512,0.0,0.0,0.0,0.0,0.0,0.0,0.0,0.00038977058888704655,0.0,0.0,0.0,0.0,0.0
Gm10033_mm,0.01777842171420789,0.004319438612805341,0.004949005515242241,0.03559147458406191,0.00537500832359853,0.0,0.0,0.0036643151313770573,0.0022691981349494163,0.09202307928793835,0.0,0.0,0.0,0.003081852793756431,0.0
Gm10125_mm,0.01634963631784028,0.0009051022002287931,0.0,0.01597929725468812,0.025022519659251723,0.0,0.0,0.009051196880083956,0.006999083252712485,0.06559898885810882,0.009274067303741501,0.008539249153213975,0.0,0.005409403963961606,0.0
Gm10131_mm,0.009126351444911862,0.0,0.0025577688948837806,0.00546207042566674,0.0,0.0,0.0007087619078003672,0.0,0.0,0.0,0.0,0.0,0.00271210518188548,0.0195512645353337,0.0
Gm10165_mm,0.0,4.862125884137077e-05,0.0,0.0,0.0,0.0,0.0,0.0,0.0,0.0,0.0,0.0,0.0,0.0004012858835656713,0.0
Gm10203_mm,6.471963633746214e-05,0.0,0.0,0.0001453348990134889,0.0,0.0,2.7748996489495774e-05,1.9209474264474662e-05,0.0,0.0,4.928725094620479e-05,0.0,0.0,1.2675381220715215e-06,0.0
Gm10220_mm,0.0,0.0,0.0002493992341008403,0.0,0.0,9.270240402252641e-05,0.0,0.0029040773200404314,0.0,0.0,0.0,0.0,0.0,0.0,0.0
Gm10385_mm,0.0013928256521915045,0.0,0.0,0.0,0.0007173245182150025,0.0,0.0,0.0,0.0,0.00521613145914479,0.0010580226954030698,0.0,0.0021232451195697783,0.00013810264134002853,0.0
Gm10388_mm,0.010096652922823801,0.005307247921820542,0.022714302757567428,0.011482090320951585,0.0,0.0,0.0,0.036516044095744375,0.01946755771188308,0.13331861655578187,0.0006892405036392654,0.0,0.032758460841795047,0.004523486225911236,0.0
Gm10399_mm,0.0,0.0,3.688240334147148e-05,0.0,0.0,0.0,0.0002520122440528264,0.0,0.0,0.0,0.0,0.0,0.0,0.0005141244153837669,0.0
Gm10428_mm,0.0,0.0004126014956850557,0.0003598324311085739,0.0001877650763457025,0.0,0.0,0.0010441522493847637,0.0,0.0004534809962095116,0.0,0.0,0.0,0.0,0.0009040464831263331,0.0
Gm1043_mm,0.0,0.0,0.0,0.03548832900634216,0.026678250443332725,0.0,0.0,1.798917014672991e-05,0.0,0.09246411457783595,0.0,0.0038988681058675003,0.0,0.0,0.0
Gm10441_mm,0.0,0.0002637618752382748,8.09993198232187e-05,0.0,0.0,0.0,0.0,0.0008007906451765204,0.0,0.0,0.0,0.0,0.0,0.0,0.0
Gm10471_mm,0.0,0.0,0.0,0.0,0.0,0.0,0.0,0.0036199673667674246,0.0,0.0010697453684276317,0.0,0.0,0.0,0.0,0.0
Gm10524_mm,0.11537692483170725,0.15619196365254345,0.04390897865180124,0.0,0.0,0.0,0.0,0.0,0.14386466295133427,0.08387705757176786,0.0737477096737302,0.0,0.0,0.3362553122424662,0.08607320596381413
Gm10564_mm,0.0,0.0001332078022507188,0.0,0.0,0.0002837701319748956,0.0,0.0,0.0,0.0,0.0,0.00012657115033573468,0.0,3.080321815261082e-05,0.0002590244012477045,0.0
Gm10629_mm,0.0,0.0030292958849635564,0.0,0.0,0.0,0.0,0.0,0.0,0.0006101001024528495,0.0,0.0,0.0003217054537073537,0.0,0.0,0.0
Gm10635_mm,0.0,0.0,0.00026807399645616977,0.0,0.0,0.0,0.0,0.0,0.0,0.0003349416754243642,0.0,0.0,0.0,0.00024175017996812636,0.0
Gm10660_mm,0.06065994783755889,0.0160135035390631,0.020617707643957428,0.13248272778747167,0.0,0.0,0.0,0.0,0.14897247563427468,0.561758039704177,0.08996908770857494,0.019276169438972892,0.0,0.0,0.0
Gm10688_mm,0.0,0.0,0.0,0.0007289081842324224,2.178981961700314e-05,0.0,0.0,0.0,0.0,0.0001533670421135829,0.0,0.0,0.0,0.0,0.0
Gm10701_mm,0.0,0.0,3.091535988250404e-05,0.0006735683761680281,0.0,0.0,0.0,0.0,0.0,0.0004180734154956592,0.0,0.0,0.0,0.00013299940833996613,0.0
Gm10714_mm,6.685921069552455e-05,3.215660865067967e-05,0.00013816383388785965,0.0,0.0,5.176609790931335e-05,0.0,0.0,0.0,0.0,0.00011284865269845629,0.0,0.0,0.0,0.0
Gm10727_mm,0.0,0.000139156904874481,0.0,0.0,0.0,0.0,0.0,0.0,0.0,0.0009196954285199527,0.0,0.0007089105081182766,0.0,0.0,0.0003917486170682826
Gm10800_mm,0.0,0.53186347552877,0.3121271453117177,0.0,0.0,0.0,0.4650037899805977,0.0,0.6288378473189579,0.0,0.0,0.0,0.0,0.31231047121730604,0.0
Gm10801_mm,0.0,0.16174300282765647,0.09631345596730319,0.0,0.0,0.0,0.17578707051920253,0.0,0.1922972348734969,0.0,0.0,0.0,0.0,0.081575412894152,0.0
Gm10817_mm,0.0,0.0,0.0,0.0,0.0008290915568176,0.0,0.0,5.881636456030715e-05,0.0,0.00037881513376289525,0.0,0.0,0.0,0.0,0.0
Gm10823_mm,0.0,0.00023164756126630402,0.0,0.0,0.000199659509795636,0.0,0.0,0.0,0.00030307327563729094,0.0,0.0,0.0,0.0,0.0,0.0
Gm10827_mm,0.0,0.0,0.010384086952177003,0.0,0.0,0.0,0.01798327286771891,0.03891911409457552,0.11293513796412742,0.11559583802804071,0.0,0.0,0.0895028221964538,0.0064194122348028675,0.0
Gm10845_mm,0.5149860146252377,0.0,3.8914875251082313,0.0,0.3704255650205831,0.0,0.0,0.14863821713550707,0.0,1.3291990907428826,0.0,0.0,1.2625507971137593,0.4377237559346624,0.0
Gm10860_mm,0.0,0.0,3.3452025802133214e-05,0.0,0.0,0.0,0.0,0.0,0.0,0.00030748409773654803,0.0,0.0,0.0,0.0003416657338877932,0.0
Gm10863_mm,0.01130291208299034,0.0,0.0,0.011499033716531177,0.03258965278876017,0.0,0.007075703561084386,0.018099424222728595,0.004787161332934802,0.040400651495603616,0.0003672695687036784,0.0,0.0,0.006680231317272022,0.0
Gm10926_mm,0.0,0.0,0.0,5.395854505034752e-06,0.0,0.0,6.569595844921371e-05,0.0,0.0,2.232701918940952e-05,0.0,0.0,0.0,0.00020694092939261635,0.0
Gm11027_mm,0.0,0.0,0.0004129399229187505,0.0,0.0,0.0,0.0,0.0,0.0,0.035561098052692676,0.0,0.0,0.08685643602456342,0.0,0.0
Gm1110_mm,0.0,0.0,0.004239705341260363,0.008129435833514716,0.0,0.0,0.0,0.0,0.0,0.0,0.0,0.0,0.0,0.0003723823864395585,0.004990144434812154
Gm11127_mm,0.0,0.0,2.9058812830996255,0.0,0.0,0.0,0.0,0.0,0.0,0.0,0.0,0.0,0.0,0.08362940523165172,0.0
Gm11232_mm,0.0,0.0,0.0,0.0,0.0,0.0,0.0,0.0,0.0,0.000537817310225505,0.0,2.8116334309379194e-05,3.14458979926854e-05,0.0,0.0
Gm11238_mm,0.0,0.0,0.00023277271940724595,0.0,0.0,0.0,0.0,0.0,0.0,0.0007645382829715543,0.0,0.0,0.0,2.9591697362043608e-05,0.0
Gm11261_mm,0.0,0.0,0.04906418882809538,0.019199014750763126,0.0,0.0,0.0,0.0,0.0,0.12060402947177737,0.040546450743245276,0.0,0.04148449476545167,0.0,0.0
Gm11290_mm,0.0,0.00011062393635364934,0.00019945262929128908,0.00040867492913081795,0.0,0.0,0.0,0.0009970100505203488,0.00022561087766504565,0.0,0.0,0.0,0.0,0.0,0.0
Gm11365_mm,0.0,0.0,0.0,0.0009179378534761015,0.0,0.0002311033346515413,0.0001407921594173997,0.0,0.0003583146781357305,0.0003599306401262425,0.0003835955337094865,0.00015299328050233935,0.0,0.0,2.315034339175775e-05
Gm11399_mm,0.0,0.0,0.0,0.0010557316808395922,0.0018915451911111045,0.0,0.0,7.987266400787131e-05,0.0011631141776084178,0.0013343984692435014,0.0,0.0001475649152563675,0.0,0.0002471850192157111,0.0
Gm11426_mm,0.0,0.0,0.0,0.0,0.0,0.0,0.0,0.0,0.0,0.0,0.00013759122810291539,6.545903816995239e-05,7.58610337756793e-05,0.0,3.934897687412247e-05
Gm11465_mm,0.0,0.0,0.0,0.00015007373581185993,0.0,0.0,0.0,3.5959731433137974e-05,0.0,1.2462547409870332e-05,4.268969918542047e-05,6.123711752121362e-05,8.637442623661792e-05,6.312209353759294e-06,0.0
Gm11487_mm,0.0,0.0005677049635805339,0.0003313745629828385,0.0,0.0,0.0,0.0,0.0,0.0,0.0,0.0,0.0,0.0,0.0,0.0
Gm11536_mm,0.0,0.00012964697034897557,7.008261735685612e-05,0.0,4.7030118913151436e-05,0.0,0.0001676564991396035,0.0,0.0,0.00011685045445188499,0.0,0.0,0.0,0.0002526295438072727,0.0
Gm11563_mm,0.0,0.00014265478899476566,0.0,0.0,0.0,0.0,0.0,0.0007750358066244602,0.0,0.0,0.0,0.0,0.0,0.0002031184186665458,0.0
Gm11571_mm,0.0,0.0,8.461321647140227e-05,0.0,0.0,0.0,0.0008248081791514538,0.0,0.0,0.0,0.0,0.0002703742057677593,0.0,0.0008822469102182158,0.0
Gm11636_mm,0.0,0.00011788717735630295,4.204886500471907e-05,0.0,0.0,0.0,0.00030389835015539376,0.0,0.0,0.0,0.0,0.0,0.0,0.00025648526553913943,0.0
Gm11639_mm,0.0,0.0,0.0,0.06285123539500785,0.0,0.0,0.01860953158470538,0.03262211223982894,0.0,0.06251136003968691,0.0,0.006112651917551733,0.025139757438881787,0.0,0.0
Gm11696_mm,0.0,0.0,0.0,0.004851929741286879,0.01669051115190832,0.0,0.0010705809714371076,0.0015238127726942589,0.0047677472831275745,0.10250712162064526,0.036308138452872285,0.0036103214283930286,0.02255361571966555,0.0,0.0030414259921992823
Gm11723_mm,0.0,7.211313007578232e-05,0.0,0.0,0.0,0.0,0.0,9.85068433191428e-05,0.0,0.0,0.0,0.00020077430289779352,0.0,0.0,0.0
Gm11725_mm,0.0,0.0,0.0,0.019472715131655535,0.009119203735935746,0.0,0.0,0.01703813554231303,0.0,0.04966375743606102,0.0,0.0,0.0,0.0037647803620955637,0.0
Gm11770_mm,0.0,0.0,0.0001311422545861611,0.0,0.0,0.0,0.00014547087871238644,0.0,0.000267498525043596,0.0,0.0,0.0,0.0,3.19720743503247e-05,0.0
Gm11772_mm,0.0,5.1204952699673396e-05,5.2174156732005364e-05,0.0,0.0,0.0,0.0,0.0,0.00019003965080571344,0.0,2.9884222965193015e-05,0.0,0.0,0.0,0.0
Gm11773_mm,0.0,0.0,0.0,0.0,0.0001743243623834589,0.0,5.624271254732412e-05,0.00011737964738902795,0.0,0.0005495807708016054,0.0,0.00019242217676631533,0.0,0.0,0.00020826439601939444
Gm11808_mm,0.0,0.021490754813284146,0.044692957985987804,0.0,0.0,0.0,0.5911834414342665,0.0,0.006358673162649276,0.06688178957991087,0.0,0.0,0.0,0.1425199814269439,0.0
Gm11832_mm,0.00022966497084187868,0.0,0.0,0.0,0.0,0.0,0.0,3.228742101324433e-05,0.0,0.0,4.554189152227814e-05,0.0,0.0,0.0,0.0
Gm11837_mm,0.0,0.0,0.0,0.0,0.0,0.0,0.00014703532108912507,0.0,0.0,0.0001226032803943849,0.0,0.0,0.0004091667893177094,0.0,0.0
Gm11842_mm,0.0,0.00027175442288102455,0.0,0.0,0.0,0.0,0.0,0.0,0.0,0.00022923786499207217,3.2362354197711735e-05,0.0,0.0,0.0,0.0
Gm11884_mm,0.0,0.001019109382522028,0.0048011291170679,0.003027267505493267,0.0,0.0,0.0,0.0,0.0,0.0,0.0,0.0,0.0,0.0,0.0
Gm11983_mm,0.0,0.0,0.0,0.0,0.0,0.0,0.0,0.003385338711251831,0.0,0.010303236331796861,0.0,0.0,0.0,0.0,0.0
Gm12066_mm,0.0,0.0,0.0,0.0005289510277747315,0.0,0.0002383369124985978,0.0007985429589390881,0.0,0.0008822044921667707,0.0,0.0,0.0,0.00034617423703060156,0.0006040018919636241,0.0
Gm12088_mm,0.0,0.0,0.02481318889438084,0.0,0.0,0.0,0.0,0.007845155432273333,0.1249430382974428,0.12125563536048299,0.01345829863299931,0.0,0.0729855232947163,0.02249071051221104,0.0
Gm12166_mm,0.13768708703967564,0.0,0.0,0.0,0.027223776304030223,0.0,0.0,0.0610724472884247,0.0,0.011026560966284168,0.0,0.0,0.009906312198829438,0.056232022163251384,0.0
Gm12224_mm,0.0,0.0,4.063819982930536e-05,0.000157179483926575,0.0,0.0,0.0,0.0,0.0,0.0,0.0,0.0,0.0,0.0,0.0
Gm12292_mm,0.0,0.00015188822453695747,0.0,0.0,0.0,0.0,2.0596376659320355e-05,0.0,0.0,0.0004464233854056655,0.0,0.0,5.341201474790382e-05,0.00016378550990764427,0.0
Gm12295_mm,0.0,0.00018865312976971263,9.312497607972792e-05,0.0,0.0,0.0,0.0002083882559165985,0.0,0.00011887817784800998,0.0,0.0,0.0,0.0,0.0,0.0
Gm12316_mm,0.0011462114924827701,0.0,9.702130239540229e-05,0.00036785844344196277,0.0,0.0,0.0,0.0,0.0,0.0,0.0,0.0,0.0,0.0,0.0
Gm12320_mm,0.0,0.0,0.0,0.0006030451861504804,0.00016484546662599574,0.0,0.0,0.0,0.0,0.0004062223193407767,0.0,0.0,0.0,0.0012860384261185291,0.0005659726563255279
Gm12336_mm,0.0,0.0,0.0,0.0,0.00018895435022247338,0.0,0.0,0.0,0.0,0.0001286822368956177,0.0,0.0,7.875866654315527e-05,0.0,0.0
Gm12367_mm,0.0,7.376673850382869e-05,0.0,0.0,7.737749992687781e-05,0.0,0.00042591377710471005,0.0,0.0,0.0,0.0,0.0,5.783265807068952e-06,0.0,0.0003742471769275459
Gm12436_mm,0.0,0.0,0.0,0.00021672349409128995,0.0,0.0,0.0,0.00015210608063091893,0.0,7.88562453950376e-05,0.0,0.0,0.0,9.694693425990016e-06,0.0
Gm12484_mm,0.04235298422997256,0.055660682012600625,0.006491020084211288,0.06963360770877493,0.0,0.0,0.003948985017521364,0.014047826375358449,0.10662781838189295,0.20722059073849886,0.0,0.0,0.0,0.006478818231054337,0.0
Gm12542_mm,0.0,0.0,0.0,0.0,1.59745848531714e-05,0.0,0.0,0.0,0.0,0.0,0.00033693071328612335,0.0,0.0,0.0,0.0
Gm12589_mm,0.0,0.0,0.008754187716848496,0.0036599425799928036,0.0,0.0,0.0,5.582345826649088e-07,0.0,0.001739428710706442,0.0,0.0,0.0,0.003924214775492243,0.0
Gm12666_mm,0.10258287296657555,0.0,0.023319846408675595,0.03179203197690391,0.0,0.0,0.0,0.0,0.0,0.1257215843473748,0.07539882830810421,0.0,0.02107534397580432,0.009967011254882916,0.05012160664020613
Gm12678_mm,0.0,0.0,4.713576260491931e-05,0.0,0.0,0.00018976665944874045,0.0,0.00038591333137362753,0.0,0.0012514179206284757,0.0,0.0,0.0,0.0,0.0
Gm12714_mm,0.0,0.0,0.0,2.506614129279459e-05,0.0,0.0,0.0,0.0,0.0,0.00032466024900613206,0.00016354147783730581,0.0,0.0,0.0,0.0
Gm12720_mm,0.0,0.0,0.0,0.000692160303927535,0.0,0.00011317076952499549,0.0,0.0,0.0,5.259668933184958e-05,0.0,0.0,0.0,7.099416782111824e-05,0.0
Gm12786_mm,0.00012310046232217727,0.00014786544101270678,0.0,0.0,0.0,0.0,0.0,0.0,0.0,0.0,0.0,0.0001421910233256327,0.0,0.0,0.0
Gm12790_mm,0.0,0.0002730389578368792,0.00041561022118825674,0.00025114145455136603,0.0,0.0,0.0,0.0,0.0,0.0,0.0,0.0,0.0,0.0003700247676685152,0.0
Gm12794_mm,0.0,0.0008713964441227129,0.0012465088314782401,0.001661655048451595,0.0,0.0,0.0,0.0,0.0,0.002019965190210401,0.0,0.0,0.0,0.0004220763915986064,0.0
Gm12800_mm,0.0,0.0007264202272499221,0.0010938322964468665,0.0008764759190118436,0.0,0.0,0.0,0.0,0.0,0.0014202687361854556,0.0,0.0,0.0,0.0019925799582864996,0.0
Gm12823_mm,0.0,0.0,0.0,0.0,0.0,0.0,0.0,0.0,0.0,0.0,0.0,0.00016756593898997326,0.0,0.0,0.0
Gm12840_mm,0.0,0.09729436697289989,0.10316865589814563,0.2142648179812704,0.0,0.0,0.0,0.12029503934177063,0.0,0.13729841508538165,0.0,0.0,0.0,0.0,0.0
Gm12860_mm,0.0,0.0002324955574105436,5.0967424839594915e-05,0.0,0.0,0.0,0.0004640245492836574,0.0,0.0,0.0,0.0,0.0,0.0,0.0,0.0
Gm12861_mm,0.0,0.0,0.0,0.0,0.0,0.0,0.0,0.0,8.962833808012253e-05,0.0,0.0,0.0,0.0,0.00047808827143159285,0.0
Gm12862_mm,0.0,0.0,0.0,0.0,0.0,0.0,0.0,0.0,0.0001754239682214117,0.0,0.0002612069146837008,0.0,0.0,7.861236779198569e-07,0.0
Gm12863_mm,0.0,0.0,0.0,0.00019952790096372923,0.0,1.3529342974724583e-05,0.0,0.0,0.0,2.789910155418897e-05,0.0,0.0,0.0,0.00013177506187318671,0.0
Gm12867_mm,8.792743395770365e-05,0.0,0.0,0.0,0.0,0.0,0.0,0.0,0.00013007605575178851,6.092237356462818e-05,0.00015435419312026478,0.0,0.0,0.0,3.6380458025212468e-06
Gm12868_mm,0.0,0.0,0.0,0.0,2.4807844755341316e-05,0.0,0.0005543343456738104,0.0,0.0,0.0,0.00022732803397224397,7.34184563953894e-06,0.0,0.0,0.0
Gm12940_mm,0.08566269473135374,0.0,0.00014910615284101922,0.0,0.025208923854875644,0.0,0.0,0.0024467355552584293,0.0,0.1758768369633778,0.0,0.0,0.015591276602495086,0.0,0.009386826267784575
Gm12976_mm,0.0,0.023232155997297377,0.009535295940113962,0.0,0.01766588273509272,0.0,0.002021859017310183,0.026391135778577046,0.34524876027259255,0.0953699735473448,0.0,0.0,0.048435478691390095,0.007406329579657899,0.0
Gm13029_mm,0.0,0.0,0.00043898573583496563,0.0,9.656445123798603e-05,0.0,0.0,6.312869595868536e-05,0.0,9.500289197859034e-05,0.0,0.0,0.0,0.0,0.0
Gm13040_mm,0.0,0.00013633502244937096,0.00037752819471067783,0.0,0.0,0.0,0.0,0.0,0.0,0.00036738522739125347,0.0,0.0,0.0,3.248763108302665e-05,0.0
Gm13078_mm,0.0,0.0,0.0010438191007725982,0.0,0.0,0.0,0.0,0.0,0.0,0.0015187536693085678,0.0,0.0,0.0,0.0,0.0
Gm13083_mm,0.0,9.636172255803425e-05,0.00038776350494086463,0.0,0.0,0.0,0.0,0.0,0.0,0.0013776209499992966,0.0,0.0,0.0,0.0008136112697860061,0.0
Gm13101_mm,0.0,0.00036200202227983113,0.00047242992129746856,0.0,0.0,0.0,0.0,0.0,0.0,0.000317417219976335,0.0,0.0,0.0,0.0002145719059618795,0.0
Gm13119_mm,0.0,0.0008393583393026116,0.001363917790958149,0.0,0.0,0.0,0.0,0.0,0.0,0.0013696200799636446,0.0,0.0,0.0,0.0,0.0
Gm13166_mm,0.25777778732743367,0.0,0.011717174876591378,0.14147839700754475,0.034024840418253315,0.0,0.14937361754609432,0.06666849057876525,0.0,0.2351668398152451,0.11756128440606141,0.0,0.02449219378599975,0.0,0.0
Gm13187_mm,0.0,0.0,0.0,0.0,0.0,0.0,0.0,0.0,0.0,0.0,0.0,0.0,0.0,0.0003972791083848009,0.0
Gm13191_mm,0.0,0.0,0.0002300857925817344,0.0,0.0,0.0,0.0,0.0,0.0,0.0005027291764799517,0.0,0.0,0.0,0.0006688640468222869,0.0
Gm13264_mm,0.0,0.0,0.0003389803816571991,0.012297739208970185,0.0,0.0,0.0,0.006402811254666353,0.0,0.005753281737312793,0.0,0.0019591628474709974,0.0,0.0,0.0
Gm13267_mm,0.0,0.0,0.025490538790247506,0.0,0.0,0.0,0.006569733584307719,0.040401548977543514,0.18260434232552358,0.11355845429449367,0.0,0.0,0.05745718760335654,0.0,0.0
Gm13307_mm,0.0,0.003799710777216359,0.020744607855835998,0.0,0.0,0.0,0.0068037958913311864,0.0,0.0,0.0,0.0,0.0,0.0,0.0,0.0
Gm13373_mm,0.0,0.0,0.0,0.01672562284642055,0.0,0.0,0.0,0.0,0.0,0.0,0.0,0.0007930456639009581,0.0,0.006216636196944832,0.0
Gm13391_mm,0.0,0.0012726773877945097,0.001816520153689778,0.0016272648398639646,0.0,0.0,0.0,0.0015631407548615131,0.0,0.0023419975853179033,0.0,0.0,0.0,0.0022094843965480347,0.0
Gm13403_mm,0.0,0.00046552182774704944,0.0,0.0,0.0,0.0,0.0,0.00011526026338337824,0.0,0.00015939278622995574,0.0,0.00016052215272278902,0.0,0.0001967390972106465,0.0
Gm13420_mm,0.0,0.0,0.0,0.0,0.0,0.0,0.0,0.0,0.0005018598265677966,1.0746991674986615e-05,0.0003591416730790708,0.0,0.0,0.0,0.0
Gm13523_mm,0.0,0.0,0.0,0.001376453408155097,0.003080330689504195,0.0,0.0,0.0031577016756338012,0.0,0.0,0.0006207758471485678,0.0,0.0,0.0,0.0
Gm13572_mm,0.000585646785020971,0.0,0.0001523368354662262,0.0,0.0,0.0,0.0,0.0,0.0,0.0,0.0,0.0,0.0,0.0,0.0
Gm13605_mm,0.0,0.0,0.0,0.0,0.0,0.0,0.0,0.00013605595626194815,0.0013465084281341904,0.0,0.0,0.0,0.0,0.0,0.0
Gm13620_mm,0.0,0.0,5.998498310712866e-05,0.0,0.0,0.0,0.000736395282972196,0.0,0.0,0.0004679716625318481,0.0,0.0006323114345090642,0.0,0.0,0.0
Gm13652_mm,0.0,0.0,0.0,0.0,0.0,0.0,0.0,0.0,7.744050377202635e-05,0.0,0.00012631986066746832,0.0,0.0,0.0,0.0
Gm13782_mm,0.0007242743261419165,0.0,0.0,0.00014905599262881697,6.788935940093962e-05,0.0,0.0,0.0,0.0,0.0006264177107646317,0.0,0.0,0.0,0.0,0.0
Gm13821_mm,0.0,0.00011686889590254893,0.0001210338984799022,0.00016624471414401008,0.0,9.455103664889685e-06,0.0001081360135835647,0.0,0.0,0.0,0.0,4.8761288285001166e-05,0.0,4.48616726261457e-05,0.00013825542644466132
Gm13833_mm,6.21907644584346e-05,0.00019733319823664008,0.00011848251167339381,0.0,0.0,0.0,0.0,0.0,0.0,0.0,0.0,0.0,0.0,0.0,0.0
Gm13936_mm,0.019147740063334362,0.04200972974644853,0.01233790301558883,0.12482672198153379,0.0,0.0,0.0,0.0,0.0397313835418218,0.3378660648475383,0.04223680507801435,0.0014786089249265724,0.0,0.0038097241488878704,0.022024471351335163
Gm13962_mm,0.0,0.0003032136549086677,0.0035624253038622354,0.0,0.0,0.0,0.0,0.0007799302445080084,0.0,0.0025241308087798828,0.0,0.0,0.0,0.0,0.0
Gm13990_mm,0.0,0.0,0.0,0.0,2.724768439495673e-06,0.0,0.0,7.278713523218501e-05,0.0003262680511499242,0.00031262508214216213,0.0,7.722962724788388e-06,0.0,0.0,0.0
Gm14091_mm,0.17650475466781174,0.0,0.0,0.06240929095167664,0.001124647232675807,0.0,0.05697195554491996,0.02702531105302795,0.0,0.05437386703780168,0.0,0.0,0.0,0.0,0.1311656432907424
Gm14095_mm,0.0,0.0,0.0003443543557660391,0.0,0.0,0.0,0.0,0.0008408098441523311,0.0,0.003903299921863781,0.0,0.0,0.0,0.0,0.0
Gm14097_mm,0.0,0.0,5.412738787144721e-05,0.00020193558257059304,0.0,0.0,0.0,0.00016641402298211364,0.0,0.0,0.0,0.0,0.0,0.0,0.0
Gm14149_mm,0.0,0.0,0.028997538413032018,0.012198322765950065,0.0,0.0,0.0,0.0,0.0,0.0034163931668934537,0.0,0.0,0.0,0.0,0.0
Gm14210_mm,0.0,0.0,0.00015228502842442665,0.0,5.691949844261025e-06,0.0,0.0,0.00042629599383901053,0.0,0.0,0.0,0.0,0.0,0.0,0.0
Gm14222_mm,0.0,0.0,0.0013523583885590455,0.0,0.0,0.0,0.0010414884713332323,0.0,0.0,0.0,0.0,0.0,0.0,0.0002718371830181339,0.0
Gm14224_mm,1.787277897339624e-05,0.0,0.0,0.0,0.0,0.0,0.0,0.00013234287238214442,0.0,0.0,0.0,0.0,0.0,8.095738742982244e-06,0.0
Gm14377_mm,0.0,0.0,0.0,0.0,3.6673736301756205e-05,0.0,0.0,0.0,0.0,0.00011104318866408129,0.0,0.0,0.0,0.0,0.0
Gm14636_mm,0.0,0.00032013535854806367,0.00038849897437066334,0.0001589173369652837,0.0,0.0,0.0,0.0,0.00039858739567363096,0.0,0.0,0.0,0.0,0.0,0.0
Gm14715_mm,0.0,0.0,0.0,0.0,0.0,0.0,0.0,0.0,0.0,0.0,0.0,0.0,0.0,0.0007927010620990512,0.0
Gm14866_mm,0.0,6.795026871898455e-05,6.955596336142075e-05,0.00011059769985081003,0.0,0.0,0.0,0.0,0.0,0.0,0.0,0.0,0.0,0.0,0.0003345006134064721
Gm14929_mm,0.0,0.0,0.0,0.0,0.0,0.0,0.0,0.0,0.0,0.0008946875097230403,0.0,0.0,0.0,0.00045472627300874335,0.0
Gm14964_mm,0.02093428252502686,0.0,0.0,0.0,0.04876881938067818,0.0,0.008101615449552067,0.0,0.017910417744584725,0.05266488733264632,0.0,0.0,0.0,0.0,0.0
Gm15013_mm,0.0006511773647205287,0.0,0.0,0.0043778220991015256,0.005596452651295533,0.00016263429739679262,0.0012940701799146067,9.993423256423009e-05,0.0,0.0023853656079701347,0.004528702162571283,0.0,0.0,0.011082027568276797,0.0
Gm15082_mm,0.0,0.0,0.0,0.0,0.0,7.231403614491284e-05,0.0,0.0,0.0004327905883228074,0.0,0.0,0.0,0.0,0.0,0.00010957845510801414
Gm15228_mm,0.0,0.0,0.0,0.0002913350913810993,3.943734332180616e-05,0.0,0.0,0.0,0.0,0.0,0.0003229791055435114,0.0002471513894423892,0.0,0.0004650536209409058,0.00018671217071946478
Gm1527_mm,0.0,0.0,0.00016876661256693009,0.0001994142718569161,0.0,0.0,0.0,0.0,0.0,0.00011182942100320952,0.0,0.0,0.0,0.0,0.0
Gm15286_mm,0.0,0.0,5.74751396337609e-05,0.0,1.7199632114803852e-05,0.0,0.0,0.00022765283952790394,0.0,0.0,0.0,0.0,3.252539810263699e-05,0.0,0.0005541164877181837
Gm15328_mm,0.0005236102019751808,0.0,0.0,0.00024978831302900303,0.0012913874853115698,0.0,0.0,0.0002724648045903634,0.0,0.0,0.0,0.0,0.0,0.0,0.0
Gm15356_mm,0.0006022029494054069,0.0,0.0,0.0004342739477675819,0.0,0.0,0.0,0.0,0.0,0.0,0.0,4.4394324620714324e-05,0.0,2.7394142277333065e-05,0.0
Gm15389_mm,0.0,0.001959915875945171,0.0030741941112561277,0.004808376268895626,0.0,0.0,0.0,0.0,0.0,0.00992902625904728,0.0,0.0,0.0,0.0003197891473059008,0.0
Gm15423_mm,0.0,0.0,0.0,0.0017357243863784302,5.046774965652235e-05,0.0,0.000865246755465874,0.0,0.0009323811886973043,0.0,0.0,0.0,0.0,0.00023551763810875987,0.0001291139893081573
Gm15457_mm,0.0,0.0,0.00013734287024972988,0.00024028693392765175,0.0,0.0,0.0,0.0,0.0007365187426020516,0.001308589347933798,0.00010049545063511242,0.00019902622543858334,0.00010895249264977209,0.00018739870603339757,0.0
Gm15520_mm,0.0,0.0,0.00011100257843449478,0.0,0.0,0.0,0.0,0.0,0.00020433809811618912,0.0002890072682522972,0.0,3.7807317346215924e-06,0.0,0.0,0.0
Gm15597_mm,0.0,0.0,0.0,0.0002632805191813619,0.00023127310672111572,0.0,0.0,0.0,4.611276522501413e-05,0.0,1.0015394417699862e-05,0.0,0.0,0.0,0.0
Gm15640_mm,0.0,0.0,0.00043109302949595246,0.0,9.545899363130395e-05,0.0,0.0,0.0007990628455844751,0.0003752006884927642,0.001182803967117889,0.0,0.0,0.0,0.0,0.0
Gm15675_mm,0.02848912351624196,0.0027803841482653214,0.0,0.020786315565201368,0.0,0.0,0.0,0.005334796401319528,0.04617495023557492,0.06775363645113464,0.007928502672779206,0.0,0.0,0.0006457845001019926,0.0
Gm15716_mm,0.0,0.0,0.0,0.0,0.00657249041720126,0.0,0.0,0.0,0.0,0.08555632562769175,0.012619211421820837,0.0,0.10791466107484311,0.0,0.0
Gm15756_mm,0.0,0.0,0.0,2.4195783968354884e-06,0.0,0.0,0.0,0.0,0.0,0.0,0.0,0.0,0.0,0.0004012276330517575,0.0
Gm15758_mm,0.0319405102817917,0.0,0.02357601333369668,0.015042461369306113,0.0,0.0,0.012870007594003837,0.0,0.0,0.0711906327590758,0.069479016869149,0.020382147275612654,0.06330580750200025,0.0,0.1313559787644244
Gm15759_mm,0.0,0.00012450121072512667,7.070970166120935e-05,0.00010262229925318662,0.00016192057752857354,0.0,0.0004293922718173688,0.0,0.0,0.00035702648531631825,0.0,0.0002774953092901698,0.0,0.0,0.0
Gm15774_mm,0.0,0.004595433714998073,0.0198813981198706,0.0,0.000943844511783024,0.0,0.0,0.00801169928321245,0.1734539948920311,0.092939011035098,0.0,0.0,0.045552518438283326,0.008888862680039352,0.0
Gm15839_mm,0.0027092264146837703,0.008187470472662443,0.0,0.015324234501577504,0.0,0.0,0.0,0.0,0.025513059554020022,0.037368719042372954,0.005383974277665297,0.0008393172013980871,0.0,0.001890281087487077,0.0
Gm15879_mm,0.00632730454711789,0.0024371224036034743,0.03560416992071947,0.0,0.0,0.0,0.0,0.0,0.16841351312487887,0.07585838829599406,0.0,0.0,0.03342635949286656,0.010396710455965748,0.0
Gm15895_mm,0.0,0.0,0.0,0.0,0.0,0.0,0.0,0.0002487808910592715,0.0,0.00047874766085780074,0.0,0.0,0.0,0.0,0.0
Gm15987_mm,0.0,0.0,0.0,0.053770246982861335,0.008028843209566596,0.0,0.01429585146287883,0.0,0.0,0.037045441001926624,0.0,0.0012429790613808105,0.0,0.0,0.0
Gm16043_mm,7.4990396299680005e-06,0.0,0.0,3.577123470591855e-05,3.650421111369866e-05,0.0,0.0,0.0,0.0,0.0,0.0,0.0,0.0,5.460724795299733e-06,0.0
Gm16048_mm,0.0,0.0,0.000570015760763801,0.00027825106680212327,0.0,0.0,0.0013301621019730786,0.0,0.0,0.001314951696865884,0.0,0.0,0.0,0.0,0.0005734576661875986
Gm16064_mm,0.0,4.328149604674326e-06,0.0,0.0,0.0,0.0,0.0,0.0,0.0,0.0003733985993409741,0.0,0.0,0.0,0.0,0.0
Gm16087_mm,0.0,0.00018640006402167715,0.0,0.0,0.0,0.0,0.000852569753454972,0.0,0.0,0.0,0.0,0.0,0.0,0.0,0.0
Gm16104_mm,0.0,0.0,0.00386824589408517,0.0017984205087527886,0.0,0.0,0.005288615058533455,0.0057442368491236835,0.0,0.000835657974149164,0.0,0.0,0.0,0.0014236761349594234,0.0
Gm16133_mm,0.0,0.0,0.0007048876080536752,0.005892237221582193,0.0,0.0019058791807217688,0.0,0.004415514422492984,0.0,0.009372859849655775,0.0,0.0,0.0,0.0,0.0
Gm16141_mm,0.0,0.0,0.0,0.0,0.0,1.0796592485064843e-05,0.0,0.00034524705578657043,0.0,8.826362271339518e-05,0.0,0.0,0.0,2.2645611943311024e-05,0.0
Gm16143_mm,0.0,0.0,0.0,0.0,0.0,0.0,0.0,0.00021663430106054384,0.0,0.0,2.7963694474144614e-05,0.0,0.0,0.0,0.0
Gm16158_mm,0.0,0.0,0.0,0.0002985612358113529,0.0,0.0,0.0,1.8243252701159346e-05,1.8715969503649677e-05,5.123849214525618e-05,0.0,0.0,0.0,0.0,0.0
Gm16189_mm,0.0,0.0,0.0,0.0002413634695934331,0.0,0.0,3.1960117502644577e-06,0.0003307596048874232,0.0,0.00012462740408326697,4.71190057365004e-05,0.0,0.0,0.0,0.0
Gm16195_mm,0.01348756157021297,0.0,0.010570863391597388,0.0,0.0,0.0,0.0,0.0055835129062817915,0.023757186539641626,0.0857397935663017,0.0,0.0,0.028986874561286968,0.002408797896517635,0.0
Gm16220_mm,7.715945670442307e-05,0.0,0.0,0.0,0.0,0.0,0.0,0.0,1.9065492219737247e-05,0.0,4.924335948219342e-05,0.0,0.0,9.409574666437945e-06,0.0
Gm16225_mm,0.0,0.0,0.00010057858375048894,0.0,1.7987101178723642e-05,0.0,0.0,0.0,0.0,4.231998737655161e-05,0.0,0.0,0.0,0.0,0.0
Gm16229_mm,0.0,0.0,0.0,0.0,0.0,0.0,0.0,0.00021784103331852166,0.0,0.00038239950210129214,2.6745421383826977e-05,0.00016421355896588928,0.0,0.0,0.0
Gm16239_mm,0.0,0.0012133826604032634,0.0,0.0012030364723375128,0.0,0.0,0.0003877968974245724,0.001658588908810129,0.0,0.006090093564149381,0.0002813239285999589,0.0,0.0,0.0010637771217324747,0.0
Gm16244_mm,0.016337327336398554,0.0,0.0,0.007667325451870676,0.0,0.0,0.0,0.0057615790822303494,0.020479959207143152,0.03389231537362479,0.008393268041973085,0.0028637814740712347,0.0,0.0021954531545915973,0.0
Gm16279_mm,0.04533318150851204,0.0037660798073015176,0.014563660931989398,0.0,0.0,0.0,0.0,0.050476125196556004,0.16014267228996068,0.24708163897481997,0.06964728589778285,0.0,0.07506539598284633,0.061058032835733765,0.005376799222648495
Gm16312_mm,5.7180581781116004e-05,0.0,0.0,0.0,0.0,0.0,0.0,0.000121488131876357,8.212308605229569e-05,9.906651625768993e-05,3.6986221286655654e-05,0.0,0.0,0.0,0.0
Gm16323_mm,0.0,0.0,2.3595221206919647e-05,0.0,0.0002537952393293913,0.0,0.0,2.126555514010845e-05,0.00052101636826578,0.0,0.0,0.0,0.0,0.0,0.0
Gm16344_mm,0.004714166186849823,0.005688709547222533,0.0,0.01159181263611532,0.011946007060976493,0.0,0.0,0.010557299012519145,0.0,0.08898280563424617,0.01595522738064229,0.0016096644300952444,0.0,0.008005890183161484,0.008166181337205859
Gm16551_mm,0.0,0.0,0.0,0.0,0.0,0.0,0.0,0.0,0.0,0.05637255929211896,0.0018917943695560943,0.0,0.10765529291006885,0.0,0.0
Gm16553_mm,0.002000813157531076,0.0,0.0,0.0,0.0,0.0,0.00032466815336866853,0.0,0.0002470706640840612,0.0,0.0,0.0,0.0,0.0,0.0
Gm16685_mm,0.0,0.0,0.0,0.0,0.0002651484609949536,0.0,8.911032522671632e-05,0.0,0.0020809262105285953,0.001146413353940207,0.00010707513259631517,0.0005001261377789629,0.0,0.0,0.0
Gm16759_mm,0.0,0.0,0.0,0.0018744128813860774,0.004093829486994298,0.0,0.0005779145067298581,0.0,0.007929457868018156,0.004969505316597366,0.0,0.0,0.0,0.0,0.0027001222749924465
Gm16958_mm,0.0,0.000174884201185148,0.0,0.0,0.0,0.0,0.0,0.0,0.0,0.0,0.0,0.0,4.411474249441008e-06,0.0,0.0
Gm17035_mm,0.0010283661852572305,0.0,0.000791381426887921,0.0,0.0,0.0,0.0,0.005487933535568957,0.0,0.0,0.0,0.0,0.0,0.0,0.0
Gm17058_mm,0.0,0.0,0.0,0.0003473349294581414,0.0,0.0,0.0,0.0014038800972048877,0.000750534430564957,0.002812607312145108,0.0,0.0,0.0,0.0,0.0
Gm17066_mm,0.10362299679631432,0.0,0.0,0.0,0.005858236197051669,0.0,0.0,0.028576665111791973,0.10578803764199454,0.24270903180223705,0.09986733826062934,0.017005718409049034,0.07828793523486816,0.0,0.0
Gm17099_mm,0.0,0.00016829081499676314,0.0,0.0,0.0,0.0,0.0,4.69197146274569e-05,0.0,0.0,0.0,0.0,0.00027223031520346173,0.0,0.0
Gm17112_mm,0.0,0.0,0.0,0.0,0.0,0.0,0.0,0.0,0.0,0.0007894543278688798,0.0,5.185827270872849e-05,0.0,0.0,0.0
Gm17122_mm,0.008326564084813049,0.0,0.0,0.010688917303574437,0.0,0.0,0.0,0.0009921106285736311,0.0,0.0,0.0024915767539018647,0.0,0.0,0.0024185120741865795,0.0
Gm17168_mm,0.0,0.0,0.0,0.0,0.00020918039123733813,7.058441869840245e-05,0.0,0.00023617444374176452,0.0,0.0,0.0006012362146550029,0.0,0.0,0.0,0.0
Gm17173_mm,0.0,0.0,0.0007909351541727818,0.00911834166239685,0.0,0.0,0.004495945075680827,0.0,0.0,0.0,0.0,0.0,0.0,0.0018926865740309094,0.0
Gm17202_mm,0.0,0.0,0.0,0.0003443438566730172,0.0,2.2236312144626538e-05,1.298373645882254e-05,0.0,0.0,0.0,0.0,0.0,0.0,0.00011080988739963377,0.0004727760927678559
Gm17206_mm,0.0,0.0,0.0,0.0,0.0,0.00023123142467353764,0.0,0.0003865781025809133,0.0,0.0,0.00023459280488245544,0.00020415933170267478,0.0,0.0,0.0
Gm17224_mm,0.0,0.0,0.0,0.0,0.0,0.0,0.0,0.0,0.0,0.00011360223567957118,0.0,0.0005427763387084809,0.0,0.0,0.0
Gm17322_mm,0.0032695297596199366,0.0,0.0,0.05883167502561305,0.0,0.0,0.0,0.0,0.0,0.0,0.0,0.0,0.0,0.007895035484826462,0.0
Gm17501_mm,0.0,0.00011719688961654832,0.00031410261154955353,0.0006609850517253029,0.0,9.093531940077817e-06,0.0,0.0002892173203272622,0.0,0.0,0.0,0.0,0.0,0.0,1.336521249851303e-07
Gm17555_mm,0.1527812724297549,0.10947778710337973,0.019485145081191046,0.18532815616205664,0.0,0.0,0.0,0.03306205338013123,0.2555218819654929,0.6962818994132699,0.055106709330066624,0.012680191871655895,0.0,0.03290286710160761,0.0
Gm17745_mm,0.0,0.0,0.0,0.21764712281994494,0.13689292397899788,0.0,0.23578948382794965,0.07720392049806436,0.17565333270220493,0.17472374165903146,0.0,0.0,0.0,0.07289626405364101,0.0
Gm17751_mm,0.0,0.0,0.0,0.0,0.0,0.0,0.00038494751419859637,0.0,0.0,0.0,0.0,0.0,0.0,0.0005000489024115771,0.0
Gm18336_mm,0.0,0.0,0.0007827046573901582,0.0,5.82057387965749e-06,0.0,0.0,9.825054369377803e-05,0.0,0.0,0.0003271285136990035,3.514328801842293e-05,0.0,0.0,0.0
Gm19385_mm,0.0,5.873670795766934e-05,0.00014456188240112,0.00132759027651004,0.0,0.0,0.0,0.0,0.0,0.0003516308234210894,0.0,0.0,0.0,0.0,0.0
Gm19445_mm,0.0,0.0,0.0,0.0,0.0,0.0,0.0,0.0,0.0,0.0,0.0,1.1120231676829061e-05,0.0,0.0006263112937444118,0.0
Gm19500_mm,7.780595953369456e-05,0.0,0.0,0.0,0.0011322699866747527,0.000560295802324415,0.0,0.003787110346415296,0.0,0.0018613782928663318,0.0,0.0,0.00011733297432476339,0.0,0.0
Gm19757_mm,0.06562385567835002,0.0,0.2718107102556789,0.0,0.20283286248736407,0.0,0.0,0.024185363453596263,0.0,0.211078656312305,0.0,0.0,0.1100561804951972,0.0,0.0
Gm1976_mm,0.0,0.0,0.0,0.1253315147918226,0.055631899552798986,0.0,0.010546580304765286,0.014677225935173985,0.04450472216834355,0.167673017898021,0.11318772598798386,0.04106121849822538,0.0035833972322931265,0.0,0.023414742684958342
Gm19792_mm,0.5593418127748444,0.0,0.0,0.0,0.0,0.0,0.0,0.0,0.4609027756739844,0.07654470958735918,0.3135899296452705,0.0,0.0,0.0,0.0
Gm1979_mm,0.0,0.0,0.0005261160429210625,0.0,0.0,0.0,0.0,0.003119507793552957,0.0,0.00022877951922925394,0.0,0.0,0.0,0.0,0.0
Gm2000_mm,0.0,0.0,0.003475112191732726,0.0,0.0,0.0,0.10037140321733017,0.0,0.01773650723697063,0.009682486505190203,0.0,0.0,0.0,0.0036244465155035933,0.0
Gm2016_mm,0.0,0.003399716484222217,0.0,0.007640865694002403,0.0,0.0,0.0,0.0007734223147963904,0.0,0.00482814585854155,0.0,0.0,0.0,0.0006913488854454693,0.0
Gm20186_mm,0.0,0.07053114451671606,0.07259593861997003,0.16010739351505235,0.022064586712726625,0.0,0.0,0.12652555688609315,0.0,0.24883111222098794,0.0,0.0,0.0,0.0,0.0
Gm20274_mm,0.0,0.0,0.0519935186635084,0.0,0.0,0.0,0.0,0.0,0.15566414912948515,0.007989036043868988,0.0,0.0,0.03986106118119218,0.0035612567800809326,0.0
Gm20337_mm,0.0,0.0,0.0,0.0,0.3732594112369074,0.0,0.0,1.0471005864284268,0.0,0.9370805807041495,0.0,0.0,0.7671813381869637,0.0,0.0
Gm2035_mm,0.0,0.000919733133540306,0.00018060258830727516,0.0,0.0,0.0,0.0,0.0,0.0,0.0038364446770683008,0.0,0.0,0.0,0.002319000359669643,0.0
Gm20379_mm,0.03817033686350452,0.0,0.0,0.0,0.0059496269791622265,0.0,0.0,0.015684675009075236,0.0,0.021654331298900827,0.0,0.0,0.0,0.025245495343904637,0.0
Gm20387_mm,0.030808850588204286,0.0,0.012857526837951924,0.0,0.0,0.0,0.0,0.008188031620817231,0.04187056745109259,0.17797831044976944,0.02668208142944195,0.0,0.07992588022895347,0.0,0.037463786651250504
Gm20427_mm,0.0,0.0,0.00015047558918382194,0.00023160094141174448,0.0,9.20836605971078e-05,0.0,6.819492524970174e-05,0.0,2.5333164885905307e-05,8.392022649184151e-05,0.0,0.00011323431115286052,2.9591762327549592e-05,0.0
Gm20471_mm,0.0,0.0,0.0,0.0,0.00015165311449642403,2.4630431930855235e-05,0.0,0.0,0.0,0.0,0.00012514708045407142,0.0,0.0,0.00022652386106145216,0.0
Gm20483_mm,0.0,0.0,0.0,0.0,0.0,0.0,0.0,0.00018709812057587412,0.0,0.00030400677419043003,0.0005940241091304539,3.7333639907964195e-06,0.0,0.0,0.0
Gm20489_mm,0.0,0.0,0.0,0.0,0.0,0.0,0.0010271092246727021,0.0003869593677031411,0.0007968096393304832,0.00039397321218770257,0.0,0.00014212962310183985,0.0,0.0,0.0006266945228971326
Gm20605_mm,0.0,0.0,0.0,0.0,0.0039888003155247095,0.0,0.0,0.0,0.0,0.0,0.006960497262261989,0.004655899914783895,0.0,0.0,0.0
Gm20609_mm,0.00038720840286910954,0.0,0.0,0.0,0.0,0.0,0.0,0.0,0.0,0.0,0.0,0.0,0.0,5.797312018896712e-06,0.0
Gm20634_mm,0.0,0.000816619303002449,0.0007034639500871697,0.005142812400991168,0.001496437126064595,0.0002762690073562308,0.0,0.007712533054659517,7.059662080161206e-05,0.0008371308268903014,0.0,0.0,0.0,0.0008301083818701219,0.0
Gm20662_mm,0.0004726733765191349,0.0,0.0,0.0,0.0,0.0,0.00034199370448211594,0.0,0.0,0.0002547043693206028,0.0,0.0,0.0,0.0,0.0
Gm20681_mm,0.0,0.0,0.0,0.0,0.0,0.0,0.0,0.0,0.0,0.015848577693017583,0.0,0.0,0.2674921884228348,0.0,0.0
Gm20695_mm,0.0,0.0,0.0,0.0,0.0007130319108245651,0.0,2.755598391319353e-05,0.00024544994660997147,0.0019561532349656277,0.0,0.0009733084710364082,0.0,8.66359535850612e-05,0.0,0.0
Gm20696_mm,0.08910722194068656,0.0,0.005422471461066103,0.13289446246758546,0.06803964729464959,0.0,0.0029255116643486516,0.0,0.054773707427350646,0.1197399569852955,0.0,0.0,0.024746074079541176,0.045287970165054876,0.01228536847376577
Gm20711_mm,0.004693586963103457,0.0,0.03275549715748,0.0063154630814156835,0.0,0.0,0.01609721110688746,0.0,0.0,0.0407881626339262,0.017633839356258355,0.0,0.004621778661406846,0.0,0.0794318143399883
Gm20741_mm,0.0,0.0,0.00012203264357549394,0.0003000608066644609,0.0,0.0,7.857101539642925e-05,0.0,0.0,0.00013925423457488011,0.0,0.0,0.0,0.00048048958567094817,0.0
Gm20742_mm,0.0,0.0005171011768462609,0.0,0.0007266833147217752,0.0,0.0,0.0,0.0,0.0,0.0,0.0,0.0,0.0,0.00011768600767314218,0.0
Gm20757_mm,0.0,0.0,0.0,0.0,0.0,0.0,0.0,0.0,4.80514852806334e-05,0.0,4.870323448528044e-05,0.0,0.0,0.0,0.0
Gm20767_mm,0.0,0.002762701021534811,0.0032162092690250083,0.00018824126212434435,0.0,0.0,0.0,0.0,0.0,0.002730868792759271,0.0,0.0,0.0,0.001173277488873064,0.0
Gm21269_mm,0.0,0.0,0.10786580221802822,0.0,0.0,0.0,0.015358828115139061,0.03825151843718197,0.12522630714925295,0.2381789139362697,0.0,0.0,0.11290903787748029,0.0,0.0
Gm21319_mm,0.0,9.414992683144984e-05,0.0003416215589437358,0.0029554442718561333,0.0,0.0,0.0,0.0009860248102780736,0.0,0.009875928486754563,0.0,0.0,0.0046134026983025685,0.0,0.0
Gm21388_mm,0.04624541070361174,0.0015470105852357931,0.0,0.007449165792260203,0.004733125579825119,0.0,0.0,0.013817730800218383,0.04223545632296305,0.0759626649031698,0.02414088012363922,0.0,0.0,0.003047362009136966,0.0
Gm21655_mm,0.0,0.0,0.0001516570615107146,0.0,0.0,0.0,0.0,0.0018090852684273684,0.0,0.0,0.0,0.0,0.0,0.0,0.0
Gm21671_mm,0.0,0.0,0.00040827390965607883,0.0,0.0,0.0,0.0,0.003101117155273067,0.0,2.428812183501021e-05,0.0,0.0,0.0,0.0,0.0
Gm21691_mm,0.0,0.0,0.0,0.0019306432374164187,0.0,6.721024735222316e-05,0.00029443838559892156,0.0,0.0,0.0,0.00022053472541624206,0.0001261945201058284,0.0,0.0008306094312961601,0.0
Gm21731_mm,0.0,0.0,0.004059397461267595,0.0014865288335533108,0.0,0.0,0.0,0.0,0.0,0.0006979808356220212,0.0,0.0,0.0,0.0,0.0
Gm21750_mm,0.09383788492113877,0.07432041934098052,0.017041703475319223,0.11745606631170943,0.0,0.0,0.0,0.0009060495752822469,0.09596278029957447,0.5760607696486043,0.028361002854865643,0.016282310955823998,0.0,0.01932910207443711,0.0
Gm21761_mm,0.0,0.0,0.0006112813814373593,0.0,0.0,0.0,0.0,0.0,0.0,0.002564466354023213,0.0,0.0,0.0,0.0,0.0
Gm21762_mm,0.0,0.000885878886608494,0.001418561018480181,0.0017446266578083815,0.0,0.0,0.0,0.0,0.0,0.001817410853598462,0.0,0.0,0.0,0.00014697816038476832,0.0
Gm21814_mm,5.7487111501441395e-05,0.0,0.0,0.0,2.283466107357044e-05,0.0,0.0,0.0,0.0,0.0,0.0,0.0,0.0,1.2848455756978322e-07,0.0
Gm21818_mm,0.0,0.0025739498482651333,0.002648812473295702,0.0,0.0,0.0,0.0,0.0,0.0,0.00714289441649886,0.0,0.0,0.0,0.0031227166979478907,0.0
Gm21833_mm,0.07122546993559913,0.05925762908979335,0.019365891643251046,0.0931350342909907,0.0,0.0,0.0,0.0,0.20496657705126403,0.5750650126430298,0.03713936988858981,0.01791112716762266,0.0,0.018313338006970457,0.0
Gm21847_mm,0.0,0.000546796960725127,0.0001499684635872906,0.0,0.0,0.0,0.0,0.0,0.0,0.0,0.0,0.0,1.9480496988501646e-05,0.0009135599463903889,0.0
Gm21859_mm,0.0,0.00015675622808198632,0.00029196463143792877,0.0,0.00045988325903040267,0.0,0.0,0.0016332112848018944,0.0,0.0019084091190343273,0.0,0.0,0.0,2.819772137161622e-05,0.0
Gm21897_mm,0.48013702958270027,0.17235883258148624,0.0,0.11687212238256364,0.0,0.0,0.0,0.0643165983942868,0.36495560196158544,1.788371731736819,0.38845909623238517,0.1435025612915996,0.0,0.009925014715727758,0.0
Gm21917_mm,0.008626172708051914,0.00135511311540521,0.03420361808168787,0.0,0.0,0.0,0.0,0.0840776655942644,0.12359066260396921,0.24994403642643007,0.046513254748687324,0.0,0.09427692593303962,0.00994429241103203,0.0
Gm21958_mm,0.00040967124520838367,0.0,0.0,0.0,9.097102326969389e-05,0.0,0.0,0.00018327498017703362,0.0,0.00010991993927805604,0.0,0.0,5.329722605346715e-05,0.0,0.0
Gm21962_mm,0.15584021970100398,0.06496088134435116,0.092750093346585,0.15945966421159252,0.0,0.0,0.0,0.043589950457719046,0.2758508547073953,0.9849370787166644,0.1710958464034523,0.02397571677269874,0.0,0.0,0.004036547324065554
Gm21988_mm,0.0,0.0,0.0,0.0005825345440417857,0.0034345454133547057,0.0,0.009861454002311872,0.007733320016832401,0.0008516479239246868,0.0,0.000888505302990592,0.0,0.0,0.011878823520739327,0.0
Gm22043_mm,0.0018421056473630884,0.0,0.0,0.0,0.0019909272648546395,0.0,0.0,0.0033419967884666148,0.0,0.009397604262986317,0.001435924725260081,0.0,0.0,0.0,0.0
Gm22044_mm,0.0,0.0,0.0,0.0,0.0,0.0,0.0,0.0,3.677784936110652e-05,0.0,6.650096828584811e-05,0.0,0.0,3.6544452178490435e-06,0.0
Gm22075_mm,0.0,7.952255634111593e-05,5.2573372916930205e-05,0.0004369312614131874,0.0,2.7897112191630237e-05,0.0,0.00014999787231107414,0.0,0.0,0.0,0.0,0.0,0.0,3.1091856064668254e-05
Gm22113_mm,0.0,0.0003585994653431222,0.0,0.0,0.0,0.0,0.0,0.0001679652577442655,0.0,0.00014866627938803947,0.0,7.685553819688781e-05,0.0,0.0,0.0
Gm22146_mm,0.004174481244553774,0.0,0.0,0.0,0.0030562494591513546,0.0,0.0,0.004704201207993661,0.010644128008848409,0.008783635170548474,0.012459088062476609,0.0019048843151532509,0.003024195884412992,0.0019930044193906707,0.0
Gm22154_mm,0.0,0.0,0.0,0.0,0.0,0.0,0.0,5.205528071499208e-05,0.0003042505034992756,0.0,0.0007235685707104568,0.0,0.0,0.0001804131692086978,0.0
Gm22193_mm,0.0,0.0,7.357180159681658e-05,5.57384630054652e-07,0.0,0.0,0.0003198261162194951,0.0,0.0,8.910303389750824e-05,0.0,0.0,1.7289202564807098e-05,0.0,0.0
Gm22219_mm,0.0,0.0005514004169306296,0.0,0.0002675738721658261,0.0,0.0,9.026386368368563e-05,0.0,0.0,0.0001630325949881113,0.0,0.0,0.0,0.00011612670290398485,0.0005945643617801844
Gm22316_mm,0.0,0.0,0.0,0.0,7.823170350808835e-05,0.0,0.0,0.00020781362204305885,0.0,0.00042011177041223653,0.0,0.0,4.1580392079376776e-05,0.0,0.0
Gm22327_mm,0.0,0.0,0.0,0.0001877875419144776,5.522857528049279e-06,0.0,0.0,0.0,0.0,0.0,3.831300475051495e-06,0.0,0.0,0.0,0.0
Gm22334_mm,0.0,0.0,0.0,0.0,0.0,1.9818530899552624e-05,0.0,0.0,0.0,0.002104074394249312,0.0,0.0,0.0,0.0,0.0
Gm22335_mm,2.004254793566976e-05,0.0,0.0,0.0,0.0,0.0,0.0,0.00011847495175924674,0.0,0.0,0.00010817215420214204,0.0,0.0,0.0,0.0
Gm22422_mm,0.0,0.0,0.0,0.0,0.00010436089926075699,0.0,0.0,6.410654434173369e-06,0.0005795892224678093,0.00014134401655081961,0.0004262649184782587,0.0,0.0,0.0,0.0
Gm22455_mm,0.0,0.0,0.00019620787196743627,0.0,0.00018170383048380092,0.0,0.0,0.0,0.0,0.0,0.0,0.0002645851179894621,0.0,0.0003286892115285203,0.0
Gm22654_mm,0.0,0.0,0.0,0.0,0.0,0.0,0.0,0.00041978996731583453,0.0,0.0,3.8510105931321104e-05,3.459566224869766e-05,0.0,0.0,0.0
Gm22662_mm,0.0,0.02618710330177174,0.02786013843804894,0.0,0.0,0.0,0.04173825554518766,0.03275662424263195,0.11445994364112763,0.200689630138481,0.0,0.0,0.08632621305162155,0.021196954226335652,0.0
Gm22701_mm,0.00037942020527006987,0.0,0.0,0.0002991691693841156,0.0,0.0,0.0,0.0,0.0,0.0,0.00012669489063438927,2.533641244769057e-06,0.0,6.526018563782565e-05,0.0
Gm22906_mm,0.005295137044036771,0.0,0.005447723365069549,0.0,0.0,0.0,0.0,0.010967924770759599,0.0718035148920631,0.10053305305006556,0.009267790997834095,0.0,0.05512384301822692,0.0036804028597912618,0.0
Gm22947_mm,0.0,0.0,5.7165941489920196e-06,3.481606237572275e-05,0.0,0.0,0.0,0.0,0.0,0.0002870019493554099,0.0,0.0,8.898341202168292e-06,0.0,0.0
Gm23020_mm,0.0,0.0,0.0001727332015930325,0.0,0.0,0.0,6.78959009734462e-05,0.0,4.7758782532128213e-05,0.0,0.0,0.0,5.305705306951838e-06,0.0,9.840914848701691e-05
Gm23090_mm,0.0,0.0,0.0,0.0,0.00021798270666422012,0.0,0.0003219010994955701,0.00013845830517983601,0.0,0.00040422907179105247,0.0,0.0,0.00018496339938847193,0.0,0.0
Gm23143_mm,0.0,0.0,0.0,0.0,0.0,0.0,0.0,0.00030700559076149187,0.0,3.675218768298914e-05,0.0004264744191068103,0.0,0.0,0.0,0.0
Gm23171_mm,0.00034703730073828076,0.0,0.0,0.0,0.0,0.0,0.0,0.0,0.00018002025662834818,0.0,0.0,0.0,0.0,0.0,0.0
Gm23201_mm,0.0,0.0,4.580246240404004e-05,0.0011910883593916704,0.0,0.0,0.0,0.0002453785600033751,0.0018044938860944327,0.00024048349136272497,0.0,0.0,0.0,0.0,0.0
Gm23208_mm,0.0,6.734452142070292e-05,0.0,0.0,0.0,0.0,0.0,0.0,0.0,0.0009570013833501626,0.0,0.0,0.0,0.0,0.0
Gm23233_mm,0.0,9.347246179471301e-05,0.0,0.0,0.0,0.0,0.0006180997451976102,0.0,0.0,0.0,0.0,0.0,0.0,0.0,0.0
Gm23240_mm,0.00012596605801604315,0.0,0.0,0.0,0.0,0.0,0.0,0.0,5.0352979857996596e-05,0.0,0.00011464223166980575,0.0,0.0,0.0,0.0
Gm23294_mm,0.0,0.0,0.0,7.084985282188822e-05,0.0,0.0,0.0,0.00018387884181420635,0.0,4.056745849248495e-05,0.0,0.0,0.0,0.0,0.0
Gm23482_mm,0.0,0.0,0.0,0.0,9.636128990963184e-05,0.0,0.0,0.0005647647896531047,0.0,0.001390017467246018,0.0022083418649141207,0.0,0.00022984070140465206,6.339824445515865e-05,0.0
Gm23513_mm,7.4492496111682e-05,0.0,0.0,4.3482688614954075e-06,9.770584827198923e-06,0.0,0.0,2.6913540919013426e-05,0.0,0.0,0.0,4.588028743448136e-05,0.0,1.6677270110577175e-05,0.0
Gm23523_mm,0.00019078996233368804,0.0,0.0,0.0,0.0,0.0,0.0,0.0,0.0,0.0,0.0,0.0,0.0,1.1306757497481544e-05,0.0
Gm23567_mm,0.0,0.0,0.0,0.0,4.898325182198879e-05,0.0,0.0,0.0,0.00016431865693862643,0.0,0.0,8.390975291626794e-06,0.0,0.0,0.0
Gm23582_mm,0.000239030185405847,0.0,0.0,0.0,0.0,0.0,0.0,0.0,0.0,0.0,0.00019532023193944066,0.0,0.0,0.0,0.0
Gm23672_mm,0.0,0.0,1.2576194385060656e-05,6.422165903526944e-05,0.0,0.0,0.0,3.4406666525330245e-05,0.0,0.0,0.0,0.0,0.0,2.0765051607057266e-05,0.0
Gm23734_mm,0.0,0.0001701702640447186,0.00022425002383044673,0.00043566175528707426,0.0,0.0,0.0,0.0,0.0002782235856405623,0.0,0.0,0.0,0.0,7.945031849378291e-05,0.0
Gm23740_mm,7.71272284986571e-05,0.0,0.0,9.312328999465905e-05,0.0,0.0,0.0001087758190330608,1.5556926018083917e-05,0.0,0.0,0.0,0.0,0.0,0.0,0.0
Gm23756_mm,3.310745070227738e-06,0.0,0.0,0.0,0.0,0.0,0.0,0.0001799997502095856,0.0,0.0,5.39510415291353e-05,0.0,0.0,0.00018077270029348357,0.0
Gm23758_mm,0.0,8.995632848824727e-05,8.831481656671917e-05,5.8479073171866766e-05,0.0,0.0,0.0,0.0,0.0,0.0,0.0,0.0,0.0,0.0,0.0
Gm23856_mm,0.0,0.0,0.0,1.7897060875137167e-05,0.000262000864755479,0.0,0.0,0.0,0.0,0.0,0.0,0.0,0.0,0.0,0.0
Gm23910_mm,0.0,0.0,0.0,0.0,0.0,4.539275525494544e-05,0.0,0.0,0.00048272147365030954,0.0,0.0,0.0,0.0,0.0,0.0
Gm23918_mm,0.0,0.0,0.00010453831516521716,0.0,0.0,8.88202405433427e-06,0.0,0.0,0.0,0.00014676320838650746,0.00012497663062769262,0.0,0.0,0.0003568887645345713,0.0
Gm23940_mm,0.0,0.0,0.0,0.0,0.0,0.0,0.000475298655467258,0.0,0.0,0.0,0.0,0.0,0.0,0.0,0.0
Gm23966_mm,0.0004622211986407897,0.0,0.0,0.0,0.0,0.0,0.0,0.0004550373388502412,0.0,0.0,9.645597308812186e-05,0.0,0.0,0.0,0.0
Gm23975_mm,0.00011653947984598752,0.0,8.933878213989617e-05,3.8129740127469187e-05,7.2275506643911e-05,0.0,0.0,0.0,0.0,4.9659132557150796e-05,0.0,0.0,0.0,1.0268917273926751e-05,0.0
Gm24031_mm,0.0,0.0,1.7545459029044717e-05,4.256447647237254e-05,1.7688729870107796e-06,0.0,0.0,0.0,0.0,1.2134837415010938e-06,0.0,0.0,0.0,0.0,0.0
Gm24057_mm,0.0007385703185738778,2.0603823087346763e-05,1.0131090152336226e-06,0.0,9.396196175520899e-06,0.0,0.0,0.0,0.0,0.0,0.0007408154542184961,0.00018679349225645588,0.0,0.0,0.0
Gm24061_mm,0.0,0.0,0.0,0.00016953475034858063,0.0,0.0,0.0,0.00012749696946792703,0.0,0.00034953072166609355,0.0,0.0,0.0,0.0,0.0
Gm24074_mm,0.0,0.0,0.0002512054983795559,1.8597423937290615e-05,1.3347845518214147e-05,0.00016337802144642698,0.0,0.0,0.0,0.0,0.0,0.0,0.0,0.0,0.0
Gm24106_mm,6.0307824948974234e-05,0.0,0.0,0.00043335091611103153,0.00010893975724461658,0.0,0.0,3.6238530706056345e-05,0.0,0.00018521142538627532,0.0,0.0,0.0,0.0,0.0
Gm24189_mm,0.0,0.0,6.192517087774471e-05,0.0002964341460795613,0.0,0.0,2.93312649314717e-05,2.587257238156246e-05,0.00015678677501321876,0.0,0.00020788717650737482,0.0,0.0,7.260946951859013e-05,0.0
Gm24239_mm,3.934322313954468e-05,0.0,4.2979921136746363e-05,3.05203161705495e-05,3.43408197688482e-05,0.0,0.0,0.0,0.0,0.0,0.0,0.0,0.0,0.0,0.0
Gm24346_mm,0.0,0.0,0.0,0.0,0.0001955204414512652,0.0,3.059894529361407e-05,0.00014747060863101125,0.00016360275691019085,0.0,1.658052490195963e-05,9.037317200627489e-05,0.0,0.0,0.0
Gm24362_mm,0.029563394297005743,0.0,0.022744569526461124,0.0,0.0,0.0,0.0,0.047612567077733134,0.11160295107954957,0.26013162465241546,0.02823900853415141,0.0,0.10478353232606483,0.006028048346829632,0.0
Gm24378_mm,1.3584258629501535e-05,0.0,0.0,4.771395394673917e-05,1.1281078202762057e-05,1.335239142578737e-06,0.0,0.0,0.0,8.069073278397223e-05,0.00014491184319100246,0.0,0.0,0.0,0.0
Gm24399_mm,0.00039351450856864014,0.0,8.521435165084268e-05,0.0001940728109076209,0.0,0.0,0.0,0.0,0.0,3.103305849153891e-05,0.0,0.00012583542885773066,0.0,0.0,6.872050831586648e-05
Gm24400_mm,0.0,0.000257529544064174,0.0,0.0,0.0,0.0,0.00036225973684232254,0.0,0.00039359892991304706,8.675239401317831e-05,0.0,0.0,0.0,0.0,0.0
Gm24401_mm,0.0,0.0,0.0,2.5241834429686383e-05,0.0,0.0,0.0,0.0,0.0,0.00040888480572482885,0.0,0.0,0.0,0.0,0.0
Gm24449_mm,0.0,0.0,0.0,0.00013470491139900626,0.0,0.0,0.0,0.0,0.00022737703278731652,2.0255873529593526e-05,0.0,0.00026779309584965623,6.04047227201768e-05,0.0,0.0
Gm24519_mm,0.0,0.0,0.0002006576858570799,0.0,4.461777820031689e-05,0.0,0.0,9.244442022535768e-05,0.0,0.0,0.0,0.00019678919917282778,7.452946730081198e-05,0.0,0.0
Gm24564_mm,0.00014314467925870446,0.0,0.0,0.0,0.0,0.0,8.771261026954676e-05,0.0,0.0,0.0,0.0,0.0,0.0,2.63333600548018e-05,0.0
Gm24574_mm,0.0,0.0,0.0,0.0,0.0,9.712960954246725e-05,0.0,0.0,0.0002378043230093643,0.0,0.0,0.0,0.0,0.0,0.0
Gm24630_mm,0.0,0.0,0.0,0.0,0.0,0.0,0.0,0.0,0.0,0.0002381759138765036,0.0,0.0,0.0001045402222203888,0.0,0.0
Gm24634_mm,0.0,0.0,0.0,0.0,0.0,0.0,0.0,0.0,0.0,0.00018651361662442515,0.0,0.0,0.0,0.0,0.0
Gm24682_mm,0.0002856201582316068,0.0,0.0,0.0,2.866643017606356e-06,0.0,0.0,5.73589105767931e-05,1.2537592288023284e-05,0.00021297014811275493,8.094126210704899e-05,0.0,0.0,2.5174599025345284e-05,0.0
Gm24689_mm,0.0,0.0,0.000948546238323263,0.0,0.0,0.0,5.026135820819412e-05,0.00017977795521949505,0.0,0.0,0.0,9.411607162226529e-05,0.00018165815331956943,0.0,0.0
Gm24809_mm,0.03240122289341143,0.0,0.02289976485786982,0.0,0.0,0.0,0.0,0.011015954649858896,0.031641543196356446,0.13251371094440242,0.025428923874237837,0.0,0.09141572092401762,0.0029717265246831936,0.0
Gm24961_mm,0.0,0.0,0.0,0.0,0.0,0.0,0.0,0.0005240388390308996,0.0,0.0,0.0,0.0,0.0,0.0,0.0
Gm25102_mm,0.0,0.0,0.0001509575883907283,0.0,0.0,0.0,0.0,1.2616437795079907e-05,0.0,0.0,0.0,0.0,0.0,0.00018243948283854528,0.0
Gm25131_mm,0.00010116478226004699,0.0,0.0,0.0,0.0,0.0,0.0,2.499299890649466e-05,0.0,0.0002851465673100941,0.00021086480110323521,0.00013989953020867533,0.0,0.0,0.0
Gm25270_mm,0.0,0.0,0.0,0.0,0.00020974982110749042,0.0,0.0,6.223065484696448e-07,0.00021669373413458402,0.0,0.0,0.0,0.0,0.0,0.0
Gm25364_mm,0.0,0.0,5.832046405394707e-05,0.0,0.0,0.0,0.0004948746216783216,0.0,0.0,0.0,0.0,0.0,0.0,0.0,0.0
Gm25409_mm,0.0,0.0,0.0,4.263734815955187e-05,0.0,0.0,0.0,0.0,0.0,0.0002805679644884433,0.0,0.0,0.00023596157579788236,0.0,0.0
Gm25427_mm,0.0,0.0,0.0,9.290205723178557e-05,0.0,0.00013706057701072844,0.0,0.0,0.0,0.0001267195626274571,0.0,0.0,0.0,0.0,0.0
Gm25488_mm,0.0,0.0,1.225213116216412e-05,9.622729609627616e-05,0.0,0.00012946309797988488,0.0,0.0,0.0002708946611676131,0.0,0.0,0.0,0.0,0.0,0.0
Gm25497_mm,0.0,0.0,0.0,0.00027273528753190944,0.0,0.0,0.0,0.0,0.0,0.0,0.0,0.0,0.0,0.0,0.0
Gm25506_mm,0.0,0.0,0.0,4.669056509281599e-05,0.000285084370611984,0.0,0.0,0.0,0.0,0.0,0.0,0.0,0.0,0.0,0.0
Gm25735_mm,0.00035406608855924457,0.010693735416348446,0.004942413187148662,0.0,0.0,0.0,0.0,0.028830339881959335,0.1237779417204761,0.1331793409372945,0.004991639724355283,0.0,0.049149493423756324,0.0016695126686329946,0.0
Gm25842_mm,0.0,0.0,0.0,0.0004872885062342828,0.000453808277652616,0.0,0.0,0.0,0.0,0.00024109288489862092,0.0,0.0,8.214921278026834e-05,0.0,0.0
Gm25931_mm,0.0,0.0,0.0,0.0,2.444894480414826e-05,0.0,0.0,3.2917479283273346e-06,0.0,4.421044541883974e-06,2.247036534088649e-05,0.0,3.2110378633193554e-05,0.0,1.4997239509301564e-05
Gm25967_mm,0.0,0.00011769817091615838,5.3946629766086734e-05,0.0,0.0,0.0,0.0,0.0002893224604699494,0.0,5.4242948681651926e-05,0.0,0.0,0.0,0.0,0.0
Gm26003_mm,0.0008585959526341097,0.0,0.0,0.0,0.0,4.604652205283343e-05,0.0,4.644647481177324e-06,0.0,0.00028371222124838526,0.00040135021190586316,0.0,0.0,0.0,0.0
Gm26034_mm,0.0,0.0,0.0,0.0,0.0,0.0,0.0,0.0,0.0,0.0,8.698957041370232e-05,0.0,0.0002027699839227134,0.0,5.123500007696563e-05
Gm26049_mm,0.00024225467155263987,0.0,0.0,0.0012180435819737938,0.00021665855513101318,0.0,0.0,0.0,0.0,0.0,0.0,0.0004601712540632449,0.0,0.0,0.0
Gm2619_mm,0.0,0.0,0.0,0.0003989589456013568,0.0008563499099853541,0.0,0.005449191272478456,0.000376888589904082,0.0,0.0021551727733214996,0.0,0.0,0.0,0.0,0.0
Gm26254_mm,2.1684229799450367e-05,0.0,0.0,0.0,0.0,0.0,0.0,9.93927404341958e-05,1.8372767728479432e-05,4.3945003033241146e-06,4.829527214994844e-05,0.0,0.0,0.0,0.00011022475426437694
Gm26277_mm,0.0,0.0,0.0,0.0002643742433948222,0.0,3.9508224595162985e-05,0.0,0.0,0.0,0.0004412803833994132,0.0,0.0,0.0,0.0,0.0008343454504707673
Gm26280_mm,0.0,0.0,0.0,0.0001837883268167467,0.0,0.0,0.0,0.0,0.0,5.710189260434389e-05,0.0,0.0,0.0,0.0,0.0
Gm26315_mm,0.0,0.0,0.0,0.0,0.0001248012177489387,0.0,0.00019149955914847647,0.0001127074108415801,0.00017175110155650522,0.0,0.0,0.0,0.0,0.0,0.0
Gm26353_mm,0.0,0.0,0.0,0.004673355615983312,0.0016954226181687846,0.0,0.0007368458282872411,0.0008795469184244985,0.000652228226012159,0.0,0.0,0.0,0.0,0.0002489337336169337,0.0
Gm26394_mm,0.00027951424306510544,0.0,0.0,0.0,0.0002893264599535464,0.0,0.0,0.0003408605806661593,0.0,0.0,0.0,0.00016390028686765672,8.718368789805914e-06,0.00015286839401896488,0.0
Gm26410_mm,0.0,0.0,0.0,0.0,0.0,0.0,0.0,0.0,0.0,0.0,0.0,0.0,0.00016007648247256734,0.0,0.0001390340250138346
Gm26440_mm,0.0008081565845725079,0.0,0.0,0.0,0.0,0.00013293971426429083,8.91660369864797e-05,5.085404316455054e-06,0.0,0.0,0.0,0.0,0.0,0.0003099313508955398,0.0
Gm26520_mm,0.0,0.0,0.009227197288856168,0.026538409869794888,0.0003872718372756559,0.0,0.0,0.009191629795395137,0.0066906820935377885,0.0042316501127024255,0.0,0.0,0.0,0.006539106309448004,0.0019386632242842606
Gm26588_mm,0.0,0.00022910254528795364,0.00034740883119182214,0.0,0.0,0.0,1.5525188737872378e-05,0.0,0.0,0.0,0.0,0.0,0.0,3.0161184919095198e-05,0.00029170186455226805
Gm26596_mm,0.0025590060062169145,0.0,0.0011157944113720669,0.003936085097201954,0.00010222331391739819,0.0,0.0,0.0014483197999582403,0.0,7.799831088304266e-05,0.0,0.0,0.0,0.00016952542107414928,0.0
Gm26602_mm,0.0,0.0,0.0,0.00019832160128635973,0.0,0.0,0.0001861721503535483,0.0003228362154382706,0.00029917645780844513,0.0,0.0007702996206826505,0.00011574634767168734,0.0,0.0009957211186647432,0.0
Gm26632_mm,0.0,0.0,0.00014187625498878162,0.0,4.554578743740167e-05,0.0,0.0,0.0,0.0,0.00038503579561507094,0.0,0.0,0.0,0.0,0.0
Gm26640_mm,0.0,0.0,0.0,0.0005444019021592875,0.0,0.0,0.0,0.0005240472504589442,0.0,0.0006767121621991085,0.0,0.000320697180713405,0.0,0.00011063770122734933,0.0
Gm26644_mm,0.0,0.0,0.0,0.000508487589257856,0.00015830945959506874,0.0,0.0,0.0,0.0,0.002007680522995636,0.0,1.8930442146840167e-05,0.0,0.0,0.0
Gm26666_mm,0.00030641464765619405,0.0,0.0,0.0,0.0,0.0,0.0,0.0,0.00019179648974750093,0.0,0.0011078884813432973,0.0,0.0,0.0,0.0
Gm26670_mm,0.008985207982377367,0.0134380909688916,0.005139936673434458,0.0,0.0,0.0,0.08156892037793252,0.04623215530110657,0.025084953265672807,0.1929869910712713,0.0,0.0,0.04705467189449293,0.021682494273897304,0.0
Gm26672_mm,0.002970706074866833,0.0,0.0039700381273946985,0.002809641529590032,0.0,0.0,0.0,0.0,0.0,0.0005151620301607018,0.0,0.0,0.0,0.0,0.0
Gm26676_mm,0.0,0.0,0.0,1.8879835707699267e-05,0.0,0.0,0.0,0.0002561010047033446,0.00018576002637776497,0.0010222937968853534,0.0,0.0,0.0,0.000737996007771753,0.0
Gm266_mm,0.0,0.0,0.0,0.00013313652490876758,0.0,0.0,0.0,0.0,0.0,0.0004048267073741684,0.0,0.0,0.0,0.0,0.0
Gm26709_mm,0.0,0.0,0.00014346700125672122,0.0,0.0,0.0,0.0001363433886277769,0.0,0.0,8.537891579607849e-05,0.0,0.0,0.0,9.805086951999545e-05,0.0
Gm26717_mm,0.0,0.0,0.0,5.957334829256874e-05,0.0,0.0,0.0,0.0,0.0002103138521979951,4.183291635232962e-05,0.0,0.0,0.0,0.0,0.0
Gm26740_mm,0.08771548271996471,0.00043740808837642496,0.022112346135597483,0.32567941149013224,0.05362592085572416,0.0,0.0,0.0,0.0,0.3849341653755319,0.0067555269939967005,0.0,0.1896031901909785,0.0,0.0035188939501165782
Gm26761_mm,0.0,0.0,0.0003747420925224404,0.00031779356198498673,0.0,0.0,0.0,6.409826465040771e-06,0.0,0.0011509457860815247,0.0,5.967755461237993e-06,0.0,0.0,0.0
Gm26782_mm,0.0,0.0,1.9102627483305161,0.0,0.023043346403683874,0.0,0.0,0.0,0.0,0.0,0.0,0.0,0.0,0.0,0.0
Gm26812_mm,0.111411648600582,0.0,0.008480264610094749,0.019228859733448955,0.08377491206277521,0.0,0.0,0.0,0.0,0.09074717104374783,0.0,0.0,0.0,0.07168123359751213,0.0
Gm26822_mm,0.023805025246716696,0.008931670063223339,0.019709287122808963,0.0,0.0,0.0,0.0,0.025074706038676,0.06012286105543437,0.16289810069806654,0.025817256729652124,0.0,0.0558332885707155,0.0026758327093467345,0.0
Gm26916_mm,0.0,0.0,0.018128045448771155,0.0,0.0,0.0,0.0,0.0,0.0246205416170398,0.0,0.0,0.0,0.007011220361319752,0.0,0.0
Gm26938_mm,0.0,0.0,0.0,0.00016864845658829436,0.0,0.0,0.0,0.00017519454191470087,0.0,0.0,0.0,0.0,0.0,3.19973053200282e-05,0.0
Gm2694_mm,0.021233535865191586,0.005935133604239597,0.01239474253191473,0.0,0.0,0.0,0.0,0.01495620826195118,0.05341846627755288,0.16699796670716952,0.005262890269787862,0.0,0.05102757493646809,0.008703189808569798,0.0
Gm27166_mm,0.09853713728279045,0.0,0.0,0.08068056833851417,0.02639288683261601,0.0,0.0,0.037499918496128826,0.014354148968910154,0.14403052026408059,0.025344063372018385,0.0013057257276878251,0.016221023216732862,0.0,0.0
Gm27195_mm,0.0,0.0006912227983893811,0.0,0.003314386688637111,0.0,0.0,0.0,0.0,0.0,0.013782261316692997,0.004833666910633865,0.0,0.02528100008427651,0.0,0.0
Gm27224_mm,0.0,0.0,0.036127406655721984,0.012223158859050476,0.0,0.0,0.0072787725849083615,0.0,0.0,0.04831592956405525,0.0,0.0,0.0,0.0,0.031757502656915695
Gm27271_mm,0.0004550483205199469,0.0,0.0,0.0,0.0,0.0,0.0,0.0,0.0,0.00047518679835128086,0.00012009718603428285,0.00016322054282133841,0.0,0.0,0.0
Gm27301_mm,0.0,0.0,0.0,0.0,0.0,0.00015037113129580339,0.0,0.0,0.0,0.0004972807139008083,0.0,5.600595213583856e-05,0.00022319288433297804,0.0005001976203528502,0.0
Gm27373_mm,0.0,0.0,0.0,0.0,0.0,0.0,0.0,0.0,0.0,0.0,0.0,0.0002239300010508526,0.0,0.0,0.0
Gm27389_mm,0.010548810713043616,0.0,0.0,0.0,0.0,0.0,0.0,0.0018969719286354401,0.0007024739026809033,0.005195999573244533,0.0,0.0,0.0,0.0014315983678644662,0.0
Gm27401_mm,0.0,0.0,0.0,0.0,0.00012852886087855045,0.0,0.0,0.0,0.0,0.00030063369227959446,0.0008493912378368865,0.0,0.0,0.0,0.0
Gm27410_mm,0.0,0.0,0.0,3.576981368347301e-05,0.0001580663863748567,0.0,0.0,0.0,0.0,0.0,8.361168403345554e-06,0.0,0.0,0.0,0.0
Gm27506_mm,0.0,0.0,0.0,4.2903143460987145e-06,0.0002806924180865797,0.0,0.0,0.0,4.957251576571777e-05,0.0,0.0,9.022996821167329e-05,0.0,0.0,0.0
Gm27514_mm,4.805230740496356e-05,0.0,3.982482969200134e-05,0.0007645317690065863,0.0,0.0,0.0,7.173229806691384e-05,0.00013678528280834884,0.0,0.0,0.0,0.0,0.0,0.0
Gm27533_mm,0.0,0.0,0.0,0.0,7.964713856620878e-05,0.0,0.00017449207669859417,7.540064084473072e-06,0.0,0.0,5.197446863367679e-05,0.0,2.304221206671635e-05,4.3380652312832176e-05,0.0
Gm27694_mm,0.0,0.0,0.0,0.0,0.04638458129444926,0.0,0.0,0.1481435964415757,0.0,0.15444517041590838,0.0,0.0442763481754049,0.001840907910653099,0.0,0.0
Gm27782_mm,0.0002315022872417341,0.0,4.72717711747139e-05,0.0,0.0,0.0,0.0,0.0,0.00016232736508520613,0.0,0.0004813220297595241,0.0,0.000756891207938559,0.0,0.0001877176255855466
Gm27853_mm,0.0049868626199775085,0.0,1.3741860211262667e-05,9.366798810166062e-05,0.013057950757376641,0.0,0.0,0.003396798366297383,0.0,0.01619000213804918,0.0,0.0,0.0,0.0,0.0
Gm27875_mm,0.0,0.0,0.0,6.885444998003921e-05,1.8900588333826036e-05,0.0,0.005340203612462008,0.0,0.0012473090133180709,0.00044844462011522023,0.0,0.0,0.00020883698316005232,0.0,0.0
Gm27884_mm,0.0,0.0,0.0,0.0004600646632783244,0.0,0.0,0.0,0.00012651685708106247,0.0,0.0,0.0,0.0,0.0,1.786529299217678e-05,0.0
Gm2788_mm,0.0,0.0,0.02262888913729451,0.01233962966126257,0.0,0.0,0.012100929012936815,0.0,0.16879942668392317,0.06107592072849135,0.0,0.0,0.029244641915994095,0.0157036351563106,0.0
Gm27941_mm,0.0,0.0,0.0,0.0,1.415331010724478e-05,0.0,0.0,0.0,0.0,5.966095644152035e-05,0.00022603287302535357,0.0,1.2881734808921497e-06,0.0,0.0
Gm28051_mm,0.0,0.0002557891408133823,0.0,0.0,0.0,0.0,0.0,0.0,0.0,0.0,0.0,0.00028854903837483156,0.0,0.0,0.0
Gm28085_mm,0.0005930525074587198,0.0,0.0002857236262684555,0.0010834381234727018,0.0,0.0,7.529344635432343e-05,0.0,0.0,0.0008875703457277468,0.0,4.683904130990718e-05,0.0,0.0,0.0
Gm28183_mm,0.0,0.0,0.0,0.0,0.0,0.0,0.0,0.0,0.0,0.0,0.0,0.0,0.0,0.000424736311959127,0.0
Gm28187_mm,0.7207119108692414,0.030548735714402895,0.488155087856286,1.020526458656641,0.0,0.11307791437792149,0.0,0.13020295245352448,0.16472529970033606,2.0176425122550192,0.07913607355697488,0.44980823608849857,0.0,0.0,0.0
Gm28322_mm,0.0,0.0,0.010382167028984602,0.0,0.0,0.0,0.0,0.006615438685070953,0.0,0.011110821873413626,0.0,0.0,0.0,0.0,0.0
Gm28372_mm,0.00012102297219274895,0.00015351507818384366,7.879977383591919e-06,6.447315297363933e-05,0.0,0.0,9.230632578217845e-05,0.0002387844938853736,0.0,0.0,0.0,0.0,0.0,0.0,0.0
Gm28492_mm,0.0,0.00020251409249342627,2.227676726758345e-05,0.0,0.0,0.0,0.0008905471734782664,0.0,0.0,0.0,0.0,0.0,0.0,0.0,0.0
Gm28501_mm,0.0,0.0,0.00019472126205195917,0.0004037122537508137,0.0,0.0,0.0,0.0,0.0,0.0,3.41768591722671e-05,0.0,0.0,0.0,0.0
Gm2861_mm,0.0,0.0,6.755858887655752e-05,0.0002568529949755881,0.0,0.0,1.9566740781040884e-05,4.6184162932757087e-07,0.0004793774403864667,0.0,0.0,0.00010123867663341326,0.0,0.0,0.0
Gm28729_mm,0.0,0.0,0.0,0.001107132529755321,0.0013999669251427435,0.0,0.0,0.0,0.0,0.0022717056568721476,0.0,0.0,0.0,0.0004699291384540587,0.0
Gm28756_mm,0.008502767126458744,0.018481272631187082,0.03406186575651811,0.06622165676420858,0.0,0.0,0.0,0.0,0.10465159420439397,0.19892941081587961,0.017039908245776822,0.016325979914167975,0.0,0.0,0.0
Gm28818_mm,0.02541286436918732,0.005151505371532043,0.0,0.017691998502608094,0.005709207360277155,0.0,0.0,0.006647091986647964,0.026007967031199012,0.04344453345080769,0.01566056317559477,0.0,0.0,0.003222572090745154,0.0
Gm28940_mm,0.00029495411713846884,0.00089856460953899,0.0,0.0,0.0,0.0001483909424102645,0.0,0.0004706732618681902,0.0,0.0,0.0006125300077800047,0.0,0.0,0.0,0.0
Gm28989_mm,0.0,0.0,0.07237838601286269,0.0,0.0,0.0,0.0,0.0,0.0,0.0,0.0,0.0,0.0,0.0,0.0
Gm29055_mm,0.5638017709650245,0.4485487318692891,0.1923114511702831,0.1528288739763175,0.0,0.02665891267712667,0.0,0.07732395889844679,0.590664517010759,4.178459915843143,1.0792402261552865,0.24313290705208926,0.13379837884823126,0.4458264030351639,0.4371441568997681
Gm29084_mm,0.0,0.0,2.5728445379304152,0.12512462536691335,0.00705874457607355,0.0,0.0,0.10529937503740756,0.036544686341840195,0.28386967531519536,0.0,0.48054337619439236,0.0,0.0,0.0
Gm2912_mm,0.0,0.0,0.0,0.0,0.0069171651647449385,0.0,0.0,0.0,0.0,0.1494577597944899,0.0541860589025993,0.0,0.18712137575265692,0.0,0.0
Gm29185_mm,0.0,0.0,0.0,0.0,0.00012516363788862934,0.0,0.0,0.0,0.00013485709417303973,0.00035149363685998443,6.367444123816017e-05,0.0,0.0,0.0,0.0
Gm29245_mm,0.0,1.543418995277492e-05,0.0,0.0,0.0,0.0,0.0,0.0,0.00030026528780059073,3.2186122249031695e-06,0.0,0.0,0.0,8.859051365114265e-05,0.0
Gm29340_mm,0.00860967471572093,0.0,0.0,0.08899590945110107,0.0,0.0,0.0,0.11951699099856662,0.0,0.03271133072011419,0.0,0.0,0.020240534570386572,0.005656129751474739,0.0
Gm29398_mm,0.00022185670569605686,1.3775347070145892e-05,0.0,0.0,0.0,0.0,0.0,0.0,0.0,0.0001989853943709189,0.00014385766566599303,0.0,0.0,1.4851252147886955e-05,0.0
Gm29408_mm,0.06351680147646135,0.0,0.0,0.2446522891224937,0.012271381276334325,0.0,0.0,0.0560230374101998,0.08950849396701414,0.3826297898872709,0.2010906793536445,0.0,0.0,0.0022177689420887882,0.0
Gm29438_mm,0.0,0.0,0.0,0.23452372278948638,0.16409252533166233,0.0,0.0,0.04140202321344252,0.05326083968790657,0.0938105263848075,0.0,0.03810482183263002,0.0,0.0,0.0
Gm29458_mm,0.0,0.0,0.00013326591448616765,0.0005055517481536224,0.00012183604075385228,0.0,0.0003444966311901349,0.0005829827844290345,0.001019397924735832,0.0,0.0,0.0,0.0,0.0002326000587918837,0.0
Gm29483_mm,0.0,0.0,2.8097442262178894e-05,0.0,0.0,0.0,0.0,0.0,0.0,0.0,0.0,0.0,0.0,0.0003202999136275299,0.0
Gm29500_mm,0.0003800807140607704,0.0,0.0,0.0,8.556931798033673e-05,0.0,0.0,0.0,0.0,0.0,5.731319426685381e-05,0.0,0.0,0.0,0.0
Gm29515_mm,0.0,0.0,0.0,0.00035620483544905357,0.0,0.0,0.0,0.0,0.0,0.0,0.0,0.0,0.0,0.00021104959602747644,0.0
Gm29536_mm,2.236431782403535e-05,0.0,5.859534627554286e-05,0.0,0.00013724987792207582,0.0,0.0,0.0,0.0,0.0002705259380418895,0.0,0.0,0.0,2.9542870301652372e-05,0.0
Gm29541_mm,0.0,0.0,0.00023308786746748534,0.0,0.0,0.0,0.0,0.00027822413793364984,0.0003347604859437803,0.0,0.0,0.0,7.509984612195827e-05,0.0,0.000868029450842224
Gm29560_mm,0.0023241919033927887,0.0,0.0,0.004898070878658553,0.008406826879109203,0.0,0.0,0.00018688422871942747,0.0,0.018413168678394546,0.0,0.0,0.0,0.004661988481970333,0.0
Gm29562_mm,0.0,0.0,0.2304406791752754,0.07729212904398933,0.05304026313315236,0.0,0.03584017510036425,0.008410024776286123,0.023978133265056354,0.16403965110523974,0.07005888847172025,0.008763718611627282,0.17320818816600353,0.0,0.0
Gm29571_mm,0.0,0.0,0.0,1.3942213865892658e-05,0.0,0.0,0.0,0.0,0.0,8.295701555187179e-05,0.0,0.0,0.0,4.633086020445831e-05,0.0
Gm29629_mm,0.0,0.0,0.0,0.0003908842852471517,0.0,0.0,0.0,0.00036334225450974114,0.0,0.0001733925836734516,0.0,0.0,0.0,9.586967446413398e-05,0.0
Gm29684_mm,0.0,0.0,0.0,0.023363710888080775,0.04012285876041564,0.0,0.0,0.0,0.010336141359807092,0.044665829278823656,0.0,0.0,0.0,0.0,0.0
Gm29685_mm,0.0,0.0,0.0,0.0,0.0,0.0,0.0,6.912924156899222e-05,0.0,0.0,0.0,0.0,0.0,0.000385806600453518,0.0
Gm29686_mm,0.0,0.0,5.684891197411375e-06,0.008046134282921929,0.0,0.0,0.0035941278824705705,0.023754148243291754,0.004303193947065233,0.006376988675541173,0.0,0.0,0.0,0.0025287267670568796,0.0
Gm29719_mm,0.0,0.0,0.0027592772731506133,0.011760485545339748,0.0,0.0,0.0015644472765309213,0.0,0.0,0.008581194787593631,0.0,0.0,0.0,0.0,0.0012867074266327062
Gm2990_mm,0.0,0.00023971745280221274,0.0,0.0003189986251147502,0.0,0.0,0.0,0.0,0.0,0.0005977027916433872,0.0,0.0,0.0,0.0001792490158858958,0.0
Gm30042_mm,0.0,0.0,4.116237071771247e-05,0.0,0.0,0.0,0.0,0.0,0.0005613381895768097,0.0,0.0,0.0,0.0,0.0,0.0
Gm30211_mm,0.0,0.0003046025297450763,0.0,0.0,0.0,0.0,0.0003581676562780488,0.0,0.0,0.0007419203671368932,0.0,0.0,0.0,0.0,0.0
Gm30239_mm,0.0,0.0007191972627870043,0.0003046895115221865,0.00038443997771939095,0.00011455963326994699,0.0003975621329109128,0.0003958713639752469,0.0024762584719522918,0.0,0.000167170443607097,0.0009612390189880954,0.0,0.0,0.003446033956320654,0.0
Gm30382_mm,0.0,0.0,0.00040912551089556396,0.00044210773359240504,0.0,0.0,0.0010420702781981908,0.0,0.0,0.0,0.0,0.0,0.0,0.0,0.0
Gm30400_mm,0.0,0.0,0.0,0.002274269401988829,0.0,0.0,0.0,0.0,0.0,0.025422087731453435,0.005598779012616147,0.0006944658442406646,0.0001062876144696047,0.0019218170020530805,0.0
Gm30420_mm,0.0,0.0008188036299547203,0.0,0.0001397117066930297,0.0,0.0,0.0,9.434523541440885e-05,0.0,0.0,0.0,3.0373191716339304e-06,0.0,0.00010058802008336537,0.0020126236569935818
Gm30489_mm,0.00012918116013623307,0.0,0.0,6.59524791021805e-05,0.0,0.0,0.0,0.00043303379115383443,0.00016487378933744307,0.0,0.0,4.563392353184801e-05,0.0,0.0,0.0
Gm30567_mm,0.00477172909865226,0.0,0.0011996031584079918,0.003884044851576093,0.004797701223643234,0.0,0.0,0.0,0.0,0.008141713806918279,0.0,0.0,0.0,0.0015770229578506896,0.0
Gm30593_mm,0.0,0.0,0.0,0.0,0.0,0.0,0.0,0.00011355937013211586,0.0,0.0033620396583752834,0.0,0.0,0.0,0.0,0.0
Gm30606_mm,0.0,0.0,0.0,1.1922706776127148e-05,0.00013912065876427854,1.9932057913938248e-05,0.0,0.0,0.00017001494952850838,0.0,0.0,1.4344458036149196e-05,0.0,0.0,0.0
Gm30735_mm,0.0,0.0,0.00034337534068771907,0.0008571463061447654,0.0,0.0,0.0016652561088013444,0.0,0.0,0.001460980770286853,0.0,0.0,0.0,0.0002620904273996019,0.002625590361328881
Gm30948_mm,0.04037643382135347,0.0877235266468128,0.3198640193866833,0.37330948078524456,0.0,0.0,0.0,0.0683076291210386,0.0,0.14329329742401783,0.11880778924992143,0.031086417821088418,0.10932575913684059,0.0,0.0
Gm31135_mm,0.0,0.00046853914467456965,0.0010570235390999184,0.0,0.0,0.0,0.0,0.0005184382648522231,0.0006433195061197246,0.00010882350710710575,0.0,0.0,0.0,0.00023924057035949045,0.0
Gm31258_mm,0.06503401951411551,0.06295523027611839,0.008564268643898894,0.08388097194065681,0.0,0.0,0.0,0.0,0.060362155509278585,0.24475135853190502,0.0,0.0,0.0,0.0,0.0
Gm31356_mm,0.0,0.0,0.0,0.002072783821325653,0.012742918728335599,0.0,0.0002199907454635104,0.005673308510848921,0.006227395145764574,0.01602755296381913,0.0,0.0,0.0,0.0013336131899369082,0.0
Gm31374_mm,0.0,0.0,0.0,0.0,0.01925303073415695,0.0,0.0,0.0,0.0,0.059529751623120825,0.0,0.0,0.09742797400287756,0.0,0.0
Gm31517_mm,0.0,0.0,0.011984267733398217,0.11909195984868436,0.033610837898729456,0.0,0.0,0.0,0.0144516834798902,0.16325253593386457,0.0,0.009623621407393047,0.0,0.0,0.0
Gm31522_mm,0.0,0.0,1.4398024498962499e-05,0.00028545063210003445,0.0,0.0,0.0,0.0002642504376022679,0.0,0.0,0.0,0.0,0.0,0.0,0.0
Gm31562_mm,0.0,0.0,5.2275632490706595e-05,0.000460779482414604,0.0,0.0,0.0,0.0,0.0,1.300260418142988e-06,0.0,0.0,0.0,0.0,0.0
Gm31579_mm,0.0,0.0,0.0014064572303201048,0.0017154264048568557,0.0,0.0,0.0,0.0,0.0,0.0008100704493332717,0.0,0.0,0.0,0.0,0.0
Gm31600_mm,0.0,0.01241282771388073,0.002211332635946691,0.013496409533777759,0.0,0.0,0.010942550409813671,0.01823709161877101,0.04556078607144271,0.11170792524143001,0.008640581457603616,0.0031258514806158156,0.011477880360228619,0.0064863017033265375,0.0
Gm31763_mm,0.0,0.0025081323317434406,0.0033552949871001225,0.0010873256596468498,0.002219300881828672,0.0,0.0,0.004030229691550366,0.05386309875377506,0.06269978832629915,0.009494407140073463,0.0,0.01686200450349856,0.004076225925660459,0.006488690792022899
Gm31819_mm,0.0018046978865887964,0.0,0.0,0.00042612213354276986,0.004324182367803844,0.0,0.0,0.0003349981258323333,0.00784263338059106,0.008290725790052673,0.0,0.0,0.0,0.0016954377206355646,0.0
Gm31992_mm,0.0,0.0,0.0,0.00015481484021682087,0.0,0.0,0.00030350571746795574,4.241659813048256e-06,0.0,6.595595917416169e-05,0.0,0.0,0.0,0.0,0.0002743935474748029
Gm32014_mm,0.014727547442586354,0.006646208627317449,0.0013091598742008513,0.0,0.0,0.0,0.0,0.0,0.0,0.022126309504070196,0.009081149120707855,0.0,0.0024404173285431665,0.0004946625716288251,0.0060374116820951194
Gm32023_mm,0.0,0.00014372882516324397,0.00010106793482688379,0.0,0.0,0.0,8.999930019765785e-05,0.0,0.0,0.0,0.0,0.0,0.0,0.0,0.0
Gm32122_mm,0.0,0.0,0.00894397444215847,0.005501952563399578,0.0,0.0,0.0,0.0002910253071640737,0.0,0.0072704929088330695,0.0,0.0,0.0,0.0,0.0
Gm32200_mm,0.0,0.005868314145815333,0.0005631781350497495,0.02935221420915923,0.031882185963092516,0.0,0.0007478804418143948,0.0,0.016503038452057313,0.03133298165583071,0.0,0.0011851299779789709,0.011753494036638628,0.0,0.00047475416885516875
Gm32224_mm,0.0,0.0,0.0,0.0,0.0,0.0,0.0,0.0005543643827490782,0.0,0.0,2.715527226214428e-06,0.0,0.0,0.0,0.0
Gm32312_mm,0.0,0.0,0.0010267974316550104,0.0,0.0,0.0,0.0,0.005389774243908361,0.0,0.0009539629415710149,0.0,0.0,0.0,0.0,0.0
Gm32335_mm,0.013211911654368374,0.001903518574753661,0.011372208403298535,0.0,0.0,0.0,0.0,0.011949228714007732,0.0133481657174543,0.11043596482827443,0.0009785912826926362,0.0,0.04530983181517977,0.0,0.0
Gm32405_mm,0.0,0.0,0.0,0.0,0.00011313527364336783,0.0,0.0,0.0,7.321178541728949e-05,0.0,0.0,5.982866215788782e-06,0.0,0.0,0.0
Gm32479_mm,0.0,0.0,0.0,0.0,0.0,4.559650235379501e-05,0.0,3.4001625666674484e-05,0.00016884870030421415,1.2966790538208259e-05,0.0,0.0,4.974202376945698e-05,0.0,2.53253299297664e-05
Gm32585_mm,0.0,0.0,0.00010906582841593581,0.0,0.0,0.0,0.0,0.00013791673700568735,0.0,0.00040638335410598766,0.0,0.0,0.0,7.175707838822317e-05,0.0
Gm32647_mm,0.0005334666907066769,0.0045780431635686035,0.001140028716162409,0.01926205949116648,0.0,0.0,0.0013353909589886189,0.0,0.004547364321923404,0.05065167221548306,0.009806882625614254,0.001854447818966318,0.0,0.0077347819186441465,0.0
Gm32742_mm,0.1255641462051854,0.0,0.0,0.30574740186918803,0.13002620545025964,0.0,0.0,0.033744647207417704,0.05505122698972654,0.2802017892941179,0.13208494438865628,0.13461558250155134,0.060754931106910236,0.0,0.0
Gm32856_mm,0.08556145299322145,0.04309742713908177,0.004254067709397809,0.20502643535832635,0.15810720142475312,0.0,0.03365864684631079,0.0,0.09349879309165578,0.1085431778836664,0.2003566157858773,0.03974846995387855,0.02310226944958809,0.0,0.0
Gm32885_mm,0.0,0.0,0.2951208170223141,0.0,0.0,0.0,0.0,0.0,1.2618342432873142,0.0,0.0,0.0,0.35084141025408827,0.0,0.0
Gm32913_mm,0.0,0.0008146908080866335,0.009657219632740344,0.0,0.0,0.0,0.0,0.0012505793393932502,0.06593736174437692,0.006473006520383944,0.0,0.0,0.011399841162735142,0.003500624466480928,0.0
Gm32914_mm,0.0,2.0989846180421957e-08,5.098887141270339e-05,0.00013080645560648098,0.0,0.0,0.00016386956740719127,0.0,0.0,0.0006230598541391765,0.0,8.251142737066463e-07,0.0,0.0,0.00024069479794832743
Gm33115_mm,0.0,0.0,2.6494237021841353e-05,0.0,0.0,0.0,0.00022845395339827286,0.0,0.0,0.0,0.0,0.0,0.0,0.00027969329332200885,0.0
Gm33195_mm,0.0,0.0,0.0,0.0,0.0,0.0,0.0,0.0,0.0,0.04394858697735311,0.0,0.0,0.08871814166471768,0.0,0.0
Gm33248_mm,0.0,0.001670271653490253,3.4026461995615784e-06,0.0018466271366382166,0.0,0.0,0.0,0.0,0.0,0.005166416399672739,0.0,0.0,0.0,0.0006279073952163438,0.0
Gm33497_mm,0.0,0.0,0.0,0.020654368899592965,0.015355334422394942,0.0,0.013473539595492847,0.01251863261582217,0.0,0.0,0.0,0.0,0.0,0.0,0.0
Gm33732_mm,0.0,0.0,0.0,0.00013617222369711112,0.0,0.0,0.0,0.0002541742222648541,0.0,0.0,0.0,0.0,0.0,0.0,0.0
Gm33785_mm,0.0,0.0,0.0,0.00011487299469378214,0.0001141264009516861,0.0,0.00017465698968775672,0.0,0.0,0.00040546816527819274,0.0,0.0,0.0,0.0,0.0
Gm3383_mm,0.0,2.69248560366649e-05,0.0,0.0,0.0,0.0,0.0,0.0,0.0003744269260011403,0.0,0.0,5.2626319859598024e-05,0.0,0.0,0.0
Gm33968_mm,0.0,0.0,0.0,0.0,0.0,0.0,0.0,0.0,0.0,0.0,0.0,0.0,0.0,0.00034764106643869606,0.0
Gm3453_mm,0.0,0.0,1.09288714369538e-06,1.8431695217043487e-05,0.0,0.0,0.0,0.0,0.0,1.2416281620774409e-05,0.0,0.0,0.0,0.0,0.0
Gm34544_mm,0.0,0.0006712019461410252,0.0004803523200684528,0.0004961408777250861,0.0010112649178972886,0.0,0.0,0.0001425501296946025,0.0,0.0009753578699450245,0.0006937951205182696,0.0,0.0,0.0,0.0
Gm34549_mm,0.0,0.0,0.0,0.0,0.0,0.0,0.0,0.0,0.0,0.0,0.0,0.0,0.0,0.0006746576394783703,0.0
Gm34589_mm,0.005727576486951693,0.0010099131926846713,0.0,0.03394965657544575,0.024812639668626367,0.0,0.0,0.0017860828910710822,0.003948084804253199,0.055715660615544345,0.0,0.0,0.0,0.002952546560964086,0.0
Gm34922_mm,0.0,0.0,0.0,0.00012014984007595946,0.0,0.0,0.0,0.0,0.0,4.957560651481434e-05,5.9431353108044365e-05,0.0,0.0,0.0,0.0
Gm34923_mm,0.0034065815021318796,0.0,0.0,0.0,0.014012146336487877,0.0,0.011322534151988854,0.0012368876373770076,0.029498119334664053,0.054647138187961304,0.030931636678779226,0.0026596861418974813,0.0031528553418013828,0.007532632663554383,0.0
Gm35019_mm,0.09324302998792176,0.0,0.0,0.09234984942849024,0.04918684976374896,0.0,0.11252135560820696,0.057189040363238755,0.0063745713242031555,0.030983495973651517,0.056903398157469476,0.0075566816131262095,0.0,0.0,0.0
Gm35031_mm,0.012092146488725598,0.0,0.0736716143636902,0.04088698698218216,0.0,0.0,0.0,0.0,0.0,0.13788746616679223,0.04148770452729177,0.0,0.016336182457217407,0.0,0.0
Gm35048_mm,0.0,9.611236237591366e-05,0.0012841375485992243,0.00034690952512935066,4.559984896234225e-05,0.0,0.0,0.001607326131782731,0.0,0.0,0.0,0.0,0.0,0.0004033586663279387,0.0
Gm35082_mm,0.0,0.0,0.02689440295836024,0.0,0.0,0.0,0.0,0.016367599378988743,0.1073077466399731,0.11260076709947504,0.017207906215041705,0.0,0.08009109705710683,0.0,0.0
Gm35177_mm,0.0,0.0,0.0001649144316012461,0.0,0.0,0.0,0.0005971503609429154,0.0,0.0,0.0,0.0,0.0,0.0,0.00028082962434979264,0.0
Gm3519_mm,0.0,0.0,0.0001573066538895008,0.0013548063693631408,0.0,0.0,0.0009052279445588684,0.0008042064979229876,0.0,0.0003327934548212561,0.0,0.0,0.0,0.0003589401615136799,0.0
Gm35281_mm,0.0,0.0,2.3526984551080147e-05,0.0,0.0,0.0,0.0,0.0,0.0,0.000546169842015357,0.0,0.0,0.0,0.0,0.0
Gm35460_mm,0.0,0.00024081868495086635,0.0001362622348771543,0.00043139402224805993,0.0,0.0,0.0,3.462451056476799e-05,0.000298294665318427,0.00032283504761325746,0.0,7.060585073003855e-05,0.0,0.0,0.0
Gm35507_mm,0.0,0.0,0.0,0.03892546939631121,0.06553831268279346,0.0,0.02203529188237302,0.13922291298300454,0.0,0.12692310965538597,0.0,0.053451749087485595,0.012238670081240547,0.15885360129525036,0.0
Gm3550_mm,0.0,0.0,0.0,0.0,0.2400348394709536,0.0,1.3619988684938444,0.0,0.013541531205890482,0.2981493457295958,0.07842565580437717,0.0,0.0,0.970703484401606,0.0
Gm35551_mm,0.0,0.00016805983281923165,7.632638553538527e-05,0.0,0.0,0.0,0.00028120451062552164,0.000575537852890574,0.0,0.0005478900011589157,0.0,0.0,0.0,0.0,0.0
Gm35732_mm,0.0008698465919518965,0.0,0.0,0.0,0.0,0.0,0.0,0.0014123135012887218,0.0,0.0006952381179955677,0.0007178064682699099,0.0,0.0,0.0,7.529869621325538e-06
Gm35909_mm,0.0,0.0,0.0,0.0,0.0,0.0,0.0,0.0,0.0,0.019714070866001385,0.0,0.0,0.021851083357659836,0.0,0.0
Gm35974_mm,0.0,0.0,0.0,0.0,0.0,0.0,0.0,0.0005360990232262236,0.0,0.00012338316173891807,0.0,0.00048661568611229526,0.0,0.00019125702241344858,2.477230547705381e-05
Gm36026_mm,0.0,0.0001958916013312438,0.00011359388732145975,0.0,0.0,0.0,2.2205848003494443e-05,0.0,0.0,0.0,0.0,0.00010152836724332583,0.0,0.0,0.0
Gm36041_mm,0.0,0.0008769416619624583,0.006094879393481979,0.0,0.0,0.0,0.0,0.019072125158790254,0.048478048538112585,0.12972155413386025,0.03513370178870417,0.0,0.04618458303714865,0.006917069183784123,0.0
Gm36070_mm,0.0,0.0,0.00010020564898382109,0.0,0.0,0.0,0.000307401478037504,0.0,0.0,0.0,0.0,0.0,0.0,0.0,0.0
Gm36251_mm,0.0,0.0,0.003749825062852348,0.0,0.0,0.0,0.0,0.04110727573976684,0.0,0.0034793495626308383,0.0,0.0,0.0,0.0,0.0
Gm36283_mm,0.0001245969526204398,0.0,0.00016470278002082926,0.0,0.0,4.8930268462598134e-05,0.0,0.0,0.0,3.315381560644234e-05,0.0,0.0,0.0,0.0,0.0
Gm36401_mm,0.01872901593073586,0.0,0.0190358962412504,0.0,0.0,0.0,0.0,0.0008772197171146366,0.1096822836041978,0.14890253449718674,0.02917767650993756,0.0010874705489070475,0.054370011088382846,0.009544165685109886,0.025730296318226913
Gm364_mm,0.0,0.03093042723074462,0.12802722575309983,0.04874952364169177,0.0,0.0,0.0,0.0,0.023221343370314913,0.0,0.0,0.0,0.0,0.01855194818329217,0.0
Gm36543_mm,0.0,5.4990949832145926e-05,3.698480797460518e-05,0.0,0.0,4.082431998937832e-06,0.0,0.0,0.0,0.00020088520644974997,0.0001938737932563445,0.0,7.32973874790761e-05,0.0,0.0
Gm36595_mm,0.0006229656766864544,0.0,0.0,0.0,0.0023438406713907414,0.0,0.0,0.0,0.0,0.02271482854652721,0.0013895950659619258,0.0,0.008778543192565772,0.0,0.0
Gm36660_mm,0.0,0.004771566083158928,0.00023306420888794194,0.038496715775330946,0.0,0.0,0.0031507685031756634,0.017749074001131418,0.0,0.025199740249795113,0.0,0.0,0.0,0.007070914912881415,0.0
Gm36669_mm,0.0,0.0,0.00047070229159692703,0.0,5.420574845755156e-05,0.0,0.0,0.0,0.0,0.0003620505282071013,0.0,0.0,0.0,0.0,0.0
Gm36693_mm,0.0,0.0,0.0,6.0950426922544264e-05,0.0,0.0,0.0,0.0,0.0,6.187304177318969e-06,5.210932632689526e-05,0.0,0.0,0.0,0.0
Gm36738_mm,0.0,0.0,0.0,0.0,0.1137953294740824,0.0,0.14243683210564048,0.06537842042987854,0.05285332102869065,0.03578727254926194,0.0,0.013463012941402331,0.0,0.0,0.0
Gm36823_mm,0.10029478356812617,0.0002115907168701026,0.0,0.03828808720717611,0.0030615597383016014,0.0,0.0,0.02123079779727991,0.13236914678508596,0.1518541013209652,0.006350057892665811,0.0,0.0,0.024353846069077992,0.0
Gm36839_mm,0.024378122719281553,0.02039701693049884,0.01254784936410324,0.0,0.0,0.0,0.0,0.022859655422356073,0.05869090307063576,0.1756076803180089,0.035338117646588826,0.000161495542557086,0.03948559382098101,0.009090585521872047,0.005130842546872306
Gm36908_mm,0.0,0.0,0.0005200611191371822,0.0,0.0,0.0,0.0,0.0,0.0,0.0,0.0,0.0,0.0,0.0,0.0
Gm3693_mm,0.0,0.0,0.0,0.00013808230507848926,0.0,0.0,0.0,0.0,0.0,2.7400506842187335e-05,0.0,0.0,0.0,0.0,0.0
Gm36958_mm,0.0,0.014472348194589488,0.0015361814060765322,0.01910985292607132,0.001142644972485589,0.0,0.0083090113763828,0.015255023963653592,0.03559158498896576,0.12754237677353458,0.04705846202192528,0.017782026948878066,0.016015264104488062,0.0028860407189410485,0.003489256612095583
Gm36963_mm,0.0,0.0,0.0001762298534850737,0.0,0.0,0.0,0.0005386360686334237,0.0,0.0006612860495807475,0.0,0.0,8.529204285942876e-05,0.0,0.00020149469228109956,0.0
Gm36969_mm,0.0,0.0003169653656754411,0.0,0.0,0.0,0.0,0.0,0.0,0.0,0.0,0.0,0.00016088657166232612,0.0,0.00023429084913754146,3.401153853423675e-05
Gm36988_mm,0.0042270896987046955,0.0,0.020349868961983646,0.0,0.0,0.0,0.0002802842043509719,0.039651973584875225,0.05387084759211847,0.14536905757221197,0.0022639614359768914,0.0,0.043793765124181906,0.002104571041960015,0.0
Gm36992_mm,0.0,0.0,0.0,0.0,0.0,2.7284597443230123e-05,0.0,5.594429821593925e-05,6.766657827542415e-05,0.00028846292606834166,0.00016589842422615994,0.0,0.0,0.0,0.0
Gm37011_mm,0.003934221921911209,0.0014684512169105032,0.0004044858345337007,7.317629688677339e-05,0.0027956343471602003,0.0,0.0,0.001995305935699541,0.0073535129350809575,0.004269422354180592,0.0018043814117235312,0.0,0.0,0.0002311657655349913,0.0
Gm37014_mm,0.0,0.0,0.0,0.0,0.0,0.0,0.0,0.00022570237644730206,6.454358022618086e-05,2.9960214314886057e-05,0.0,0.0,0.0,0.0,1.2798500380400004e-05
Gm37065_mm,0.0,0.0,0.14924231393916015,0.0,0.0,0.0,0.0,0.0,0.6676186839359723,0.0,0.0,0.0,0.1793972341950543,0.017097888163314645,0.05068186929428251
Gm37086_mm,0.08091252286276511,0.013130137154244596,0.0,0.0193842638062708,0.020218156915285824,0.0,0.0,0.041892193866595595,0.1579659004497116,0.353996967708545,0.11306607486228487,0.019877216081012453,0.0,0.01587370825166934,0.0
Gm37113_mm,0.0,0.0,0.00013588070515446854,0.0,0.0,0.0,0.0010537392472296054,0.0,0.0005526964900272319,0.0,0.0,0.0,0.0,0.0,0.0
Gm37142_mm,0.0,0.0,6.045503755633758e-05,5.308917791341752e-05,0.0,0.0,0.0,0.0,0.0,0.00018032753650859773,0.0,0.0,0.0,2.1004934208911077e-05,0.0
Gm37153_mm,0.0,0.0,0.0,0.0,0.0,0.0,0.0005395776567217916,0.0,0.0,8.738730911377522e-05,0.0,0.0,0.0,0.0,0.0
Gm37158_mm,1.227335512876878,0.9773107801948792,0.555155569664378,0.0,0.0,0.0,0.0,0.028691979365740933,1.194794309081497,4.304595700700864,0.5874482652568822,0.4235297406190607,0.0,0.15707359767697288,0.8312917696273233
Gm37171_mm,0.0004893784056292771,0.00024784288405669836,0.0,0.0,0.0,0.0,0.0,0.0005865674415476324,0.0,0.003376132930734231,0.0,0.0,0.0,0.0,0.0
Gm37173_mm,0.002384304032390733,0.0,0.0,0.0,5.400367459112985e-05,0.0,0.0,0.00048196241536070547,0.0,0.002237847944363763,0.0,0.0,0.0,0.0002688345207278018,0.0
Gm37178_mm,0.0,0.0,4.957868302569998e-05,0.0,0.0,0.0,0.0,3.954104811304231e-05,0.0,0.0008910924247754276,0.0,0.0,0.0,2.4125460068289075e-05,0.0
Gm37233_mm,0.02248914845287856,2.262096741742414e-05,0.0145428115469152,0.0,0.0,0.0,0.0,0.003481024351961784,0.0354231224858171,0.12039160079780364,0.018090530129959245,0.0,0.023047735963510767,0.009975012732507806,0.0
Gm37234_mm,0.0,0.0,0.048803439042708716,0.0,0.0,0.0,0.0,0.0,0.6515505661925494,0.006834564420169076,0.0,0.0,0.17054130940619264,0.014959072045995123,0.0
Gm37257_mm,0.0,0.0,5.1449564323486325e-05,9.225135788582527e-05,0.0,0.0,0.0,2.567732696702087e-05,0.0,0.00010354219556817405,0.0,0.0,0.0,0.0,0.0
Gm37261_mm,0.0,0.0022267883921111152,0.0002514830144357152,0.0,0.0029747673138492896,0.0,0.0,0.0003509592860165149,0.0,0.0024254712397518627,0.0,6.875287781281573e-05,0.0,0.0,0.0
Gm37267_mm,0.0,9.345789898492599e-06,0.0,0.0004308555133884839,0.0,0.0,0.0,0.000123795032750053,0.0,0.00019113880635321975,0.0,0.0,0.0,0.0,0.0
Gm37294_mm,0.0,0.0,6.464083543782466e-06,0.0,0.0,0.0,0.0006329612235243032,0.0,0.0,0.0,0.0,0.0,0.0,0.00035978749203202323,0.0
Gm37302_mm,0.0,0.002724880494593384,0.03528526929173151,0.023028391957925134,0.0,0.0,0.0,0.0,0.0,0.0,0.0,0.0,0.0,0.0,0.0
Gm37324_mm,0.02748642938005725,0.034817513924218904,0.0,0.187814673758763,0.01205152702547289,0.0,0.0,0.06217225282345122,0.05018484930769507,0.4620143339114114,0.11274401100481626,0.0,0.0,0.02408904957165609,0.0
Gm37349_mm,0.054637877652248874,0.0,0.0,0.0,0.0,0.0,0.0,0.04601716296173226,0.05330780494586481,0.1713586475497294,0.0801014751493917,0.0,0.03853720059209971,0.0010372959482786988,0.0
Gm37363_mm,0.0,0.0,6.150578593451521e-05,0.0,0.0,1.3508674925788528e-05,9.454912602124661e-05,0.0,0.0,0.0,0.0,0.0001489744687783199,0.0,0.00048417180411583244,0.0
Gm37364_mm,0.00095995239492569,0.00024690144950127187,0.0,0.00035178528208679264,4.9871561229560964e-05,0.000136067578319213,0.0,0.0,0.0,0.0007251081042121382,0.000586976247964726,0.0,8.874711144964612e-05,0.0010292621917684936,0.0005265209023654166
Gm37372_mm,0.0,0.0,4.156924015453551e-05,0.0,0.0,0.0,0.0012682988931931457,0.0,0.0,0.0,0.0,7.627658226608829e-06,0.0,0.0024610652538868813,0.0
Gm37376_mm,0.02968996233193841,0.0,0.0,0.009867291529712417,0.15980908330236152,0.0,0.10318364741243437,0.41062223537796,0.003971027583090813,0.3311885785421492,0.0603760251577821,0.10147973551360892,0.08499036913331934,0.0,0.0
Gm37381_mm,0.0004530682584734456,0.0,0.0,0.016953642178934636,0.0046778293259445184,0.0,0.0,0.001091728583054263,0.004223258487703771,0.012248169291422868,0.0053259412043522485,0.0007362432352732621,0.0,0.0,0.0
Gm37388_mm,0.0,0.0,0.0,3.1744988686966396e-05,0.0,8.711835010234234e-06,0.0,0.0,0.0,0.0,0.0,0.00011900278549393046,6.427588313943944e-05,0.0,4.099698760378416e-05
Gm37404_mm,0.0,0.0005182292411268386,0.15042978374144286,0.01946038904172562,0.0,0.0,0.0,0.0,0.029102922395675062,1.282034324850825,0.161916035373989,0.04309130634860736,0.07955008779099505,0.0,0.09993988757266138
Gm37416_mm,0.0,1.6685382843593886,0.0,0.6645456454040427,0.0,0.0,0.05223062512656418,0.009805956515680116,1.328718800064506,0.6014468836294902,0.04414934358426435,0.21309323964381827,0.0,0.04853088792632522,0.0
Gm37432_mm,0.0,0.00022457516411569296,6.266203512169264e-05,0.0,0.0,0.0,0.00045645065758137006,0.0,0.0,0.0,0.0,0.0,0.0,0.0,0.0007967875818854794
Gm37447_mm,0.010431973701413418,0.0,0.0,0.061738970840125904,0.034428876648903865,0.0,0.0,0.0,0.0,0.04844377880198092,0.0450746718554673,0.0,0.01419244343886015,0.0,0.0
Gm37452_mm,1.683497198017761e-05,0.0,9.530353870061995e-05,0.0,0.0,0.0,0.0,0.0,0.0004253626028115796,0.0,0.0,1.6903181565201425e-05,0.0,0.0,0.0
Gm37459_mm,0.0,0.0,0.00011953270499164394,0.0,0.0,0.0,0.0,0.0,0.0,0.0010679224535153338,0.0,0.0,0.0,0.0,0.0
Gm37466_mm,0.0,0.0,0.0,0.0,0.0,0.0,0.0,0.0,0.0,0.0010234903213729768,0.0,0.0,0.0,0.00022169734255409336,0.0
Gm37490_mm,0.019645965319705975,0.0,0.0,0.03612171675613343,0.04116904935197451,0.0,0.0,0.028094880303272823,0.0,0.06960760810507804,0.0,0.0,0.021289091146723938,0.0,0.0
Gm37524_mm,0.0,0.0,4.297473925186269e-05,0.0,0.0,0.0,0.0,5.026296647601413e-05,0.00032704046286649585,0.0,0.0,0.0,0.0,0.0,0.00011914643638144988
Gm37600_mm,2.317740161463123e-07,0.0,0.0,0.0,0.0,0.0,0.0,0.0,4.542172195756901e-05,0.0,9.893945304144427e-05,0.0,0.0,0.0,0.0
Gm37607_mm,0.008256081564608574,0.0020304011488541922,0.0,0.020170483091139235,0.0,0.0,0.0,0.0012785895181997462,0.05772348727090976,0.16142945728724575,0.008649072238612427,0.0036844998983835723,0.0037975249213317622,0.0016497085122534655,0.0
Gm37672_mm,0.0,0.0004569287216153023,0.010937736528383375,0.0027491464138602426,0.0,0.0,0.0,0.001140379827840408,0.0,0.0002874854799228767,0.0,0.0,0.0,0.0,0.0
Gm37689_mm,0.00021339627361703018,0.0,7.562326531755161e-05,0.0,2.744085879223166e-05,0.0,0.0,0.0,0.0,0.002369445430118789,0.001146084211844976,3.2180750344624436e-06,0.0,0.0,0.0
Gm37725_mm,0.0,0.0,0.0,0.0,0.0,0.0,0.0,0.0,0.0002504137269210136,1.2380641164818863e-06,0.0,0.0,0.0,0.0,0.0
Gm37728_mm,0.0,0.0,0.0,0.021616940978538262,0.0694966040593075,0.0,0.0,0.12248157625292852,0.015758660090125918,0.23775736420976565,0.0,0.024126002059009253,0.0,0.0,0.0
Gm37746_mm,0.0,0.0077305112306051745,0.056271696224923076,0.037271881498292206,0.0,0.0,0.0,0.0,0.12853900968019405,0.35223376667641343,0.054346333880128384,0.0,0.0,0.01397819313254879,0.05682560366659417
Gm37747_mm,0.0,4.9220406843529264e-05,0.00014142701677740486,0.0,0.0,0.0,0.0002722486747939789,0.0,0.0,0.0,0.0,0.0,0.0,0.00022653655086239352,0.0
Gm37748_mm,0.0002650144704147363,0.0,0.0,0.0,5.8869049474818524e-05,4.264444960464493e-05,0.00017232370853441644,0.0005311134404518906,0.0,0.0,0.0,8.099697891186506e-05,0.0,0.0,0.0
Gm37749_mm,0.0,0.00016996748201337505,0.00010139689448409472,0.0,0.0,5.4714853941854076e-05,0.0,0.0,0.0003837733621559665,0.0,0.0,0.0,0.0,0.0,0.0
Gm37758_mm,2.4040566444993594,0.6076760289229794,3.9797068817609307,0.0,1.325407740487265,0.0,0.0,1.3758117133181502,0.0,2.48347539201661,0.0,0.0,4.070754416585716,2.07876376251044,0.0
Gm37761_mm,0.013148401648308713,0.00815530002158964,0.0022759856689296724,0.0018894428089849752,0.0,0.0,0.0,0.0,0.014181732798945784,0.06476561186903089,0.009121460776560229,0.0,0.0,0.0035623883799012586,0.0010500633944038114
Gm37776_mm,0.0,0.00035830844127572456,8.907467586730599e-05,0.0007818671211507458,0.0,0.0,0.0,0.0,0.0,0.0,0.0,0.0,0.0,0.0,0.0
Gm37777_mm,0.0,0.0,0.0,0.0,0.0,0.0,5.8827462849334856e-06,0.0,0.0,0.0,0.0,0.0003123092387547298,0.0,0.0,0.0
Gm37806_mm,0.0,0.0,0.00027970455803243583,0.000635731727461138,0.0,0.0,0.00015622747007621783,0.0,0.0001056462875420928,0.0,0.0,0.0,0.0,7.0211623110522585e-06,0.0
Gm37858_mm,0.0,0.0,0.00011480066495294913,0.0007977737961011454,0.0,0.0,0.0007977913911808637,0.0,0.0,0.0,0.0,0.0,0.0,0.0,0.0005564029717049643
Gm37872_mm,0.0,0.0,0.0,0.0,0.00016193055584603176,2.3636159914872355e-05,0.0,0.00045449369971839525,0.0,0.0,0.0,0.0,0.0,0.0,0.0
Gm37873_mm,0.0,0.00025250196634180326,0.0,0.0,0.0004914046435659761,0.0,0.0,0.0003821771829878918,0.0,0.001211151964980138,0.0006047808151618297,0.00029001579937395735,0.0003890377813480419,0.0,0.0
Gm37880_mm,0.0,0.00776661463508503,0.0,0.0,7.087163843624137e-06,0.0,0.0,0.011081177000726364,0.017970061876304958,0.04459838608894049,0.007753431082969331,0.0,0.017412281363540085,0.00361751283390435,0.0
Gm37900_mm,0.0,0.01428940266395764,0.03921059038829701,0.028442109689731487,0.0,0.0,0.0,0.0,0.17254911527998767,0.3593953986140762,0.07967372631155507,0.016493311904896345,0.0,0.017400098897292878,0.0
Gm37913_mm,0.0,0.0,0.0649833659567243,0.0,0.0,0.0,0.0,0.0,0.5451598170270843,0.02424964335946029,0.0,0.0,0.10689338229500285,0.01713533657373364,0.0
Gm37917_mm,0.19501832794612067,0.0,1.7505168192959155,0.0,0.05916989712033772,0.0,0.0,0.15505068211651585,0.0,0.5297301810251731,0.0,0.24259088146377492,0.04808023844073151,0.0,0.0
Gm37920_mm,0.0,0.0,0.0,0.0003774095517934975,0.0,0.0,0.0,0.0,0.0,0.0,0.0,0.0,0.0,0.0,0.0
Gm37924_mm,0.0,0.0,0.043212953620569275,0.03923229133106429,0.0,0.0,0.0,0.00416025293539105,0.0,0.021938175632874552,0.0,0.0019329984119564423,0.0,0.0027452987459337112,0.0
Gm37943_mm,0.010197314416211484,0.0038760459380983666,0.022648898737203074,0.0005900941562604125,0.0,0.0,0.0,0.021730331967576504,0.07139162577538405,0.11170584191707253,0.017584613951131457,0.0,0.056054066139029315,0.00297804758241266,0.0
Gm37954_mm,0.12377001135804794,0.11112154531963847,0.0693584858094152,0.0800058623925855,0.0,0.0,0.0,0.0,0.18511084691925206,1.8740189186379503,0.40069884498493696,0.08717200496854044,0.0,0.09042027137551337,0.2338942008698515
Gm37957_mm,0.0,0.0,0.0,0.0,0.0,0.0,0.0,0.0,0.0,0.0008804579701221544,0.0,0.0,0.0,0.0,0.0
Gm37967_mm,0.0,0.0006313012198433529,0.0,0.0,0.026793659387996997,0.0,0.0,0.0,0.0,0.22544255808088312,0.03819094406556337,0.0,0.13853345694980973,0.0035131689860237176,0.0
Gm37983_mm,0.037928099531570066,0.0,0.01243688952316571,0.0,0.0,0.0,0.0,0.0009266987913600622,0.11039993921161657,0.07109870479545402,0.0,0.0029991234211516325,0.0012084626712325713,0.0002264617737420494,0.00023857829921193643
Gm37985_mm,0.002749728428579701,0.011908150877412541,0.0,0.0,0.012015748394467068,0.0,0.00023988313469709848,0.01009207706658467,0.04263863327958285,0.06693958349278327,0.028124353100487214,0.009143025487611573,0.013797192285912724,0.011501008303142596,0.0
Gm37988_mm,0.5410735525352114,0.0,0.09350651037787942,0.3013023861858876,0.3734839280650171,0.0,0.7872372047082073,0.140688350036368,1.199780534322983,0.23192936918362578,1.6114822858243518,0.33452885540365335,0.0,0.0,0.0
Gm37995_mm,0.0,0.0,0.0,0.0,0.0,0.0,0.0,0.0,0.0,0.0,0.0,0.00014574007426311532,1.3402842066100513e-05,0.0002701197455525154,0.0
Gm37999_mm,0.0,5.086910411195915e-05,0.00012816112159083718,0.00021005389564836537,0.0,0.0,0.0,0.0,0.0006867296785766546,0.0,0.0,0.0,0.0,3.4218755500099916e-05,0.0
Gm38034_mm,0.0,0.005400113142665986,0.0069274700201946045,0.042266591890178166,0.003476165630353367,0.0,0.0,0.04345575908888268,0.026432443607312953,0.13726735505699375,0.023708200401388393,0.023919366512536826,0.04921657962256433,0.0,0.0
Gm38070_mm,0.0,0.008316482856863964,0.002348372941194121,0.0,0.0,0.0,0.010037775946598989,0.0,0.0,0.01281028688170895,0.0,0.0006539991776250399,0.0,0.012825807491001857,0.0
Gm38110_mm,0.07147138809191382,0.0,0.0,0.025723559384042704,0.009446734935176362,0.0,0.0,0.017186191641071148,0.11061356238676126,0.11261072568269545,0.026278120371104382,0.0,0.0,0.002441295749715793,0.0
Gm38118_mm,0.0,0.011115003950098202,0.0,0.09291770942357078,0.01333046349268652,0.0,0.0,0.016541052748887213,0.016129505534064226,0.06061145218497056,0.021150131021343176,0.006290483228302907,0.0,0.0,0.0
Gm38124_mm,0.0,3.8409527989005006e-05,0.00039134659292056203,0.0,0.0,0.0,0.0013729423413600267,0.0,0.0,0.0,0.0,0.0,0.0,0.00044748786014957927,0.0
Gm38130_mm,0.0,0.0001767787974921946,0.00014708262098834228,0.0,0.0,3.581355304174126e-05,0.0,0.0,4.5058334837830586e-05,0.0,0.0,0.0,0.0,0.0,0.0
Gm38142_mm,0.017838003321372243,0.04024646725706937,0.003507564943335273,0.07838500882320783,0.0,0.0,0.0,0.0,0.033111554387994464,0.36166404282282383,0.11836021540086511,0.0,0.0,0.015053377887563453,0.013603522382301886
Gm38194_mm,0.929423186210464,1.865903020644875,6.554067161937455,2.3235473940068028,1.381453729408505,1.1772303718261181,0.0,1.3263603045316255,5.38227063509812,0.0,0.0,3.1082758583945567,3.756409911945004,1.1098691536106704,0.0
Gm38195_mm,0.0,0.0,0.0,0.00575785760411786,0.0006884534546559483,0.0,0.0,0.0,0.0,0.01797600576210532,0.002795332666017455,0.0010688274653010445,0.0017722726932016578,0.0,0.0
Gm38226_mm,0.0,0.0,3.451937393934151,0.0,0.0,0.0,0.0,0.0,0.0,0.0,0.0,0.0,0.0,0.12748333456706804,0.0
Gm38230_mm,0.0,0.00022785133979947282,0.012941056082641624,0.00949118720711815,0.0,0.0,0.0,0.0,0.0,0.0,0.0,0.0,0.0,0.0,0.0
Gm38246_mm,0.0,0.024068168001601654,0.10984023355225443,0.1283464626559188,0.0,0.0,0.0,0.0,0.0,0.0294772459138735,0.0,0.0,0.0,0.0,0.0
Gm38260_mm,0.0,0.00036973690032540224,0.00039791704602139104,0.0,0.0,0.0,0.0,0.0,0.0,0.0,0.0,9.921734198974561e-05,0.0,0.0,0.0
Gm38271_mm,0.07428866875049532,0.0,0.0,0.043240884387495425,0.04869071604228857,0.0,0.0,0.014578921547205328,0.0,0.16297788582904613,0.06324328528326706,0.006608615553427962,0.0,0.006346250148203021,0.0
Gm38277_mm,0.0,4.8082933822689725e-05,0.0,0.0,0.0,0.0,0.0,0.0,0.0,0.0,0.0,0.0,0.0,0.0005219066827679563,1.2991462565678977e-06
Gm38279_mm,1.1622917106254225,0.0,4.421835901024383,0.6908305129297505,0.033870391015514444,0.0,0.0,0.5069219997813262,0.9213828447929553,0.7573160572003925,0.0,0.7538799801822743,0.2274367036960026,0.0,0.0
Gm38284_mm,0.006811864690506951,0.0,0.004674924673105106,0.00043985404057506213,0.006210280107868287,0.0,0.0,0.002103003394202055,0.04750322634553787,0.05584855892701774,0.016941712165924817,0.0,0.009878126423572593,0.01127657137907822,0.0
Gm38299_mm,0.0,0.0,0.08971362724932802,0.0,0.0,0.0,0.0,0.0,0.32011710074425337,0.0,0.0,0.0,0.10564309903502708,0.0,0.0
Gm38365_mm,0.15729084918546551,0.0,0.0,0.0,0.09525244700928097,0.013739632911174138,0.0,0.10560777033603862,0.08937158127460108,0.41022248316687904,0.03797260286944752,0.0,0.02853412850224021,0.0,0.0
Gm38383_mm,0.07504897680491343,0.0031581127238778095,0.0,0.017522269136909033,0.01175774405799818,0.0,0.0,0.013709100119360608,0.07638527474914115,0.07816053350063834,0.0,0.0,0.0,0.0064713829138674924,0.0
Gm38386_mm,0.0,0.009794925472573542,0.0,0.10365162529787948,0.061053939043161726,0.0,0.002224917229395225,0.027957981219255874,0.0,0.12656564886306024,0.0,0.022056886285804534,0.0,0.0,0.0
Gm38393_mm,0.0,0.0003545143464434989,0.014038585758194827,0.0,0.0,0.0,0.0,0.0049739656370750545,0.1379329348391808,0.04456045422288963,0.0,0.0,0.02513497839670492,0.0013541457227823667,0.0
Gm3839_mm,0.26921833497966474,0.0,0.10579138119184028,0.31656793598721694,0.0,0.0,0.0,0.06259154932608878,0.4035413007438855,0.11910303384725372,0.21730326508202952,0.0,0.0,1.2362028050221936,0.07010416280439381
Gm38404_mm,0.0,0.00015577887702007364,0.0,0.0,0.0,1.1940871074103255e-05,0.0,9.286536354575962e-05,0.0,0.0,0.0,0.0,2.8118146397578495e-05,0.0001038697018268184,0.0
Gm38414_mm,0.07663760398142494,0.0,0.0,0.23029750250476375,0.03742402524037847,0.0,0.2783200190638258,0.10590576075603307,0.11018649784084174,0.19623429109676985,0.0,0.0,0.0,0.14010506969610295,0.0
Gm38416_mm,0.0,0.0,7.42069032241244e-05,0.0002578595104644575,0.0,0.0,0.0,0.0,0.0,0.00032484937646211717,0.0,8.359191680749137e-05,0.0,0.0,0.0
Gm38534_mm,0.0345769527617097,0.0,0.0022267874196325536,0.04987592667627305,0.057463892801020613,0.0,0.0,0.00480319900746539,0.03222134845838227,0.02544206846674901,0.032717915976565426,0.0028059299896447407,0.0,0.0004757444259184312,0.0
Gm3854_mm,0.0,0.0,0.00992144276652618,0.0053929336433228316,0.0,0.0,0.007461047210055764,0.004234606816022569,0.0024719348525979535,0.04936614801139329,0.0,0.0,0.05910521954915254,0.0005380012858856863,0.0
Gm38569_mm,0.028272477879333652,0.0,0.0,0.0,0.00857019974992588,0.008093845318232358,0.0,0.0,0.025137338193640557,0.01384355900144391,0.019807289726334387,0.0,0.0,0.005914783229956219,0.0
Gm38642_mm,0.0,0.0,0.0,0.03355537925101197,0.08311133983265698,0.0,0.0,0.020884396404190868,0.009347381853672607,0.06672024052357015,0.0,0.0069306195775410894,0.0,0.0,0.0
Gm38670_mm,0.0,0.0,0.0,0.0,0.00023719667337709612,4.3703259258346945e-06,1.1189080225071428e-05,9.738655409903052e-06,0.00012204749859483098,0.0,9.385407026330922e-05,0.0,0.0,0.0,0.0
Gm3892_mm,0.0,0.0,8.926566034705648e-05,0.0,0.0,0.0,3.196454819963141e-05,0.0,0.0,0.0003518209628281178,0.0,0.0,0.0,0.0,0.0
Gm38947_mm,0.24873386254234703,0.2186422523066485,0.21686937805977607,0.4516206833657318,0.0,0.0894736614958854,0.0,0.27612267462972423,0.0,1.5245067614571144,0.20314926846981135,0.22053549584228122,0.0,0.0,0.05023411244610573
Gm38973_mm,0.04990255253263347,0.0,0.10358397130704909,0.0,0.0,0.0,0.0,0.08763928237603225,0.16635655003281918,0.5047084485917369,0.06771170149917462,0.0,0.239446293198487,0.01713317619013642,0.0009458103608702624
Gm39090_mm,0.0,0.0,0.00014855676165392905,0.0,0.0,0.0,0.0,0.0005167141538819372,0.0,0.0005896072794724733,0.0,0.0,0.0,0.0,0.0
Gm39149_mm,0.0,0.0,7.388479150718812e-05,0.0,0.0,0.0,0.0006069517633511596,0.0,0.0,0.0,0.0,0.0,0.0,0.0,0.0
Gm39232_mm,5.970910480389642e-05,0.0,0.0,0.0,0.0,0.0,0.0,0.0,0.0,0.0,0.0,0.0,0.0,0.0,0.0003083927967255475
Gm39317_mm,0.0,0.0,0.0008442005665284198,0.00014244497090792202,0.0,0.0,0.0009380699637842268,0.0,0.0,0.0,0.0,0.0,0.0,0.000767557454035854,0.0
Gm39566_mm,0.0,0.0,6.875986798671363e-05,0.00015714092810923473,0.0,0.0,0.0003885180732087227,0.0,0.0,0.0008510003157170047,0.0,0.0,0.0,0.0,0.0
Gm40190_mm,0.0,0.0,0.0,0.0,6.137217086489772e-05,0.0,0.0,0.00045104521562572405,0.0,1.5231479880952497e-05,0.0,0.0,0.0,0.0,0.0
Gm4027_mm,0.0,0.0,0.015731432663366636,0.010278581203224085,0.0,0.0,0.0,0.012816401391314632,0.0,0.012838975615018086,0.0,0.0,0.0,0.0054401593556089815,0.0
Gm40437_mm,0.0,0.0,0.08580875820528382,0.0,0.01915927870042658,0.0,0.0,0.0017285029616183043,0.7036819886118105,0.05355922210160483,0.0,0.0,0.10278886858313625,0.041385472050564386,0.0
Gm40617_mm,0.0,0.00011873292535543032,3.708279943895494e-05,0.00040453319671351445,0.0,0.0,0.0,0.0,0.00021871727126317425,0.00011658955678258537,0.0,0.0,0.0,0.0,0.0
Gm40646_mm,0.0,0.0,0.0,0.0,0.0,0.0,0.0,5.885004005447246e-05,0.0,0.0,0.00026444109481402016,9.730317159370779e-05,0.0,0.0,0.0
Gm40652_mm,0.0,0.00796180969613262,0.06572436826306699,0.04363579610737313,0.0,0.0,0.0,0.0,0.0,0.0,0.0,0.0,0.0,0.0,0.0
Gm4070_mm,0.0,0.0,0.0,0.2585068256707504,0.07530364225190961,0.028825662884281053,0.1316227949199501,0.007241444095547866,0.19563382627436235,0.28030735204732343,0.001344040592147604,0.033330668159668134,0.02464807848924809,0.012608290295062104,0.0
Gm40723_mm,0.0,0.0006870345540736737,0.0004708895032627302,0.000185957862185075,0.0,0.0,0.0,0.0009640411217421234,0.0,0.0,0.0,0.0,0.0,0.0,0.0
Gm40841_mm,0.0,0.000973957976039624,0.0002465385459384995,0.008921889692716227,0.00018705354486030709,0.0,0.0005297897644306124,0.004966796290717892,0.0055826381018934616,0.05685486004564899,0.018618183925865416,0.006880748826806015,0.0032305679179692156,0.005501746882481078,0.0
Gm40915_mm,0.0,0.0,0.0,0.0,0.0,6.799920087147683e-06,0.0,6.770993477430676e-05,0.0,0.00031809319295691323,0.0,0.0,0.0,7.843079578164454e-05,0.0
Gm40987_mm,0.0,0.0035529432292997903,0.006722324866812854,0.0,0.0,0.0,0.0,0.0,0.0,0.0,0.0,0.0,0.0,0.0022721689316034695,0.0
Gm4117_mm,0.09404706545723354,0.011949534340220965,0.0,0.0,0.06623867591016466,0.0,0.0,0.10875961981318014,0.09050136753464189,0.27164541102691536,0.032472735569559506,0.012959325123233776,0.0017672550268573383,0.0,0.0
Gm41318_mm,0.05560548652033886,0.0,0.08303355136267966,0.05952948456799491,0.0,0.0,0.08312338428958983,0.0,0.0,0.09783897000114009,0.06848351474557268,0.011061323447855181,0.006095451739331848,0.0,0.25966267328178994
Gm41325_mm,0.00010050079229921462,0.0,0.0,0.0,0.0,4.755234041449828e-05,0.0,0.0,0.0,0.0,0.00022431566249864375,0.0,0.0,0.0,0.0
Gm41496_mm,0.0,5.134507808831102e-05,0.0,0.0,0.0,0.0,0.0,0.0002720175895827303,0.0,1.0338793626440381e-05,0.0,0.0,5.768362675000566e-05,0.0,0.0
Gm41517_mm,0.0,0.0,0.0,0.0,0.0,0.0,0.0,9.972323057731258e-05,0.0,0.00037141510062989775,0.0,0.0,0.0,0.0,0.0
Gm41653_mm,0.0,0.0,0.0,0.0,0.0,0.0,6.263743731648491e-05,0.0,0.0,0.0007096581359022952,0.0,6.567162197994865e-05,0.0,0.00013919207091827394,0.0
Gm4166_mm,0.0,0.0,0.0,0.0,0.0,0.0,0.0,0.0,0.0,0.0,0.00012183151068875967,6.923847203175466e-05,0.0,0.0005504707694088738,0.0
Gm42031_mm,0.3774456704520881,5.4225913855916446,1.2133806715349102,1.1362486935020686,0.0,0.0,1.770198478677127,0.6447713394970855,0.0,2.3486302284859595,0.0,0.0,0.0,2.3581112928956816,0.0
Gm42047_mm,0.0,0.0,0.0,0.40874141329201125,0.4049135108313751,0.0,0.0,0.0,0.0,1.6256314133622212,1.1036539010310975,0.20898475490367663,0.15565689323849344,0.0,3.6676812374217107
Gm4211_mm,0.0,0.0,0.0,0.00043533979349578224,0.0,0.0,0.0,0.0,0.0,0.00017090538216843265,0.0,0.0,0.0,0.0,0.0
Gm42427_mm,0.38771730483897404,5.952031720891326,0.6227363752150675,1.8323408214586692,1.1432352705450952,0.682236765565796,0.9789974971420535,1.3222651973515651,4.799736478214284,1.4862169864527177,0.12964096471089337,4.714251448116034,1.0807560036568788,0.6622379161956927,0.9546166556610569
Gm42445_mm,0.23943946014677644,0.08379179316629874,0.05457378066665498,0.23903403732855769,0.0,0.0,0.0,0.027747477794233536,0.3401260770615414,0.9993212763189853,0.10799418587299237,0.05731661380408811,0.0,0.0,0.0
Gm42449_mm,0.08289399139123262,0.0,0.0,0.12978616324952577,0.014595858745076892,0.0,0.0,0.0,0.0,0.16282116337755057,0.2016118002838645,0.19009031618366865,0.0,0.0,0.0
Gm42513_mm,0.08894713936060077,0.08247965195680898,0.04028817825028792,0.14499089309120852,0.0,0.0,0.0,0.011535228125832481,0.2788720346108055,0.6644815087138541,0.049263555661589645,0.0728018487706232,0.0,0.007553858272348832,0.0
Gm42520_mm,0.008163087767737609,0.0,0.0,0.0030084744221285315,0.012413858671205695,0.0,0.0,0.025446405863705213,0.0,0.3136418268912275,0.15579480173892843,0.08547366026284066,0.08032134707999092,0.0,0.0
Gm42531_mm,0.022640980173100674,0.015907180863442012,0.0,0.0,0.0012518342856987774,0.0,0.008540753065963429,0.010656094054161685,0.05474735825677043,0.10120826333101773,0.050228268456218146,0.0,0.027503490826232945,0.0031661626128778415,0.006255362305861426
Gm42566_mm,0.2689674411993809,0.0,2.8229508855513314,0.0,0.17243047899684408,0.0,0.0,0.13337166886261684,0.0,0.5791572320640402,0.0,0.0,0.4394961617251963,0.27872040443672536,0.0
Gm42653_mm,1.7351939695211294,0.6215648584983539,1.4831587839976808,0.0,0.0,0.0,1.478907655845607,0.23580409353439763,0.0,0.07384913956649732,0.3572112161915667,1.3284098324837845,0.9742881418117043,0.0,7.190920686481445
Gm4265_mm,0.0,4.492409005393226e-05,0.0,0.0,0.00015270896133657517,0.0,0.0,0.0,0.0,0.00016313311247827632,0.0,0.0,0.0,0.0001567676256196362,0.0
Gm42669_mm,0.613553331338849,0.7383377448382827,0.6591615502873193,0.10586304277434004,0.0,0.0,0.0,0.0,0.44425458407615465,3.9685869416070765,0.8936359270598657,0.0642121062508753,0.08179318724984584,0.2549441826003917,1.563551860491282
Gm42674_mm,9.05513787731829e-05,0.0,0.0,0.0,0.0,0.0,0.0,0.0,0.0,0.0,0.0,0.0,0.0,0.0,0.0
Gm42679_mm,0.0,0.0,9.724230597631482e-05,0.00030058681313471184,0.0,0.0,1.5136675361528126e-06,0.0,0.0,0.0,0.0,6.307509176613114e-05,0.0,0.0,0.0
Gm42687_mm,0.0,0.0,0.1947458910384984,0.0,0.0010712844802481976,0.0,0.0,0.0,0.0,0.0024403220588124224,0.0,0.00281767872426346,0.0,0.0,0.0
Gm42697_mm,0.0,0.0,0.00027606106801935087,0.0,0.0,0.0,0.0,0.0,0.00036102205625568437,2.3244324190884393e-05,0.0,4.690258240947955e-05,0.0,0.0,0.0010013466078688548
Gm42725_mm,0.011121421403052341,0.009372248751942642,0.0038040018804821264,0.006226600291170319,0.0,0.0,0.0,0.023355053091542878,0.04175723444897649,0.1365299536789786,0.012575802938503413,0.0,0.052691111860013094,0.0,0.0
Gm42752_mm,0.0,0.024402166893921863,0.08025470404401579,0.08127075966626525,0.0,0.0,0.0,0.0,0.0,0.0,0.0,0.005441267927718961,0.0,0.0,0.06758994645696138
Gm42791_mm,0.0,0.0,0.0,0.0001059399668677447,0.0,0.0,0.0,1.4853492213004967e-06,0.0,0.0,0.0,0.0,0.0,0.0,0.0
Gm42809_mm,4.19326275013325e-05,0.0,0.0,0.0,0.0,0.0,0.001348831061992827,0.0016442196643936672,0.0,0.0018352392425153964,0.0,0.0,0.0,0.0,0.0
Gm42811_mm,0.0,0.0,0.0,0.0,0.0,0.0,0.0,0.0,0.0003919305608700713,0.0,0.00018173422391456383,0.0,0.0,0.0,0.0
Gm42853_mm,0.0,0.0,0.006127760611387221,0.0,0.0,0.0,0.0,0.0,0.0,0.04873474129899677,0.0,0.0,0.09002607635902037,0.0,0.0
Gm42858_mm,0.0,0.0,3.6888281638735045,0.0,0.0,0.0,0.0,0.0,0.0,0.0,0.0,0.0,0.0,0.20940844908799722,0.0
Gm42860_mm,0.26082511167970274,0.0,4.775260215549084,0.39899005448846747,0.0,0.0,0.0,0.20694531912189368,0.8251795436736655,0.11100410267646718,0.0,0.3552050284327468,0.0,0.0,0.0
Gm42863_mm,0.015319210860229252,0.05722328704809891,0.3281780175233053,0.4464280313950195,0.0,0.0,0.0,0.0,0.0,0.07543635627475542,0.0,0.0,0.0,0.0004768426957857412,0.1922070439511223
Gm42867_mm,0.00027373868428058097,0.0002437885328510352,0.0,0.0,0.0018549569958403367,0.0,0.0,0.004620211237807608,0.0,0.002060160939369601,0.0,0.0,0.0,0.0001691495606000747,0.0
Gm42870_mm,0.0,0.0,0.002238654220250225,0.00488736996226937,0.0,0.0,0.0,0.0,0.0,0.0035770976015396193,0.0,0.0,0.0,0.0010774904117615235,0.0
Gm42875_mm,0.0,0.0,0.00016751140268914555,0.0,0.0,0.0,0.0,0.0004279130483291684,0.0,0.0,0.0,0.0,7.637357695139231e-05,0.0,0.0
Gm42881_mm,7.696420488867545e-05,0.0,0.0,0.0,0.0,0.0,0.0,0.0,0.0,0.0003472714229193162,0.0,5.273061454573955e-05,0.0,0.0,0.0
Gm42888_mm,0.0,0.00026883996423724673,0.0002686558954661802,0.0,0.0,0.0,0.0,0.0,0.0,0.00011276491313942484,0.0,1.817661154555392e-05,0.0,0.0011007516864156865,0.0
Gm42898_mm,0.0,0.0,5.656247120882832e-05,0.0,0.0,0.0,0.0,0.0,0.0006506984701629648,0.0,0.0,0.0,8.218920359313254e-05,4.070402555259727e-05,0.0
Gm42923_mm,0.48553833565743115,0.23669200078251731,0.4784117251765804,0.6809403012391722,0.0,0.0,0.0,0.0,0.7729010579240813,0.08646479076359521,0.0,0.14076700235574352,0.0,0.0,1.21117633513461
Gm42959_mm,0.0,0.0,0.36989652539684553,0.0,0.05312905971021714,0.0,0.0,0.10336999863752129,0.0,0.18087954433647435,0.16806586431955006,0.002087649211136027,0.02421171377494811,0.0,0.0
Gm42970_mm,0.0,0.001739986493245948,0.0,0.0,0.0,0.0,0.007850519435639157,0.0,0.0,0.14755623974766394,0.0,0.0,0.14977285689918493,0.0,0.0
Gm42979_mm,0.17882500178215807,0.0,0.0,0.32882488558868306,0.1254172076075956,0.000675086715584215,0.0,0.0741780856555075,0.0,0.3038937230000645,0.04721483985821111,0.0,0.0,0.01981082543105275,0.0
Gm42981_mm,0.0,3.7897167053750485e-05,9.392701260638628e-05,0.0,0.0,0.0,0.0,0.0,0.0,0.0,0.0,9.014423393319897e-06,0.0,0.00041375682058918085,0.0
Gm42989_mm,0.0,0.00011020822819181917,0.000142766566204204,0.0,1.061598932114107e-05,0.0,0.0006788104423354471,0.0,5.338477528799769e-07,0.0,0.0,0.0,0.0,6.571726229736405e-05,0.0
Gm42992_mm,0.0,0.0,0.00773005666027546,0.031049432771654933,0.0,0.002298436070154234,0.0,0.0,0.0,0.015477924161027688,0.0,0.0,0.0,0.011831685535637421,0.013260064401087495
Gm43014_mm,0.013029328040252336,0.0,0.0,0.0,0.015447145303442747,0.0,0.0,0.007334158871029525,0.03190035048882079,0.05567109724391039,0.03177815986171957,0.007400436510984335,0.005452539082085684,0.008821502889062412,0.0
Gm43055_mm,0.0,0.0,0.0,0.0,0.0,0.0,0.0,0.0,0.0,0.3336112670104298,0.5440541832524275,0.0,1.114595980798139,0.0,0.0
Gm43077_mm,0.00020247408005923242,0.0,0.0,0.0,0.0,0.0,0.0,0.0,0.0,0.0,9.994952549723984e-05,0.0,0.0,0.0,0.00014421022875519787
Gm43088_mm,0.006127785417975695,0.0,0.0009122758436585537,0.03565831432117636,0.017403644726233323,0.0,0.0,0.0013287343655632908,0.0,0.09309684375780124,0.017482337073272812,0.0,0.012040272505447869,0.0,0.0
Gm43169_mm,0.0,0.0001227274165145119,0.0,0.0,0.0,0.0,0.0,0.0,0.0002260944934128804,0.00038808780049026876,0.0,0.0,0.0,0.0,0.0
Gm43185_mm,0.06385765789117841,0.0,0.0,0.0,0.009079130435479671,0.0,0.0,0.0,0.0,0.038993358366806015,0.03618444227026448,0.0,0.022791792680890755,0.0,0.0
Gm43189_mm,0.0,0.0,0.0,0.0,0.0007432977390947506,1.2759591239843767e-05,0.0,0.0,0.0,0.0016205409945353655,0.0,0.0,0.0,0.0,0.0
Gm4319_mm,0.0,0.0,0.00026988214281007804,0.0,0.0,0.0,0.00044106790959125487,0.0,0.0020248878332763502,0.0,0.0,0.0,0.0,0.000460129798773868,0.0
Gm43237_mm,0.014016443161661535,0.0,0.0,0.016103363781177146,0.01652537357907863,0.0030859289930579878,0.0011533122058150782,0.016893599950351647,0.0177750248401699,0.0020515031978481798,0.0,0.0,0.0,0.0,0.0
Gm43238_mm,0.0,0.0,0.065831013733296,0.015034513777167528,0.0,0.0,0.0,0.0,0.0,0.7065877661556699,0.14465573305059387,0.03997582638680932,0.018037505500136494,0.0,0.1569670587060737
Gm43242_mm,0.0,0.0,0.0,0.0,0.0,0.0,0.0,0.0,0.0,0.0,0.0,0.0,0.0,0.000560475616588253,0.0
Gm43283_mm,0.0,0.0,0.0003997404625007571,0.0,0.0,0.0,0.0,0.0002990052689413182,0.0,0.0012827173866720486,0.0,0.0,0.0,0.0,0.0
Gm43305_mm,1.4860806968628808,6.3565971404309485,0.38097465190269336,1.357251641635908,1.8005287355678876,1.2039133319932227,1.7758764366632782,1.419463035755143,2.0722164963795944,2.0208542330783077,0.7591633966452832,4.260612251365111,1.502720509781406,1.0322829178148982,1.2696236858509962
Gm43314_mm,0.004253639900772846,0.0,0.0,0.0,0.009725269599912144,0.0,0.0,0.0,0.0,0.0,0.0,0.0,0.0,0.0017405324208504874,0.0
Gm43319_mm,9.689444409231498e-06,0.0,0.0,0.0,0.0,0.0,0.0,0.0,7.378896627883521e-06,0.0,0.00014048842711350044,0.0,0.0,0.0,0.0
Gm43321_mm,0.002292365404717983,0.0,0.0,0.0,0.009728469814212288,0.0,0.00045097651796313805,0.003564177548452479,0.016777056194258604,0.019822471305110757,0.0025145021163580764,0.0,0.0,0.004663495733880737,0.0
Gm43366_mm,0.0,0.0,0.06227364873432253,0.0,0.0,0.0,0.0,0.034333418014919195,0.0,0.01222092076377,0.0,0.0,0.0,0.0,0.0
Gm43397_mm,0.0,0.0,0.0,0.0,0.0,0.0,0.0,0.0,7.1077918031464e-05,0.0,0.00032989182140960154,5.259512287777526e-05,0.0,0.0,0.00015654845931359528
Gm43404_mm,0.0,0.0,5.6178594329627094e-05,9.713746440943189e-05,0.0,3.605886616300659e-05,0.0,0.0,0.0006687775314247297,0.0,0.0,0.0,0.0001659384111908865,6.301906315934619e-05,0.0
Gm43423_mm,0.0032918250283803492,0.01200844844822414,0.005173382750921388,0.007832134289248203,0.0,0.0,0.002434069528720636,0.00967911788103928,0.054511634758651326,0.05358466623639361,0.0,0.0,0.011039482899667843,0.0,0.0
Gm43425_mm,0.0,4.8041260996735085e-05,0.000255873723391872,0.0,0.0,0.0,0.00037138508529516184,0.0,0.0,0.0,0.0,0.0,0.0,9.765464693537896e-05,0.0
Gm43465_mm,0.022299086379949352,0.0,0.0029005621792071736,0.02865825027400885,0.02134902661522307,0.0,0.014304241623831732,0.0038054354275436175,0.013543528256400721,0.06582427968722859,0.02507164233035507,0.009171321510643392,0.0,0.0008754129787822542,0.0
Gm43469_mm,0.12243689103632098,0.0,0.12251189482400954,0.2723978447042302,0.0,0.0,0.0,0.0,0.0,0.057595821535870194,0.016420636778024154,0.0,0.0,0.06385678141992891,0.22607739517367664
Gm43497_mm,0.0,0.0,0.0,0.0,0.0,0.0,0.0005914187118097991,0.0,0.0005244027057009668,0.0,0.0,0.00010544453249719383,0.0,0.0,0.0
Gm43503_mm,0.0,0.0014815519388106315,0.0,0.0011671607577810814,0.0,0.0,0.0,0.0,0.0,0.01783506306005911,0.005058310680471174,0.0,0.022409869472076235,0.0,0.0
Gm43520_mm,0.0,0.0,1.1869590414417766,0.0,0.0016637467760469,0.0,0.0,0.0,0.0,0.2429083931851784,0.0,0.051167364866203685,0.02448889463301599,0.0,0.0
Gm43541_mm,0.020442540228253078,0.0,0.019036403962779225,0.011210979963178283,0.0,0.0,0.002553600110363489,0.009339633684183817,0.000992400466526166,0.0745709406004592,0.0028568602776667534,0.0,0.020606508611013808,0.0,0.0
Gm43552_mm,0.0,0.0,0.0,0.0,0.0,0.00015508297721030572,0.00025646895853600327,0.0,0.0,0.0,0.0,0.00019328345560909815,0.0,1.837622098093363e-05,0.0
Gm43558_mm,0.6933405381631214,0.02915437565832132,0.0,0.0,0.0,0.0,0.05554797878627392,0.0,0.09799500813721673,0.11838322448889387,0.25930176586758913,0.0,0.046212293783588244,0.1868533823901095,0.0
Gm43569_mm,0.0,7.800884915328064e-05,0.0,0.0008734953408111364,0.0,0.0,0.0,0.0,0.0,0.00024837851792953606,0.0,0.0,0.0,0.0,0.0
Gm43570_mm,0.0,0.0,0.0,0.0,0.0,0.0,0.0,0.0,0.0,0.0,0.0,0.0,0.0,0.0005498922801747021,0.0
Gm43601_mm,0.0,0.0,0.0045430150843646655,0.007884455221910459,0.0,0.0,0.0,0.006677716770212109,0.0075829133731231705,0.0680433708033494,0.019530737216039793,0.03492422265602502,0.007217500266067464,0.0,0.0
Gm43618_mm,0.0,0.0,0.0,0.0,0.0,0.0,0.000525800891652424,8.100780947388233e-05,0.0002349657586789617,0.0,0.0,0.0,0.0,0.0,0.0
Gm43622_mm,0.05915257036888274,0.0,0.12919763643297424,0.32666041550888897,0.0,0.0,0.0,0.012321923474705211,0.0,0.423506367030021,0.1399165093321103,0.0,0.07139622374892488,0.0,0.12191897736195015
Gm43635_mm,3.649842876483236e-05,0.0,0.0,0.00031077705511304876,0.0,0.0,0.0,0.0,0.0,0.0,0.0,0.0,0.0,0.0,0.0
Gm43666_mm,0.0,0.0,0.0,0.0,3.0549014916542314e-05,0.0,0.0,0.0,0.0,3.618148431727685e-05,0.00028357111682707426,0.0,0.0,4.435832408551122e-05,0.0
Gm43677_mm,0.0,0.0,0.0004815043681360116,0.0,0.0016428580404436294,0.0,0.0,0.0,0.0,0.003924368642289897,0.0,0.0,0.0,0.0,0.0
Gm43705_mm,0.0,0.0,9.810743867881715e-05,0.0,0.0,5.763452297784423e-06,0.0,0.0,0.0,0.0004049938845721636,0.0,0.0,0.0,0.0,0.0
Gm43732_mm,0.0,0.0,0.0,0.0,2.1381121544390167e-05,0.0,0.0,0.0,0.00017922270462048887,0.0,0.0,3.951320479435924e-05,2.5090142238572315e-05,0.0,0.0
Gm43748_mm,0.0,0.00023965955446293073,0.0,0.0,0.0,0.0,0.0,0.0,5.711836256985026e-05,0.0,0.0,0.0,0.0,0.00016863405457829056,0.0
Gm43760_mm,0.02460620364708425,0.0,0.0,0.11198084834088637,0.01155355410991729,0.0,0.0,0.0,0.0,0.13515927757224633,0.32793423609909017,0.048403827443613094,0.014339459595949755,0.0,0.041282017591811535
Gm43781_mm,0.0,0.00013819032497182975,0.0,0.00020160265002499265,0.0,0.0,0.0,0.0,0.0,0.0,0.0,0.0,1.2718724565551993e-05,0.00043491022797427693,0.0
Gm43813_mm,0.021003630114195346,0.001978306702971074,0.0,0.06588751245109126,0.020433908974130197,0.0,0.0,0.01112284831953737,0.23227365335064,0.42261132708268395,0.13384492177498938,0.0,0.23473334413738606,0.016576691437375293,0.0
Gm43829_mm,0.0,0.0,0.0,0.0,0.0,9.032070521950759e-05,0.0,7.322622826040807e-05,0.0,0.0,0.00014195728523175205,0.0,0.0,0.0,0.0
Gm43830_mm,0.0016860535988562563,0.007941156678923887,0.0,0.0,0.022966213051687497,0.0,0.0053072686403088975,0.0052141059811696535,0.06282125250206712,0.07572694680697285,0.029359577013797416,0.0063803484756062455,0.0,0.010699067657404599,0.0
Gm43877_mm,0.0,0.0,1.1942053859233549e-05,0.0,0.0,0.0,0.0,0.0,0.0009147878785005461,0.0,0.0,6.4651747109007945e-06,0.0,0.0,0.0
Gm43887_mm,0.004811588718318194,0.0,0.0,0.0,0.011578378764601643,0.0,0.0,0.006507681996036985,0.011813159482042116,0.031803487011930504,0.0197901953019656,0.006430520142314903,0.0,0.006772406105684757,0.0
Gm43894_mm,0.0,0.00021174077182907182,4.5365433245552684e-05,0.0,0.0,0.0,0.0007401760594561051,0.0,0.0,0.0,0.0,0.0,0.0,0.0003616366421734223,0.0
Gm43906_mm,0.0,0.0,6.919695013819029e-07,0.0,0.0,0.0,0.0,0.0,0.0,0.0,0.0,0.0,0.0,0.0002373227995898989,0.0
Gm43970_mm,0.0,0.009429018250756751,0.033659383287706374,0.0,0.0,0.0,0.0,0.007143241395494272,0.0,0.0022926144475740712,0.0,0.0,0.0,0.0,0.0
Gm44000_mm,0.0,0.0,0.0,0.00032027400004196584,9.751924958811146e-05,0.0,0.0001065740680552077,4.260082200990379e-05,0.0,0.0,0.00042199123226547647,0.0,0.0,4.568820501240423e-05,0.0
Gm44001_mm,0.0,0.0,0.0,0.0,0.0,0.0,0.0,0.0,0.0,0.0009366114197366504,0.0,0.0,0.0,0.00048626429794236157,0.0
Gm44022_mm,0.0,0.0,0.0,0.00019436005005601126,0.0,0.0,0.0,0.0,0.0,0.0,0.0,0.00019599992014773717,0.0,0.0002490237647219889,0.0
Gm44036_mm,0.0006597004886974425,0.0,0.0,0.0007585767392211081,0.0005081334267665992,0.0,0.0,0.0008368568192547368,8.10002344224199e-05,0.0,0.0,0.0,0.0,0.00030369100313204115,0.0
Gm44039_mm,0.0,0.00010042620828983884,6.014446017341394e-05,0.0,3.3234264810984116e-05,0.0,0.0,4.3551043688312886e-05,0.0,0.0001429101050531206,0.0,0.0,0.0,0.0,0.0
Gm44046_mm,0.0,0.002422226557871827,0.010363365185262378,0.0,0.0,0.0,0.0,0.013913574791511757,0.057205459794255335,0.10674282545450536,0.008807544920221733,0.0,0.039001709953024766,0.009320181959386175,0.009383660848119379
Gm44062_mm,0.0,0.0,0.00011357203824475212,0.0,0.0,0.0,0.00015056590469951584,9.728716190730762e-05,0.0,0.00017607457498984084,0.0,0.0,3.4756630165017306e-05,0.0008954342224380487,0.0
Gm44080_mm,0.0,0.011953829487912277,0.004758108924921267,0.0,0.00027401151761728703,0.0,0.0,0.025144076271210195,0.027084844561278423,0.13376141106415065,0.012913624961146307,0.004086527776389484,0.023735550950595073,0.008090548074332658,0.0
Gm44124_mm,0.0,0.0,0.0,0.0,2.6712039371238912e-05,0.0,0.001577669174790856,0.0,0.0,0.0,0.0,0.0,5.781045152150231e-05,0.0007569335881116462,0.0
Gm44140_mm,0.0,0.0,0.0,0.0,0.0,0.0,0.00027196838765737125,0.0,0.0,0.0,0.0,0.0002766880859771584,0.0,0.0004412643280732492,0.0
Gm44167_mm,0.0,0.0,6.913383560821437e-05,0.0,0.0,0.0,3.147331448631267e-05,0.0,0.00017797711747633604,0.0,0.0,0.0001475732382910129,0.0,7.334534796331708e-06,0.0
Gm44168_mm,0.0,0.0,0.000408092237746678,0.00032065850834412296,0.0001377651416171671,0.0,0.0,0.0008736849507783612,0.0,0.0028067104063319377,0.0,0.0,7.238558911190548e-05,0.0,0.0
Gm44169_mm,0.0,0.0,0.0,0.0003490119078309764,0.0,0.0,0.0,0.0,0.0,0.00010350832539218,0.0,0.0,0.0,0.0,0.0
Gm44186_mm,0.0,0.004803658745923005,0.005408721018829314,0.006014720200931235,0.0,0.0,0.0,0.0,0.0,0.011285124671193894,0.0,0.0,0.0,0.0,0.006935160808417701
Gm44196_mm,0.0,4.200591210839064e-05,2.7505567490736503e-05,1.9029541592806146e-05,0.0,0.0,0.0,0.0,0.0,0.0,0.0,4.904674176481803e-05,0.0,0.0,0.0
Gm44231_mm,0.22756092363989278,0.0,1.8208918747444038,0.0,0.07056913907429879,0.0,0.0,0.1509212193869974,0.0,0.32193286481077754,0.1193226236368855,0.017315552404405403,0.0,0.0,0.0
Gm44250_mm,0.1586164262504935,0.02033684651902708,0.007143929030490578,0.3639438407139595,0.1576770499689762,0.0,0.03116296795400834,0.009525560255350118,0.1435646460873249,0.18876119701314656,0.030809623437284495,0.010137509265218695,0.013645355225539805,0.0,0.041168626368563284
Gm44291_mm,0.0,0.0,0.0,0.05101945506817979,0.06038902367743613,0.0,0.0,0.0,0.0,0.18296544533243275,0.055885278565403304,0.0,0.12118086894558866,0.0,0.0
Gm44292_mm,0.0,0.0,0.0,0.008365397750677446,0.024528218241836718,0.0,0.000874017705172409,0.02322066531887434,0.0019617058203645456,0.05306914831720221,0.014857676648887383,0.0,0.004250895823897015,0.0,0.0
Gm44443_mm,0.0,0.03326885506926892,0.048627995877395656,0.11621278207869666,0.0,0.0,0.0,0.0,0.014647381585647865,0.8696068843307514,0.3095066619054946,0.061121320572479224,0.029065839738519603,0.007180652559776163,0.06711487517706838
Gm44471_mm,0.0,0.0,0.0,0.00017227102141863297,0.0001527648216579515,0.0,0.0,0.0,0.0,0.0,4.892091288916319e-07,0.0,0.0,0.0,0.0
Gm44541_mm,0.0,0.00023405058481063842,0.00011773275998691341,0.0,0.0,0.0,0.0,0.0,0.0011348541378625344,0.0,0.0,0.0,0.0,0.0,0.0
Gm44584_mm,0.0,0.0001179569318831918,0.0,0.0,0.0,0.0,0.0,0.0,0.0005552046258850534,0.0,0.0,6.326653539203259e-05,0.0,0.0,0.0
Gm44586_mm,0.0,0.00019911713690648472,0.00027616483834588454,0.0,0.0,0.0,0.0,0.0,1.247029121388328e-07,0.0,0.0,0.0001713010840072266,0.0,0.0,0.0
Gm44587_mm,0.0,0.0,0.017812913980846317,0.004768882959227482,0.0,0.0,0.0,0.0,0.0,0.5050221540934833,0.0,0.0,0.7058650638486205,0.0,0.0
Gm44626_mm,0.0,1.6003536659331007e-05,0.0001251348967050414,0.0003109730353509299,0.0,0.0,0.0,8.127231333032093e-06,0.0,0.0,0.0,0.0,0.0,2.4765213247804086e-07,0.0
Gm44660_mm,0.0,0.023012776741088533,0.05580362516256793,0.13341318152985907,0.0,0.0,0.0,0.039563875378107,0.14151203227839387,0.4297278099215132,0.11375045839930016,0.20081394929996893,0.0,0.0,0.0
Gm44680_mm,0.0,0.00013774319438872312,0.0,0.0,0.00028252856600060624,0.0,0.00014032462508649647,0.0,0.0,0.0,0.0,0.00013473525140459032,0.0,0.0,0.0
Gm44693_mm,0.0,0.0,0.00023083047425226285,0.0,0.0,0.0,0.0,0.0,0.0,0.0007713565845152862,0.0,0.0,0.0,3.5732719781711535e-06,0.0
Gm44736_mm,0.0,0.0003508241551173975,0.000569397508081317,6.285764899904439e-05,0.0,0.0,0.00010192881243822964,0.0,0.0,0.0,0.0,0.0,0.0,0.000254575659604053,0.0
Gm44739_mm,0.0,0.0041509599807947484,0.001305681745532496,0.008260625786529628,0.0,0.0,0.0,0.0,0.0,0.019126184870472334,0.0,0.00393593629574592,0.000866294329508973,0.0,0.0
Gm44769_mm,0.0,0.0,0.0010575166518755868,0.0,0.000876771193467027,0.0,0.0,0.0,0.05900482943652531,0.014518717209633434,0.0,3.085564074763188e-05,0.008846287163641685,0.0019291518162981864,0.0
Gm44806_mm,0.0,0.0,6.322093210101128e-05,0.0,0.0,0.0,0.0,0.0,0.0,0.0,0.0,5.005011374707637e-05,0.0,0.0004778197575363992,0.0
Gm44826_mm,0.0,0.0,0.007486198494717557,0.002718450449409176,0.0,0.0,0.0,0.0,0.0,0.0,0.0,0.0,0.0,0.0,0.0
Gm44836_mm,0.010739714268874512,0.0044263887826185245,0.0,0.0318054277172994,0.008626577934331045,0.0,0.0,0.009970157538412539,0.0,0.08358762313939049,0.005704387240779851,0.0,0.00540271020933986,0.0,0.0
Gm44854_mm,0.0,0.0,0.00011066214408902162,0.0,0.0,0.0,0.0002914204802459369,8.19471121107163e-05,0.0,0.0,0.0,0.0,0.0,0.002359154583290033,0.0
Gm44873_mm,0.23111462593475426,0.006125487059545435,0.40825903111136,0.6314103759056418,0.013994400088517258,0.0,0.0,0.06866986053257622,0.0,0.8155846436964503,0.1808513332878896,0.0,0.039066700983092784,0.0767418880092505,0.34862549054480213
Gm44888_mm,0.010646411140093605,0.0,0.0,0.008952381190709997,0.003347202515059266,0.0,0.002198431102707996,0.002875479433545197,0.027236999859733598,0.037971727070522904,0.009617326336663764,0.0005720436909705499,0.0,0.002952288130003406,0.0
Gm44974_mm,0.0,0.0,0.0,0.0,0.0024496612931782825,0.0,0.0,0.003814366576350244,0.004626691103092209,0.016579107999641237,0.008657101191992077,0.005316953012428739,0.004406628507603247,0.0,0.0
Gm44993_mm,0.0,0.0,0.0,0.0,0.0,0.0,0.0,0.0,0.0,0.00019860138191233972,0.0,6.750551804947986e-05,0.0,0.0,0.0
Gm44997_mm,0.002998716721285041,0.002466229756736689,0.0,0.0005329400669937242,0.00402429109084861,0.0,0.0027096899499208004,0.0,0.0031777950083996783,0.016534230314702428,0.004744921637467649,0.0,0.0,0.006312275842171463,0.0
Gm45053_mm,0.0,0.0,0.0,0.0,0.0,0.007949955386152356,0.0,0.12465152739642156,0.0,0.1584594426363703,0.0,0.0,0.0,0.0,0.0
Gm45060_mm,0.0,0.0,0.0,7.608398833250581e-05,6.249723028131213e-05,0.0,0.0,0.0,0.0,0.0,0.0,0.0,0.0,3.47400508847381e-05,0.0004622565100131344
Gm45066_mm,0.0,0.0,0.0,0.0,0.0,0.0,0.0,0.0,0.0,0.04095013731658352,0.0,0.0,0.10481337016393628,0.0,0.0
Gm45088_mm,0.05413443124973464,0.0,0.0,0.055847581803366686,0.0009873421157183342,0.0,0.0,0.02845889128423539,0.11307875305134911,0.13089508555201773,0.0474194464145164,0.0,0.0,0.010199490447828814,0.0
Gm45104_mm,0.03318747466923484,0.012380392164332,0.04214004560135673,0.03914624939068704,0.0,0.0,0.0,0.0027349239132886892,0.03599952119042797,0.02915344564826919,0.0,0.0019659493321596113,0.0,0.0,0.05789361278563204
Gm45120_mm,0.0,0.0,0.029778911584908092,0.0,0.0,0.0,0.0,0.008442518277259317,0.17669455824292468,0.13835568853611044,0.04174476338269138,0.0,0.12531840822712956,0.0,0.0
Gm45155_mm,0.0,0.0,0.3106737387017137,0.0,0.0,0.0,0.0,0.0,0.0,0.0,0.0,0.0,0.0,0.0,0.0
Gm45159_mm,0.008949211316450533,0.0008986314602446983,0.0,0.014081519129880735,0.0,0.0,0.0,0.002275737856839915,0.015052073496931283,0.05815068207778974,0.013445471719317918,0.011075607297518164,0.0,0.004638228724271296,0.0057600162142894115
Gm45185_mm,0.0,0.0,0.0,0.0,0.0,0.0,1.9373034737238506e-05,0.00011356370321543948,0.00010548393429645591,0.0010837424620571518,0.0,0.0,0.0,0.0,0.0
Gm45211_mm,0.0,9.176703613796289e-05,0.0,0.0,2.6643146143968355e-05,0.0,7.022665632338717e-05,0.0,0.0,0.0,0.0,3.3602171223336777e-06,0.0,0.00020637912482070187,0.0
Gm45212_mm,0.0,0.0,0.0,0.0,0.0,0.0,0.0,0.0,0.0,4.0680508563170224e-05,0.0,0.00016814913156185395,0.0,0.0,0.0
Gm45251_mm,0.0,0.0,0.07361153142096874,0.0,0.0,0.0,0.0,0.0,0.8435571331417059,0.0,0.0,0.0,0.12281293645863393,0.02564271779090168,0.0
Gm45322_mm,0.5301429290237736,0.0,3.146395855941509,0.1670145929841856,0.056751417032317716,0.0,0.0,0.22298389332590787,0.0,0.5807143132089071,0.0,0.3299796304310791,0.0,0.0,0.0
Gm45407_mm,0.05418496246604465,0.0038752551582780896,0.0012562988127774273,0.0,0.012922575394540453,0.0,0.0,0.07674489631393058,0.03703717907346562,0.2731970270338683,0.09584718156707021,0.0,0.10156636135911498,0.0,0.0
Gm45410_mm,0.07094953127502963,0.0,0.0,0.0562287266002118,0.031212244321055495,0.0,0.0,0.036753030270379856,0.0,0.32870382496575506,0.1714716988817653,0.0,0.0866649699743221,0.0,0.0
Gm45436_mm,0.0,0.0,0.003529183594728204,0.0010633547805877501,0.0,0.0,0.0,0.0,0.0,0.0,0.0,0.0,0.0,0.0,0.0
Gm45494_mm,0.0,0.0,0.0,0.0,0.00017366885819812672,0.0,0.0,0.002665717352850197,0.0,0.049056404082768804,0.0,0.0,0.025146515513842664,0.0,0.0
Gm45501_mm,0.04292030727966466,0.0,0.001447563440489744,0.02868619288920816,0.018970693726993768,0.0,0.0,0.03675769843751137,0.0847282371921131,0.25956746962961774,0.08914834399257608,0.02134277562067782,0.08951425541523288,0.0,0.0
Gm45518_mm,0.013790255805107225,0.0,0.0028559591363991367,0.015322036971442932,0.0,0.0,0.0,0.0,0.03097355649171518,0.13136407451171,0.024972701573900476,0.0,0.0,0.0,0.015093746308815952
Gm45552_mm,0.0006112950073100535,0.0001731534638531982,0.0,0.0,0.0,0.00010194337018540621,0.0,0.0,0.0,0.0,0.0,0.0,0.0,0.0,0.0
Gm45553_mm,0.0,0.0,0.00658835726191541,0.026411976382923447,0.0,0.0,0.0,0.0,0.0,0.16664976604570178,0.08276370905524941,0.07314880047332083,0.053503260994590074,0.0,0.0
Gm45572_mm,0.0,0.00031655821085732627,0.00037218787443059977,0.0,0.00023338010559598998,2.3571102447806696e-05,0.0,0.0003971651426682239,0.002282057939861514,0.0,0.0,0.0,0.0,0.0,0.0
Gm45579_mm,0.0,0.0,7.99084941160281e-05,0.00011288592392089663,0.0,0.0,0.0,0.0,0.0,0.00028035026770939085,0.0,0.0,0.0,4.625916955407709e-06,0.0
Gm45587_mm,0.0,4.581294153787187e-05,0.0002772044932177111,3.2235093868198945e-05,0.0,0.0,0.00025745443350241317,0.0,0.0,0.0,0.0,0.0,0.0,0.0,0.0
Gm45589_mm,0.0,0.0,1.5154923476898028,0.0,0.0,0.0,0.0,0.0,0.0,0.0,0.0,0.0,0.0,0.0,0.0
Gm45602_mm,0.0,0.00022857664270969338,0.0,0.0,0.0,0.0,0.0,0.00011237551515524635,3.0143567489852225e-05,0.00025124247720293406,0.0,0.0,0.0,0.0,0.0
Gm45627_mm,0.0,0.0,0.8705432944371297,0.0029727081859788375,0.007032661695056186,0.0,0.0,0.021607283606612248,0.0,0.08601646148999921,0.0,0.06536147976184604,0.0,0.0,0.0
Gm45737_mm,0.005230784376783846,0.0,0.0,0.0066601070804963676,0.00012592655438031032,0.0,0.0002520044488760033,0.003995825816623652,0.011785765776825233,0.0012664146538623586,0.0,0.0012066398641958388,0.0,0.0,0.0005836633788041479
Gm45753_mm,0.0,0.0,0.0,0.0,0.0,8.142715555476215e-05,0.00016066427443239682,0.0,8.314604869597308e-05,0.0,0.0,0.0,0.0,6.420425356717428e-05,0.0
Gm45758_mm,0.0,0.0,0.0,0.0012465935546393913,0.0,0.0,0.0005256590905361768,0.0011126008132258428,3.665462508129242e-05,0.0072322245975318025,0.0,2.578067148023787e-05,0.0,0.0015859227851369427,0.0
Gm45792_mm,0.027288124957544888,0.0018833029335946472,0.0,0.0022777201415290584,0.012116036503308848,0.0,0.0,0.0035811722586551005,0.03590391340434709,0.08957321151487398,0.032058296861213115,0.0031170449490014168,0.0,0.004754435777782788,0.0
Gm45819_mm,0.0,0.0,0.0,0.0,0.0,0.00029709608853262237,0.0013137704181558534,0.003568304227943512,2.2270335414819815e-05,0.0,0.0,0.0,0.0,0.00016195713467888573,0.0
Gm45833_mm,0.0,0.0017189255215258044,0.0023806072312462594,0.0,0.0028852474758947963,0.0,0.0,0.0005373414121128763,0.04399950634143547,0.0762994791732665,0.0,0.0,0.05891893514739706,0.003012292838604691,0.0
Gm45847_mm,0.0,0.0,0.0004437560213047157,0.0,0.0,0.0,0.0,0.0006405025242148652,0.0,0.004313993573363448,0.0,0.0,0.0,3.883494366394967e-05,0.0
Gm45876_mm,0.0,0.0,0.0,0.00019971718746279076,0.0,0.0,0.0,0.0,0.0,9.416332881878344e-05,0.0,0.0,1.6229853218354199e-06,0.0,0.0
Gm45899_mm,0.0,0.02031439538408039,0.011576750367985025,0.03617982789488049,0.0,0.0,0.0,0.007081769131629918,0.03527110037303378,0.12515570363596326,0.0,0.09079603720417616,0.0,0.0,0.0
Gm4610_mm,0.04777679851521057,0.0,0.0,0.018103457367721173,0.1400239184995862,0.0,0.0,0.1774616575813885,0.0,0.0,0.0,0.0,0.0,0.026715154170217324,0.0
Gm46336_mm,0.00031691314670214576,0.0,0.0,0.0,0.00025427042885691853,0.0,0.0,0.00024993647753274726,0.0,0.0,0.00015463162732932116,0.0,0.0,0.0,0.0
Gm46349_mm,0.0,0.0,0.0,0.06857414443076892,0.02172754315926892,0.0,0.0,0.0,0.04454972582932621,0.2504150599727425,0.08053333866326629,0.1024236273969225,0.0,0.0,0.40997608005318226
Gm46516_mm,0.0,0.0,0.0,0.0,0.0003130831596100813,0.0,0.0,0.0,0.0,0.0976066252437905,0.0012417194933318585,0.0,0.0945062950823834,0.0,0.0
Gm46620_mm,0.21658658332749936,4.707984430405999,0.5543447224993807,2.775582342595326,0.0,0.0,0.0,0.0,1.8532139432286079,0.30674085709830984,0.0,0.44314448814676,0.0,0.0,0.0
Gm46637_mm,0.0,0.0,2.2481273278463103e-06,4.720543430260003e-05,1.0704495583469385e-05,0.0,0.0,0.0,0.0,0.0,3.020200547182963e-05,0.0,0.0,0.0,0.0
Gm4675_mm,0.0,0.0,0.0002189487567671897,0.0,0.0,0.0,0.00011912266518974526,0.0,0.0,0.0,0.0,0.0,0.0,0.0003814243995419945,0.0
Gm47015_mm,0.7876197110487296,0.05024580015498592,0.42440270074872366,1.021743575141607,0.05107942825184047,0.06503636628229348,0.0,0.43991046534023476,0.35207138584753905,1.4134055185880803,0.009463364760981927,0.39123716629829597,0.0,0.3636007865553051,0.0
Gm47018_mm,0.0,0.0,0.0,1.903353064349144e-05,0.00011760155989303611,0.0,0.0,0.0,0.0,0.0,0.0002018646775556169,0.0,0.0,7.738252140592955e-06,0.0
Gm47025_mm,0.0,0.0,0.10459236951882407,0.2463308823419677,0.0,0.0029444145339635624,0.05615970447381489,0.0,0.0,2.807316367657822,1.1148775629868881,0.11542829885507894,0.40602237379870393,0.015774006742678037,0.8477762453637697
Gm47031_mm,0.0,0.02151384916151641,0.0,0.005735052445168053,0.004483454986514126,0.0,0.010268736167275373,0.016936440081374064,0.03202558876426702,0.07355472903838974,0.020847126202963126,0.0012233620676576008,0.0,0.011074256577953537,0.0
Gm47059_mm,0.012163609053352054,0.0,0.0,0.05543838490926969,0.079120633671811,0.0,0.0,0.02045687998598739,0.018098163247886528,0.09448073251615546,0.0,0.0,0.0,0.0,0.0
Gm47078_mm,0.0,0.0,8.923880785355888e-05,0.00014025408017291833,0.0,0.0,0.0,2.6091702167237397e-05,0.0,0.00012572123035521236,0.0,0.0,0.0,0.0,0.0
Gm47087_mm,0.0,0.0,0.07658927987106788,0.5980431571565262,0.12260357435923126,0.0,0.0,0.0705858252930166,0.0,0.4098117014344889,0.0,0.0,0.406393275982156,0.0,0.0
Gm47097_mm,0.0,0.001407800303818103,0.0017798129461583593,0.0001349606864426792,0.0003265966049413067,0.0,0.001770118306774962,0.0,0.003954891322367814,0.004296263198619954,0.0,0.0,0.0,0.0,0.0
Gm47108_mm,0.0,1.1441428336294405e-05,0.0,0.00010716088312723482,0.0,0.0,0.0,6.725597068171661e-05,0.0,0.0015088372209869443,0.0,0.0002690203739428917,0.0,0.0,0.0
Gm47116_mm,0.0005350294927359265,0.0,6.533961222726956e-05,0.0,0.0,0.0,0.00017514480106044344,0.0003320604054209779,0.0,0.0,0.0,0.0,0.0,2.5310162186644665e-05,0.0
Gm47118_mm,0.0,0.0,0.0,0.0,0.0,0.0002049819103896262,0.0,0.0,0.0,0.0,0.0,0.0,0.0,2.714339961497087e-05,0.0
Gm47161_mm,0.0,0.0016054382139005165,7.040382123064814e-05,0.0,0.0,0.0,0.0,0.0,0.0003868612422544911,0.0005003150089275388,0.0,0.0,0.0,0.0,0.0
Gm47164_mm,0.2450630211549581,0.0892871298242038,0.0,0.11831824610013053,0.0,0.0,0.0,0.07251456249082021,0.5079482132998556,0.8666921465143446,0.1108520220769109,0.11506449976154716,0.0,0.0,0.0
Gm47177_mm,0.0,0.0,0.0,0.0,0.0,0.0,0.0,9.991700373468349e-05,0.0,0.00047561592487926696,0.0,0.0,0.0,0.0,0.0
Gm47224_mm,0.0,0.0003028450003730503,0.0004264403392853399,0.0,0.0,0.0,0.0,0.0,0.0,0.0010697855254581375,0.0,0.0,0.0,0.0,0.0
Gm47237_mm,0.0,0.0,0.00835642821138228,0.0,0.0,0.0,0.005739369247432208,0.0005971060820138817,0.015384140253759351,0.05342476181981888,0.0,0.0,0.028026476215514698,0.003621647839870082,0.003940558741350292
Gm47266_mm,1.786093795648032e-05,0.0,0.0,0.00012515296835953588,0.0,0.0,0.0,0.000250840593872181,0.0,0.0,0.0,0.0,0.0,2.0220847994287202e-05,1.3293836016829765e-05
Gm47275_mm,0.034147533117434944,0.0,0.0,0.019233395002327083,0.0,0.07651660491648991,0.0,0.0,0.001501984091749853,0.1702221404971703,0.53937182269673,0.0,0.05096639760260774,0.06379886839502172,0.15148273573518156
Gm47283_mm,0.0,0.09392974390269003,0.03438428984489939,0.2619962442840662,0.036445613301954324,0.0,0.0,0.0,0.052954976131414914,0.4142054143326116,1.0542313676074853,0.04169339834317381,0.30053666705403254,0.0,0.0
Gm47338_mm,0.0,0.0,2.798397450881293e-05,0.0,0.0,0.0,0.0,0.0,0.0,0.0,0.0,0.0,0.0,0.000994276041360228,0.0
Gm47343_mm,0.0,0.0,3.238760142587409e-05,0.0,0.0,0.0,0.0,0.0,0.0,0.00019150208597412273,0.0,0.0,0.0,0.0,0.0
Gm47359_mm,0.0,0.0029928979896574727,0.004420127689046941,0.0,0.0,0.0,0.0,0.032421373485210854,0.0,0.09112154779620375,0.0,0.0,0.0,0.0,0.0
Gm47372_mm,0.03324407645470174,0.008276438784341474,0.0,0.007786969845231165,0.004614656674821457,0.0,0.0,0.013894409825437002,0.04069009542351119,0.08079050695569384,0.017066029666470903,0.004755772416327156,0.0,0.0,0.0013424108322880731
Gm47380_mm,0.0,0.00041607042794000753,2.630591301430699e-06,0.0,0.0,0.0,0.0,0.0,0.00013364361576607351,0.0,0.0,0.0,0.0,0.0,0.0
Gm47404_mm,0.000969968490964288,0.0005787748994415338,0.0018902398232651578,8.846035308863922e-05,0.0,0.0,0.0,0.0,0.0,0.0069241433345115936,0.0,0.0005274588999219517,0.0,0.0,0.0
Gm47408_mm,0.07575404830329431,0.015287651434770257,0.008438716588427611,0.044441246597065755,0.005920416913334171,0.0,0.0,0.037820435542332845,0.07016371788940591,0.26768680899142183,0.04333157781222152,0.032719850237467894,0.01630499481831002,0.014954938191125639,0.0
Gm47409_mm,0.0,0.0,0.0,0.0,0.0,0.0,0.0,0.0,0.0,0.3443272936599816,0.03346945779327196,0.0,0.5080750784361869,0.0,0.0
Gm47415_mm,0.1070791114902953,0.011729930263276327,0.06789594885800869,0.22937821019253518,0.03159735302897769,0.0,0.0,0.15850428570458883,0.0,0.1298411747339568,0.0,0.0,0.0,0.16941403509205713,0.0
Gm47456_mm,0.0,0.0,2.499223884221881e-06,0.0,0.0,0.0,0.0,0.0,0.0,0.0,0.0,0.0,0.0,0.00046206374578081744,0.0
Gm47457_mm,0.02968184356232845,0.08705297220144069,0.034269892969672394,0.07022507852883049,0.0,0.0,0.0,0.042330245282019424,0.10541037624635029,0.5847460088509069,0.09753204009644739,0.07371131593410793,0.0,0.004022694856296242,0.011521766111517144
Gm47461_mm,0.0,0.0,0.0,0.00017914851964513022,0.006234182856603158,0.0,0.0,0.00019593220130189123,0.0,0.005580912984493598,0.001438386363439498,0.0003336922060242522,0.0,0.0,0.0
Gm47465_mm,0.0,0.0,0.00010656939954747187,0.0,0.0,0.0,0.0,0.0,0.0,0.0,0.0,0.0,0.0,0.00019473145279910552,0.0003344544906580042
Gm47485_mm,0.0,0.00012137713158507679,0.00040371168032906073,0.0,0.0,0.0,0.0,0.0,0.0,0.00016389473644743031,0.0,0.0,0.0,4.726224777776365e-06,0.0
Gm47486_mm,0.0,0.0024176796413575355,0.00031580568572960787,0.0008963030740299483,0.0,0.0,0.0,0.0011690048450413333,0.008787301849498219,0.019586843723288356,0.001649753720986353,0.009713834104449212,0.0,0.0,0.0012975086409666749
Gm47493_mm,6.713312771313469e-06,0.005932106253318705,0.0,0.013927157673861951,0.0,0.0,0.0,0.010967178449136996,0.02648482696001854,0.0841004573876909,0.016636254950278175,0.006028380316633408,0.0,0.0,0.0044312106274449845
Gm47510_mm,0.0,5.078027124371232e-05,0.00013219213453620935,0.0001734306474156899,0.0,0.0,0.0009555947083915972,0.0,0.0,0.0,0.0,0.0,0.0,2.1969703760645635e-05,0.0
Gm47533_mm,0.0,0.0,0.0,0.0,0.0002612205234686853,0.0,3.987545558123773e-06,0.0,0.0,0.0,0.0,0.0,0.0,0.0,0.0
Gm47542_mm,0.02161702661014203,0.0003596975943457503,0.03942395479407881,0.0,0.0,0.0,0.007453902725840853,0.024030096083087638,0.04381729604779863,0.17326655868646693,0.0,0.0,0.06840568546441493,0.0010728618319010331,0.0
Gm47551_mm,0.0,0.0,0.062128385458744786,0.0,0.0,0.0,0.0,0.0,0.263839548031375,0.0,0.0,0.0,0.07900641417378967,0.0,0.0
Gm4756_mm,0.0,0.0,0.0,0.012177855769533029,0.023744683557263432,0.0,0.00021972439023906933,0.00629359503629746,0.0533755514748616,0.0,0.018269206329306377,0.019801550624550964,0.012189287368401698,0.0,0.0
Gm47584_mm,0.0,0.0,0.0,0.007205553107875898,0.0,0.0,0.0,0.0,0.0,0.12827037677670897,0.0,0.0,0.21015650892183554,0.0,0.0
Gm47590_mm,0.0,0.0,0.0,0.0,0.0,0.0,0.0,0.0,0.0,0.0,0.0,0.0001404757263083291,0.0,0.00029118611196362964,0.0
Gm47592_mm,0.0,0.000746062839644572,0.00027176134724606456,0.0,0.0,0.0,0.0,0.0,0.0,0.0,0.0,0.0,0.0,0.0,0.0
Gm47594_mm,0.0,0.0,0.13284983137247114,0.0,0.0,0.0,0.0,0.0,0.6279006066421967,0.0,0.0,0.0,0.15471259973324009,0.0072228543072167225,0.0
Gm47621_mm,0.02033335741941881,0.007328617558666125,0.0,0.030006429433073765,0.01235760526262125,0.0,0.006905070530019838,0.018257203364067685,0.04323429620720642,0.16038083735036673,0.00941172696704267,0.009808428449854977,0.04818837284890978,0.0,0.0
Gm47627_mm,0.005325078762280143,0.01637147482065306,0.00376307937137151,0.02372958278937781,0.0,0.0,0.0,0.0,0.03773258260779178,0.11637230625297354,0.008000070361866129,0.015781745002029123,0.0,0.0015644594201632965,0.0
Gm47641_mm,0.0,0.0,0.0,0.0,0.0,0.0,0.0,0.0,0.0,0.11875643103043508,0.0,0.0,0.2508389563055584,0.0,0.0
Gm47652_mm,0.553899297112357,0.0,2.8267180845957105,0.0,0.02419302065553725,0.0,0.0,0.2911300015883936,0.3062588841001333,0.5909880646456792,0.2986391624847504,0.24620847597945397,0.0,0.0,0.0
Gm47683_mm,0.0,0.0005933852604120335,1.2453913345854308e-05,0.0,0.0005144868950439204,0.0,0.002580894487973991,0.0,0.0,0.0,0.0,0.00019914143904319176,0.0,0.0,0.0
Gm47705_mm,0.0,0.0,8.00334047816048e-05,0.0,0.0,0.0,0.0,0.00023174789856608406,7.323709681861833e-05,3.394863813090362e-05,0.00020801617490201452,4.9652224399603745e-06,0.0,0.0,0.0
Gm47760_mm,0.0,7.372595239243598e-05,0.0003167907565154108,0.0,0.0,0.0,0.0,0.0,0.0,0.0001417341875303057,0.0,0.0,0.0,0.0,0.0
Gm47761_mm,0.16232106216056275,0.05743979122040728,0.06178893486729036,1.7370293177217444,0.2808254070579655,0.14777478682827025,0.0,0.0,0.6266331718664574,0.7472756091282944,0.3072484506121895,0.06320473147418883,0.0,0.08182652139259011,1.9417613104534204
Gm47765_mm,0.0,1.327350335924501e-05,4.120364427230899e-05,0.00011452822033629291,0.0,0.0,0.0,0.0,0.0,0.0,0.0,0.00012037164099147897,0.0,0.0,5.692408505997252e-05
Gm47774_mm,0.0,0.000135250440167911,0.005453548936141405,0.0006684278196956103,0.0,0.0,0.0,0.0,0.0,0.0,0.0,0.0,0.0,0.00402557470791013,0.0
Gm47777_mm,0.0,0.0017662632819662953,0.0,0.0,0.002088942939112909,0.0,0.0,0.0,0.0,0.08412629858621494,0.0,0.0,0.09338811528485556,0.0,0.0
Gm47796_mm,0.0,0.0,0.0,2.3739360839530664e-05,1.7370902171689173e-05,0.0,0.0,1.7474784529781612e-05,0.0,0.0,3.245921165985799e-05,0.0,0.0,0.0,0.0
Gm4779_mm,0.0,0.003338957682741205,0.013943341443352375,0.02365615977209067,0.0,0.0,0.0,0.0004736027586928737,0.0,0.0,0.0,0.0,0.0,0.004994100802628825,0.0
Gm47808_mm,0.0,0.01998833279485288,0.009354452403653603,0.041299166196597126,0.0,0.0,0.0,0.013801492860920403,0.03760678110423728,0.12496827224347772,0.01600803327035439,0.061537761305977615,0.0,0.0,0.0
Gm47821_mm,0.4455771385645522,0.17113967578440778,0.20731660798921178,0.2285213918109609,0.0,0.0,0.0,0.020778353413871957,0.6193583191682092,1.7638903944237565,0.039002462571204356,0.13809686440666327,0.0,0.0,0.0
Gm47822_mm,0.14103403395367278,0.08560403088081546,0.0,0.14300580034447505,0.0,0.0,0.0,0.013648820462523201,0.23818495796755515,0.4768567364266718,0.0021071901390384033,0.013844923873844393,0.0,0.0318200650925731,0.0
Gm47823_mm,0.0,0.0002477869980825109,0.0,0.0008057394981770526,0.0,0.0,0.0,1.7652949374851377e-05,0.0,0.000335996799549702,0.0,0.0,0.0,0.0,0.0
Gm47836_mm,0.0,0.0,0.0,0.0,8.482952497449054e-05,0.0,0.0,0.0,0.0,6.891692541747396e-05,0.00012351237897749998,0.0,0.0,0.0,0.0
Gm47840_mm,0.010384964647976405,0.0,0.0,0.006362249461685699,0.02249037116159169,0.0,0.0,0.0,0.0,0.39464487907070467,0.23127538832014727,0.0,0.6370070183466734,0.0,0.0
Gm47904_mm,0.0,0.0,0.0030364065490288816,0.016080181362393746,0.0,0.0,0.0,0.0,0.0,0.10224185943216858,0.026395674462012655,0.0,0.016974918446547634,0.0,0.03288417107618939
Gm47905_mm,0.0,0.0,0.0,0.0,0.0,0.0,0.0,0.0,0.0,0.03518195132554685,0.0,0.0,0.1977058612854011,0.0,0.0
Gm47915_mm,0.0,2.565251833636717e-05,0.0003338697216761234,0.0,0.0,0.0,0.0,0.0,0.0,0.00014509836345783924,7.002286723702075e-05,0.0,0.0,0.0002490273308567234,0.00014791802061709186
Gm47966_mm,0.0,0.00011817472792791174,0.0,0.0,0.0,0.0,0.00022095553003260242,0.0,0.0,0.0006825663557921562,0.0,0.0,0.0,0.0,0.0
Gm47985_mm,0.0,0.0,0.0,0.0,0.0,0.0,0.0,0.0,0.00032340345675220474,0.0,0.0,1.525237451004222e-05,0.0,0.0,0.00016052984266086288
Gm47997_mm,0.015130072990820293,0.008934877879828138,0.0,0.08300937607653992,0.005342450714101716,0.0,0.0,0.0,0.0,0.07867488530397768,0.05413011312912098,0.006319138387841118,0.001156251365643477,0.0,0.0
Gm48022_mm,0.0034241513826087614,0.0007839031051374689,0.0,0.0,0.0028709441086669204,0.0,0.0,0.0,0.0071124613183896086,0.007599011285137512,0.0,0.000985900808948199,0.0011526579793855285,0.0001788528858023475,0.0
Gm48025_mm,0.0,0.00016242346784833516,8.691029400727257e-05,0.0,0.0,0.0,2.4196470097352077e-05,0.0,0.0,0.0,0.0,0.0,0.0,0.0003672794929400443,0.0
Gm48051_mm,0.0,0.0,0.0,0.0,0.00023230562403933467,3.6583255742833064e-05,0.0,0.0,0.0,0.0,0.0,3.9753588516065264e-05,5.505083613310083e-05,0.00010365954485426384,0.0
Gm48074_mm,0.0,0.0004573944797931197,0.0,0.0,0.0,0.0,0.0,0.00016411064676416742,0.0,6.282371390217124e-05,0.0,0.0,0.0,0.0,0.0
Gm48129_mm,0.0,0.0005689363965008164,0.0,0.00044918007540580685,0.0,0.0,0.0,0.001757744268308374,0.0,0.0,0.0,0.0008123978599295655,9.3874807389893e-05,0.0,0.0
Gm48159_mm,1.679492807461642e-05,0.00022240183821665237,5.177393756717972e-06,3.564212307606715e-05,0.0,0.0,0.0,0.0,0.00013303627276724098,0.0,0.0,0.0,0.0,0.0,0.0
Gm48161_mm,0.3059552789263693,0.0,0.88482642702092,0.36779440691537346,0.3276849286824751,0.0,0.02781210231893157,0.3830459841365825,0.2151416380280144,0.990396896438179,0.0,0.013883314392646423,0.7716939674157446,0.11217351024166314,0.0
Gm48225_mm,0.0,0.0,0.00020891510973898263,0.0,0.0,0.0,0.0005854156895323986,0.0,0.0,3.2326054047506333e-06,0.0,0.0,0.0,0.0,0.0
Gm48239_mm,0.0,0.0,4.087900542288264e-05,0.0,0.0,0.0,0.0,0.0,0.0,0.0,0.0,5.901342282804348e-05,0.0,0.00032949818404846376,0.0
Gm48242_mm,0.00021407479322838827,0.0,0.0,0.0,0.0,0.0002512813200046103,0.0006750170971477577,0.0,0.0,5.021784417352538e-05,0.00024830842689357727,0.0,0.0,0.0,0.0
Gm48264_mm,0.0,0.00024364831055485476,0.0,0.0,0.0,0.0,0.0,0.0,0.0,2.975482527789402e-05,0.0,0.0,0.0,0.000358231001613262,0.0
Gm48271_mm,0.0046623679220973305,0.03726261343810718,0.0,0.09413365599306912,0.0,0.0,0.0,0.060396945580445185,0.03849361686124983,0.4280138130935806,0.07123706451005118,0.11201242394733993,0.0,0.0,0.0
Gm48309_mm,0.4896217320973503,0.19445310052385897,0.019514866012557957,0.1984883800032471,0.0,0.0,0.0,0.046677392207674584,1.0132464124569984,2.1872649041502896,0.6021961646273651,0.27131145568984066,0.0,0.1540864546328389,0.0
Gm48313_mm,0.0,0.0,0.0008625529456679421,0.007163238769578622,0.0,0.0,0.0,0.0,0.0,0.029985657110349482,0.0007405430506237363,0.0,0.04232134316114394,0.0,0.0
Gm48362_mm,0.0,0.0,0.06825682705574729,0.05865416160343145,0.0,0.0,0.0,0.0,0.0,0.04061769228445644,0.0,0.0,0.0,0.0,0.00378643464981277
Gm48377_mm,0.000808191038140497,0.0,0.0,0.10948122371102448,0.15070202984020034,0.0,0.0,0.05576663767760374,0.0,0.11865907446210827,0.13849761502406777,0.0649037804485344,0.0,0.0,0.0
Gm48383_mm,0.0,0.0,0.0,0.0010959031975912227,0.00019286010779535169,0.0,0.0,0.0019310859905527378,0.0,0.004583953398654901,0.0,3.028120876941609e-06,5.517100771113652e-06,0.0010216115787514911,0.0006801838311459605
Gm48482_mm,0.0001958855647759249,3.7709811526377186e-05,0.0,0.0,0.0,1.5596181912355315e-05,0.0,0.0,0.0,0.00010382062630532442,0.0,0.0,0.0,0.0,0.0
Gm48483_mm,0.0,0.0,0.0,0.0,0.0,8.794417046708919e-05,0.0,0.0,0.0,0.0,0.0,0.0,0.0,0.0014653052646432024,0.0
Gm48488_mm,0.0,0.0,0.0,0.0,0.0,0.0,0.0,0.001097746927646769,0.015705890647307014,0.014075998587978656,0.004237175922424167,0.001230028758039142,0.006944754727611988,0.0008831006141045111,0.0
Gm48492_mm,0.0015371722105887585,0.0,0.0,0.012758045617610153,0.0,0.0,0.0,0.006947157058737829,0.01740205026551305,0.032567806091435794,0.0,0.0019995113793339417,0.0,0.0001373203846856329,0.0
Gm48504_mm,0.01641476771776578,0.01578569112574343,0.0,0.025014652995493308,0.0012746741284686521,0.0,0.0,0.012372261664953343,0.027899264069013212,0.08517460457872732,0.011450136158508756,0.0,0.0,0.0,0.0
Gm48508_mm,0.004612713959132239,0.0,0.0,0.0,0.009384615165117526,0.0,0.004296922023876509,0.0,0.026025333498742604,0.040177652961794756,0.01651574102311417,0.0006726500724098591,0.0010005167264701212,0.0074409821361380605,0.0
Gm48538_mm,0.0,0.0,3.90911864352825e-05,0.0,0.0,0.0,0.00018371076337413435,0.0,0.0,0.0,0.0,0.0,0.0,0.0002789546767957945,0.0
Gm48550_mm,0.0,0.007075685459258513,0.018093828839640686,0.054305719087045026,0.07039437594070004,0.0,0.001610747748734429,0.0,0.03123848785229499,0.08221383835416891,0.0,0.0,0.0,0.022977098064572724,0.0
Gm48565_mm,0.0,0.0010219187241245153,0.0008535954636194295,0.0,0.0,0.0,0.004590640942983646,0.0,0.0014516722687060479,0.002093549125315706,0.0,0.0,0.0,0.0007877364367958445,0.0
Gm48613_mm,0.00036441070108692096,0.002555267617454695,0.0,0.0012381159792782183,0.00406343884331804,0.0,0.0,0.005432713993352102,0.0020317122812570153,0.017390094462052804,0.0068971402081292,0.0031574094255022115,0.0,0.0033558700235766584,0.0
Gm48622_mm,0.0,0.0,3.1589675573895625e-05,0.0001581924902923042,0.0,0.0,0.0,0.0,0.0,0.00031787770037846697,1.9461348247709917e-05,0.0,0.0,7.220937130910011e-05,0.00030572660830964504
Gm48629_mm,0.0,0.0,0.00012530670157490705,3.263211856412358e-05,0.0,0.0,0.0,6.367311116071204e-05,0.0,4.2789341716444535e-05,0.0,0.0,0.0,0.0,0.0
Gm48682_mm,0.0,0.005516355511924136,0.000544411009028524,0.0,0.004961183697136073,0.0,0.001136344917475231,0.0,0.031366674837822975,0.01648998873892783,0.012635977821035196,0.0,0.0,0.011009517053151341,0.0
Gm48717_mm,0.0,0.0,3.500175808690836e-05,0.0001838644177436774,0.0,0.0,0.0,0.0,0.0,0.00010134874454149548,0.0,0.0,0.0,0.00015498701265843917,0.0
Gm48746_mm,6.180318333716131e-05,0.0,0.0,0.0,0.0,0.0,0.0,0.0,0.00029141674909865536,0.0,0.000573530425633266,0.0,0.0,0.0,0.0
Gm48752_mm,0.0,8.187379559024312e-05,7.844765408099053e-05,0.0,0.0,0.0,4.0901539770388664e-05,0.0,0.0005889197230831544,0.0,0.0,0.0,0.0,0.0,0.0
Gm48754_mm,0.0,0.003129325014465031,0.0,0.00759194539135147,0.0,0.0,0.0,0.0037829581151705683,0.002578447030408249,0.011302784899309774,0.0,0.00014144155265455948,0.0,0.0,0.0
Gm48764_mm,0.0,0.0,0.001638097336791214,0.008374139650735133,0.0,0.0,0.0,0.0,0.0,0.028507402318694863,0.0088829374790012,0.018332528152540557,0.0,0.003321261454297134,0.0
Gm48799_mm,6.821671348764813e-05,0.00157496069700266,0.0010678292297274508,0.004968102400193086,0.0,0.0,0.0,0.0014293948659619428,0.0,0.01173194559427208,0.0009074489335740848,0.0002261607238794437,0.0,0.0008418704694393887,0.0
Gm48804_mm,0.00022039533373056677,4.876790372149731e-05,0.0,0.00010084711869398641,0.00010642175516657698,0.0,0.0,0.0,0.0,0.0,0.0,0.0,0.0,0.0,0.0
Gm48829_mm,0.0,0.0026675584763366776,0.0017710503588150137,0.005188781005079631,0.0,0.0,0.0,0.006246594976149514,0.006825159386569981,0.02890034149174433,0.0008039916091576167,0.001863450016196272,0.0,0.0,0.0
Gm48918_mm,0.0005111046911723513,0.0,0.0,0.0,0.0,0.0,0.0,0.0,0.0003015151487866967,4.3872550876818285e-05,0.00016319005615447654,0.0,0.0,0.0,0.0
Gm48924_mm,0.0,0.00022261276671832575,0.0,5.326016161586402e-05,0.011043691973411898,0.0,0.0,0.008086424412586344,0.005785825880345193,0.01614358424107259,0.01119422067680254,0.003924438392228654,0.0,0.0,0.0
Gm49012_mm,0.0,0.0,0.026144930415461953,0.004298476174274696,0.0,0.0,0.0,0.0,0.0,0.0,0.0,0.0,0.0,0.0,0.0
Gm49027_mm,0.01165187783783946,0.0,0.0,0.004230024323179096,0.002105222597660076,0.0,0.0,0.00513114551067908,0.0,0.006580100206873167,0.007259452562976798,0.0,0.0,0.0075834712458775376,0.0
Gm4907_mm,0.0,0.0,0.008568974305084907,0.012817654065004527,0.0,0.0,0.0,0.0,0.008843140988651505,0.0028721161992887145,0.0,0.0,0.0,0.008044712132264457,0.004049967533703516
Gm49116_mm,0.009265416817240229,0.0,0.09367831129668013,0.0615647001060167,0.0,0.0,0.0,0.0,0.0,0.024855321411684162,0.0,0.0,0.0,0.0,0.0
Gm49162_mm,0.0,0.0,0.0,0.0,0.0,0.0,0.0,0.0,0.0,0.0001728858948143141,0.0,0.0,0.0,0.0,0.0
Gm49165_mm,0.010003296288068897,0.0009616500237360397,0.001672933703242558,0.0,0.0,0.0,0.0,0.003284317659966029,0.020607283726082712,0.05355936914898363,0.009393425300131352,0.006150152752920441,0.0,0.0,0.0
Gm49172_mm,0.0,0.000301647910720825,0.0,0.0,0.00041081875244760766,0.0,1.560224532290469e-05,0.0007701681024895484,0.0,0.001279039968799518,0.0005283888909695813,0.0,0.0,0.0,0.0
Gm49173_mm,0.0,0.0,0.0,0.0,0.0,0.0,0.0,0.0002636306938368828,0.0,0.0009386212740704003,0.0,0.0,0.0,0.0,0.00033085172198688955
Gm49187_mm,0.0,0.0,7.705407186290548e-05,0.0,0.0,0.0,0.0,0.0,0.0,0.0030719983459934746,0.0,0.0,0.0,0.0013009479293402825,0.0
Gm49197_mm,0.014411637278825006,0.0,0.0,0.0,0.00661880777060987,0.0,0.0,0.0,0.0,0.049687079757842645,0.02128892918239276,0.00493425186144915,0.013199036022175408,0.0,0.0
Gm49207_mm,0.17217389980443518,0.0,0.028780398234043783,0.12055685532500415,0.0,0.0,0.0,0.0,0.0,0.038086440236038535,0.0028117707277998095,0.0,0.006843530698577847,0.08903963361651131,0.0006516149708048054
Gm49217_mm,0.0,0.0,0.0,0.00012374136398607256,0.000641781444878955,0.0004011987475972161,0.0,0.00014756839361609194,0.0,0.0,0.0,0.0,0.0,0.0,0.0
Gm49224_mm,0.0,0.0,9.295542070603027e-05,0.0,0.0,0.0,0.0,0.0,0.0,0.00010861333735836295,0.0,2.7941098116422206e-05,0.0,0.0,0.0
Gm49240_mm,0.0,0.0,0.0,0.0,0.0,0.0004513167983918325,0.0,0.0002980894785966873,0.0,0.00024396872208228107,0.0,0.0,0.0,0.0,0.0
Gm49246_mm,0.0004935914406838877,0.0,0.0,0.0010506543856633082,0.0,0.0010654027021473663,0.0,0.0006763190814494314,0.000324337612287752,0.001837184572752838,0.0,0.0,0.0003074588750262485,0.0002110623873259933,0.001234848315413155
Gm49338_mm,0.11744565861286695,0.0,0.0,0.5235211273868299,0.21814067632388529,0.0,0.0,0.0,0.0,0.2672757707606773,0.09122419726353212,0.0,0.0,0.026291875871765038,0.0006551914874837316
Gm49356_mm,0.00046054030420672964,0.00013909120146285165,6.12687888089478e-05,0.0,0.0,0.0,0.0,0.0003843909296937831,0.0,0.001765273581059044,0.00046109555381240464,0.00023978084433133167,0.0003242841570636437,0.0,0.0
Gm49359_mm,0.0,0.0,0.0,0.0718352943998355,0.022474473479594248,0.0,0.0378431083183296,0.05733475550837268,0.07148369411600031,0.13477813409446024,0.0,0.023943240745016168,0.009624236787646269,0.010182683643923824,0.009934621011760432
Gm49394_mm,0.0,0.0,0.0,0.0002677826759760044,0.0,7.1415081939515734e-06,0.0,0.0,0.0,0.0,0.0,0.0,0.0,2.611975113495104e-06,0.0
Gm49437_mm,0.0,9.563899509217573e-05,0.0,0.0,0.0,0.0,0.00017612139524312342,0.0,0.0,0.0,9.895447500321141e-05,0.0,0.0,0.00016275531564827718,0.0
Gm49438_mm,0.0,0.0013491283449139865,0.0009342362740750345,0.0,0.0,0.0,0.0,0.000504234223831145,0.000454228621140137,0.0,0.0,0.0,0.0,0.00019946060284284703,0.0
Gm49439_mm,0.0,0.0,0.0,0.0001905628819155761,0.0,0.0,0.0,0.0003558071328683084,0.00024241112270709567,4.2510147148165964e-05,0.0,1.7578348868025356e-05,0.0001988194684521871,0.0008827170611694991,0.0
Gm49441_mm,0.12969118182776518,0.012369347390195792,0.042125808196634834,0.16721462863445066,0.01401467267454547,0.0,0.020382166841370702,0.07683896783796518,0.16804286554348452,0.33197559142071165,0.0,0.09039905424991053,0.0,0.0,0.0
Gm49457_mm,0.0,0.0,0.00022320392665727663,0.0,0.0,0.0,2.5651658120009175e-05,0.0,0.0005033745457608243,0.0,0.0,2.918812600549996e-05,0.0,0.0,0.0
Gm49494_mm,0.0,0.0,0.0478555396994715,0.0,0.0,0.0,0.0,0.0,0.1300224810114927,0.0,0.0,0.0,0.05027818681411079,0.0,0.0
Gm49548_mm,0.0,0.0,0.0,0.0,0.0,0.0,0.0,0.0,0.00015407504372912903,0.0005938932865875325,0.0,0.00014820562667741615,0.0,0.0,0.0
Gm49555_mm,0.0,0.00010980260816269173,7.543383537173889e-05,0.0,0.0,0.0,0.0,0.0,0.0,0.0,0.0,0.0,0.00025929510554992946,0.00016519083793610688,0.0001128567203078543
Gm49573_mm,0.0,0.0,0.0,0.0,9.33809363939151e-05,0.0,0.0,1.901902980145271e-05,0.00019529689555481964,0.0,3.208724909009073e-05,2.088908753673183e-05,0.0,0.0,0.0
Gm49643_mm,0.0,0.0,0.0,0.0001020317576913109,0.00011748547823425256,0.0,0.0,0.0,0.0,9.574516331949367e-07,0.0,0.0,0.0,0.0,0.0
Gm49658_mm,0.0,0.0,0.00020393491022474897,0.00020527350544716861,0.0,0.0,0.0,0.0,0.0,0.0,0.0,0.0,0.0,0.0,0.0
Gm49701_mm,0.37280079443946534,0.0,3.051336345326975,0.0,0.21638461209956994,0.0,0.0,0.1853715037091798,0.0,0.4472576561705728,0.0,0.0,0.35281958262115237,0.0,0.0
Gm49708_mm,0.33236907965795287,0.0,0.05576238197747043,0.10667138579556135,0.0,0.0,0.0,0.18236494495132052,0.0,0.11656589185702408,0.12166155429225047,0.0,0.016714195257629377,0.06724984610580141,0.04304857574634547
Gm49719_mm,0.0018544637913554976,0.0,0.0,0.004956542236884836,0.0033243384105762644,0.0,0.0,0.002365535070149779,0.0,0.00044974576438501794,0.0,0.0,0.0,0.004791602794916881,0.0
Gm49721_mm,0.0,0.0,0.0,0.0,0.0,0.0,0.0,0.0,0.0,0.0005552800580829281,0.0,0.00022179673088700436,0.0,0.0,0.0
Gm49756_mm,0.0,0.0,0.14922542602891284,0.0,0.0,0.0,0.0,0.0,0.5990608734187842,0.0,0.0,0.0,0.16217462599461976,0.0,0.0
Gm49761_mm,0.0,0.0,0.0,4.0389177284078194e-05,6.024530993174465e-05,0.0,0.0,8.58569131567951e-05,0.0,0.0,0.0,0.0,0.0,0.0,0.0
Gm49774_mm,0.0,0.0,0.019361571901109313,0.009652748762272791,0.0,0.0,0.013831072429648495,0.060023349951269386,0.07361431366152531,0.21074118540841322,0.009790798703410136,0.0,0.08250105490621841,0.0020910363394591926,0.0
Gm49786_mm,0.0,0.0,0.0,0.0,0.00010300179374220246,0.0,0.0,0.0,0.00025505472530455974,0.0,0.0,0.0,0.0,0.0,0.0
Gm49795_mm,0.10987735877610424,0.0,5.000033041132492,0.0,0.26950297174213117,0.0,0.0,0.005815387328675439,0.0,0.5593522000978282,0.0,0.0,0.19021811669883001,0.7617295009213474,0.0
Gm49847_mm,0.0006616575290065044,0.0,0.0,0.0,0.0026186271805419058,0.0,0.0,0.0,0.001095131245900517,0.0033753954174250327,0.0014405494704102994,0.0,0.0,0.0017361881264983628,0.0
Gm49894_mm,0.0,0.0,2.9661939448401653e-05,0.0,0.0,8.46849500743744e-05,0.0,0.0,0.0,0.0,0.0004642131003968628,0.0,0.0,0.0,0.0
Gm49915_mm,0.005321388583812649,0.0014123162695863182,0.0,0.0,0.0,0.0,0.0,0.028432721258485994,0.02502571507411593,0.0799596686459165,0.0007258700404377156,0.0,0.02953144448303831,0.0,0.0
Gm49922_mm,0.0,0.00047131893062360273,0.0,0.0,0.0,0.0,0.0005943932592160862,0.0,0.0,0.0,0.0,0.0,0.0,0.0,0.0
Gm49932_mm,0.008585612621399508,0.0075561829782577776,0.007435890035929436,0.0,0.0,0.0,0.0,0.02880338970807836,0.044672903106026236,0.12455482536561518,0.02115019664030259,0.0,0.04498711090483614,0.0,0.0
Gm49953_mm,0.0,0.0002618002612427782,0.0002260249699197125,0.0,0.0,0.0,0.0,0.0006601599954473819,0.0008913789835745993,0.0,0.0,3.5778552038877815e-05,0.0,0.0,0.00013144795792529912
Gm49968_mm,0.0,0.0,0.0,3.0433884178882577e-05,0.0,0.0,0.0002789164561380382,0.0,0.00022299857542496212,0.0002587980001551757,0.0,2.8878655735441783e-05,0.0,0.0,0.0
Gm49974_mm,0.0006805927943082341,0.0,0.0,0.0010186214859312982,6.669228924093729e-05,0.0,5.055190428048418e-06,0.0,0.00010850371557091105,0.0022526016499063036,0.0,0.0,0.0,0.00014054323277261116,0.0
Gm49975_mm,0.0,0.001673643127883796,0.0001684910796345699,0.0,0.0,0.0,0.0,0.0,0.0,0.0025605684477223844,0.0,0.0,0.0,0.0,0.0
Gm49978_mm,0.0,0.0,0.0003366379105340561,0.0,0.0,0.0,0.0,0.0,0.0,0.0,0.0,0.0,0.0,0.00010865423558042301,0.0
Gm49980_mm,0.05110201534903765,5.497327373209966,0.0,1.3988580101305241,0.47228602187791985,0.0,1.0993236659446834,0.3471946484396024,2.9002066727416445,1.9928597177657796,0.04330212246992201,0.0063100148178541465,0.275099560991333,2.4343725502261964,0.05662212287132066
Gm50028_mm,0.0,0.0,0.00024240990271433768,0.0,0.0,0.0,0.0,0.00026790673627882837,0.0,0.0013062453893324998,0.0,0.0,0.0,0.0,0.0
Gm50046_mm,0.0,0.00028545732680697897,0.0002700443641733088,0.0,0.0,0.0,0.0006664005375884093,0.0,0.0,0.0001617327024029845,0.0,0.0,0.0,0.00043979380162617495,0.0
Gm50054_mm,0.0,0.0,0.0004771211120990216,0.0,0.0,0.0,0.0,0.0,0.010883516446215267,0.0,0.0,0.0,0.0008346965290418912,5.3267695439887755e-05,0.0
Gm50064_mm,0.0,0.0,0.000522275702800614,0.0,0.0008337902450382218,0.0,0.004309682621828508,0.00016282812702492314,0.0,0.0,0.0,0.0,0.0,0.0,0.0
Gm50080_mm,0.0,0.0,0.005281113344552313,0.0,0.0,0.0,0.0,0.0,0.0,0.011648612543458397,0.0010200109076781046,0.0,0.025318689801379714,0.0,0.0
Gm50106_mm,3.9241578145288174e-05,0.0,0.0,0.00018020234023518792,0.0,7.501415776267812e-05,0.0,0.00048338237970485363,0.0,4.500952493558243e-05,9.293139487769481e-05,0.0,0.0,0.0,0.0
Gm50115_mm,0.0,0.009626757742221066,0.00454657909460566,0.0,0.0,0.0,0.0,0.0,0.0698177769800836,0.03451245932216522,0.0,0.0,0.01540070330544723,0.009737247093056341,0.0
Gm50136_mm,0.0,0.0012874639916348536,0.0011068470335949725,0.0,0.0,0.0,0.0,0.0,0.0,0.02445958764900913,0.0,0.0,0.05072708494289903,0.0,0.0
Gm50137_mm,0.0,0.00028373571318922623,0.00010714502285296765,0.0,0.0,0.0,0.0,0.0,0.0,2.2180250795403567e-05,0.0,0.0,0.0,0.0,0.0
Gm50186_mm,0.0,0.0,0.03992687615764447,0.018647139104784664,0.0,0.0,0.0,0.0,0.0,0.0809467050677793,0.056273223645262424,0.0,0.214631825560075,0.0,0.0
Gm50206_mm,0.002376958698072904,0.0,0.0,0.0,0.003266460855310589,0.0,0.00045309529849672857,0.0007460840771895984,0.0,0.013265959282702139,0.004056907476030246,0.004440128699835018,0.002490736868855126,0.0007524715851683552,0.0
Gm50215_mm,8.246166254698653e-05,0.0,0.0,3.0062125651185713e-05,0.0,0.0,0.0,0.0,0.0,4.2213022408183596e-05,0.0,0.0,0.0,0.0,0.0
Gm50248_mm,0.0003904501477310089,0.0,0.0,0.0008738448798715989,0.0006074136454165156,0.00012347554447787696,0.00010263530629605103,0.0,0.0,0.0,0.0,0.0,0.0,3.261635483212165e-05,0.0
Gm50252_mm,0.0,0.0,0.012926332214228948,0.0,0.0,0.0,0.0,0.0,0.06558033696003855,0.0,0.0,0.0,0.01599585271490131,0.0,0.0
Gm50255_mm,0.0005074521044206674,0.0016066753763736348,0.0018008266973919382,0.0,0.002688134442269093,0.0,0.0,0.00018168034049478933,0.006340118050153633,0.008116629864081843,0.0,0.0,0.0008542407918722125,0.0,0.0
Gm50292_mm,0.0,0.0,0.0001361703948812303,0.0,0.0,0.0,0.0,0.0,0.0,0.002423767582643142,0.0,0.0,0.0,0.0,0.0
Gm50295_mm,0.0,0.0,0.0,0.01761171436103115,0.023913412644365802,0.0,0.0,0.0,0.0,5.8571896918015096e-06,0.0008544235629599776,0.0,0.000983633339475839,0.0009083163125693291,0.0
Gm50337_mm,0.0,0.0,0.0002895873237796166,0.0002651804562719618,5.638455579056256e-05,0.0,0.0,0.0001050085740651397,0.0,0.0,0.0,0.0,0.0,0.0006378328667994329,0.0
Gm50358_mm,0.0,0.0004539195111079243,0.0006420097625607642,0.0016175710788786323,0.0,0.0,0.0,0.0,0.0016621436180671231,0.0019495395222085708,0.0,0.001461883046554705,0.0,0.0,0.0
Gm5039_mm,0.0,0.008894281311206984,0.0022802474914302576,0.027886743331252718,0.0010293687510092968,0.0,0.00732453836591864,0.009217926374493944,0.0,0.03575185011958479,0.0,0.0,0.0,0.010066643839599843,0.0
Gm50424_mm,0.0,0.0,0.0,0.0,0.0,0.0,0.0,0.0,0.0008381230128858807,3.378180659654344e-05,0.0,0.0,0.0002766250334911246,0.0,0.0
Gm50436_mm,0.0,0.00039426074830634035,0.00033510786880764975,0.0,0.0,0.0,0.0,0.0,0.0,2.7836423572457503e-05,0.0,0.0,0.0,0.0,0.0
Gm5084_mm,0.0,0.00030428516597615974,0.0002569238617542364,0.0,0.0,0.0,0.0,5.200214731488639e-05,0.0,0.0008628001753746291,0.0,0.0,0.0,8.028977447550496e-05,0.0
Gm5092_mm,0.0,0.0,0.0,0.0001231069279737405,0.0,0.0,0.0009177857902518992,0.0,0.0,0.0,0.0,0.0,0.0,0.0,0.0
Gm525_mm,0.0,8.849337440975562e-06,0.006978278191673269,0.008833652894502216,0.0,0.0,0.0,0.0,0.0,0.0,0.0,0.0,0.0,0.004056541173256334,0.0
Gm536_mm,0.0,0.0012804530272228518,0.0016166619057737888,0.0007806878385829018,0.0008676612048708306,0.0,0.0,0.0037821263268579645,0.012670478580945756,0.03464061460525932,0.0,0.0005339813345058253,0.006953977817309614,0.0007166654475970214,0.0
Gm5427_mm,0.013547193377817622,0.004328633111194953,0.0,0.0,0.009910809821247462,0.0,0.0,0.0028350416952835204,0.025086558023445588,0.040406856922437916,0.026141094282816246,0.0027037181935960315,0.0,0.0012733071122347246,0.0
Gm5441_mm,0.0,0.0008964226048815235,0.0002036960749572726,0.0,0.0,0.0,0.00039492862173408816,0.0,0.0008140956079845565,0.0,0.0,0.0,0.0,0.0,0.0
Gm5535_mm,0.0,0.0,0.0001549460923724488,6.601065873002781e-05,0.0,0.0,0.0,0.0,0.0,0.0004461836911389243,0.0,0.0001254119950657902,7.274006135456913e-05,0.0,0.0
Gm5662_mm,0.0,0.0,0.0,0.0071593146127679015,0.0013668331730574187,0.0,0.0,0.0017098189613509401,0.0,0.008184754416121248,0.0,0.0,0.0,0.004769037476713757,0.0
Gm5698_mm,0.0,0.0002088327219881787,0.0001950196625960161,0.0,0.0,0.0,0.0,8.03501696702689e-05,0.0,0.0004552422588242044,0.0,0.0,0.0,0.0,0.0
Gm5737_mm,0.0,0.0,3.858677901598864e-05,1.7889785275326147e-05,0.0,0.0,0.00017764109143331201,0.0,0.0,0.00012677329000751125,6.47258616506661e-05,0.0,0.0,0.0,0.0
Gm5773_mm,0.0,0.0,0.0,0.0,0.0,0.0,0.0,0.0,0.0,0.0003615025017433751,0.0,0.0,0.0,0.0,0.0
Gm5862_mm,0.0,1.992372967757001e-05,0.00040633769048175315,0.0,0.0,0.0,0.0,0.002125094044700107,6.959987485975455e-06,0.0,0.0,0.0,0.0,0.0,0.0
Gm5922_mm,0.0,0.0,0.0001166316116291684,7.095104877649e-06,0.0,0.0,0.0,0.0,0.00021677112675578647,0.00015023717606196604,6.03022241053817e-05,0.0,0.0,0.0,2.942736515531255e-05
Gm6093_mm,0.7276441771243257,0.0,0.1146226562397272,0.6800783795431917,0.10293097716525004,0.07279372001471027,0.0,0.2777864685750885,0.0,0.6567079130030671,0.19533395231479775,0.0,0.0,0.19200447805480084,0.008495260871470777
Gm6169_mm,0.04220229052470848,0.0,0.00085006493978391,0.005934256673522768,0.0016848337345478136,0.0,0.0,0.020059062309748795,0.0,0.006622255419678136,0.0,0.0,0.0,0.055509492230307475,0.0
Gm6268_mm,0.0,0.0,0.0021077153720101055,0.002732175701784674,0.0,0.0,0.0,0.0,0.0,0.00015624697821672225,0.0,0.0,0.0,0.0,0.0
Gm6507_mm,0.0,0.0,0.00043253300608805224,0.0,0.0,0.0,0.0,0.0,0.0,0.00015699800468252226,0.0,0.0,0.0,0.00027729712203201196,0.0
Gm6509_mm,0.0,0.0,0.0,0.00034503854904020353,0.0,0.0,0.0,0.0,0.0,0.0,0.0,0.0,0.0,6.858611372594336e-05,0.0
Gm6559_mm,0.0,0.0,0.00012075956412207029,0.0,0.0,0.0,0.0,0.0,0.0,0.0,0.0,0.0,0.0,0.0005671408409660458,0.0
Gm7457_mm,2.971552389983457e-06,0.0,0.0,0.0,0.0,0.0,0.0,0.0,0.0,3.30498324177365e-05,6.841713751290448e-05,0.0,0.0,0.0,0.0
Gm7609_mm,0.003074964825065612,0.0,0.0,0.0,0.045255666868278116,0.0,0.00034865597982202735,0.027090146033536475,0.05995396290645484,0.05594375546526348,0.051907851716411574,0.006081251586360653,0.00243570960464397,0.023688594874695313,0.0
Gm773_mm,0.0,0.0009922597289581958,0.003112347772969346,0.0005485235977843751,0.0,0.0,0.0,0.0,0.0023453735955839042,0.0,0.0,0.0,0.0,7.917892700979122e-07,0.0
Gm7942_mm,0.0,0.0,3.5657889602322602e-06,2.6064969506105334e-05,0.0,0.0,0.0003810316124187911,0.0,0.0,0.0004844607331508057,0.0,0.0,0.0,0.0,9.330110129880593e-06
Gm8016_mm,0.0,0.0,0.0,0.0,0.0,0.0,0.0,0.0,0.0,0.0002883050800317017,0.0,0.0,0.0,0.00034335896906343615,0.0
Gm8066_mm,0.0,0.0,0.0,0.0,0.0,0.0,0.0,0.00016584576954250976,0.0008542579347440284,0.0,0.0002196349273904568,0.0,0.0,0.0,0.0
Gm807_mm,7.360247107624365e-05,0.0,0.0,0.00022409740037172357,0.0,0.0,0.0,0.0,0.0,0.0,0.0,0.0,0.0,0.0,0.0
Gm8251_mm,0.0,0.010986391438641803,0.054591862764730686,0.0,0.0,0.03612312425397809,0.0,0.09645826076841549,0.10120346548015699,0.614186995981275,0.0,0.0,0.0,0.0012873967127922275,0.04160598303587443
Gm8300_mm,0.0,0.008820760584148298,0.004032701665856587,0.031012808355137592,0.0,0.0,0.0,0.0059951511778076946,0.0,0.025742839274859843,0.0,0.0,0.0,0.013525057438619955,0.0
Gm8369_mm,0.0,0.00036693550960232235,0.0002708179499959216,0.0,0.0,0.0,0.0,0.0,0.0,0.0019501328188249961,0.0,0.0,0.0,0.001017005050711289,0.0
Gm8773_mm,0.0,0.0,8.50974497642745e-05,0.0,0.0,0.0,0.00011667496944341285,0.0,0.0,0.0,0.0,0.0,0.0,0.00016083777501810668,0.0
Gm8797_mm,0.2948057967227563,0.048097142556286075,0.17826160588057796,0.6659688389357198,0.03581495897976038,0.0,0.0,0.8611508576446195,0.6679931639311661,0.3353225008164984,0.0,0.0,0.0,3.4891033556141275,0.0
Gm8883_mm,0.0,6.425839122581884e-05,0.00018286756946317995,0.0,0.0,0.0,0.0002458835395244834,0.0002371491114612729,0.0,0.0,0.0,0.0,0.0,0.00023892071070788756,0.0
Gm8947_mm,0.0,4.4939136688659284e-05,0.0,0.0,0.0,0.0,0.0,0.0,0.0,0.00039721126106912987,0.0,0.0,0.0,0.0,0.0
Gm8953_mm,0.0,0.00026964471586809086,0.0002717162599547193,0.000592660760128089,0.0,0.0,0.0,0.0,0.0,0.0,0.0,0.0,0.0,0.0007844349013082248,0.0
Gm9747_mm,0.0,0.0,2.1432888617620463e-05,0.0,0.0,0.0,0.0001449003705158495,0.0002556724128311513,0.0,0.00022558614430975694,0.0,0.000411649735817355,0.0002339584547825593,0.00040658450817914886,0.0
Gm9860_mm,6.669718226922586e-06,0.0,0.0,0.0002063587499742209,0.0,0.0,0.0,0.0,0.0,0.0,0.0,0.0,0.0,8.641663255641692e-05,0.0
Gm9873_mm,0.0,6.809931640721524e-06,0.0028426932167360396,0.003647789532355279,0.0,0.0,0.0,0.0,0.0,0.0,0.0,0.0,0.0,0.001998759172152839,0.0
Gm9922_mm,0.0,0.0,0.00017965986840641965,0.0,0.0,0.0,0.0,0.0,0.0,9.68343404143631e-05,0.0,0.00034782277964248465,0.0,2.646179201785468e-05,1.373438969469081e-05
Gm9978_mm,0.0,0.0,0.0,0.029429366226144067,0.06012215274094723,0.0,0.0,0.0,0.01893786725583233,0.0760474710772018,0.0,0.0007517168846450384,0.0,0.0,0.0
Gm9_mm,3.4444105313615695e-05,0.00021218685364657593,0.0005023421135233746,0.0,0.0,0.0,0.0,0.0,6.057321080365423e-05,0.0,0.0,0.0,0.0,9.972523923061868e-05,2.5289841389143633e-06
Gml2_mm,0.0,6.661380427567405e-05,0.00011187729365223867,0.0,0.0,0.0,0.00014355064063744125,0.0,0.00012339026194519836,0.0,0.0,0.0,0.0,0.0,0.0
Gmppa_mm,0.19622912334010606,0.0,0.0,0.21111186039380314,0.20686557332193387,0.0,0.0,0.07494062912639018,0.07158429059546376,0.0,0.03851191871085458,0.0,0.0,0.20468545863034585,0.0
Gna12_mm,0.14299184650546956,0.0,0.025209576708957446,0.23247854365888462,0.22236733325292746,0.0,0.0,0.05827712513888859,0.0,0.18571663901253418,0.0,0.0,0.0,0.06412965613158395,0.0
Gna13_mm,0.7656418853133004,0.04368485146579256,0.13623114572229106,0.982532415537006,0.675122554711489,0.29165985797236454,0.09814521754925236,0.6421713282223594,0.30170489052053484,0.9160519346191246,0.3863451786313063,0.22968025490426902,0.0,0.0,0.33220645820476785
Gna15_mm,0.346800055220707,0.0,0.013617942886767825,0.25129346150183657,0.0,0.0,0.07163631465525265,0.025618919915589688,0.220371087020298,0.049648425829709276,0.4368988223853508,0.13406887898907366,0.0,0.0,0.0
Gnai1_mm,0.0,0.0006792022044105593,0.0028158606060756553,0.001819018654935634,0.0,0.0007651053244214521,0.0,0.0,0.0,0.0,0.0,0.0,0.0,0.002699712732209818,0.0018137166844289312
Gnai2_mm,1.7743771875527994,0.6559100062483888,0.2011337958319378,3.079195360863327,0.9829381058754452,1.0857417766222126,0.0,1.1881632065874914,0.9716497446021615,0.11534515199681385,1.1232752143780274,0.27257414694910465,0.09404435348018185,0.811685793720359,0.06877566115523594
Gnaq_mm,0.5898691788301069,0.0,0.018036000339340663,0.37308334470312204,0.3791293768212836,0.046835898268088406,0.0010778781855838406,0.3032295163135604,0.3889955411387323,0.467835771088449,0.08919794147850978,0.06738102966208775,0.0,0.0,0.025884787986360003
Gnaz_mm,0.0,0.0,0.0,0.0,0.00020220934180357512,2.4394330079226756e-05,0.0,3.188176745143254e-05,0.0,0.00015915347084573912,0.0,0.0,0.0,6.39519934655674e-05,0.0
Gnb2_mm,0.6397317659537358,0.06288444810162658,0.004875095569171473,0.015311269462924142,0.6233638113955555,0.0,0.06514277979065768,0.33220703302214305,0.0,0.05268377998546373,0.8404721474450837,0.12369237039370232,0.1231575945860328,0.0,0.0
Gnb4_mm,0.7515439686050156,0.003550465329475012,0.013485190789737474,1.562321945413175,0.5504826803405649,0.1504135794464053,0.02367553882090801,0.4516653978977086,0.13590719005555785,0.1679086379291456,0.12748367596213067,0.0979196106011829,0.0,0.09015049687971702,0.14779419063419394
Gng11_mm,0.0,7.817172534590572e-05,0.001956754005804508,0.0,0.0,0.0,0.0,0.0005925670808763348,0.0,0.0006001905733348472,0.0,0.0,0.0,0.00018606198389633578,0.0
Gng2_mm,0.13023416514515956,0.0,0.0,0.20058992255263008,0.09574248204786945,0.00995305536261431,0.18504694277546901,0.04186836839984668,0.0,0.06768156318391326,0.0,0.0,0.0,0.11149193768100288,0.0
Gng8_mm,0.016610538980675264,0.0,0.0,0.0,0.04986164324651852,0.0,0.013852222830867397,0.10131391670013794,0.0,0.0,0.024415596455628304,0.0,0.0,0.0029822740869934593,0.0
Gngt2_mm,0.24168234857008425,0.0,0.0,0.7968430566000818,0.362727542488045,0.0,1.7824069756201275,0.0,0.0,0.183451965108018,0.3230922341977286,0.0,0.013860449302070992,0.6800569534753329,0.0
Gnl1_mm,0.2590418621217525,0.00036506300253679217,0.04677883314095202,0.558520412285305,0.3003341194378227,0.02105102292260162,0.04341976090218692,0.08034272061178224,0.0,0.0,1.2756850526708838,0.0,0.12476507983106006,0.0,0.0
Gnpda1_mm,0.2218233725238982,0.015083980776988672,0.01735283698382695,0.3289465941693382,0.2515829767011494,0.0,0.009684635984490297,0.30341458255947346,0.20702386044891188,0.3005664921829315,0.11449311156487833,0.02480773174240017,0.0,0.03921673605127167,0.0
Gnptg_mm,0.05996821081573269,0.0,0.0,0.07972615552398274,0.1321648441213962,0.0,0.0,0.11848523938165634,0.045312212840057486,0.19561744328130115,0.027513682352020025,0.003131745367479495,0.0,0.09479348514527434,0.0
Gns_mm,0.23336534261267947,0.0,0.07415624182295305,0.5981052231597573,0.5996533276001826,0.09962996121487512,0.0,0.5092231849444275,0.5206231363243149,0.6608780598106334,0.18926090620618563,0.07035217448188076,0.0,0.12167089943392778,0.0
Golga4_mm,0.0,0.13352793916793268,0.20820034350697686,0.8197425344792777,0.677287590609581,0.3444739766046658,0.0,1.0207576625761026,0.0,2.4400083866354363,1.2950818458155322,0.09276199816539583,1.162645227245612,0.0,0.3613360321973636
Golga5_mm,0.0,0.0,0.01985957378820411,0.391832202845143,0.14793891434911596,0.0,0.0005547324134490386,0.1648367655095557,0.17201085629461754,0.4557724385465229,0.2536034837439268,0.10487046776727345,0.03795925709568169,0.0,0.014980113506465761
Golgb1_mm,0.0,0.21722169123227375,0.22428462974354596,1.2494236528833615,0.6469225699939182,0.3930977210971778,0.2812314228926954,1.1127131098585452,0.0,2.2871281648567807,0.3937196396321204,0.07369630218795854,0.6720954819851666,0.0048381800479770885,0.20712504459951067
Golt1a_mm,0.0,0.0,0.0,7.593165560852365e-07,0.0,0.0,0.0,0.0,0.0,0.0001684780293811238,0.0,0.0,0.0,0.0,0.0
Gpaa1_mm,0.2844687999377875,0.0,0.0,0.4612250536978802,0.1716727194738322,0.0,0.008642468859602261,0.0,0.04998646606268104,0.0,0.21296102231896016,0.0,0.0,0.16365948263189456,0.0
Gpat2_mm,0.0,0.0,0.0027706230847885332,0.003370761398010934,0.0,0.0,0.0,0.0,0.0,0.0,0.0,0.0,0.0,0.0,0.0
Gpat3_mm,0.0,0.0,0.0,0.16936537563067092,0.13914892737027465,0.0,0.0,0.07729225399947287,0.0,0.145298998143483,0.0,0.06941039344489938,0.04301935933190225,0.0,0.0
Gpatch1_mm,0.12669487578498517,0.10300765976140971,0.0,0.485147553678781,0.15735470005535224,0.0,0.0,0.16942551668361072,0.0,0.6166434507222123,0.8055112991841801,0.003913526264483795,0.15072315893651989,0.0,0.0006745878250934028
Gphn_mm,0.029997830877147663,0.011477611599467762,0.0,0.09607262091644637,0.0,0.0,0.0,0.0,0.02842058086647979,0.03319588835323935,0.020943200984382574,0.032350866858235676,0.002356687071600354,0.01914924926707021,0.06673242210506562
Gpi1_mm,1.7049957331480734,0.7367411979240589,0.07028053365948948,1.6516086259384601,0.7594793623113701,0.4104285640641833,0.1756243121871494,0.6707347370731305,1.3641410060130903,0.0,1.7032628167516644,0.0,0.0,0.9966341353167459,0.0
Gpnmb_mm,0.0,0.0,0.008354853893374526,0.0,0.0,0.0,0.0,0.009964546983427042,0.0,0.0,0.0,0.0,0.0,0.0,0.0
Gpr108_mm,0.1427118324972135,0.0,0.024802243240592294,0.5136583291767696,0.3597792032000953,0.0,0.0,0.1594237523580347,0.0,0.0,0.07029059469146103,0.0,0.005353797368193699,0.1328857626953135,0.0
Gpr119_mm,0.0,0.00010729548223267551,0.0,0.0,0.0,0.00012772642563429557,0.0,0.0,0.0,0.0,0.0,0.0,0.0,7.374385481828217e-05,0.0
Gpr135_mm,7.05726869794254e-06,0.0,0.0,0.0,2.8225340831099103e-06,0.0,0.0,0.0,0.00014905161596496695,0.0,0.0,0.0,0.0,0.0,0.0002774884246905563
Gpr137c_mm,0.013385047560940328,0.0026974876116829375,0.005542383072598377,0.04054083909243525,0.0,0.0,0.011972348323376304,0.0342145938437514,0.030030281138700304,0.02977227502430026,0.0,0.0,0.0,0.008315530441642991,0.0
Gpr141_mm,0.0,0.0,0.0,0.007030765766847804,0.016109183204530444,0.0,0.0014685745679987748,0.011373776681850535,0.0059875445312177755,0.0,0.0,0.0013325589080663575,0.0,0.0,0.0
Gpr142_mm,3.655665894710296e-05,0.0,5.014421656367832e-05,6.196439980924985e-05,0.0,0.0,0.0,0.0,0.0,4.262062817220307e-05,0.0,0.0,0.0,6.069037343168497e-06,0.0
Gpr171_mm,0.0,0.014556601272671946,0.011440270496309773,0.04011548996220794,0.0,0.0,0.0,0.0,0.01719184300322644,0.0,0.0,0.0009503583093331798,0.0,0.013908799317143743,0.0
Gpr17_mm,0.0,0.00030264830920113657,0.0,0.0,0.0,0.0001732492958447515,0.0,0.0,0.0,0.0,8.60020798202582e-05,0.0,0.0,0.0,0.0
Gpr183_mm,0.0008605454060309208,0.0,0.0033438362907312388,0.03502636353384925,0.0,0.0007138200676698118,0.0,0.0,0.02285435864134051,0.0,0.0,0.0,0.0,0.0010099903950499122,0.0
Gpr20_mm,0.0,0.0019098628063447657,0.002609545550382105,0.004560224745265881,0.0,0.0,0.0,0.0,0.0,0.0,0.0,0.0,0.0,0.006790146862153577,0.0
Gpr39_mm,0.0,0.0,0.0005410227628799694,0.0,0.0,0.0,0.0,0.0,0.0,0.00020960214703661753,0.00015316472504735843,0.0,0.0,0.0008036400143378704,0.0
Gpr50_mm,0.0,0.0,0.0,0.0,0.0,0.0,0.0,8.880901285629292e-05,0.0,0.00034595295601236883,0.0,5.777392103707446e-05,2.683900055248189e-05,0.0,0.0
Gpr55_mm,0.0,0.0,0.000319215379859213,0.003801577429916431,0.0,0.0,0.0,0.0,0.0,0.0015383405542551242,0.0,0.0,0.0,0.0,0.0
Gpr61_mm,0.0,0.0,0.00026998878005434586,0.0,0.0,0.0,0.0,0.00027749216358082993,0.0,0.0003261372359896293,0.0,0.0,0.0,0.0,0.0
Gps2_mm,0.0,0.0,0.10061413652494823,0.2956418594753224,0.08443009390360541,0.0,0.18107713931751565,0.18205190639380225,0.5857173298581672,0.0,1.0285251893958114,0.0,0.6057343015747704,0.04430710536033833,0.0
Gpsm3_mm,0.0,0.0323747479031007,0.015679007910386216,0.5432565663059424,0.17906224308777977,0.0,0.21116163150338366,0.08564904067500895,0.08882293602908023,0.056475683931675395,0.2739113341045115,0.027034429239392616,0.019031811661180953,0.0,0.0
Gpx4_mm,1.2475696481558467,0.0,0.0,0.0,0.5734029230781935,0.0,1.8399403514595114,0.26112811217301973,0.05570848278102494,0.0,0.8706345828079024,0.03518376906988767,0.012658953163838128,1.0436481655316285,0.0
Gramd1a_mm,0.32813564079102003,0.0,0.04233693625825913,1.208166253253206,0.479969063290337,0.0,0.0,0.3940253469957252,0.0,0.30835246352410794,0.31427849801499247,0.0,0.1258792153654032,0.14031109949163845,0.020361154121972088
Gramd1c_mm,0.0,0.0013214495887503568,0.10793654353651017,0.022909159217025483,0.0,0.0,0.0,0.0,0.0,0.020914556074910624,0.0,0.0,0.0,0.0,0.0
Gramd2_mm,0.0,0.0,0.0003180910214583572,0.0005349052969220328,0.0,0.0,0.0,0.001010394677391515,8.326997907977493e-05,0.0,0.0003966397005123733,0.0,0.0,3.69998294995958e-05,0.0
Gramd4_mm,0.1315391100665783,0.06820611210240733,0.0,0.30163207960184485,0.1735169881502875,0.0,0.0,0.0,0.0,0.38664457551455816,0.507888969289652,0.15777276773419346,0.14760620092750443,0.0,0.0
Grb10_mm,0.10426825197833298,0.0,0.0,0.523817764923739,0.19800537324515796,0.004410254049375641,0.08354307312006849,0.18752281307805893,0.0,0.16331897990098493,0.2426393894176741,0.14466442197420035,0.0,0.035495608890667434,0.05096537013483707
Grcc10_mm,0.04214711717192554,0.0,0.0,0.05217851442928897,0.12176886805651163,0.0,0.5638635400855487,0.04725600836224188,0.0,0.004870746745963165,0.015204932508590945,0.0,0.0,0.11706985117597332,0.0
Greb1_mm,0.0,0.0,0.001076046631854106,0.0,0.006834200758401274,0.0,0.0,0.0,0.0003214263071007299,0.008755849657553457,0.0,0.0,0.0,0.0,0.0
Grhl2_mm,0.0,0.0,0.04043770011267507,0.0,0.0,0.0,0.0,0.029366008893221468,0.020627069176653412,0.03617724487242239,0.0,0.0,0.0,0.0,0.0
Gria2_mm,0.0,0.01541935404477925,0.19318825798659045,0.09318153510833928,0.0,0.0,0.0,0.0,0.061830594060138404,0.0,0.0,0.0,0.0,0.00038991070329304195,0.03194578687700127
Grifin_mm,0.0,0.0,0.0,0.0018623987751947547,0.00010075295340379709,0.0,0.0009291559057437413,0.0,0.0,0.0003471348026882554,0.0,0.0,0.0,0.0006239622379681373,0.0
Grin3a_mm,0.0,0.001271124134863279,0.0013839199267242598,0.0007142753637287216,0.0,0.0,0.0,0.0,0.0012853935771351922,0.0005896119614934311,0.0004891897242220759,0.0,0.0,0.0005296943972053146,0.0
Grina_mm,0.0,0.0,0.0,0.5866122854569268,0.7193460329494484,0.0,0.09625880149969802,0.49766399508261006,0.08113024858027458,0.0,0.0783662674006459,0.0,0.0,0.17680352098367066,0.0
Grip1_mm,0.0,0.0005061472685312782,0.0006979650951287636,8.764817243227623e-05,0.0,0.0,0.0,0.0007707343086772407,0.0009846641230635915,0.004813400917896852,0.0,0.0,0.0,0.0,0.0011921020453692515
Grip2_mm,1.600507787636085e-05,0.0,0.00012045852071493812,0.0,0.0,0.0,0.0,0.00022023693525444118,0.0,0.0,0.0,0.0,0.0,0.0,0.0
Gripap1_mm,0.3587777610982659,0.0,0.0,1.2043071416999156,0.3980615587273004,0.0,0.0,0.2871151395883046,0.0,0.7235481459723195,0.6803390251350745,0.0,0.37923626399587657,0.15165563943952987,0.1666013037488955
Grk2_mm,0.8369258108007462,0.0,0.0,0.8432613000546098,0.8012822318822115,0.24476546832199986,0.16504159795681814,0.0,0.15853264400199274,0.0459456421683095,1.630883114647391,0.22896617093731775,0.3579864596208425,0.42818441039414795,0.8754959656695402
Grk4_mm,0.03854598561647314,0.023684607714867953,0.002360044942261835,0.06732435035483575,0.0,0.0,0.0007220316041594261,0.03352526878197811,0.02447561148012561,0.21601443640772003,0.0,0.0021219648503674033,0.0,0.010134573299003455,0.0
Grm1_mm,0.0,0.0,0.0,0.0,0.0,0.0,0.0,0.0,0.0,0.05730653653255949,0.0,0.0,0.0720943612512734,0.0,0.0
Grn_mm,0.0,0.0,0.0,1.4291771901051324,1.0329940835838285,0.0,0.0,0.7398270154705539,0.40531962602191385,0.07929106750781116,0.0,0.0,0.2661568070080305,0.38928279700489143,0.0
Gsap_mm,0.0,0.04686744757827204,0.018105413458614106,0.35186956624117705,0.10118248078760388,0.0,0.0,0.2867892698631787,0.0,0.06592050838611341,0.0,0.0,0.0,0.0,0.0
Gsc2_mm,0.0,0.0,0.0,0.00012228642450729497,0.0,0.0003329125580563893,0.0,0.0,0.0,0.0,0.0,0.0,0.0,0.00012565015837873766,0.0
Gsdmc_mm,0.00018313768127688887,0.00011319370526238819,9.88709029291182e-05,0.0,0.0,0.0002026498078835431,0.0,0.0,0.0,0.0,0.0,0.0,0.0,0.0006292878746136149,0.0
Gse1_mm,0.06692120951101058,0.0,0.0,0.15877420864263186,0.09409997511987947,0.0,0.0,0.04041962111506412,0.0,0.24119497848521343,0.2574286619023013,0.15586536700545048,0.016407741133900058,0.0,0.003421448834612551
Gsg1_mm,0.0,0.0,0.0009591075481312835,0.0012041611687934133,0.0,0.0,0.0006686973418187389,0.0,0.0,0.0,0.0,0.0,0.0,0.0006640869458780268,0.0
Gsn_mm,0.13459223724365887,0.0,0.0,1.0602414773627962,0.285317150227248,0.0,0.0,0.5722343255595893,0.0,0.0,0.0,0.0,0.003114640740086624,0.16493512421068807,0.0
Gsr_mm,0.41226192786529864,0.0,0.0,0.061043430452413186,0.0,0.09886192952606758,0.01991424791897542,0.08868063305134936,0.2747222047431878,0.13472666293720784,1.3022575132795984,0.26026795794193014,0.11226455927721297,0.0,0.0
Gstm4_mm,0.0009539405413146372,0.0,0.0,0.00015212049074901708,7.891043312016617e-05,0.0,0.0,0.0,0.0007984739393724215,0.0019696957646344717,0.0,0.0,0.0,0.0006972480490305378,0.0016830587343477621
Gstp1_mm,0.5192022553610525,0.0,0.0,0.09799727741466134,0.10336118124143807,0.0,0.29412536451484905,0.0501994461669866,0.0,0.0,0.05606594953872465,0.0,0.0,0.5947027139861237,0.0
Gstp3_mm,0.0,0.0,0.0,0.0,0.0,0.0,0.0,0.0,0.0,0.001482935542393365,0.0,0.0,0.0,0.0,0.0
Gstt1_mm,0.0,0.0016292859851010388,0.0026787731879123725,0.001511894213189518,0.0,0.0,0.0,0.0029289691603853495,0.0,0.0010532884263794852,0.0,0.0,0.0,0.0012390831876249522,0.0
Gstt2_mm,0.07320123427466742,0.0,0.11471022458940289,1.9154711744220652,1.6372325067970803,0.0,0.0,1.2257469590776802,0.0,0.2742889500491588,0.0,0.0,0.0,1.1552039709020316,0.0
Gstt4_mm,0.0,0.0,0.0032731823551751136,0.007102953496182308,0.0,0.0,0.0,0.009667266413487283,0.0,0.01600041761516594,0.0,0.0,0.0,0.002961635292948484,0.0
Gtf2a1_mm,0.009275060180492886,0.010564079750810501,0.018940247552693083,0.24377760357750416,0.16877687967687938,0.0,0.04212227285316604,0.20587523529706486,0.3455538265512135,0.27168916931631887,0.5490952733583154,0.06519768335985686,0.10304738939750432,0.0,0.1521943201929396
Gtf2f1_mm,0.20662887230923768,0.13045138404141648,0.04821337008344826,1.3270488904545392,0.18300978023180428,0.10952528494360599,0.0,0.5046727227924978,0.5443942183963908,0.529247199062002,1.9748817154561318,0.007490912369583038,0.61407194937033,0.44019849738908645,0.27523067809106494
Gtf2ird1_mm,0.07954345442870343,0.010993160171029493,0.0,0.24451650621664603,0.146339863577997,0.0,0.0,0.08605120816569722,0.0,0.07884195971429231,0.050650273217094526,0.003887386762033558,0.0090644277405368,0.01748472096436662,0.0
Gtpbp2_mm,0.0,0.0,0.017565895266454166,0.18440319092240534,0.18372552576785015,0.0,0.0,0.09184291966054438,0.01800121453507763,0.07858779851561332,0.0,0.0,0.0,0.0,0.0
Gtpbp6_mm,0.0,0.0,0.013441925241528535,0.1158714874233957,0.10536138608574648,0.0,0.0,0.05276936422802529,0.0,0.028824348814122262,0.16314979435463192,0.0,0.004329638942818623,0.021996003118329215,0.0
Gtsf1_mm,0.0,0.0,0.03737645819365665,0.0,0.0,0.0,0.0,0.0,0.0,0.0,0.0,0.0,0.0,0.0766134234122231,0.0
Gtsf1l_mm,0.0,0.0004257852213742412,0.0008252424610253058,0.00039572854124330205,0.0,0.0,0.0,0.0,0.0,0.0,0.0,0.00011353171382986929,0.0,0.0006655012895895512,0.0
Gucy1a1_mm,0.0,0.0,4.004705880397897e-05,0.0003780806970446722,0.0,0.0,0.0,0.0,0.00014732597696798382,0.0001514017537109749,0.0,0.0,2.940202839386173e-05,0.0008286460562075965,0.002237333854249198
Gucy1b2_mm,0.0,0.0,0.0,7.199390190695622e-05,0.0,0.0,4.118095301650411e-05,0.0,0.0,0.0,5.093258116550417e-05,0.0,0.0,0.0,0.0
Gucy2c_mm,0.0,0.0,3.152364941938349e-05,0.0006320677318442886,1.6268797842597564e-06,0.0,0.0,0.0,0.0,0.0,0.0,0.0,0.0,0.0,0.0
Gucy2e_mm,0.0,0.0007998421909030006,7.210759767684536e-05,0.0,0.0,0.0,0.0,0.0,0.0,0.0,0.0,0.00022132645108009912,0.0,0.00023253310647679702,0.00020291733411773432
Gucy2f_mm,0.0,0.0,0.0006156540614293117,0.0,0.0,0.0,0.0,0.0,0.0,0.001075389318116309,0.0001011121937328065,5.8115999901281235e-05,5.099938838893813e-05,0.00025779925982362406,0.0
Gxylt2_mm,0.005208622478599197,0.0,0.011712398196408923,0.0,0.0,0.0,0.00552540706865745,0.0015276860395220548,0.03312727888496594,0.1572612120649069,0.0,0.0,0.09282489988717617,0.0,0.0
Gys1_mm,0.19705788695752263,0.0,0.09488474371735947,0.207211212330045,0.18198755576430506,0.0,0.0,0.0,0.03373688618350107,0.07574347043649168,0.3345565224459482,0.0,0.061506648376404405,0.05441911899167117,0.04554751854959677
H13_mm,0.9097090568618199,0.0,0.05760027375657213,0.6840190041110508,1.0861192885280029,0.02929746389789243,0.36221733354551744,0.5455648018735327,0.0,0.0,1.2401499660362583,0.05411614051889714,0.07530605530820145,0.23479887420523815,0.0
H19_mm,0.0,0.0,0.020045474693645794,0.003943784490650526,0.0,0.0,0.0,0.0,0.0,0.0,0.0,0.0,0.0,0.002395778552277625,0.0
H1f0_mm,0.0,0.0,0.0009066421603147266,0.0013882922201986073,0.0047531987898940635,0.0,0.0,0.0,0.004032656568362933,0.006023397972838446,0.0008415412555559247,0.0,0.0,0.0012147950743570848,0.006250729731770034
H1f2_mm,0.0,0.0,0.0,0.0,0.0,0.0,0.6954441419449531,0.3034062228940475,0.03261287501240577,0.0,1.2030856561573655,1.5015467574418833,0.46172709530469025,0.0,0.0
H1f3_mm,0.0,0.0,0.0,0.0,0.0,0.0,0.0,0.0,0.34862382568409306,0.0,0.9595950146692342,0.24816218891149855,0.020271139537333248,0.0,0.0
H1f4_mm,0.0,1.4048479099776743,0.2366475072112779,0.0,0.0,0.0,4.450607390638439,0.6064052027442552,0.0,0.0,3.8910125014217773,2.526810220478093,0.773018610174829,0.3408535154025842,0.0
H1f5_mm,0.0,0.0,0.0,0.0,0.0,0.0,0.003944453033700388,0.0005730678590303496,0.0,0.0,0.003870556676354498,0.0009348176447801874,0.0,0.0,0.0
H1f8_mm,0.0,0.0,0.01624219958541725,0.009883496377593035,0.0,0.0,0.0,0.0,0.0,0.0,0.0,0.0,0.0,0.05047702708210337,0.0
H2-Aa_mm,0.0,0.0,0.0024092090081703327,0.035857281155128276,0.0,0.0,0.0,0.00287757722414695,0.0,0.0,0.0,0.0,0.0,0.022168838819290805,0.0
H2-Ab1_mm,0.0,0.0006122520729105855,0.0033893452882379706,0.004972759909365457,0.0,0.0,0.0,0.0,0.0,0.0,0.0,0.0,0.0,0.002490015532849795,0.0
H2-D1_mm,0.6991770567500987,0.5580773678613001,0.04870589985110244,0.27662591374194406,1.4060603853293152,0.0,0.0,0.8049164183191848,0.0,0.7152640810042528,0.0,0.08378530810758753,0.0,0.45460731166584845,0.0
H2-Eb1_mm,0.0,0.0,0.0,0.1510965179825194,0.10869863925450676,0.0,0.0,0.4125358531575586,0.0,0.0,0.0,0.0,0.0,0.020361603127983647,0.0
H2-K1_mm,1.006498706101306,0.0008038202547516931,0.13842693766211575,0.9990156709625594,1.0404936200958292,0.0,0.0,0.6648341158904141,0.0,0.4386640726357348,0.0,0.0,0.0,0.47795470856396205,0.0
H2-Ke6_mm,0.028157492643692338,0.0,0.0,0.03703703306053277,0.024341542508164175,0.0,0.0,0.010335826157636261,0.0,0.014380106731566525,0.031084370645119725,0.0,0.0,0.0014808176112278406,0.0
H2-M10.1_mm,0.0,0.0,0.000309100416789915,0.00011922577302790301,3.924655357042088e-05,0.0,0.0,1.3385361772961299e-05,0.0002438195018125255,9.095665772603674e-05,0.0,0.0,0.0,0.0,0.0
H2-M10.4_mm,0.0,0.0005549494769806132,0.0016340139836637875,0.0005496356000155518,0.0,0.0,0.0,0.0,0.0,0.0008045538085795039,0.0,0.0,0.0,0.0003225587978461267,0.0
H2-M10.6_mm,0.0,8.017621141148942e-05,0.00016882813363668463,0.0,0.0,0.0,0.0,0.0,0.0,0.0,8.903918918410638e-05,2.0974510094994943e-05,0.0,0.0,0.0
H2-M3_mm,0.14956542310836943,0.0,0.01872260844864038,0.002723452379878241,0.1854720836294912,0.0,0.0,0.0895750952780596,0.0,0.04287266162288902,0.0,0.0,0.0,0.1206211711054529,0.0
H2-Ob_mm,0.9622657827184833,0.0,0.0,0.8795780560242977,0.17718063024081293,0.0,0.28188658135174793,0.0741930776427472,0.0,0.20069759980524682,0.0,0.0,0.0,0.0,0.0
H2-Q10_mm,0.0,0.0,0.0,0.024473969522136915,0.07132077763302962,0.0,0.0,0.021537957042495618,0.0,0.08988143733375231,0.032861260393118916,0.03558531912517988,0.0,0.0,0.0
H2-Q4_mm,0.0,0.032508658059872866,0.0156438038315149,0.07229902402640169,0.13002329275643446,0.0,0.005497796685320593,0.06649230408218908,0.0734355516807828,0.21368441002592364,0.038151574703812044,0.06649381150679971,0.0,0.0,0.0
H2-Q6_mm,0.0,0.019866291459272652,0.07641350895268793,0.32968608791764703,0.23415386696628288,0.0,0.0,0.08913226428913884,0.0,0.28184443758902333,0.0,0.0,0.0,0.1198878334647948,0.0
H2-Q7_mm,0.0,0.03445332915268378,0.05678194861009106,0.3538082095489183,0.2608054380319072,0.0,0.0,0.20658290937405632,0.0,0.4323171676863118,0.0,0.0,0.0,0.163209659368212,0.0
H2-T22_mm,0.04462620635423403,0.14127377920046216,0.043004620465000566,0.41309066302962405,0.2806258234766484,0.0,0.0,0.006580128979081153,0.0,0.294669419510226,0.024702720338903618,0.07187212026203574,0.0,0.0,0.0
H2-T23_mm,0.0,0.0022426187581678055,0.06273833227559622,0.0,0.08786042902270644,0.0,0.0,0.039852242999360465,0.3905570228586684,0.07326523598136434,0.0,0.0,0.05350736757301172,0.042851121682418586,0.0
H2ac1_mm,0.0,0.0048404821307637316,0.004779959911664812,0.0,0.0,0.0,0.026456391661391455,0.0,0.0,0.0,0.0,0.0,0.0,0.00831131094328909,0.0
H2ac8_mm,0.0,0.0,0.0,0.0,0.0,0.0,2.785705066586736,0.0,1.324579309933678,0.0,0.0,0.07903271945454099,0.0,0.0,0.0
H2bc1_mm,0.0,0.0,5.600874401537478e-06,0.0,0.0,0.0,0.00048503139645462724,0.0,0.0,0.0,0.0,0.0,0.0,0.0007929751027890971,0.0
H2bc4_mm,0.0,0.0,0.0,0.0,0.0,0.0,0.0677909054376338,0.0593048096044003,0.019137565636685137,0.05769038412945018,0.0,0.0,0.0,0.015964997170771857,0.0
H2bfm_mm,0.0,0.0,0.0006807384927579106,0.0,0.0,0.0,0.0,0.0,0.0,0.0,0.0,0.0,1.2961883102735761e-05,0.0,0.0
H2bl1_mm,0.0,0.0,0.00031487847288792006,0.0,0.0,0.0,0.0,0.0,0.0,0.0,0.0,0.0,0.0,0.0,0.0
H3c2_mm,0.0,0.006929962117410607,0.0,0.0,0.0,0.0,0.05836651695454793,0.0,0.1289294511490667,0.0,0.007424863500803496,0.04298965825777014,0.0,0.0,0.0
H4c2_mm,0.0,0.0,0.0,0.0,0.0,0.0,0.05796021223017772,0.0,0.8134826344519575,0.0,0.0,0.13699415671133738,0.0,0.0,0.0
H4c4_mm,0.0,0.2986968963495286,0.08200911446489323,0.0,0.0,0.0,1.3293807668079791,0.0,8.483043972283092,0.0,0.0,2.506914637873708,0.0,0.0,0.0
H60c_mm,0.0,0.00010332952180581424,0.00015938305154636058,0.00014083011235094923,0.0,0.0,0.0,0.0,0.00013889323603377652,0.0,0.0,0.0,0.0,0.0006189784477784804,0.0
Haao_mm,0.03579477528783993,0.0,0.0,0.08588674214638542,0.10154603333230258,0.0,0.04901982461510997,0.06355276650394251,0.013227538769992718,0.0,0.0,0.0,0.0,0.028630120619945416,0.0
Hadha_mm,0.41148677584954807,0.14272872892816346,0.145205540427586,2.261244009245267,0.14836238280685024,0.4786015274365164,0.10530204895082694,0.462419786864073,1.5016990783704538,0.0,1.4086660079875628,0.2986249385275391,0.0,0.7142216390058567,0.15111110594160304
Haghl_mm,0.02906888067079717,0.0,0.0,0.06195852972829802,0.06325452772771332,0.0,0.0,0.020235176933071232,0.0,0.0,0.06030220579459305,0.0,0.002336382673417675,0.00800090437807789,0.0
Halr1_mm,0.0,0.0,0.0,0.00023055533666333853,0.0,0.0,0.0,0.00010319167786712766,0.0,0.0025977875534841845,0.0,0.0,0.0,0.0,0.0
Hand2os1_mm,0.019714252612438893,0.0,0.20852389198398696,0.15221149391323688,0.0,0.0,0.6361861152728752,0.0,0.0,0.28613407456059986,0.0,0.0,0.0,0.6223914364282774,0.0
Hapln4_mm,0.0018536960550957753,0.0005666221968039039,0.0,0.0,0.0003482495120891638,5.688171938079199e-05,0.0,0.0010133591718470291,0.0,0.005339890096242206,0.0,5.9797681484112194e-05,0.0,0.0006517847770541623,0.0
Has2_mm,0.0,0.0,0.0,0.0,0.0,0.0,0.0,5.252434599803415e-05,0.000609025441478394,0.0,0.0,0.0,0.0,0.0,3.405585981930816e-05
Has3_mm,0.005209835133004898,0.0,0.0,0.0005272548124747765,0.0,0.0,0.0012194865414506403,0.002730379792039754,0.00034505120945515144,0.00446189751398691,0.002065880706504612,0.001041122008628275,0.0,0.0,0.0007002581795594875
Havcr2_mm,0.0,0.0,0.026548752215350038,0.002879942719690766,0.0,0.015611437006730816,0.0,0.0,0.004804961246407537,0.02517681208077566,0.012150785248907659,0.0,0.0,0.0,0.030513265695991637
Hax1_mm,1.8366902915786898,0.0,0.059654340530843904,0.17870051075965962,0.8026838422106524,0.0,0.0,0.5739891500594188,0.0,0.055813473285621855,0.15265806380996827,0.0,0.0,1.3829007744240978,0.03648113322030192
Hba-x_mm,0.0,0.0,0.0,0.0,0.0,0.0,0.0,0.0,0.0,0.0,0.0,0.0,0.0,0.00036547549956189075,0.0
Hbegf_mm,0.0,0.00041241161679635906,0.001606549319130879,0.004786455403594065,0.0,0.0,0.0,0.0023275328464954655,0.0,0.00636755153737554,0.0,0.0004472495081028581,0.0,0.0,0.002191859974067412
Hbp1_mm,0.0,0.0,0.026509528916837527,0.03004086851482127,0.09632398304341035,0.0,0.02348812360707868,0.4164927739614781,0.1406889030862329,0.3235141777630331,0.0,0.0,0.0,0.006014978058795741,0.0
Hcfc1r1_mm,0.0,0.023586437241234662,0.05539201125198945,0.07528662731023193,0.13932716959409566,0.0,0.8596595905942735,0.14015848701012482,0.0,0.0,0.0,0.0,0.0,0.6014814374713047,0.0
Hcls1_mm,0.3823803368271816,0.2778383994446263,0.10916998574211444,1.0670169529528273,0.515174493412496,0.0,0.0,0.21340930240888514,0.0,0.09192300645666993,1.2914508804043225,0.12705613537611285,0.5699542412227186,0.2391467930421944,0.22395883727445226
Hcn2_mm,0.0,0.0,0.0,0.0,6.637326243016956e-05,5.076913741155872e-05,0.0,9.876255067588925e-05,0.0,0.0,0.0,4.8367067631254126e-05,0.0002694598994024211,0.0,0.0
Hcst_mm,0.0,0.0,0.0,0.11292224802913994,0.08998136609959237,0.0,0.39000360503389675,0.0,0.0876283680658862,0.0,0.0,0.0,0.0,0.0,0.0
Hdac4_mm,0.24760649970841725,0.0016724718108865383,0.01717182277631112,0.432073064888029,0.287918102155495,0.0,0.0,0.17471160065049915,0.0,0.3530299289347631,0.2743025924890023,0.0,0.044944379504528356,0.013894556009903627,0.18087567072458577
Hdac7_mm,0.05913873622375644,0.0,0.0,0.5898788496330287,0.13978434292052577,0.0,0.10425692668765958,0.0,0.02417695749178878,0.3279429790127767,0.19409515946875386,0.006553359982959503,0.217649518381644,0.047707031130749665,0.1942566373052634
Hdlbp_mm,0.5576322144612099,0.2820143043474234,0.6714334591816912,1.9885272756467072,0.7969839578237565,1.1655498893618867,0.0,0.3540854917646565,1.486427924963256,0.629663291076762,1.9731667682930867,1.0274693477577463,0.0,0.7759613435828309,0.057805203216926886
Heatr4_mm,0.0,0.0,8.996340735746393e-07,0.0,0.0005488669520855792,0.0,0.0,0.0,0.0,0.00035700299660098867,0.0,0.0,0.0,0.0005545336956057443,0.0
Heatr5a_mm,0.2718535942827894,0.0,0.2623541032141463,0.44144178147020846,0.0,0.0011816718244884224,0.0,0.1015703934766565,0.5736544847864437,0.7587243755996554,0.18333458275983933,0.0,0.2602082984188773,0.0,0.12818781108751123
Heatr9_mm,0.0,0.0,8.067291871389362e-05,0.00103163622019089,0.0,0.0,0.0,0.00010963146759229292,0.0,0.001026735597367266,0.0,0.0,0.0,0.00010472935301979636,0.0
Hemk1_mm,0.0,0.0,0.0,0.2526431412097278,0.20640311099876976,0.0,0.0,0.0041682871820157225,0.0,0.07025000708891231,0.0,0.0,0.005365144196971377,0.04503301344854554,0.0
Hephl1_mm,0.0,0.0,0.00033527576399079235,0.00046500591292472995,0.0,0.0,0.0,0.0,0.0,5.889747953819344e-05,0.000193236453864477,0.00013365360084370207,0.0,0.0,0.0
Herc2_mm,0.0,0.04741507465229016,0.19757842782709217,1.5444546952139533,0.47875860793534314,0.10997124180629075,0.0,0.12164781024945252,0.23481673151773716,0.5650245885750685,0.9952996208059737,0.4222242102806985,0.5299178494568928,0.0,0.30705908575720453
Herpud1_mm,0.7127275943173199,0.00527485802612739,0.2463219236468675,1.1720230138525591,0.9219649920569994,0.1255952844332582,0.4393734388482996,0.3132150306957297,0.33814442020506963,0.3970974098523626,0.0,0.0,0.0,0.8994432511953504,0.022212689419287873
Hes1_mm,0.0,0.0,0.00024452453430176275,0.007803020725153905,0.0010920159078974649,0.0,0.005221990405165015,0.0013952489135471886,0.0,0.020151845229729733,0.0,0.0009726555540382589,0.0004566115880011021,0.0,0.00033433623735017843
Hexa_mm,0.2709205052290826,0.0,0.013868704436252667,0.7626297300664884,1.049348359654274,0.015900910277722783,0.0,0.7659873992551658,0.0,0.5074179045944418,0.3905211574487758,0.0,0.0014287256141651365,0.42710783458631196,0.0
Hgf_mm,0.0,0.0,0.0,0.0,0.0,0.0,0.0,0.0003721832045472665,3.4668913894642465e-05,0.0,0.0,0.0,0.0,0.0,0.00017525985830655743
Hgs_mm,0.0,0.0,0.042508808017012664,0.33760788814865733,0.19082029391327146,0.0,0.11624930714650698,0.2500048973714294,0.17947789529736913,0.11995261045169338,0.464841163502834,0.12861928928624655,0.017632599845571948,0.0,0.034971492197234555
Hgsnat_mm,0.0,0.0,0.007208387702926508,0.006000596572762809,0.0,0.0,0.0,0.002911272569916487,0.0,0.004587404780245869,0.0,0.0,0.0,0.0036020344300747645,0.0
Hhipl1_mm,0.0,0.00018831664509181095,0.0,0.0,0.0004928234260799841,0.0,0.0,0.0,0.0,0.0006111835947308756,0.0,2.852231992329744e-06,0.0,0.0,0.0
Hid1_mm,0.0,0.0,0.07564285224854012,0.27116461410005505,0.1782120836210891,0.0,0.0,0.03813167743229496,0.0,0.022196591880742335,0.0,0.0,0.0,0.015896503026953435,0.0
Hif1a_mm,0.24501219341325667,0.0039111680294039225,0.0,0.17436412892200598,0.247679985401807,0.0,0.030098362599556013,0.05938947775002373,0.42868851448296424,0.10036181493251856,0.25617273820102887,0.13131537063718973,0.0,0.0,0.0
Hip1_mm,0.7369958191144368,0.0,0.11906890317260722,1.9903857391033186,0.005246889825883048,0.1606249794693812,0.12731456453522885,0.08535130078656732,0.07098919886560527,0.4053807287793627,0.08208826977837587,0.028918530459867503,0.2514430372168997,0.0917073656937493,0.0
Hist1h4m_mm,0.0,5.53149386429444e-06,2.8700972681094282e-05,0.0,0.0,0.0,0.0004396048293942681,0.0,0.00015465844176495105,0.0,0.0,0.0,0.0,0.0,0.0
Hivep2_mm,0.048047041720292186,0.0,0.0,0.4714559885339755,0.0,0.08195007810789763,0.0,0.11542635019119454,0.0,0.7848568265620625,0.41336601084979213,0.3496583741704172,0.0,0.021333353976781978,0.0
Hivep3_mm,0.0,0.004903701881415122,0.005795978519562955,0.016974976886543376,0.0,0.0,0.0,0.005904161879119672,0.0,0.010661597846049269,0.0,0.0,0.0,0.0,0.0
Hk2_mm,0.7377102563132668,0.0,0.0,0.0,0.0,0.06727653290422163,0.0,0.0,0.8339576201060869,0.0,1.2752869477800406,0.0,0.0009277309294016665,0.0,0.0
Hlcs_mm,0.24402055405425363,0.03441746187071135,0.0,0.1639402200651456,0.1335140352398876,0.0,0.0,0.04155206364225846,0.12081486221458679,0.13034308047728008,0.09778265310099561,0.033069601036907065,0.0,0.0,0.0
Hmg20b_mm,0.0,0.0,0.009046492232752659,0.2930840373203596,0.13782226240174614,0.0,0.06065621347842812,0.12750431111241015,0.09818263490978432,0.1911584957074682,0.3463616376635967,0.056322278410111705,0.08785158969397364,0.0,0.0
Hmga1b_mm,0.1542420301140633,0.0,0.0,0.0,0.04699580255432831,0.0,0.0,0.031049523916695555,0.0,0.0,0.16568611948479725,0.0,0.0,0.018883643544409804,0.0
Hmgcs2_mm,0.0,0.0,0.0,0.0,0.01391630841791499,0.0037109128752717047,0.0,0.0,0.0,0.016400357064449155,0.0,0.0,0.0,0.0,0.0
Hmgn3_mm,0.0020980222802001753,0.0017214888103623727,0.0016322606211120905,0.005926477674181371,0.0,0.0,0.0,0.0030361518140288248,0.0,0.0037395475771905607,0.0,0.0,0.00010196815802200581,0.002889070100629702,0.0
Hmgn5_mm,1.474163295371004,0.0,0.0,0.5771522139659122,0.0,0.0,0.0,0.15879856769333744,0.0,0.0,2.448549753733777,0.0,4.237823581644535,0.10224186076057878,1.0671020879893836
Hmgxb4_mm,0.22919579598600756,0.0,0.0,0.42804887659924584,0.06890712202652206,0.03674560837711808,0.020156277632812233,0.04653882176803354,0.0,0.569940971890754,0.9411146186218626,0.009577417493533366,0.11508752373354977,0.0715926386219375,0.7005936451413446
Hmmr_mm,0.8578505236913062,0.0,0.0,0.17979722275057367,0.0,0.0,0.0,0.0,0.0,0.23453442281366244,0.38718160701203586,0.0,0.0,0.0327473252052511,5.294975544877166
Hmox1_mm,0.5029135251694966,0.0,0.0,0.0,0.22753606837161397,0.0,0.0,0.6038386576608654,0.0,0.0,0.0,0.0,0.0,0.1655218547477807,0.0
Hnf4a_mm,0.0,0.00011272643440597334,0.0004896510035661162,0.00047540006320335803,0.0,0.0,0.0,0.0,0.0,0.0001629139003651504,0.0,0.00033673819345378126,0.0,0.00025229791719335226,0.00032786115675453143
Hormad1_mm,0.0,0.0044676494655914185,0.016587624149976523,0.006924645941492879,0.0,0.0,0.0,0.0,0.0,0.0,0.0,0.0,0.0,0.0,0.0
Hoxa10_mm,0.00014438241032566838,0.0,0.00034363705036411586,0.0,0.0,0.0,0.0,0.0,0.0,0.0002052837092479282,0.0,0.0,0.0,0.0,0.0
Hoxb5_mm,0.009066453542587982,0.0,0.0,0.13992902838210675,0.07902494536944153,0.005201286357353522,0.0,0.0,0.04712590226359827,0.016231243714756084,0.08169228777839412,0.0,0.018201541888044733,0.0,0.01867884527240297
Hoxb8_mm,0.0,0.0,0.0,0.0,0.07587519386393875,0.01050847479939158,0.0,0.0,0.42856686441558023,0.0,0.9537944405691332,0.15786571148964484,0.043883419708939164,0.0,0.0
Hoxc13_mm,0.0,0.00039436288518359677,3.606393366386971e-05,0.0,0.0,0.0,0.0,0.0,0.0,0.0002788597597434839,0.0,0.0,0.0,0.0,0.0
Hoxc8_mm,0.06433741573303746,0.0,0.0,0.08217128194352014,0.09107663982933151,0.0,0.0,0.02852690545166813,0.0,0.17445604088573524,0.010596688172766978,0.0,0.06226320071720633,0.0,0.0
Hoxc9_mm,0.0,0.0,0.0,0.11401750421410856,0.06129656221733418,0.0,0.0,0.0,0.023312064866324225,0.175015042774673,0.10957061158976383,0.02074260190377212,0.042977624381609195,0.0,0.0
Hoxd12_mm,0.0,3.9021802558384344e-05,0.00010101694359988735,0.0,0.0,0.0,0.0,0.0,3.9834538908890906e-05,4.368567631482772e-05,0.0,5.8512579007786925e-05,4.164864123800167e-05,0.0,0.0
Hp1bp3_mm,0.3720654063546214,0.0,0.18629019030829766,2.0189799446111865,0.4693098344450727,0.3142698274475213,0.3036760520791972,0.0,0.8742663224956964,0.8327650432884667,1.0995469410649483,0.4917260635674961,0.9112594994370716,0.029908026976466242,1.0510626320826644
Hpgds_mm,0.0,0.0,0.0,0.0038286879652070444,0.008669436155809812,0.0,0.0,0.042507007594208314,0.013765356305501748,0.02410124140804636,0.0,0.0,0.0,0.0,0.0
Hps1_mm,0.08826459000469927,0.0,0.0,0.30034154036583155,0.18457197453161908,0.0,0.0,0.04518035094878339,0.0,0.1136715849819901,0.12504201105409615,0.01336373059625179,0.002519778618353842,0.023318170648719494,0.0
Hs1bp3_mm,0.03526886664516631,0.0,0.0004959899155916402,0.18498569735388842,0.173108610285193,0.0,0.011715221687344474,0.12212286086374197,0.0322740950868876,0.020647471084885776,0.0,0.0,0.0,0.05970779506508439,0.0
Hs3st2_mm,8.761683740798812e-05,0.0,0.00026429393345253724,0.00036712861886866713,4.633699031437503e-05,0.0,0.0,0.0,0.0,3.16029496949708e-05,0.0,0.0,0.0,0.0,0.0
Hs3st3b1_mm,0.0,0.0,0.0001741752563612653,0.0001828050906515767,0.0,0.0,0.0,0.0,0.0006739292308361712,0.0,4.091007634546717e-05,2.693036743975116e-06,0.0,0.0,0.0
Hs6st2_mm,0.0,0.0,0.0,7.234218822345145e-05,0.0,0.0,1.3492404204615315e-05,7.972127363998893e-05,0.0,0.0001320880368067943,0.0,0.0,0.0,0.0,9.880921955341142e-06
Hsd11b1_mm,0.05780350266051744,0.0,0.0,0.07212494772648194,0.03956208838075709,0.0,0.0,0.06018565551428162,0.011187950500558637,0.0,0.0,0.0022831017248781203,0.0,0.049125335264644146,0.0
Hsd17b14_mm,0.16415265590368355,0.0,0.0,0.07065234177199851,0.03229620381767501,0.0,0.0,0.008025176668795493,0.022301150017992776,0.0,0.0,0.0,0.0,0.37379162358136203,0.0
Hsd17b6_mm,0.0,0.0,0.00014598590557950153,0.00040023827256962017,0.0,0.0,0.0,0.0003381905234713874,0.0,0.0,0.0,0.0,0.0,0.0,0.0
Hsd3b2_mm,0.004771543065792023,0.03965723734466961,0.023681497877183218,0.05554042946021443,0.0,0.0,0.0,0.011997870958181266,0.12742620424503254,0.2829857288324765,0.02723046663583234,0.008413711965479248,0.0,0.011713281383256637,0.0
Hspa12a_mm,0.0,5.3439600761482236e-05,0.0018052851687232693,0.00038041254273348153,0.0,0.0,0.0003665383118444344,0.00028720298838786615,0.0,0.00026133892765637593,0.0,4.550428181088648e-07,0.0,0.0008761041611966605,0.0
Hspa1b_mm,0.0,0.0,0.014310599595332547,0.009499844692411311,0.0,0.004739158353767588,0.008135613305077304,0.03259548482569273,0.056657785091720356,0.002652897063532827,0.0005062596169648688,0.0008145983274629468,0.0,0.0,0.00913582246067454
Hspb11_mm,0.24741416733742053,0.0,0.0,0.0,0.16941508201540825,0.0,0.3061102891611591,0.09299990152423666,0.024016881033128074,0.11171058115999673,0.0,0.0261246422621058,0.0,0.10520626342745419,0.0
Hspb1_mm,0.0,9.219657670322803e-05,0.00047056473691589075,0.0003595936833028306,0.0,0.0,0.0,0.0,0.0,0.00023663594287385613,0.0,0.0,0.0001976829813782387,0.0006465957656390769,0.0
Hspb2_mm,0.0,0.0,0.0,8.106907741962414e-05,0.0,7.472701356414384e-05,0.0,0.0,0.00018197695483382982,0.0,0.0,0.0,0.0,0.0,3.543300540516438e-05
Hspb8_mm,0.001284556742478455,0.0,0.029562058121692367,0.024870801180886064,0.0,0.0,0.0,0.0042738398995475334,0.0,0.0,0.0,0.0,0.0,0.0016967604680479338,0.0
Hspbap1_mm,0.0,0.015826799662665723,0.02649766524037834,0.12503460894143315,0.12191445792924877,0.0,0.008290998164419196,0.1781826833887835,0.0652884839907452,0.23323298869463513,0.07706436908816865,0.020453462470655766,0.012327202220554737,0.0,0.0
Htr1f_mm,0.0,0.0,3.577724947433781e-05,1.4200186923930484e-05,0.0,0.0,0.0,0.0,1.0824653710898987e-05,0.0004098228064037229,0.0,0.0,0.0,0.0,0.0
Htr3b_mm,0.0,0.00021162796572791938,0.0,0.0,0.0,0.0,0.0,0.0,0.0,0.0004637297407913973,4.1138121759710814e-07,0.0,0.0,0.0,0.0
Htra2_mm,0.8080080058553397,0.0,0.0,0.01883977144915444,0.16905461769831223,0.0,0.0,0.0,0.06351131326491374,0.13068654944098354,0.1326960486269508,0.0,0.0,0.1309686608532578,0.0
Htt_mm,0.29838236583909733,0.0203299455010276,0.017749530169153788,0.9675521636047834,0.21997558916643992,0.01495231100890345,0.0,0.5935200731952123,0.2167970207437404,0.4959130121313797,0.6046693611161004,0.17413444529270974,0.2776681957131661,0.0,0.13637523829430023
Hvcn1_mm,0.38436505586952713,0.02247540089252089,0.08108762510377178,0.5551263033099069,0.2780416031598271,0.0,0.0,0.01809114461676209,0.03051041922939785,0.05119984062238147,0.19681619407190218,0.0,0.0,0.34865902785435177,0.0
Hyal3_mm,0.021882015826889388,0.0030541601663732236,0.05781269797182836,0.0,0.0,0.0,0.0,0.031171920364237812,0.12914681798137986,0.24285863379633976,0.0006362549121918916,0.0,0.0886232241021221,0.006151229114831982,0.0
Hydin_mm,0.069417967371422,0.0,0.0,0.24787567572763558,0.03588674674256848,0.0,0.07504818619564775,0.0,0.06050136185393392,0.07157731954551136,0.1391003170096802,0.056328646996058,0.013367082351030159,0.0,0.05919867229337147
Hykk_mm,0.0058111455559527085,0.007615318623018508,0.0,0.0,0.0,0.0,0.0,0.008405389913180244,0.02822592465100466,0.09289033600854224,0.028287811623096116,0.0,0.025365361872358976,0.004167616531799313,0.0
I830077J02Rik_mm,0.0,0.0,0.009603050457302038,0.039471099953483614,0.020317171496579328,0.0,0.0,0.0,0.0,0.01590066921325649,0.0,0.0,0.0,0.007434176583353263,0.0
Iah1_mm,0.5946566241375275,0.0,0.01757618777246465,0.05571272336116532,0.9628732469918491,0.0,0.47514299396659815,0.1469457131965055,0.0,0.0,0.0,0.0,0.0,1.212967643807787,0.0
Icam1_mm,0.3122795047126501,0.0,0.01973199664873776,0.7366494119622832,0.10068801557850755,0.07563115082923381,0.14433107893577826,0.1597442516199281,0.0,0.45759405885422505,0.09781221767404817,0.0,0.0,0.14374241106361685,0.0
Ice1_mm,0.0,0.0,0.037593387876660195,0.5665207627974755,0.1463385721781108,0.15835781064394452,0.0,0.13246509053241182,0.12753736182939499,0.9346023018938288,0.991510195217843,0.2077850887275707,0.4428526813060696,0.0,0.026940359547271725
Icmt_mm,0.1978978412088664,0.02953068697920005,0.004627143694362623,0.15077428511672084,0.17460970695106723,0.0,0.0,0.09190458149436753,0.0,0.2851811346768314,0.2222962007258787,0.06887868492597378,0.05135970481467487,0.0,0.010792088996447928
Icos_mm,0.0,0.0,0.0,0.0,0.0,0.006834393401871265,0.0,0.0,0.006028696177579163,0.009729535843618225,0.0007598037675373127,0.0,0.0,0.002988322142088168,0.0
Ict1os_mm,1.3845216259598283e-05,0.008334726334869846,0.013889316343949392,0.0,0.0,0.0,0.0,0.012514191463429252,0.09386059407067394,0.14908961135104926,0.024680057229077536,0.0,0.050201738409297654,0.01210462404412717,0.0
Id1_mm,0.0,0.0,0.000636027300639788,0.0,0.0,0.0,0.0,0.009910589941813474,0.0,0.025827139506675163,0.0,0.0,0.0,0.0,0.0
Id2_mm,0.005763561742973917,0.0,0.02713929569375385,0.041802695832601704,0.0,0.0,0.0,0.13407562706965903,0.0,0.0,0.0,0.0,0.0,0.007861718027252076,0.0
Idh3g_mm,0.6864600693127538,0.0,0.0,0.862546897964227,0.21055261194166197,0.006030050842160641,0.0,0.14746078696309523,0.8275328007248575,0.0,0.508347816061531,0.0,0.0,0.9344706072676382,0.0
Idua_mm,0.019008540734813964,0.0,0.0,0.08107323578102513,0.09535364180384992,0.0,0.0,0.02207131302825421,0.0,0.039768319364500704,0.0,0.0,0.0,0.011437459533651747,0.0
Ier2_mm,0.22968915188384284,0.0,0.0,0.035500784701825765,0.11174908581586901,0.0,0.001726830929488985,0.1970787313176981,0.0,0.2020016365281383,0.7459399088901649,0.0,0.10166108730111226,0.08229808677959886,0.0
Ier3_mm,0.039364363547097166,0.0,0.009860338642587993,0.19072082308140004,0.053446504898148194,0.0,0.12952334213064395,0.7876471957648599,0.028394483835466694,0.0,0.016548055348210976,0.0,0.0,0.0357448263472729,0.0
Ier3ip1_mm,1.0175692722053342,0.03054148333397839,0.17036302826972327,0.7328654292250313,0.48357715512918764,0.1977822742045395,2.577382157382671,0.39589224075515,0.23426224233539955,0.0,1.1307110021615236,0.0,0.0,0.0,0.0
Ifi202b_mm,0.0,0.0,0.0,0.0901312247128935,0.0,0.0,0.030336808376311638,0.11772724998940667,0.0,0.0,0.0,0.0,0.0,0.0,0.0
Ifi203_mm,0.45466567858900153,0.16699091412654635,0.2625425499727707,0.8987267581951731,0.0,0.0,0.0,0.07441647794137522,0.788705096299132,0.7744837204368091,0.0,0.0,0.0,0.22222448149923762,0.06666076288121146
Ifi206_mm,0.0,0.0,0.0,0.006150317893612987,0.0,0.0,0.0023219745338817796,0.00030008413585194547,0.0,0.0,0.0,0.0,0.0,0.0,0.0
Ifi207_mm,0.0,0.0,0.013526626620185266,0.0,0.0,0.0,0.0,0.19037985210966868,0.0,0.012602784800471709,0.0,0.0,0.0,0.0,0.0
Ifi27_mm,0.16515847901423775,0.0,0.17258485519670777,1.819402052720359,0.41971926834780265,0.10966426762915027,0.38753810589150345,0.25640549898506954,0.0,0.33939538951918674,0.0010825965062040423,0.0,0.0,3.0323410152864616,0.0
Ifi27l2a_mm,0.0,0.0,0.0,0.18854425148711335,0.0,0.0,0.6150350561595164,0.02008600704757869,0.0,0.0,0.0,0.0,0.0,0.03778934196607002,0.0
Ifi27l2b_mm,0.0,0.0,0.0,0.00010670777207262519,0.0,0.0,0.0,0.0,0.0,6.603418774459785e-05,0.0,0.0,0.0,0.0,6.942947045902347e-05
Ifit1_mm,0.0,0.0020460624852118177,0.0060488130080902,0.0055739470106023915,0.00046063376782696293,0.0,0.002768020626212788,0.0026029874752802056,0.0,0.010473525731521839,0.0,0.0005002339459616662,0.0,0.00011323029471111578,0.0
Ifit1bl2_mm,0.0,0.0,0.0003277334064004384,0.001587158003424955,0.0008697085830832281,0.0,0.0010527695656683508,0.0005597205241024643,0.0,0.001900056810145558,0.0,0.0,0.0,0.0002715178755448033,0.0
Ifit3_mm,0.0,0.0,0.0,0.02067062419499244,0.0,0.0,0.0,0.001310795005733098,0.0,0.0017441069961713028,0.0,0.0,0.000940558306210402,0.005275612220234565,0.003635769767297856
Ifit3b_mm,0.0,0.0,0.0,0.0026307051767997434,0.0,0.0,0.0,0.00042644215156178273,0.0,0.0006430441393671534,0.0,0.0,8.866199055459706e-06,0.0011405534172809766,0.0
Ifitm1_mm,0.0,0.0,0.014443251739282757,0.0,0.0,0.0,0.04219341436503782,0.0,0.0,0.0,0.0,0.0,0.0,0.05304545073233087,0.0
Ifitm3_mm,0.0,0.0,0.1855919607445732,0.0,0.0,0.0,0.9006982566235403,0.0,0.0,0.0,0.0,0.0,0.0,1.7450460230711518,0.0
Ifng_mm,0.0,0.0,2.16278547684524e-05,0.00025961913940054357,0.0,0.0,0.0,0.0,0.0,8.123617224427904e-05,0.0,0.0,0.0,0.0,0.0
Ifngas1_mm,0.0,0.0,0.0,0.0,0.0,1.1164948646372224e-05,0.0004343089123023996,0.0,0.0,0.0,0.0,2.7404416845927276e-05,0.0,0.0,0.0
Ift172_mm,0.0,0.02007571187310685,0.04000401172383459,0.3386038016422348,0.15075012480464434,0.0,0.0,0.00717899524455836,0.0,0.0667007170804907,0.012947513381239301,0.0035224712181854477,0.040866148039603006,0.027933241763198453,0.0
Ift43_mm,0.01738645314241398,0.0,0.0,0.02592141960469578,0.015222553241042248,0.0,0.0,0.0,0.0,0.006971605064645549,0.0,0.0,0.0,0.014394668923785063,0.0
Igf1_mm,0.005582955805116079,0.0,0.0,0.11240284925298348,0.0,0.0,0.0,0.00036458210104060054,0.0,0.0,0.0,0.0,0.0,0.011136828745305178,0.0
Igf1r_mm,0.0,0.0,0.00249762481787219,0.0,0.0003798605997930295,0.0,0.0,0.001964367900705415,0.0,0.0025438860768418887,0.0,0.0,0.0,1.892417227939696e-05,0.0
Igf2_mm,0.0,0.0,0.0,0.00020928066299017418,0.0,0.0,0.0,0.0,6.333159756702717e-05,0.0,0.0,0.0,0.0,0.0,7.92099739161265e-05
Igf2bp3_mm,0.046441692842526305,0.0,0.0,0.001654860484287918,0.062233431855775706,0.0,0.0,0.039802361654606856,0.0,0.023692859138329594,0.0,0.0,0.0,0.02992768838643333,0.0
Igf2os_mm,0.0,0.0,0.0,0.0,0.0,0.0,0.0,0.0,0.0005035284432212399,0.0,0.0,4.124922896469675e-05,0.0,0.0,0.0
Igf2r_mm,0.0,0.0,0.0010052704769730942,0.0,0.0,0.0,0.0,0.001413662145065027,0.0,0.011469125668002417,0.0,0.0,0.0,0.0,0.0
Igha_mm,0.0,0.0,0.0020884955043148513,0.0,0.002087717017973405,0.0,0.0,0.0024537182490530682,0.0,0.00019199247098653944,0.0,0.0,0.0,4.050939254184735e-05,0.0
Ighd_mm,0.012751241367719445,0.016394453820301698,0.016442102763198536,0.14708675725667664,0.04435510446678681,0.0,0.0,0.0,0.05272632175358139,0.06328219049099647,0.0,0.0,0.0,0.030308097340288425,0.0
Ighe_mm,0.0,0.0,0.0,0.0,0.00668080217043465,0.0,0.0,0.0033212416493033376,0.0,0.0,0.0,0.0,0.0,0.000689020228919788,0.0
Ighg2b_mm,0.230685889511053,0.0,0.0,0.013337213237343442,0.34819144424668824,0.0,0.0,0.0,0.0,0.0,0.0,0.0,0.0,0.3001276072695814,0.0
Ighg3_mm,0.0,0.0,0.000579644370576577,0.0005568956650094304,0.0,0.0,0.0,0.0,0.0,0.0010075488210026674,0.0,0.0,0.0,0.0005881444440086213,0.0
Ighm_mm,3.63493559395526,1.9941031119585806,0.0,3.0919506623556896,1.7794731107438821,1.6026640638101555,0.5408007753235916,0.0,1.3891884891028299,0.0,0.0,1.1747355718243686,0.1229450394158143,1.895094810891991,0.0
Ighmbp2_mm,0.17859798012940906,0.0,0.0,0.10492330898036935,0.17587358425296132,0.0,0.0,0.15955247341341847,0.0,0.14817849212076567,0.8040010555832084,0.0,0.011086229320958749,0.0,0.0
Ighv1-50_mm,0.0,0.0,0.0,0.00010254457113819892,0.0,0.0,0.0,0.0,0.0,0.0,0.0001619446493244446,0.0,0.0,0.0,0.0
Ighv1-53_mm,0.0,0.0,0.0,0.0,0.0,0.0001367124559527218,8.20370290619348e-05,0.00032562808864032415,0.0,0.0,0.0,0.0,0.00014537459699101742,0.00016323896481298424,0.0005653910668941323
Ighv1-55_mm,0.020291245413847532,0.0,0.0,0.005647454538827677,0.0,0.0,0.0,0.002156693848325589,0.0,0.0,0.0,0.0,0.0,0.0,0.0
Ighv1-56_mm,0.00039202610819747845,0.0,0.0,0.0,0.0,0.0,0.0003180129168993602,0.0,0.0,0.0,0.0,0.0,0.0,6.284770724551166e-05,0.0
Ighv1-61_mm,0.0005268592189576196,0.0,0.0,0.0002792901992452937,0.0,0.0,0.0,0.00013173046505134616,0.0,0.0,0.00042046914116505846,0.0,0.0,0.0,0.0
Ighv14-2_mm,0.00023615271546861797,0.0,0.0,0.0007592296616881715,0.0,0.00015008488726376982,0.0,0.0001912060191131305,0.0,0.0,0.0,0.0,0.0,0.0009486686189236854,0.0
Ighv14-3_mm,0.0007563342788832982,0.0,0.0,6.586606560213208e-05,0.0,0.0,0.0,0.000539979341592305,0.0,0.0,0.0,0.0,0.0,0.0015445467721611741,0.0
Ighv14-4_mm,0.004163625850568254,0.0,0.0,0.000194835333918286,0.0,0.0,0.008115205841367181,0.0007987703741568685,0.0013138345732087108,0.0,0.0,0.0,0.0,0.0005785279275326048,0.0
Ighv5-15_mm,0.0,0.0,1.4137336548066912e-05,7.55926520088617e-05,0.0,0.0,0.0,0.0,0.0,1.6383919200398438e-06,0.0,0.0,0.0,0.0,0.0
Ighv8-13_mm,8.814243678543029e-05,0.0,0.0,7.294186005476442e-05,0.0,0.0,0.0,0.0,6.689180051105003e-05,0.0,1.914377780591206e-05,0.0,0.0,0.0,0.0
Igkc_mm,0.0,0.0,0.001863007792453091,0.007625323116791249,0.0,0.0,0.0,0.0,0.0,0.0037051559095554023,0.0,0.0,0.0,0.006573003587772583,0.0
Igkv1-35_mm,0.0,0.0,0.0,0.0036240464168642256,0.0,0.0,0.0009123424006408078,0.0001984578867922463,0.0,0.0,0.0,0.0,0.0,0.0,0.0
Igkv15-103_mm,0.0,0.0,0.0,0.0,0.0,0.0,0.0005860467500247667,0.0,0.0,0.0,0.0,0.0,0.0,0.0,0.0
Igkv6-29_mm,0.0,0.0,0.0,0.0,0.0,0.0,0.0,0.00017176351352390625,0.0,0.0003065960335685788,0.0,0.0,0.0,0.0,0.0
Igkv6-32_mm,0.0,0.0,0.0,0.001910062753609377,0.0,0.0,0.0009782855828987704,0.0015903563612196874,0.0013062814254857858,0.0,0.0,0.0,0.0,0.0,0.0001822937132506099
Iglc1_mm,0.0,0.0,2.5574630741299704e-05,4.303701493998268e-05,0.0,0.0,0.00010067948213808825,0.00012573866720382875,0.0,0.0,0.0,0.0,0.0,0.0008593321558124653,0.0
Iglc2_mm,0.0,0.0,0.0007021492323224072,0.0016256525310871356,0.0,0.0,0.0015081660672883915,0.0005068373565039549,0.0,0.00010658830958710663,0.0,0.0,0.0,0.00020755249163712615,0.0
Iglc3_mm,0.0,0.0,0.0006286886263495681,0.0024803580939621803,0.0,0.0,0.028241123774104763,0.0,0.0,0.0,0.0,0.0,0.0,0.04209655027986228,0.0
Igll1_mm,4.66915863017437,0.0,0.3431251315314174,0.11691413647811306,0.0,0.6048734658056575,1.5321053222285934,0.0,0.4573921416066551,0.0,0.0,0.0,0.0,4.1100662635947485,0.8174731663851497
Iglon5_mm,0.0,0.0,0.0,0.0,0.0,0.0,0.0,0.09059199381398592,0.0,0.0,0.0,0.0,0.0,0.0,0.0
Igsf10_mm,0.0,0.013141136341407391,0.050677942916191814,0.050858218644587554,0.0,0.0,0.0,0.0,0.0,0.0,0.0,0.0,0.0,0.0,0.0
Igsf11_mm,0.0,0.0,0.0,0.0,0.007380077468693997,0.0,0.0,0.0,0.0,0.07659779322278955,0.0,0.0,0.07499746258590885,0.0,0.0
Igsf8_mm,0.2690625016447147,0.0,0.0,0.17203826454589405,0.1521404534746266,0.0,0.09687918966800214,0.0,0.1528447606341889,0.0,0.4622385693183441,0.0,0.0,0.04058537676003934,0.0
Igsf9b_mm,0.0,0.0,0.0005661092645788268,0.0006171757449736945,0.0,0.0,0.0,0.0009477826418099581,0.0,0.001001302719379662,0.0,0.0,0.0,2.096732337379568e-05,0.0
Iigp1_mm,0.0,0.0,0.0,0.00919557964010984,0.0,0.0,0.0,0.0012833955128052953,0.0,0.0019990671160194256,0.0,0.0004577536914093604,0.0,0.0,0.0
Ikbkb_mm,0.42557219767375,0.0,0.05179989365726269,0.5798291103999156,0.23091560367802053,0.0,0.08518914017360542,0.14758633051997563,0.21165946759653714,0.5641184981994585,0.5036410721736169,0.14912637256252623,0.08738793795578288,0.06715145425260378,0.10525999929053373
Ikbke_mm,0.04685369350468099,0.0038194184587319055,0.0012730335665684768,0.16441274743880266,0.035748902380776375,0.0,0.0,0.0012590479393069696,0.0,0.018043495525781602,0.0221004759799691,0.0015393294865041404,0.006614615150476614,0.0,0.013926889726112583
Ikzf2_mm,0.0,0.009757534578909577,0.06194318330931739,0.0251052892019006,0.0,0.0,0.0,0.0,0.0,0.0,0.0,0.0,0.0,0.0,0.0
Il10ra_mm,0.0,0.00016684742508702203,0.008582024064725562,0.023310578293302745,0.0,0.0,0.0,0.0,0.0,0.0,0.0,0.0,0.0,0.0034839955172626617,0.0
Il11ra2_mm,0.0,3.886000445381283e-05,0.0,6.375628350436246e-05,0.0,0.0,0.0,0.0,0.0,0.0,0.0,0.0,0.0001706206553801263,0.0,0.0
Il12rb1_mm,0.08392507198962153,0.0,0.0,0.13907006176381953,0.07064942643095536,0.0,0.0,0.0,0.0,0.0,0.11333535481554367,0.0,0.0012056005931653326,0.0,0.0
Il15_mm,0.0,0.0,0.0003478960799659532,0.0,0.0,0.0,0.0,0.0002913404580017923,0.0,0.0004525512420182668,0.0,0.0,0.0,0.0,0.0
Il16_mm,0.5743838732308995,0.0,0.0,0.482749839971393,0.1805100435953534,0.0,0.0,0.0,0.197493505395066,0.23354963018174796,0.574015482828928,0.19516505121909955,0.02110435180923698,0.13072467373444113,0.07940587717302824
Il17b_mm,0.0,0.0,0.0,7.99617295419254e-05,0.0,0.0,0.0,0.0,0.0,0.0,0.0,0.0,0.0,0.00018039941304292555,0.0
Il17c_mm,0.0,5.910334916828243e-05,0.0,0.000803273363029228,0.0,0.0,0.0,0.0,0.0004864374963313642,0.0,0.0,3.0126238641970015e-05,0.0,0.0,0.0002677347429673694
Il17ra_mm,1.2785259268360862,0.0,0.11265220315355545,1.6111960581736078,0.2801232242828474,0.10066820411387181,0.4113399442306613,0.1354766107173208,1.0573497946342345,0.15883506842746647,1.2152068803427105,0.0557947203318806,0.22987863536612307,0.0,0.0
Il17rc_mm,0.0,0.0,0.01023329805008531,0.14455406035823629,0.11983201988306051,0.0,0.0,0.0029041905137212813,0.0,0.0,0.044754274512636555,0.0,0.0,0.031537383389583847,0.0
Il18rap_mm,0.0,0.0,0.0,0.0049267190957208605,0.0,0.0,0.0007898079716724783,0.0009916584251962212,0.0,0.0,0.0,0.0,0.0,0.0003313393056340792,0.0
Il1b_mm,0.0,0.0005549847131551972,0.002551987335542766,0.0010314448161034173,0.0,0.0,0.0011908422869456928,0.0011549014175128432,0.0,0.0009497380625103907,0.0,0.0,0.0,0.0,0.0
Il1f6_mm,0.0,0.0,0.0,0.00028634533016918585,0.0,0.0,0.0,0.0,0.0,4.67891273640704e-06,0.0,0.0,0.0,0.0,3.3773871256026855e-05
Il1r1_mm,0.0,0.0,0.0025469471050126357,0.01166879019364157,0.0,0.0,0.0,0.0,0.0,0.011973869093097316,0.0,0.004996343231772555,0.0,0.0017839191376722197,0.0
Il1rl1_mm,0.0,0.0,0.0,0.0,0.0,0.0,0.0,8.783930135804447e-05,0.0016693039841749729,0.0,0.0001628151520282858,0.0,5.199594513545419e-05,2.9776197375308596e-05,0.0008876543744282524
Il1rn_mm,0.000324668579558987,0.0,0.0014795291318223135,0.0,0.0,0.0,0.0,0.01154322486720754,6.15590665131104e-05,0.0,0.0,0.0,0.0,0.000741506241019731,0.0
Il21_mm,0.0,2.6833038958778707e-05,4.87804200321115e-05,1.6198795892542734e-05,0.0,0.0,4.847715980631163e-05,0.0,0.0,0.0,0.0,0.0,0.0,0.00033343810107661927,0.0
Il21r_mm,0.14330573896060958,0.027439935282012037,0.0,0.4049750085501176,0.03885514035791819,0.0,0.0,0.027665427458596337,0.0,0.016641380492010686,0.04081039190678693,0.02176565315027106,0.10009194897456065,0.07722884911614133,0.0
Il22ra2_mm,0.0,0.0,0.019646540319418263,0.015100858448467015,0.0,0.0006446996977557751,0.004698383763925499,0.0,0.004160821709833055,0.0,0.0,0.0,0.0,0.0068385443445784936,0.0
Il2ra_mm,0.0,0.0,0.0,0.4692318467712792,0.0,0.0040052120095757605,0.01147353010855653,0.5547594796150495,0.0,0.009875649449455605,0.0,0.05570618172497506,0.0033356504454459066,0.0,0.0
Il33_mm,0.0945900743628807,0.0,0.0,0.0,0.0,0.0,0.0018247732854500464,0.1426829414029196,0.028095851680174585,0.0,0.040150179236473564,0.0,0.0,0.0,0.004263123495593758
Il3_mm,7.029332962642266e-05,0.0,0.0,0.0,0.0,0.0,0.0,0.00035196852352091746,0.0,0.0,0.0,0.0,0.0,0.0,0.0
Il3ra_mm,0.0,0.000913312309617929,0.008502730681185842,0.08084696520602346,0.150627246988153,0.0,0.0,0.021575344238481703,0.0,0.0,0.04390078778525042,0.0,0.008882213685645367,0.0030067909224471244,0.0
Il4_mm,0.0,0.0,0.0,0.0003968856833856236,0.0,0.0,0.0,0.0004048601534484094,0.0,0.0,0.0,0.0,0.0,0.0,0.0
Il4i1_mm,0.009233108446362633,0.0014095861167563713,0.0031114939161861377,0.014451487446854263,0.0003229114276566142,0.0,0.005927705958949397,0.0046290308905626515,0.009424992897800997,0.011517786860222404,0.0,0.0,0.0,0.0011761438005319044,0.0
Il4ra_mm,0.204709618899662,0.027586044568816297,0.07920437563764389,0.7403095793784836,0.052796410945450276,0.0,0.0,0.1000102676717392,0.0,0.12006954270328943,0.1090940906155123,0.02546563394838513,0.007635956229832821,0.019368474740914517,0.0
Il6ra_mm,0.0,0.0,0.0,0.2644224609513859,0.08632971433841295,0.0,0.025931423376293495,0.06961887264814094,0.0,0.13071403294860617,0.0,0.022312984756690343,0.0035447911450454954,0.0,0.0
Il7r_mm,2.55384226930441,0.0,0.0,0.42803633215308196,0.9947296307023338,0.3635696580794369,0.24640527274003496,0.5218355331716312,0.7894417541240368,1.1083432843812497,0.17937381752491136,0.8210856970042062,0.3206278596827495,0.10424177704511327,0.8560172384995209
Ilf3_mm,0.4986937020735524,0.0,0.19084213754920695,0.5480656414344686,0.15361233173135166,0.49013025490053436,0.0,0.1776945075397324,0.2028249566349006,1.4315742913998788,2.21843911632982,0.16060686933315066,0.2208121835832947,0.2436232452774157,0.8231217535791601
Iltifb_mm,0.0,0.0,0.0,0.0,0.0,0.00023102652704629114,0.0,0.00033852021050898273,0.0,0.0,0.0,3.4546216501899996e-05,0.0,0.0,0.0
Ilvbl_mm,0.18768797145183677,0.0,0.0011893687296258473,0.2945766008231168,0.22612663694080096,0.0,0.0,0.11432899953052165,0.0,0.12662319591916815,0.0,0.0,0.00924402001553611,0.05032768313559026,0.0
Impact_mm,0.120125969153266,0.0,0.02812347733441353,0.07659946534826156,0.25308911217970204,0.06363454420954229,0.0,0.3367361206510142,0.0,0.7757176437253536,0.37943969662014665,0.1162215054746065,0.06483816172095634,0.0,0.0
Inafm1_mm,0.046346771391225734,0.0,0.0,0.16203084584435998,0.06071833241396551,0.0,0.0,0.0,0.0,0.08256693925935367,0.11282047432077627,0.0,0.0036745432272529115,0.017636006961117348,0.0
Incenp_mm,0.05138562067561734,0.0,0.0,0.3996850924512384,0.0,0.0,0.025856293160364606,0.08731023139447451,0.0,0.0,1.5745733490570206,0.0,0.8492266987281925,0.0,4.102232324554513
Inhbb_mm,0.0,1.1288588235088832e-05,0.0,0.0,0.0,0.0,0.0,0.0,0.0,0.0008618684758087876,0.0,0.0,0.0,0.0,0.0
Inka2_mm,0.0,0.0,0.0,0.10850566644128132,0.004791951171838536,0.0,0.0,0.014872395865505957,0.0,0.13987270267750995,0.03193457393572463,0.0292131615225089,0.0,0.0,0.0
Ino80_mm,0.20454878520659125,0.0,0.06402127615795408,0.3558684095091434,0.1732539101574972,0.10862622147373802,0.0,0.14364840313937738,0.0,1.0660356361652967,1.1392198992434188,0.18439190573180556,0.3633317931494307,0.0,0.17595360316584474
Inpp4b_mm,0.25841801244202334,0.09557084359789635,0.0,0.4173633299681829,0.05831027804277019,0.0,0.0,0.13595681512561664,0.10966581739533124,0.11185080036436075,0.0,0.005092453632397278,0.0,0.0,0.0
Inpp5d_mm,1.9957609953159035,0.0599440112561042,0.1293065884903901,1.7813798218882562,0.8087341230850755,0.5361105637139495,0.6678696362773664,0.0,0.18575813798248597,0.8133391186569635,0.866628443382669,0.7319763733313628,0.3247962962770505,0.0,0.0
Inpp5k_mm,0.14173873442909687,0.0,0.0055902951571067125,0.3828964627500251,0.16456010744902425,0.0,0.0,0.10731253455007951,0.030103876332084743,0.09198240506245364,0.0,0.0,0.0,0.08913536694597529,0.0
Insl3_mm,7.897687938611079e-05,0.0,0.0,0.0,0.0,0.0,0.0,0.0,0.0,0.00020147707578951947,0.0,0.0,1.0191215607666725e-05,0.0,0.0
Invs_mm,0.0427244875355206,0.0,0.0,0.14224211931061365,0.09186606093065292,0.0,0.020128270918371997,0.045444067849919126,0.10095081655453392,0.07328498859177437,0.02843484340637293,0.017971929707435292,0.018279681322077242,0.0,0.0
Ip6k1_mm,0.18485578824963175,0.0,0.033345082342584695,0.7180069017498438,0.3744019423118219,0.010222520959251085,0.0,0.17845166465005896,0.0,0.47727583749329516,0.0,0.0,0.0,0.16291397328004767,0.0
Ipcef1_mm,0.003438619683123146,0.0,0.0,0.02759303024311092,0.0,0.0009830713402583131,0.005601199686624183,0.0,0.0,0.0055813208771569416,0.0,0.0,0.004365982556633702,0.0,0.0
Ipo13_mm,0.37878714463715607,0.0,0.0,0.44065389360498536,0.1617395590358165,0.012103832428509181,0.020316572951442836,0.0,0.07381781777896844,0.10406459041733077,0.2286737057173829,0.0,0.0,0.12619026768376382,0.0
Iqgap1_mm,0.8047166541802343,0.5797276265163737,0.29701212469476135,2.5807325973278665,0.8940083879083559,1.4346610626516838,0.0,2.7410354242183477,1.0337760843624917,0.7739191518125454,1.1748550373844822,1.3451667310866597,0.8960646362035802,0.429717433656306,0.7342246645654524
Irak1_mm,0.1826848228712877,0.02394219894709193,0.04948439134178953,0.15686327968753516,0.14840882955836812,0.0,0.0,0.0,0.20427343719676003,0.25153751832193366,0.0841832719261753,0.03554454581923596,0.00976231862648547,0.0,0.11462960729579805
Irak2_mm,0.0,0.0,0.0012956006120204008,0.0,0.05130419802709171,0.0,0.0,0.4769751288174191,0.0,0.02130612229814405,0.0,0.0,0.0,0.0,0.0
Irf2bp2_mm,0.16096407818583203,0.0,0.0,0.4829599848951497,0.9385409322064594,0.11343851312412996,0.2538202627904961,0.6713961859532479,0.0,0.8225671687299421,0.3480742742177104,0.7434229357700803,0.31060119287663873,0.0,0.07128115476468407
Irf3_mm,1.0400057551790811,0.0,0.02304392731545696,0.8249027513296336,0.23603241009784828,0.0,0.0,0.07198588651541316,0.0,0.029829726715105354,0.12600152357628533,0.0,0.0,0.31512779270203106,0.0
Irf8_mm,3.0088623223710917,0.8226444597994111,0.0,1.6204321288630685,1.6334761284334665,0.0,0.0,0.0,0.0,0.0,1.17450988593863,0.669171509676207,0.1808944093738827,0.029812592956725073,0.0
Irs2_mm,0.0,0.0,0.0,0.21274896938568463,0.5135368915530187,0.0,0.02188595035221022,0.4737571055585806,0.04834886651355465,0.36384327810517003,0.05291751652314979,0.020375176663664785,0.0,0.00716970717726918,0.0
Iscu_mm,0.0,0.0,0.05071069212592395,0.0,0.029397586737524368,0.0,0.0,0.012907322702049242,0.35960808638483055,0.1126509635027469,0.03802338835197223,0.0005491198782008993,0.09443983416357164,0.04689978940083548,0.0
Isg15_mm,0.0,0.0011990122026607224,0.002403394263069623,0.0,0.010376203495442205,0.0,0.01162656481397307,0.0015190593111594698,0.0,0.0209694060092809,0.0,0.0,0.0028223004650737207,0.010302396893849562,0.0
Isg20_mm,0.0,0.0,0.01845264219451764,0.11887985924369893,0.11107461533915193,0.0,0.0,0.0,0.0,0.038096775591799935,0.005607075940456643,0.0,0.0,0.48046022558390233,0.0
Itga2b_mm,0.0,0.0,0.0,0.0065952539303510815,0.07120514467131693,0.0,0.0,0.0,0.0,0.08417363576973015,0.0,0.0,0.01683985112110095,0.0,0.0
Itga5_mm,0.0,0.0,0.0,0.0,0.0,0.0,0.0,0.2138544408256705,0.0,0.0,0.0,0.0,0.0,0.0,0.0
Itga6_mm,1.9670917827694923,0.0,0.14729173989777716,1.3627066188424468,1.9767785316579556,0.7604341673328474,0.1479747065346211,1.2420834177589481,0.5744802642122498,0.5076708311870168,0.0,0.60438305785587,0.3040234518944833,0.0,0.07233437902269092
Itga9_mm,0.0,0.001105306389531007,0.0013007198431118966,0.0,0.0,0.0,0.0,0.0017422782327610785,0.0,0.002705352319960992,0.0,0.0,0.0,0.0008459737831398519,0.0
Itgad_mm,0.0,0.0,0.0,0.0028866361223160684,0.0,0.0,0.00024874767110283277,0.0,0.0,0.002539088636630963,0.0,5.35102037129607e-05,3.105738393080735e-05,0.0016062935269244738,0.0
Itgae_mm,0.0,0.0,0.0,0.0,0.0,0.0,0.0,0.11118891717667291,0.0,0.0,0.0,0.0,0.0,0.0,0.0
Itgam_mm,0.0,0.0,0.008520115317468276,0.10615827028076985,0.0,0.009690423279646511,0.0,0.0,0.0,0.07177258409604186,0.0,0.014683761583478044,0.02923414709017618,0.0,0.036562120242316844
Itgax_mm,0.0,0.0,0.001041320606196827,0.004457574889333998,0.0,0.0,0.0,0.0,0.0,0.001805657019502697,0.0,0.0,0.0,0.0006846706516758804,0.0
Itgb3_mm,0.0,0.0,0.0,0.02988334057173863,0.04392768529995842,0.0,0.0,0.21044760407818716,0.0,0.0,0.0,0.0,0.0,0.0,0.0
Itgb4_mm,0.13551895205862655,0.0,0.0,0.43654181073836495,0.21233381552399497,0.033004649451630765,0.01584212397147764,0.0,0.6083115847201572,0.0725810930766882,0.7994367486857359,0.0,0.0915876110656191,0.10169289613514793,0.023504647519322783
Itih5_mm,0.05359688051526129,0.09273180476219879,0.006888854651460218,0.6169719038410113,0.10411702414486007,0.0,0.019667186361345703,0.0,0.0,0.0004232570454552776,0.1181623269986043,0.06239255650958183,0.0,0.02631149605227403,0.17132802147062584
Itm2b_mm,0.3379083837924673,0.0,0.08874742147068719,0.6587319566070459,0.5459672414084938,0.0,0.08489825119426594,0.5140443132945003,0.4999568700707595,0.0,0.0,0.06458936519872213,0.0,0.8516709504922494,0.0
Itm2c_mm,0.0,0.0,0.07472157390937177,0.28883039047185105,0.38907468930126554,0.05271016788418899,0.029990195994386282,0.0022406258916745853,0.0,0.2539150847809691,0.0030217267768442987,0.0,0.0,0.06986837244511368,0.0
Itpr1_mm,0.5626799251458838,0.0,0.13088662231554812,1.6166585253087138,0.05354813816644639,0.1916867705423262,0.0,0.0,0.27389088958021324,0.3838678441937885,1.1479099365666594,0.4145413497367884,0.39132618528600166,0.0,0.6788873409443146
Itpr2_mm,0.29885059448027085,0.0,0.0,1.4379183506106687,0.5433889989961329,0.03781105428660663,0.0,0.026524296266274238,0.0,0.7220251383676037,0.15761298316527142,0.11567232099964575,0.22851225412700363,0.0,0.0
Itpr3_mm,0.42953952097163456,0.0,0.0,0.7139544168832334,0.1364115888723613,0.0,0.07419187188211214,0.11428662557099317,0.0,0.0,0.7349370538613859,0.09309622235702421,0.1117633086310634,0.0031462297683714276,0.09074773815601339
Ivl_mm,0.0,2.3506153103562612e-05,0.0,0.0,0.00010490312807303655,0.0,1.9316072529737773e-05,0.0,0.0,0.00018933972124783575,0.0,0.0,7.225262467261186e-07,0.0004610085908624614,0.0
Jade2_mm,0.0472335598581791,0.0,0.0,0.2241105552619626,0.10239592491514805,0.0,0.0,0.0,0.007167611739987886,0.24365511996469036,0.21992377424737045,0.05795636093818782,0.0,0.0,0.08165542025399117
Jak1_mm,0.670807789535909,0.1622504863004856,0.04487137955908578,1.8244640510029313,0.2876204312863134,0.31009058579378407,0.1575745068326606,0.5706039819275103,0.3596756700436917,0.8230485429196367,0.2318104398594277,0.2991280074690203,0.114874051088513,0.09516436991373192,0.041148972964777826
Jakmip1_mm,0.014394384514896963,0.10239083966863581,0.0,1.4876353232876272,0.49523587698164256,0.0,0.0,0.20816777842476242,0.0,0.37200823380911585,0.5929852188151534,0.1166567588788608,0.7485608556053925,0.03442404285043954,0.0
Jaml_mm,0.0,0.0019625251107454928,0.00443186578747537,0.003394620022693362,0.0,0.0,0.0,0.0,0.0,0.0,0.0,0.0,0.0,0.005385240102830065,0.0
Jchain_mm,0.0093585972344494,0.0,0.004963959005360323,0.01624601568779309,0.0,0.0,0.0041556111791129025,0.0018603484400864028,0.0038695541600648636,0.023744790123570725,0.0,0.0,0.002145894610450597,0.007875525053693037,0.0
Jdp2_mm,0.0,0.0,0.0193222558392722,0.11988709436584248,0.028138462511543325,0.0,0.0,0.0,0.049727359402344885,0.011161536971164777,0.092154273182806,0.06932226069129792,0.07723371572686698,0.0,0.0
Jhy_mm,0.37301245794360605,0.0,0.016662725712626725,0.722295732978139,0.10174452468008541,0.06007438656894697,0.05169451012070298,0.0,0.30030208719294865,0.5559163184800369,0.2517950163010104,0.06330106380843774,0.0,0.0656565573069404,0.41195907099042317
Josd2_mm,0.12523365730628866,0.0,0.0,0.061619346189054056,0.16618333578904718,0.0,0.08694742369306728,0.053227634840355864,0.0,0.0,0.04929980376716416,0.0,0.0,0.2056657428097598,0.0
Jph1_mm,0.0,0.0,0.00019783708148561908,5.098275403790607e-05,8.932077343268261e-05,0.0,0.0,9.803870048970078e-05,0.0,0.0,0.0,6.269531000655605e-05,7.015190201680991e-06,4.8141658698137144e-05,0.0
Jsrp1_mm,7.911908508679044e-05,2.2657058987127757e-05,0.0,0.0,0.0,0.0,0.0,0.0,0.0,0.0008205439220977344,0.00025949733076256293,0.00015392400919131345,0.0,0.0,0.0
Jun_mm,0.0,0.12225892308766131,0.2745376034570144,0.15551832205643745,0.0,0.14236921826762586,0.12547055842226362,1.8151055607245368,0.8612266864132824,0.3939880588959798,1.3619112154551065,0.009280263644034706,0.3104066293145225,0.0,0.0
Jund_mm,0.0,0.0,0.0,0.0,0.5009288258408856,0.0,0.07939961231308974,1.5469756703310336,0.0,0.0,0.8845111047352103,0.8980478588250819,1.0135265892008447,0.0,0.0
Kansl3_mm,0.1159193858956925,0.0,0.04562929319370081,0.719282890586913,0.2776367567464047,0.11344443669964638,0.0,0.07809563006615829,0.0,1.0430352285578022,0.6950157411891646,0.017837731029645126,0.15823681168668577,0.002942553644263647,0.14943547916956898
Kat2b_mm,0.18968776574788845,0.0702408113483893,0.17738393326035243,0.7055649455244724,0.08429499604544997,0.03049557439984372,0.0,0.0874666068732783,0.07738751123406443,0.4705703817382222,0.07910971504291248,0.04856117425449555,0.0,0.0,0.06749436512469759
Katnal1_mm,0.10672555849542693,0.0,0.0,0.26712266679815827,0.18922434910104782,0.0,0.0,0.06076602130279527,0.0,0.2148961181448247,0.0,0.0,0.0704504584362976,0.003432141417058901,0.03912598144895855
Kbtbd12_mm,0.0,0.0,0.0,5.064246440558416e-05,3.844505536926736e-05,0.0,0.0,0.0,0.0,0.00013849215567981018,4.2300338565317774e-05,6.698297374792038e-05,2.532168347456175e-06,0.0,0.0
Kbtbd8os_mm,3.704762708482249e-05,0.0,0.0,6.74668731550007e-05,1.2629274506778369e-05,0.0,2.8606685241389442e-05,0.0,0.0,0.0,0.0,0.0,0.0,4.588439980944329e-06,0.0
Kcna2_mm,0.0,0.0,0.0,0.0,0.0,0.0,0.0,0.0,0.0,0.038185366040467454,0.0003312042658098245,0.0,0.04710287247800095,0.0,0.0
Kcnab2_mm,1.1354565975251336,0.10062159336417555,0.0,0.363670844506565,0.7524542951676245,0.08553030836360857,0.060026091241942796,0.052930237397124845,0.2095448767900265,0.0,1.229471553016975,0.13319710153218725,0.0,0.0940750782038091,0.05747342191259669
Kcnc4_mm,0.0,0.0,5.888788156717668e-05,1.4423507302899357e-05,0.0,0.0,6.46792655451197e-05,0.0,0.0,0.0,0.0,0.0,0.0,0.00013192872693060627,0.0
Kcng1_mm,0.0,0.0,0.00011861636583463874,0.0003230764975386442,0.0,0.0,0.0,0.0,3.813043243157755e-05,0.0,0.0,6.2547000848977705e-06,0.0,0.0,0.0
Kcng2_mm,0.00012166450499846581,0.0,0.0,0.0002579273282760085,0.0,0.0,0.0,0.00022873749594744957,0.0,0.0011831534143476288,0.0,0.0,0.0,9.735034853900734e-05,0.0
Kcnj15_mm,0.0,0.0,0.0,0.004988533855251884,0.0,0.0,0.0005685819772324669,0.0,0.0,0.0008415022527466812,0.0,0.0005894890743263792,0.002017465093072873,0.001003414867600724,0.0002152790002630016
Kcnk15_mm,0.0,0.0,0.0,5.6194690796619246e-05,0.0,0.0,0.0,5.384508575350911e-06,0.0,0.0,1.9709307520377602e-05,0.0,0.0,0.0,0.0
Kcnk16_mm,0.0,0.0,0.00028896578641454424,0.0,0.0,0.0,0.0,5.2406388714890414e-05,0.0,0.0001456725168947344,0.0,0.0,0.0,0.0,6.354278617658353e-06
Kcnk2_mm,0.0,0.0009904704025941735,0.0007875402502786749,0.0,0.0,0.0,0.0,0.0,0.002318502456388101,0.0009914066018973725,0.0,0.0,0.0,0.00043353276648852297,0.001663659605906431
Kcnk4_mm,0.0,0.0,0.0007357862255987688,0.0,0.002640293592576171,0.0,0.0,0.009907407273262125,0.08470492751065185,0.04490517027043972,0.0,0.0,0.013406462647271744,0.008145627343118621,0.0
Kcnmb1_mm,0.0,0.057244353150116896,0.08036888158932527,0.2109042751646825,0.0,0.0,0.0,0.0,0.02270058511335093,0.0,0.0,0.0,0.0,0.24405622746110311,0.0
Kcnmb2_mm,0.0,0.0001766667086810127,0.0,0.0,0.0,0.0,0.0007848444226247453,0.0,0.0,0.0,0.0,0.0,0.0,0.0,0.0
Kcnmb4_mm,0.0,0.005030334075838964,0.0069379347268612125,0.0,0.0,0.0,0.0,0.017991968257855814,0.07496678577927413,0.08162372448407318,0.006868523225639738,0.0001972208637713655,0.037460214986956654,0.0,0.0
Kcnn2_mm,0.0,0.000921973328594287,0.0015013427338353858,0.0,0.0,0.0,0.0,0.004603199506799533,0.0,0.0023027807789419265,0.0,0.0,0.0,0.0004368307124956971,0.0
Kcnn3_mm,0.0,0.0002579339061469846,0.0,0.0,0.0,0.0,0.0,0.0,0.0005368116619467791,0.0,0.0,0.0,0.00013862319015621225,0.0010032820823754729,0.0
Kcnq1ot1_mm,2.9621337924588373,0.17940470931619482,0.4084728758414465,0.0,0.0,1.4321651872039012,0.0,0.449803706095577,1.5751187375400035,3.7459893645216953,1.0817550556233084,1.9340522229810504,0.20810176874805694,0.4770186698811055,1.356461251339599
Kcns1_mm,6.892606450778084e-05,0.0,0.0,0.0,0.0,0.0,0.0,0.0,0.0,0.0003019430955530326,5.929456445035044e-06,0.0,0.0,0.0,0.0
Kcnt2_mm,0.0,0.00041161836699996535,0.0,0.0001153571911833535,0.0,0.0,0.0,0.0,7.31137893843181e-05,0.0,0.0,8.007982486881816e-05,0.0,0.0,0.0
Kctd19_mm,0.0,0.00014638978077959983,0.0013828836881498046,0.0,0.0,0.0,0.0,0.003246112153376491,0.0,0.009395057286975554,0.0,0.0,0.0,0.0,0.0
Kctd2_mm,0.0,0.0,0.0,0.19528583968950447,0.12441941029849976,0.0,0.0,0.0,0.0,0.024283128872850456,0.046336509652545266,0.0,0.00442721624404087,0.010740157518798518,0.0
Kctd4_mm,0.04791866189894892,0.0,0.0244160158007678,0.15098691807580675,0.11577421984004073,0.0253667559268721,0.0,0.1338988467439558,0.3291746928471297,0.42626607534057465,0.04935044913463244,0.0,0.0,0.023426585163896146,0.045488365267168956
Kdm4a_mm,0.0,0.0,0.03373887836725257,0.3600832496015379,0.2454386520310009,0.0,0.0,0.0,0.0,0.24484414402384172,0.6304682756276858,0.14002687780538886,0.21125562542003154,0.0,0.0
Kdm5a_mm,0.24972952498951942,0.0,0.09543069279418782,0.7773400203883594,0.5107901489919724,0.6254518777341178,0.013410826116731656,0.6219766523302693,0.0,2.9305931974047774,0.8824205257356936,0.3456742455328807,0.47482754326532645,0.12840855211689486,0.03363790729086263
Kdm5d_mm,0.019508108041881918,0.00976890328754103,0.0009305655571686829,0.03894532597986086,0.008359333465284228,0.0,0.0,0.0,0.0,0.05920998800101763,0.022272006506503475,0.0,0.011333535824617956,0.008441945317278793,0.0
Kdm6b_mm,0.0037167050904328165,0.0,0.0,0.0,0.21403032098088923,0.0,0.0,0.031712465351076864,0.14339177636694456,0.20324516762126116,0.25441838391288785,0.14937819789986068,0.0,0.0,0.0
Kidins220_mm,0.37958544885229145,0.0,0.1265378375850306,1.5704444520927534,0.46074640247957227,0.17167650171648294,0.09639741298644035,0.5915581319152772,0.12172655758879522,0.7298175545834772,0.35045140271987296,0.1708908993356474,0.13807852167995904,0.0,0.05751952205309473
Kif12_mm,0.0,0.0,0.0,0.003598765927875657,0.0007559696753817595,0.0,0.0,0.000737676616976499,0.0,0.0,0.0,0.0,0.0,0.0002053857141834958,0.0
Kif13a_mm,0.0,0.0001979340549209101,0.004128380319323008,0.0046764613473143065,0.0,0.0,0.0,0.0,0.0,0.0,0.0,0.0,0.0,0.0,0.0
Kif17_mm,0.10980012527756011,0.0,0.018792897312547966,0.13836246215399828,0.0,0.0,0.0,0.0,0.0,0.06419978931505517,0.12250605710733149,0.0,0.024370548909791394,0.00995441342288662,0.07196816654245138
Kif18b_mm,0.03201572123306705,0.0,0.0,0.2748788608100587,0.0,0.0,0.0,0.006732612638623461,0.1340251506212722,0.0031837670277853605,0.16587924538505966,0.0,0.0,0.053755791335077206,0.45546664878914084
Kif1b_mm,0.1769842622166646,0.07011910921659484,0.15931181144077966,1.0536744235352995,0.642676747171851,0.32788308464274485,0.20545981029916208,0.5308172088141168,0.5897353264914734,0.766376407739055,0.7973395570558213,0.1302940716331817,0.3146786233326508,0.0,0.26680940247016144
Kif1c_mm,0.0,0.022062321302687083,0.0,0.21206747835968812,0.15453807009860773,0.0,0.031024578249438547,0.10302022042878642,0.01506767977384395,0.14062345865725617,0.4238656826977877,0.06529840905117519,0.05861759333629757,0.0,0.028475460131068664
Kif21b_mm,0.0,0.0,0.0,0.5000075245408391,0.4783408614317141,0.0,0.0,0.1307177026865899,0.0,0.11384160184626795,0.0,0.09843851474577824,0.08334826433608464,0.029451240921984423,0.0
Kif27_mm,0.0,0.00031692307016330457,0.0013737891443714215,0.0,0.0,0.0,3.994696547792618e-05,0.0,0.0,0.005669202470341142,0.0,0.0,0.0,0.0,0.0
Kif3a_mm,0.0,0.0,0.0,0.35031908524603395,2.0018912487184095,0.0,0.0,0.4408274257634466,0.0,0.5009648349978074,0.0,0.0,0.2682516996203514,0.0,0.0
Kifc3_mm,0.022922770796214322,0.0,0.0,0.1043867920801386,0.3457294009342276,0.0,0.0,0.14499722535282866,0.0,0.017211247175569936,0.0,0.0,0.0,0.0,0.0
Kitl_mm,0.0,0.00014241416474654371,0.0002687487568983748,0.0,0.0,0.0,0.0,0.00014810719444852236,0.0005826850193882087,0.0,0.0,0.0,0.0,0.0005470005006861752,0.0
Klc1_mm,0.20689825847206003,0.0,0.03346841818764129,0.27666086441844506,0.19270416374588029,0.0,0.0,0.11448019393388789,0.0,0.20102291201986475,0.11198485741475511,0.0149596029419173,0.07469516277907853,0.0,0.0
Klc4_mm,0.19862752690590274,0.0,0.0,0.11117535733625301,0.1815660376739949,0.0,0.0,0.3290899763442022,0.0,0.14712857387679687,0.0,0.0,0.0,0.17054846146454106,0.0
Klf13_mm,0.012152149641526888,0.0,0.0,0.35968592055673515,0.41284648831345194,0.04022322970598122,0.24293864868500872,0.5767382297304323,0.015059380720851431,0.3172317543064429,0.4579053608822161,0.12515575369931864,0.0,0.0,0.0
Klf2_mm,0.0,0.0,0.0,0.0,0.0,0.0,0.1028320203332965,0.4653324215749247,0.0,0.0,0.003350077578709867,0.0,0.0,0.0,0.0
Klf3_mm,0.0,0.07384918336116948,0.1683294773229176,0.6434911568057312,0.294581296263819,0.0,0.0,0.28203970582842325,0.1659618885732521,0.30456954710021694,0.0,0.00845515942202866,0.0,0.02564956425190124,0.0
Klf4_mm,0.0019359517458751114,0.0,0.0,0.0,0.000733961726845687,0.0,0.0,0.003101899187608508,4.955617619470768e-05,0.007246751178046876,0.0,0.0,0.0,0.001095133221958644,0.0
Klf6_mm,0.0,0.33134177424123,0.0,0.0,1.129374487738582,0.09316263474981507,0.0,3.503085497620273,0.0,1.0691524395594214,0.07646231799701937,0.07754064039218639,0.0,0.0,0.2738391912797619
Klf7_mm,0.7969838037348499,0.0,0.034509674650217675,0.6600915119478393,0.4243040444044964,0.04712661020528252,0.050276656387197145,0.9315277084905864,0.0,0.777904327328808,0.2075360432645433,0.2531989586364297,0.03038337015806702,0.09209521074571969,0.07736013710493482
Klhdc1_mm,0.007228161560745592,0.0,0.0,0.035519220165862044,0.06505392635003254,0.0,0.008469747457496787,0.018066087313617016,0.0390874929090587,0.01654580762752108,0.0,0.01871417448084334,0.001960087377541811,0.001317775114124564,0.0
Klhdc2_mm,0.16605425336220617,0.0,0.022857862585691436,0.2589586700832856,0.23729692404849992,0.0,0.031011837676534086,0.19713010128778455,0.09531490788528163,0.12940209797529542,0.09181340226571905,0.06498374017889998,0.009794063229876098,0.10091655708834271,0.05105125620457034
Klhdc7a_mm,0.1793242403979717,0.0,0.10629884065614201,0.318129376296399,0.0,0.0,0.0,0.0,0.0,0.08236085837607274,0.0,0.0,0.0,0.0745530977501994,0.25076211088143396
Klhdc7b_mm,0.0,0.0,0.0,0.0,0.0,0.0,0.0,0.0,0.0,0.0009968979014996025,0.00010936973614654927,0.0007492166996699955,0.0,0.0,0.0
Klhdc8a_mm,0.0,0.0,0.0,0.0004724771445782891,0.0006784559525582539,0.0,0.0,0.0,0.0,2.3065596817552735e-05,0.0,8.229717276374422e-05,1.2743773311894661e-05,0.0007092447415217526,0.0
Klhl22_mm,0.0,0.0,0.00022953820285031497,0.0,0.0002723318044814355,0.0,0.0,5.358414576241435e-05,0.0,0.0012535480114703563,0.0,0.0,0.0,0.0,0.0
Klhl24_mm,0.0,0.0,0.3245804348242062,0.0,0.2286517644064187,0.0,0.0,0.3777885603611478,1.645594829222226,0.7009234834271194,0.0,0.0,0.3389002173998375,0.05731582589810162,0.0
Klhl32_mm,0.0019140981648264567,0.0,0.007905298681634223,0.017386753595886106,0.0,0.0,0.0,0.0,0.011485130582602553,0.057713531344398626,0.003705259511573203,0.0,0.029173294877236192,0.0038549639182908785,0.03079623406122549
Klhl33_mm,0.0,0.0,0.007123210263829744,0.0,0.0,0.0,0.026036489589695466,0.0010266898504284127,0.005312267818920288,0.07035693997911424,0.0,0.0,0.035264415472572,0.012024269338494464,0.0
Klhl40_mm,0.0,0.0,0.002725432870372258,0.0,0.0,0.0,0.0,0.008386484411160315,0.0,0.07191024978827311,0.0,0.0,0.0,0.0,0.0
Klhl41_mm,0.011525229621774026,0.0,0.0,0.0,0.0005142208045573888,0.0,0.0,0.015189550072881749,0.01050388926606133,0.0835739738656798,0.026285263942227216,0.016291501438298033,0.02396980889992196,0.0,0.0
Klhl4_mm,0.0,0.0,0.0,0.0005504194645045995,0.0,0.00011667963195842626,0.0,0.00020107997103174197,0.0014088566970160185,0.002195864589374202,0.0,0.0,0.0,0.0011156475518749938,0.00042439667872294136
Klk5_mm,0.0,0.0005301586542882966,0.0,0.0,0.0,0.0,0.0,0.0,4.14030363641358e-05,0.0,0.0,0.0002139590503048277,0.0,0.00025443765861892377,0.0
Klk8_mm,0.0,0.0,0.0022550995694626988,0.0013311006444818568,0.0,0.0,0.0,0.0,0.0,0.0,0.0,0.0,0.0,0.001531205084051982,0.0
Klrb1f_mm,0.02646528771454491,0.0,0.0,0.00095376205546255,0.0,0.0,0.0009272102890450827,0.0,0.010289906437110865,0.006843823335755778,0.0,0.0008808538849015064,0.0007141447403978174,0.0,0.001127554801456667
Klrg2_mm,0.0,0.0,0.0,4.534357259333359e-05,0.0,0.0,0.0008546723159752847,0.0,3.898529136990775e-05,0.0,0.00031121587292454823,0.0,0.0,0.0,0.0
Kmt2a_mm,0.0,0.20718822885337052,0.15961406374899506,2.0145672467928764,0.5421215451436979,0.9331506579677885,0.08331585558539271,0.3780450755203633,1.0184896861265418,2.7571367867331165,0.7184325743604566,0.44646444732162377,0.8769843045807126,0.001934803380660298,0.06896630472261105
Kmt2c_mm,0.34768053003434357,0.47492876990685806,0.03986390023844855,1.86677821806314,0.36845762089584494,0.48434980605841116,0.0,0.5914167381679118,0.5721091182922236,1.9835041488353042,0.6243331124361399,0.44431115992370934,0.2747094433306149,0.0,0.0
Kmt2d_mm,0.050242671896915926,0.0,0.18144653385742285,0.6217062909657028,0.36291159071935736,0.0,0.0,0.08821595556545651,0.4363933944079595,0.8781528068633049,1.5629569765587676,0.5748770537676843,0.41985808352409115,0.0,0.0
Kmt2e_mm,0.38725739773697576,0.4180092204208647,0.30729344203843517,1.6274550282203935,0.3063269055288111,0.5976599328748732,0.06940486296775399,1.0724438780049437,0.7177350791991495,2.303386291727669,0.6764298824280423,0.4677195819899944,0.3019908471322419,0.027728039393243864,0.0
Kmt5a_mm,0.45869877055301705,0.0,0.08137399356522221,0.03289639535965378,0.2193184196666825,0.26351151015374813,0.0,0.23990092410830025,1.3405208972393128,0.6895527640897401,2.189301701029544,0.47591552276032856,0.47621468362720465,0.0,0.13308935218149023
Kmt5b_mm,0.11047170566631047,0.0,0.07561708888777272,0.41490905022764835,0.3139713846885071,0.073302347229245,0.022903834605789722,0.061883823728859186,0.0,0.8395724918728561,0.41782195623256896,0.3081227722630288,0.008850303105360327,0.0,0.1271826316850219
Kmt5c_mm,0.098888514932257,0.0,0.0,0.311104711162358,0.1496556142848745,0.0,0.0,0.03481013683730914,0.0,0.043980994462732466,0.20704958867337075,0.0,0.04337518328753459,0.015909508496613965,0.06533279235671731
Krcc1_mm,0.30954459559930897,0.04158752074807667,0.09053696932320857,0.4577206787707149,0.5182219227028959,0.0,0.0,0.0,0.11790315745130933,0.5509859253850204,0.35766485215880506,0.03634905181963356,0.08462357894028352,0.027690563129041872,0.36167898534561843
Kri1_mm,0.14668737308130667,0.0,0.0,0.301680680732777,0.23031115583394296,0.0,0.0,0.09625726822184952,0.10074725442887958,0.4822009354643488,1.1151476910626132,0.04328630255259349,0.18962370480277835,0.04021566039640252,0.0
Krit1_mm,1.5029733973292074,0.2885457506285473,0.16242064263342632,0.3289352316408763,1.1414156901723749,0.19754761057571124,0.85083365897962,1.3255277447893392,0.8085659945991104,2.3431965109997934,0.5028052534463174,1.6710856103243534,0.33010105870888995,0.07834301457423068,0.0
Krt13_mm,7.544764067581296e-05,0.0,0.0,0.0,0.0,0.0,0.0,0.0,0.0,0.0,0.0,0.0,0.0,0.0002875488197178193,0.0
Krt18_mm,0.0,0.0,0.0002507467348932551,0.0,0.0,0.0,0.0,0.00044690451520746553,0.0,8.290848140260693e-05,0.0,0.0,0.0,0.0,0.0
Krt33a_mm,0.0,0.0,7.519374798539699e-05,0.0,0.0,0.0,0.0,0.00019851617779189962,0.0,0.0,0.0,0.00019815050397136227,0.0,0.0,0.0
Krt76_mm,0.0,0.0,0.0001803658488468961,6.657749234437725e-05,0.0,0.0,0.0,0.0,0.0,0.001029686342287059,0.0,0.0,0.0,0.0,0.0
Krt79_mm,0.0,0.0,1.3181249259650939e-05,6.0741379864238704e-05,0.0,0.0,8.718346650178657e-06,0.0,0.0002866008638490121,0.0,0.0,0.0,0.0,0.00016055258531809605,0.0
Krt83_mm,0.0,5.7819670695979125e-05,0.00023725616706871615,0.0,0.00028793217495881514,0.0,0.0,0.0,0.0,0.00025456217342889246,0.0,0.0,0.0,0.0,0.0
Krt8_mm,0.0,0.0,0.008168179367891387,0.0035819025138744366,0.0,0.0,0.0,0.0,0.0,0.008138550591091805,0.0,0.0,0.0,0.0,0.0
Krt9_mm,0.0,0.0,0.003980582488795061,0.005311296102198601,0.0,0.0,0.006879924501388315,0.0007728496599178113,0.0,0.004597348347368721,0.0,0.0,0.0,0.0030043765833665096,0.0
Krtap13-1_mm,0.0,6.753356073101504e-05,0.0,0.0,0.0,0.0,0.00015009650984574316,0.0006611102863839455,0.0,0.0002269733336347897,0.0,0.0,0.0,0.00029965773172606813,0.0
Krtap13_mm,0.0,0.00038042199448080227,0.00043093810849922475,0.0,0.0,0.0,0.0,0.0,0.0,0.0,0.0,0.0,0.0,4.063191438957722e-05,0.0
Krtap9-1_mm,0.0,0.0,0.0,0.0,0.0,0.0,0.0006371876778514554,0.00038535799223585583,0.0,0.0,0.0,0.0,0.0,0.0,0.0
Krtcap2_mm,1.3154854918223258,0.8448194628132472,0.14582583630957455,0.0,1.3823819546461298,0.28551626574931327,8.328822306939369,0.23557929436864836,0.7382857110462628,0.0,0.0,0.0,0.0,1.777658660041788,0.0
Kxd1_mm,0.244731371065098,0.0,0.0,0.2178183875807891,0.3424433334132444,0.0,0.14737697854436604,0.12572719001436,0.19824807466011155,0.0,0.07268826270321044,0.0,0.0,0.7986115172988335,0.0
L3mbtl1_mm,0.0,0.0,0.0,0.0,0.0,0.0008298702671670959,0.0,0.0,0.0,0.024621708116125247,0.0,0.0,0.0,0.0012063570247586833,0.0
Lactb2_mm,0.0798861803040064,0.0,0.0,0.2884415240477737,0.10974700633244468,0.0,0.27823086628014493,0.03465895503572086,0.7302533542828179,0.041616455255893255,0.2608029163001011,0.07009939579977256,0.0,0.0,0.0
Lama4_mm,0.0,0.0004983516117141582,0.0031521108084777588,0.0,0.0,0.0,0.0,0.0,0.0,0.008472936457500328,0.0,0.0,0.0,0.0,0.0
Lamb1_mm,0.0,0.0017663375862889308,0.00688796580723088,0.009089602808322847,0.0,0.00034519808116228404,0.0010896450282866482,0.0,0.0,0.003174963600427911,0.0,0.0,0.0,0.0,0.0
Lamb2_mm,0.0,0.0,0.0,0.21073797090448906,0.060528891928563956,0.0,0.0,0.02317142460025161,0.0,0.05518403347554819,0.02457636486968439,0.0,0.002092231484754761,0.022368213069182845,0.0
Lamp1_mm,1.0671595898183739,0.0,0.0717639384791603,1.0453917386803548,1.6045868016584475,0.1571765233488963,0.0,1.1585699526496769,1.6067729795878676,0.32071462898000924,0.010630028189285174,0.11864997006018957,0.0,0.43676428655956745,0.0
Lamp2_mm,0.22925524727943336,0.0,0.19259044725536179,0.6551985244583263,0.6137302962556258,0.016110479965862907,0.019396038421273208,0.8306805195942458,0.9353404335472205,0.677563811557632,0.0,0.14510007788893253,0.0,0.13178464322768105,0.0
Lamtor2_mm,0.13235568480609705,0.0,0.0,0.9063489149176508,0.2656429323553676,0.0,2.918092786285742,0.07734980164884904,0.0,0.0843781064749231,0.4496256441474365,0.0,0.13878490327096676,1.6030769794373503,0.0
Lamtor4_mm,0.587349961781518,0.0,0.0,0.14860053670219964,0.0028329781067508494,0.0,1.4934001994057056,0.08106986263129176,0.0,0.0,0.4534610379701113,0.0,0.0,0.6998787557901829,0.0
Lancl1_mm,0.28548080340494425,0.0,0.0,0.2403886106288659,0.1882387326462269,0.0,0.0,0.0623043613315535,0.0,0.0,0.0,0.0,0.0,0.23248420337730666,0.0
Laptm5_mm,0.9642124628840458,1.8949602350908537,0.2504860159329522,3.6949710667471387,2.843838351186215,1.410923097952285,0.5344182374246599,1.4162901241747634,0.5176461084396301,0.0,0.33959557421873887,0.1712104596989476,0.5737181433936849,0.6672281723815874,0.0
Large2_mm,0.0,0.0,2.258470814096711e-05,0.0,0.0,0.0,0.0002584264216717893,0.0,0.0,0.0006885763834859306,0.0,0.0004084033831749255,0.0,0.0,0.0
Lat2_mm,0.6473456912006346,0.0,0.0,0.5213663069582173,0.369537268753823,0.0,0.0,0.5244548283750898,0.0,0.0,0.0,0.0,0.1726531748225824,0.2333653618310128,0.0
Lax1_mm,0.14980542703237845,0.0252472090485625,0.0,0.15628739706360456,0.0,0.0,0.0,0.00014747476344250787,0.0,0.0,0.015969910594247825,0.035776500778129786,0.0,0.0,0.0
Lbh_mm,0.027499516798237155,0.0,0.0,0.5966441718525304,0.39226025929127123,0.0,0.4016747727950976,0.430703947573514,0.08135279712563259,0.19845639437932147,0.46320055702700275,0.4380380082451514,0.25700944630527245,0.3199531602184631,0.16363691664780403
Lca5_mm,0.0,0.012758571868936808,0.006198075642665273,0.034001874088028974,0.007713262633584393,0.0,0.0,0.0,0.0,0.011916364539959291,0.0,0.0,0.0,0.0,0.0
Lce1e_mm,0.0,0.0,0.0,0.0,0.0,0.0,0.0,0.0,0.0,0.0005055893508369403,0.0,0.0,0.00026150206482447304,0.0,0.0
Lce1f_mm,0.0,0.0,0.00040458033866819373,0.0,0.0,0.0,0.0,0.0005931526280579082,0.0,0.000752931168121443,0.0,0.0,0.0,0.0,0.0
Lce1j_mm,0.0,0.0,0.0,0.0,0.0,0.0,0.0,0.0,7.905695781651413e-05,0.0,9.257527239610455e-05,0.00022785212853779975,0.0,0.0,0.0
Lce3b_mm,0.0,0.0,0.0,0.0,0.0,0.0,0.0008334639823354384,0.0,0.0,0.0,0.0,0.0,0.0,0.0,0.0
Lcp2_mm,0.0,0.1318359404466815,0.05988950524906908,0.4660163772711846,0.00507952634843074,0.0,0.0,0.16435223322681208,0.034452121913935735,0.019760840771776922,0.0,0.004078472903928886,0.0,0.06194095363635568,0.0
Ldb1_mm,0.31524824341679136,0.03775569411692892,0.0,0.27870228832352945,0.23380038452958796,0.0,0.0,0.0,0.3510574643363703,0.33372547029311683,0.9011379196161887,0.309661131150628,0.0009260815480075294,0.0,0.0
Ldc1_mm,0.0,4.702206986088797e-05,0.0001145646178864529,0.0,0.0,5.991054431506155e-05,0.0,0.0,0.0,0.0,0.0,0.0,6.563638875980517e-05,0.0,0.00016287050081230104
Lef1_mm,1.119365442649709,0.0,0.0,1.265017285456008,0.5567382586142399,0.6646061847426721,0.0,0.0,0.06256309057378161,1.1829751295462072,1.9746636592747864,0.9189915705783988,0.373819371367761,0.0,0.0
Lefty2_mm,0.0,0.0014472248726710166,0.0015912002497320606,0.0028238542065043707,0.0,9.088992048918872e-06,0.0005974968302282716,0.0011356496212353616,0.0,0.003312628889542944,0.0,0.0,0.0,0.00016697925473366042,0.0
Lekr1_mm,0.0,0.0014558787208871805,0.00598162991770935,0.0016104867821594548,0.0,0.0,0.0,0.0,0.0,0.00018880442272863976,0.0,0.0,0.0,0.0,0.0
Lemd2_mm,0.10735245340506874,0.0,0.0,0.31106287097690305,0.23447124799555577,0.0,0.0,0.07347996382701304,0.0,0.07417875938326236,0.12527724713958857,0.0,0.0,0.054901218204401345,0.0
Lemd3_mm,0.0,0.0,0.0,0.0,0.0,0.0,7.162520157097053e-06,7.211265875303287e-05,0.00010798171355140771,0.00015174600828307805,0.0,0.0,0.0,0.0,0.00012098245353419363
Leng8_mm,0.10270061006403758,0.0,0.0,0.3929765764298082,0.20326299724257776,0.0,0.0,0.1889093643287149,0.11860577814323837,0.17073240263968117,0.20120687627997996,0.01986342661164491,0.0,0.03530048923094009,0.07937904602701228
Letm2_mm,0.0,0.01119903785779895,0.005861959605828157,0.07557062648245107,0.11441977443270274,0.0,0.057566545641151705,0.09075031647088316,0.03037734284247572,0.10149350668103758,0.0,0.0,0.0,0.024968424934954214,0.0
Lexm_mm,0.016091861496230243,0.0027222998230645055,0.0,0.02968246528132452,0.05157187980698481,0.0,0.0,0.009352334289537623,0.0,0.03827386063061892,0.0064428626155405315,0.007036275700884634,0.004318585832751465,0.0013767094751944333,0.0
Lgals3_mm,0.0,0.0,0.008204742388510567,0.0,0.0,0.0,0.0,0.03219659949676726,0.0,0.0,0.0,0.0,0.0,0.0,0.0
Lgals4_mm,0.06593220072415443,0.0,0.0,0.15269866025908216,0.1566750599901019,0.0,0.0,0.0,0.0,0.08406330171885427,0.019418585208843778,0.0,0.03781130137235169,2.098789298394087e-05,0.0
Lgals7_mm,0.0,0.003356676096993651,0.03635239906421902,0.02037113074716886,0.0,0.0,0.0,0.0,0.0,0.0,0.0,0.0,0.0,0.0,0.0
Lgals8_mm,0.24400361012948288,0.0,0.07001388554244345,0.7580355266142267,0.6304213619878837,0.0,0.015166201013639094,0.9061790647545055,0.5427429386616076,0.2417244203672248,0.0,0.0,0.0,0.08319772624039634,0.0
Lgr5_mm,0.0,0.0,0.00181981580925936,0.005836601204869778,0.0,0.002202338063247858,0.0,0.0,0.010908582112875128,0.02417334804903773,0.0,0.0,0.002323705938845225,0.0076832981410314884,0.009157576859866456
Lhfpl2_mm,0.0,0.0,0.00031187730821594675,0.00011338325767702908,0.0002339606323480681,0.0,0.0,0.0008408778138332523,0.0,0.0,0.0,0.0,0.0,0.0,0.0
Lhfpl4_mm,0.0,0.0,0.031312184522523774,0.0,0.002857317322108936,0.0,0.0,0.0,0.24486530731528422,0.0537250882524186,0.0,0.0,0.055897472203073596,0.004516046716747269,0.0
Lhx1_mm,0.0,0.00011268822588849053,0.0,0.0,0.00011965577605361217,0.0,0.0008307685125493211,0.0,0.0,0.0013884617223900084,0.0,0.0,0.0,0.0,0.0
Lhx1os_mm,0.00014645675256716182,0.0,0.0,0.00012063842486464838,0.00018986828080192044,0.0,0.0,0.0,0.0,0.0006824653164530653,2.3731730969300134e-05,0.0,0.0,0.0003244942483003672,0.0
Lhx5_mm,0.0,0.0,0.0,0.0,0.0,0.0,0.0,0.0,0.0013117754391474216,0.02357535746095109,0.0,0.0,0.09006298750774284,0.0,0.0
Lif_mm,0.0,1.1970584169961677e-05,0.0003097419023096937,0.0,0.0,0.00045417079948155127,0.0,0.0026979963413853243,0.0,0.0,0.0,0.0,0.0,0.0,0.0
Lifr_mm,0.0,1.2231454890431941e-05,0.003673769427256031,0.002980694461789282,0.0,0.0,0.0,0.0025078692116076847,0.025413342078946247,0.02311055788512558,0.0,0.0,0.004409954332911058,0.0014698545262099242,0.0
Lig1_mm,1.4848426167654363,0.15236953723718202,0.20047150205916753,0.7202873337484713,0.24893921734865465,0.4196701875852737,0.0,0.0,0.0,0.49809170827849875,2.396756156871812,0.0,0.7943454481035822,0.5625379782451765,2.756632039983564
Lilr4b_mm,0.0,0.0,0.0,0.0,0.0,0.0,0.0,0.37179836096069346,0.0,0.0,0.0,0.0,0.0,0.0,0.0
Lilrb4a_mm,0.0,0.0,0.0,0.0,0.0,0.0,0.0,0.24135562278702008,0.0,0.0,0.0,0.0,0.0,0.0,0.0
Limd2_mm,0.5456818119461609,0.0,0.08861716693889922,0.7895226121356755,0.5946101927990267,0.0,0.3070555535367171,0.0,0.09689466558882838,0.0,0.7260037366019925,0.0,0.0,0.4268036337959848,0.0
Lin7a_mm,0.0,0.0,0.0,0.0,0.0,0.0,0.0007314423690609113,0.0,0.0,0.0,0.0,0.0,0.0,0.0,0.0
Lipg_mm,0.0,0.00010520133309498487,0.00019586006272545258,0.0001578587526877591,0.0,0.0,0.0,0.0,0.0,0.0,0.0,0.0,0.0,0.0,0.0
Lmbr1_mm,0.0,0.0005147340382949409,0.00027130841401449326,0.000595767095999661,0.0,0.0,0.0,0.0,0.0,0.00046028218075756843,0.0,0.0,0.0,0.0019208514756141328,0.0
Lmbrd1_mm,0.11073097606834424,0.0,0.03341099792792603,0.1773304249188183,0.09130604441450968,0.0,0.04988942473733488,0.1720224450974395,0.27015264326700267,0.4037927836740749,0.015344803974061816,0.005352957298900712,0.08043932912403548,0.020293738731709348,0.0
Lmcd1_mm,0.0,0.0006025379316677543,0.0005526018696032928,0.0002620563616219132,0.0,0.0,0.0,0.0,0.0,0.0,0.0,0.0,0.0,0.000372132324756913,0.0
Lmna_mm,0.28864987437673145,0.0,0.0,0.5681746327090735,0.24861945353747206,0.19156923766344072,0.42496173584899155,1.1972905721440972,0.0,0.48846219718301237,0.9557740480470294,0.0,0.0,0.01757730646306744,0.0
Lmo4_mm,0.21474101598842116,0.0,0.0,0.0,0.3263431759525803,0.0,0.042572927151814204,0.0930755781021329,0.30231861411911387,0.2223990762688599,0.30076363851689325,0.03408359502105225,0.02559309804220473,0.008180361813470828,0.12781759970389597
Lmo7_mm,0.0,0.0009214293908406453,0.0013836151834689767,0.0,0.0,0.0,0.0003243499918197788,0.0,0.0,0.004090705879154184,0.0,0.0,0.0,0.0011731175733916803,0.0
Lmod1_mm,0.0,0.0002021249446986441,0.0,0.0,0.0,0.0,0.0,4.152416803349051e-05,0.0,0.0009935763440939215,0.0,0.0,3.3046268934986614e-05,0.0,0.0
Lncpint_mm,0.0,0.0,0.0,0.11709512073550164,0.14564032819049635,0.0,0.007817726441127047,0.21344939405873203,0.0,0.40908255582557546,0.16073502601904055,0.1556567179565144,0.0,0.0,0.0
Lnp1_mm,0.0,0.0005842380100485907,0.0067976921780395026,0.0004428544452319262,0.0,0.0,0.0,0.0,0.00036476944747853386,0.0,0.0,0.0,0.0,0.0005776307725248145,0.0
Lox_mm,0.0,0.0,0.0,0.0,0.0,0.0,0.00020207574023977949,0.0007331262918208841,0.0004896314147621062,0.0,0.0,0.0,0.0,0.0,0.0011821837322632386
Loxl3_mm,0.03361766242515436,0.0,0.0,0.11504558314778089,0.08134476166265592,0.0,0.0,0.013316967228175783,0.008339426785527935,8.38704346135886e-05,0.0,0.012514083482276686,0.005262092318794554,0.0070713743453591806,0.0
Lpar1_mm,0.0,0.0,0.0,0.04001892523131453,0.06856312541800595,0.0,0.0,0.0,0.0,0.02253227460504138,0.0,0.003172752712706881,0.005154760206063202,0.0,0.0
Lpar3_mm,0.0,0.0,0.0,0.0005149195687083976,7.186868883973814e-05,0.0,0.0,0.0,0.0,0.0,0.0,0.0,0.0,0.00040581686934504493,0.0
Lpcat2_mm,0.0,0.00024975647165889235,6.183693979771176e-05,0.0,0.0,0.0,0.0,0.00021810771697862726,0.00031892428994315276,0.0003640100656846419,0.0,0.0,0.0,0.0,0.0
Lpcat2b_mm,0.0,0.0,0.0,0.0,0.0,0.0,0.00011465425794764178,0.0,0.00045828070170724774,0.0,0.0,0.0,0.0,0.0,7.15059433429884e-05
Lpin2_mm,0.2825281762878404,0.029098901894598232,0.010167875497958133,1.0930344946555097,0.2205622798387913,0.18145304188451897,0.013557171176170689,0.4531028933358363,0.0,0.8186111463228305,0.6603009536190554,0.12063748352038023,0.011476838953613927,0.0,0.27254867491597307
Lpl_mm,0.0,0.0,0.0,0.013938607621031648,0.005352929951001069,0.0,0.028437100035653907,0.0,0.0,0.1758594164663493,0.0,0.0,0.23618776093291297,0.0,0.0
Lpp_mm,0.4575153196238281,0.0793224605275813,0.05005167556624311,1.7451556193850044,0.5714868350390453,0.09712505625942186,0.0,1.2331093101287764,0.5448584148059765,0.3212262911420918,0.0,0.2926665563394777,0.0,0.09973358110480356,0.35732352268344186
Lrcol1_mm,0.0,0.0006850055373798064,0.0019999745783396273,0.001042504237819533,0.0,0.0,0.0,0.0,0.0,0.001953320404828411,0.0,0.0,0.0,0.0014277153951315217,0.0
Lrg1_mm,0.0,0.0,0.0,0.00032566053568780094,0.0,0.0,0.0,0.0,0.0,0.00022054927543837386,0.0,0.0,0.0,3.984391269457e-05,0.0
Lrp1_mm,0.011404815724558254,0.0,0.0,0.02265097939802124,0.0271034049944402,0.0,0.0,0.01267551090683999,0.0,0.03674825324858805,0.003280102470234321,0.0,0.0020031311802258573,0.0002900441093036414,0.0
Lrp1b_mm,0.0,0.0007334626596152659,0.00018878939406004008,0.0,0.0,0.0,0.0,0.0,0.00010212363267608918,0.0012412521965924832,0.0,0.0,0.0,0.0,0.0
Lrp2_mm,0.00014904241117725628,0.00038063885930140047,0.0003294179216410966,0.0,0.0,0.0,7.043532727722123e-05,0.0,0.0,0.0003136720001879711,0.0,0.0,0.0,0.0,0.0
Lrp8os1_mm,9.848356120310479e-05,0.0,0.0,0.0,0.0,0.0,0.0002814756565719587,0.0001196471643817432,0.0,0.0,0.0,0.0,0.0,0.0,0.0
Lrpap1_mm,0.32681541944694814,0.0,0.01456972217279776,0.6773777866964595,0.24940472480340653,0.0,0.0,1.309196467761581,0.04317792221523096,0.0,0.31244674303868314,0.0,0.0,0.5964415505384663,0.14714426544072
Lrrc14b_mm,0.0,0.0006586198307381489,0.010519967078205149,0.0,0.0022417777075507,0.0,0.0,0.03542489646194183,0.006464468533782668,0.07838928832209238,0.007485355909355592,0.0,0.010128952590355992,0.0,0.0
Lrrc15_mm,0.0,0.00255668163220821,0.009984418880829918,0.014791056451420112,0.0,0.0,0.0,0.0,0.0,0.0,0.0,0.0,0.0,0.0,0.0
Lrrc25_mm,0.009309855366929213,0.0,0.0,0.04255185850495458,0.04945348484025654,0.0,0.001103404288101471,0.03670850413297176,0.0,0.0,0.009572695233711341,0.005978340440811608,0.0,0.05437763126679795,0.0
Lrrc26_mm,0.0,0.0,7.26866916331664e-05,0.0,0.0,0.0,0.0,0.0,0.0,0.00011088134338713529,0.0,0.0,0.0,0.0005048139020437558,0.0
Lrrc36_mm,0.0,0.0,0.0,0.0,0.030548176253077687,0.0,0.0,0.07325661963869386,0.0015261939173724448,0.094306634640156,0.0,0.0,0.0,0.008608341988638074,0.0
Lrrc51_mm,0.0001084476431073183,0.0,0.0,0.04985242609351385,0.06780498956696256,0.0,0.0,0.006732118322113511,0.0,0.01771082341117142,0.006401597296984713,0.0,0.0,0.0640051281777811,0.0
Lrrc8c_mm,0.5593811775190144,0.165975615437464,0.008018332477157459,1.1281165557905821,0.26811906857268364,0.009964434302137322,0.0,0.4427574467742539,0.52111664314156,0.04612843630398444,0.3469742188206328,0.24913732564439023,0.0,0.0,0.0
Lrrc8d_mm,0.4350999977410262,0.017677434277748056,0.18664096159791424,0.08242694021353884,0.7517431769102748,0.0,0.0,0.3550690995304232,0.30734270028308763,0.7058606748309079,0.345304234907162,0.15188407831383985,0.02376586414747324,0.0,0.0
Lrrc8e_mm,0.0,0.002950622778626279,0.026035089887684566,0.0,0.0,0.0,0.0,0.04626368507056351,0.08097337873741138,0.16836661632437291,0.007446840614682385,0.0,0.05690008791680172,0.0,0.0
Lrrcc1_mm,0.12973150034531095,0.0527830510100439,0.009554599633769928,0.5503749618077609,0.2106217524841159,0.0512103254889711,0.029576140119793683,0.0,0.3045826711569486,0.7986777365777517,0.3355022548519195,0.05850097302483882,0.07358156853278859,0.0,0.6080417873745704
Lrrfip1_mm,0.05798354043224919,0.011040853601890001,0.03354255063921835,0.7714114249183381,0.0,0.0,0.0,0.4723877067505737,0.0,0.5001268977478891,0.397109200094332,0.0,0.16614407807492007,0.013762264125612827,0.027920266194556655
Lrrfip2_mm,0.11619021734895583,0.0,0.009539544333632972,0.41961248995098493,0.3535050769584901,0.0,0.07921973858448884,0.5661464346912385,0.0,0.35410375414953277,0.1963007265090804,0.0114174141161364,0.038094205732380176,0.044712761733627496,0.14391070176927942
Lrriq1_mm,0.0,0.0,0.00010503535837960784,0.0,0.0,0.0,0.0,0.0,0.0,4.761223905828844e-05,0.0,0.0,0.0,0.00022971905844423998,0.0
Lrrk2_mm,0.1836421039506047,0.0,0.007111927883255337,0.6921392481458712,0.3677484724172925,0.0,0.0567286164968518,0.10043561287812179,0.19193744348964006,0.3549310766111707,0.08010146434446754,0.30279239028642424,0.07988396818348731,0.0,0.029406098459297488
Lrrn3_mm,0.036153902759488786,0.0,0.0,0.19401667491466412,0.04138868821078995,0.026362732062333378,0.0,0.0,0.11582129748040158,0.16660989543517934,0.0,0.0,0.0,0.005754206854995866,0.0
Lrtm1_mm,0.0,0.0003285921318981119,0.0003747780416363319,0.0,0.0,0.0,0.00037476975398529337,0.0,0.0,0.00029564279743474203,0.0,0.0,0.0,0.00035550597949187914,0.0
Lrtm2_mm,0.03896434217103962,0.0,0.0,0.05252493944454242,0.13065976547846306,0.0,0.0,0.0,0.0,0.033602910855006246,0.0,0.0,0.0,0.0,0.0
Lsp1_mm,0.0,0.0,0.0,2.4454323254141572,0.028446019699474495,0.032993489461193175,0.0,0.41385896835995023,0.35742533231423523,0.0,0.0,0.03048429238466603,0.06976147358152576,1.9664113134964953,0.0
Lst1_mm,0.0,0.0,0.0161989584191033,0.03867660281133943,0.0,0.0,0.06946493379547773,0.0,0.03192734299545499,0.0019886263918622075,0.0,0.0,0.0,0.0,0.0
Lta_mm,0.815075894379921,0.0,0.0,0.4782996881917753,0.0,0.0,0.04908371564451665,0.08195649354671974,0.0,0.0,0.0,0.014229703643843438,0.0,0.28980653754103414,0.0
Ltbp2_mm,0.0,0.0,0.0004977715750254531,0.0030237559242342216,0.0,0.0,0.0,0.0,0.0,0.0018985697705442748,0.0,0.0,0.000234718727148999,0.0007523750339865581,0.0
Ltbp4_mm,0.023909498007542097,0.0,0.010349849428207315,0.09419134531890407,0.08654668175392098,0.0,0.0,0.0,0.012467938802816197,0.046872009113991454,0.01806091118058906,0.0024832065674542845,0.0,0.01651074217728162,0.026789283453928642
Ltc4s_mm,0.0,0.0,0.002248739075719128,0.002721858543989659,0.0,0.0,0.0,0.0013288858263872157,0.0,0.0,0.0,0.0,0.0,0.0,0.0
Ltf_mm,0.0,0.0,0.0017908594564137762,0.004011122314265541,0.0,0.0,0.0,0.0,0.0,0.0,0.0,0.0,0.0,0.0006675537775803556,0.0
Ltk_mm,0.04392147085412346,0.0,0.0,0.06517218418991089,0.07392426577621633,0.0,0.0,0.02454342490351188,0.0,0.025468206407773045,0.0,0.0,0.0,0.016778094057836892,0.0
Luc7l3_mm,1.0054674669034538,0.069790339326259,0.0,0.0,0.3188273698617792,0.4561441343066038,0.0,0.0,0.0,2.774881878879257,2.3000938844219556,0.010522588924956864,2.5453134961573833,0.0,0.21710108916815607
Luzp2_mm,0.0,0.0,0.0,0.01887643104425047,0.015622625122852443,0.00074935529938732,0.009190405031395656,0.0,0.034756285301171204,0.02472769042152687,0.012738945017044659,0.010499032735941086,0.0038617004798114462,0.0019534905100101778,0.022787687898678452
Ly6a_mm,0.0,0.0,0.0,0.40345696738250264,0.0,0.0,0.20458353726308648,0.1568576297693576,0.0,0.0,0.0,0.0,0.0,0.33517229367499984,0.0
Ly6d_mm,0.0,0.0,0.009090932915468322,0.010625947997321418,0.0,0.0,0.0,0.0,0.0,0.0,0.0,0.0,0.0,0.0,0.0
Ly6e_mm,0.7812472381465475,0.23178531591347895,0.09897489233090732,2.2468237035725744,0.0,0.07456561372961633,0.008767989225925395,0.19042309916380587,0.8371189885264777,0.0,0.0,0.00502264704645802,0.0,1.9833739833538153,0.28500004201471224
Ly6g5c_mm,2.629911029908212e-05,0.0,1.8864172807696525e-05,0.0002940306528975372,0.0,0.0,3.144028909270171e-05,0.0,0.0,0.0,0.0,0.0,0.0,0.0,0.0
Ly6g6f_mm,0.0,0.0,0.0,0.0,0.0,0.0,0.0,0.0,0.0,0.00022415384388789513,0.0,0.0,0.0,2.3474415184451908e-05,0.0
Ly6h_mm,0.0,0.0,0.0,0.0,0.0,0.0,0.0,0.0003332097754743491,0.0,0.0004928426455982723,4.302032014799386e-05,0.0,0.0,0.0,0.0
Ly6i_mm,0.0,0.0,0.0,0.0010161596914361947,1.9323244846725104e-05,0.0,0.0,0.0010106933596797914,0.0,0.00045931257029276096,0.0,0.0,0.0,0.0016053284729625886,0.0
Lyl1_mm,0.0,0.0,0.027865164688202944,0.2993370110380041,0.0,0.03740509035006297,0.10264410658548827,0.0,0.12802262547773527,0.0,0.6563773881437455,0.0076712411046582244,0.0,0.0,0.14975202632965717
Lypd3_mm,0.0009690277349625325,0.00019082248577013082,0.0,0.0,0.00015973561829310575,0.00041007269080512506,0.0,0.0,0.0,0.0004735193993548923,0.0,0.0,0.0,0.0,0.0
Lyz1_mm,0.0,0.0,6.307281335730102e-05,0.0003019798215416989,5.917305638623581e-05,0.0,0.0,9.528805201136727e-05,0.0,6.794337346271676e-05,0.0,5.859249112955138e-05,0.0,0.0,0.0
Lyzl6_mm,0.0,3.7114831941085355e-05,0.0,0.0,0.0,6.898641704670715e-05,3.801827083068685e-05,0.0,0.0,0.0,0.0,0.0,0.0,0.0003007400178473252,0.0
Lztr1_mm,0.3617423826574135,0.0,0.016881058218099026,0.6023919436055796,0.26502688280882675,0.0,0.0,0.1255374156442581,0.0,0.08159029513754075,0.1860930695201541,0.0,0.0019498794130174816,0.06937628897834963,0.007432236963997673
Lzts1_mm,0.0,0.005765943148868324,0.00841329936173338,0.00959835099017005,0.0,0.0,0.0,0.0,0.007449962236662305,0.0,0.0,0.0,0.0,0.0013130079775508043,0.003151565699124822
Lzts2_mm,0.10300350969234096,0.0,0.07281128755869931,0.19843021787660567,0.17470137470471359,0.0,0.0,0.17926830668083157,0.0,0.2645987531350901,0.07733368883282843,0.0,0.0009574183080305742,0.0,0.0
Maats1_mm,0.20115493203478318,0.0,0.013736354908410499,0.36538358936695897,0.12432700718549694,0.0,0.0,0.10248207827893228,0.0,0.21618249197700715,0.1610104354161657,0.012746747517233667,0.026063343713193552,0.3469069908971348,0.0823696155564131
Macf1_mm,0.6379052128499733,0.3199187060574084,0.28413478867856456,2.622139264680328,0.1410680607839891,0.7577698461140159,0.0,0.35813048787342155,0.6817369523628929,1.2154762625839959,1.3473206997786857,1.2362184180671354,0.6836033337730958,0.0,0.69003226047504
Maco1_mm,0.38402704981314123,0.03324647826471692,0.028675670460985108,0.7646601746509526,0.39078996101712044,0.1485116822070416,0.0,0.37300011266307803,0.0,0.7136623013628814,0.595233971633069,0.02953083509563665,0.1526447609063889,0.071309542511931,0.21533893041973073
Macrod1_mm,0.15645235132885768,0.0,0.0,0.04728681862129534,0.12319409266606615,0.0,0.03859667956483608,0.0,0.013860221094080966,0.0,0.14264989199222025,0.0014093262279503134,0.0,0.08174584878799793,0.0
Macroh2a1_mm,1.9161797588829304,0.6294002746847006,0.24133530012288096,2.1286690125531633,0.7041474261985471,1.672072338319925,0.0,0.0,0.0,0.5425774731761857,1.5431683435904346,0.2030315749751889,1.0018609670082468,1.1616106505429036,2.328394844529017
Madd_mm,0.28262451820352025,0.014513376785826272,0.0405216048146176,1.0201703341583142,0.24404031988458094,0.0237834357027087,0.03700584871694786,0.06745016273348743,0.10241392594262864,0.3381934036703945,0.5764065065070525,0.027248588385774507,0.09837298763293849,0.076610094900262,0.17075792777688265
Mafa_mm,0.0,0.0,0.00043395405783166124,0.0,0.0,0.0,0.0,0.0003536179071061161,0.0,0.0007994055877324279,0.0,3.927851634300521e-05,0.000651576636711964,0.0,0.0
Maff_mm,0.0,0.0,0.0,0.0,0.0,0.0,0.0,0.1334294155146794,0.0,0.01570282208548952,0.0,0.0,0.0,0.0,0.0
Mafg_mm,1.183024984310507,0.08164525518549703,0.057274313337858755,0.074691787588581,1.1692544451914406,0.0,0.0,0.7345790886707536,0.0,0.8616635162876733,0.4130347469335354,0.0,0.0,0.0,0.0
Maged1_mm,0.0,0.0,0.0,7.917084116139568e-05,0.0,0.0,3.7446218905249966e-05,0.00023764030452316518,0.0006027496225333458,0.0,0.0,3.828530097627016e-05,0.0,0.0,5.7425525600776044e-05
Mal_mm,0.0,0.0,0.00016583755317029148,0.0,0.0,0.0,0.00042609697611092716,0.0,0.0,0.00013992428380914026,0.0,0.0,0.0,0.0001757212721832343,0.0
Malat1_mm,1.717960169748017,3.130322987627755,0.29293123843917024,0.0,4.171773075261289,1.8153841919655025,2.1952357980713226,5.2039087336986665,3.8902715841768534,2.0849437605099963,0.0,5.605548385330672,7.050722449086682,1.9231211390587126,0.6070128423267637
Malrd1_mm,0.0,0.0,0.0,0.0,0.005341315045353639,0.0009864623064250095,0.0,0.0,0.002809593345082643,0.005440607839321077,0.0,0.0,0.0,0.0006456150182287964,0.0
Maml2_mm,0.0,0.018363844538207483,0.01566892101980702,0.20551669249149346,0.08297929300321392,0.0,0.0,0.027151958419452116,0.10095254646206649,0.11342692119900354,0.0,0.0021497765235900003,0.0,0.008027698243566453,0.0
Mamstr_mm,0.0,7.686222263765099e-05,6.760381037945161e-06,0.0,0.0,0.0,0.0,0.0,0.0,0.0003223564579826823,0.0,0.0,0.0,0.0,0.0
Man2b2_mm,0.01189674532249224,0.013614455349616784,0.0,0.008810971696897124,0.1386686445120352,0.0,0.0,0.03455984634870852,0.034805126640620104,0.043206337302198576,0.13082271758812697,0.030222127445051875,0.0,0.0,0.0
Man2c1_mm,0.06916804319113942,0.0,0.0,0.5763997177607153,0.31971901510534007,0.0,0.0,0.010881467603236664,0.0,0.04070360946233522,0.20095047978063219,0.0,0.03026684232429413,0.08358062392315123,0.0
Manbal_mm,0.250296533163108,0.0,0.0,0.1027828571978106,0.1961714521680435,0.0,0.0,0.13629615258460925,0.0,0.07364119243310537,0.1522748517725094,0.0,0.0,0.2712557637728788,0.0
Map10_mm,0.0,4.904320035840315e-05,0.0002496770519968746,0.0,0.0,0.0,0.0,0.0,0.0,0.0005656389766794943,0.0,0.0,0.0,0.0,0.0
Map1a_mm,0.0,0.0,0.0034075254017886755,0.00426902103462512,0.002487684844249158,0.0,0.001197637975506754,0.0009750683893329531,0.0,0.0034536644065389687,0.0,3.080297464244103e-05,0.0,0.0,0.0
Map2k2_mm,0.40208653020665164,0.12943318042887847,0.0,0.8643906361065999,0.5233684953406884,0.09840949030028615,0.1685090752716273,0.23286339458504218,0.0,0.36075847909614994,2.0811697023434292,0.003803180982111438,0.2862352942264568,0.13692166933999736,0.34827748350479504
Map3k1_mm,0.0,0.0,0.04370745933021497,0.6016800145777726,0.6203698113185117,0.15477978358230207,0.15632608081817576,0.3300642184273813,0.5780271454553888,0.9008471386235335,0.35266211918982,0.3691060805895636,0.13546149826270448,0.0,0.16129165049998467
Map3k6_mm,0.0,0.0,4.3976725746558906e-05,0.0,0.0002931646888789747,0.0,0.0,0.0,0.0,0.00041187390665591657,0.0004552563685323067,0.0,0.0,0.000556146879433966,0.0
Map4k4_mm,0.25770710064904806,0.03235655064783696,0.27573960803880493,1.9845631840566158,0.5910197621470362,0.43387458452650585,0.1417536309996301,0.6434078769760292,0.336975146782117,0.6449528735191792,1.5028328041186712,0.48290955691772003,1.2416990958439225,0.0,0.005813199628388782
Map7_mm,0.07437680477213027,0.0,0.0,0.05344943245866454,0.054524818316189834,0.0,0.0,0.0,0.01015730547901787,0.0547207565608439,0.17652236511721817,0.005945815098710728,0.06672191616707543,0.0,0.05912667190422078
Map7d2_mm,0.3831569199241666,0.2826298419528329,0.0,0.41684416389205603,0.0,0.0,0.0,0.5085178188666679,0.0,0.0,1.1893802246689105,0.0,0.6656033263998523,0.0,0.0
Map7d3_mm,0.0,0.0,0.0,7.49686586839652e-05,0.0,0.0,0.0,0.0,0.0,4.986409034691854e-06,2.6288214781085376e-05,0.0,0.0,0.0,0.0
Mapk11_mm,0.2615050480204272,0.0,0.0,0.599932011001063,0.1514525761441802,0.0,0.0,0.009346950122170048,0.0,0.0,0.0,0.0,0.0,0.025767358906554582,0.0
Mapk1ip1_mm,0.0012024072950905192,0.0,0.0,0.13310894393850378,0.11545933838368544,0.0,0.0,0.013229069207148517,0.02390541056545752,0.08232126376607238,0.0,0.0,0.0,0.05618344247661093,0.0
Mapk3_mm,0.05023153633795469,0.01658709619032079,0.0,0.1616160683701582,0.08365796698402261,0.0,0.010406517266170064,0.07667807465521646,0.05319893944965453,0.07868110552469011,0.029214827962969706,0.022263423008544402,0.0013945948909586123,0.0,0.0
Mapk4_mm,0.0,0.0,0.0,6.838826103825523e-05,0.0,0.0,0.0,0.0,0.0,0.0,3.888597620802419e-05,0.0,0.0,0.0004526794671174678,0.0
Mapk8ip2_mm,0.00032285352546923486,0.0003725231681658978,0.001285513716698713,0.00018027911845724275,0.0,0.0,0.0,0.0,0.001244955955528182,0.00424190220716236,0.0,0.0,0.0,0.0,0.0
Mapk8ip3_mm,0.0,0.0,0.05979688307919762,0.6345463003261436,0.47704108125208944,0.019186485742057568,0.0,0.3146599558449099,0.056779345401223424,0.6432890384780507,0.6227019861816034,0.08887015740650052,0.26543351791645486,0.0,0.0
Mapkap1_mm,0.3748530084300151,0.0,0.029899182308020057,0.8462815142473512,0.2932832786542453,0.06046277235544984,0.06550807972918012,0.15880524558229334,0.5735785548606166,0.3125224101297978,0.8491545555611828,0.117647855485945,0.0,0.03956366441033595,0.0
Marchf1_mm,0.00043843735125532926,0.0,0.0,0.08725756946078345,0.0,0.0,0.013575186825662377,0.011829646073168146,0.0,0.0,0.0,0.0,0.0,0.0005150957319718168,0.0
Marf1_mm,0.007038641679888908,0.023788912142220384,0.12809101104443132,1.219227619761134,0.38297161952561876,0.17793472051377776,0.028363848928967678,0.6629641003382665,0.3084647938179135,1.2304823374024696,0.2226860238521401,0.12144921312233115,0.02081271508635581,0.0,0.2269079373879882
Mars1_mm,0.2026287355869103,0.0,0.07397303427487498,0.7469951085605131,0.3659618610354075,0.04113448956094024,0.00835428796998649,0.11613494807510408,0.38546058080533907,0.10117567445882772,1.1159595154293191,0.057860136615490956,0.0,0.42498698456193973,0.7756348073565308
Mast3_mm,0.044430319229186124,0.0,0.0,0.6744133617956459,0.17372983912171205,0.017362575681687697,0.018080000806778886,0.0,0.1511441071167672,0.23497187693909952,0.4405332762178397,0.022585589606701834,0.07875129849252374,0.11596623971414614,0.016007399527116963
Matn3_mm,0.0,0.0,0.0,0.0,0.0007821675719337811,0.0,0.0,0.0,0.0,0.000859873222930965,0.0,0.0,0.0,0.0,0.0
Matn4_mm,0.0,0.0,0.0009013677761096348,0.0,0.00860031592420455,0.0,0.0,0.0,0.0,0.015721990311904094,0.0,0.0,0.0,0.002771818807696581,0.0
Mau2_mm,0.6113102270729747,0.0419594256663227,0.0,0.6570544447002795,0.2580367104839586,0.07916137701929864,0.0,0.2935421272361263,0.12033110997953371,0.9024393886423381,0.2827876397370769,0.0,0.0,0.11609407172748003,0.04360427333448788
Maz_mm,0.30276928440357,0.0,0.0,0.0,0.2906001235324071,0.0,0.0,0.0,0.0,0.10796040148459475,0.4798741580622567,0.05861825587292006,0.030617223593619156,0.0,0.0
Mblac2_mm,0.20533935231668227,0.0,0.0,0.18929030608961778,0.13249414425496586,0.0,0.001035588612230221,0.08608649053621455,0.09287557003830375,0.0,0.0,0.0,0.0,0.06401991949269341,0.0
Mcf2l_mm,0.0,0.0005557040462029458,0.0004986394606098129,5.7037987039349345e-05,0.0006001615041704908,0.0,0.0,0.0,0.0,0.0,0.0,0.00011114528448740872,0.0,0.0007676752322903571,0.0
Mcmdc2_mm,0.026481604844251785,0.001795069716147773,0.0,0.0,0.02156467133002707,0.0,0.0,0.01993733646663539,0.03829674153248051,0.07686803927919669,0.04668535996475464,0.01041334063617996,0.0,0.013986377468926654,0.0
Mcoln1_mm,0.08776872537657965,0.0,0.0,0.27264132308255595,0.21253593164235934,0.0,0.0,0.1610296073751999,0.06976299493475326,0.1539729457715147,0.0,0.0,0.0,0.05603416856751497,0.0
Mcrip1_mm,0.22145643568723547,0.0,0.11707642102073647,1.1604653787306631,0.8785559199538461,0.0036195098495415525,0.0,0.1600930749316141,0.0,0.0,0.4281526881191826,0.0,0.07852494566067443,0.48495580579294345,0.0
Mctp1_mm,0.0,0.0,0.0,0.1867342141713697,0.10193868096799666,0.0,0.02989744108639243,0.0825778678930179,0.13605560232666705,0.0,0.005839962922375482,0.04344710719299394,0.0,0.0,0.0
Mdga2_mm,0.0,0.0,0.0015658953334064649,0.0020241487459661555,0.0,0.0,0.015775741309641007,0.0,0.007838994863874274,0.10050855608229274,0.004461858941653387,0.0,0.07054642022091899,0.0014970923338657495,0.0
Mdn1_mm,1.147489749122061,0.0,0.2961074872675775,0.3653540384196307,0.0,0.7938994436457251,0.0,0.0010734473850511248,0.0,1.7278296316963622,2.7714510430456554,1.0215416632990326,1.2904518602920863,0.0,0.0
Mdp1_mm,0.5158928546571953,0.0,0.07402302312378152,0.6665631863121333,0.47214133914929,0.0,0.12722698959637824,0.07184769390681116,0.0,0.3287343405157847,0.20900275338281854,0.0,0.03644477889947678,0.43106107685142453,0.07709690432607585
Me1_mm,0.011350719698504468,0.015191647816599697,0.07338525008490542,0.10069424635515231,0.0,0.0,0.0003931659951442774,0.012721625123271277,0.0,0.0,0.0,0.0,0.0,0.0,0.0
Mea1_mm,0.22896192820052474,0.0,0.01266294430085436,0.43597602360856497,0.24232598105525374,0.0,0.08952466170278606,0.24632619009942597,0.0,0.03666742138917038,0.027834821069905123,0.0,0.0,1.429102250433397,0.0
Mef2a_mm,0.02516567166344349,0.04319307482608751,0.024428817785616293,0.11929290726332342,0.0,0.0,0.0,0.011813036368669467,0.13430889808578214,0.30795612235048825,0.003814694647545133,0.005490258975213524,0.0,0.0,0.0
Mefv_mm,0.0,0.0,0.0,3.5070964203800774e-05,0.0,0.00012331408471669437,3.556271723166349e-05,0.0,0.0,0.0,0.0,0.0,5.61007404097239e-05,0.00012519585539433128,0.0
Meg3_mm,0.0,0.0024865662050707867,0.021063539841625664,0.03543970930213327,0.0,0.0,0.0,0.0,0.0,0.01815913836601516,0.00172547450533514,0.0,0.007602201879577439,0.0,0.026306862532054647
Megf10_mm,0.004506604137553826,0.0,0.0,0.003693555432805295,0.004770364947566848,0.0,0.0,0.0,0.0,0.008406484586691652,0.0011820147370791574,0.0019880870574611907,0.000678764466469776,0.0,0.0
Megf6_mm,0.0,0.0035211643508504366,0.026720727074317843,0.036955767072262044,0.0,0.0,0.0,0.0,0.0,0.0,0.0,0.0,0.0,0.0,0.0
Megf8_mm,0.06783945951616215,0.0,0.04712534369527258,0.4687861843461008,0.22124002552128447,0.0,0.0,0.0,0.0,0.10942170376422833,0.13525281583223023,0.0,0.0714190612702517,0.029270844715114545,0.0
Mep1a_mm,0.0,0.0,0.0003687838026521167,0.0,0.00024415756747262613,0.0,0.0,0.0024296924940005833,0.0,0.0029789321086464682,0.0,0.0,0.0,0.0003984757827945497,0.0
Mep1b_mm,0.0,0.00030856427719331116,0.00034902730804232474,0.0,0.0,0.0,0.0,0.0,0.0008506435695279485,0.0,0.0,0.0,0.0,0.0,0.0
Metap1d_mm,0.24407174297225875,0.0,0.0,0.19256582263054184,0.25484329470502604,0.0,0.0,0.00883242007956737,0.06792339882461583,0.36067760095031975,0.1506583101886653,0.0,0.03159375881073861,0.06097697436480787,0.12213537259101986
Metrn_mm,0.1771832293605633,0.0,0.004305571821758977,0.11078828963771803,0.20495194904631733,0.06170260690701286,0.25481695082848665,0.0,0.0,0.0,1.6324218153871706,0.0,0.20204488070630489,0.020633770662245726,0.02190307686195752
Mettl1_mm,0.27042929753035255,0.0,0.0,0.0,0.2064758786656303,0.12425572615181954,0.0,0.07398970498231178,0.23597968560595378,0.42960266253454593,1.4009785370078263,0.08308146634002231,0.2775777981155918,0.10915257648759123,0.0
Mettl7a1_mm,0.13600018410542178,8.570546602008593e-05,0.005036094455149416,0.15926447437456331,0.14976623992654767,0.0,0.003034312527750721,0.007663973322673556,0.0,0.1668991467792842,0.0,0.0,0.0,0.013195694837237863,0.003118555254849075
Mettl7b_mm,0.0,0.0,0.0007883648147844079,0.0,0.0006608018093166009,0.0,0.0,0.0013959382706480998,0.0,0.0016827259395379636,0.0,0.0,0.0,0.0015349699995412494,0.0
Mfsd10_mm,0.848046056399608,0.0338888234568209,0.0,0.22095912095617662,0.27431179073842826,0.0,0.0,0.25374379256012747,0.0,0.0,0.7317609439583106,0.015690812436197986,0.0,0.3063453210866187,0.0
Mfsd4b5_mm,0.0,0.0,0.0,0.0,0.0,0.0,0.0,0.0,0.0,0.016789199712073186,0.0,0.0,0.05105948891643262,0.0,0.0
Mfsd6_mm,0.3658238536847065,0.16332255725443146,0.160162063043396,1.139807916211817,0.3584470314076024,0.0,0.0,0.3196390801137681,0.0969574596210655,0.4076970990148077,0.0,0.1205520131239346,0.017888044625350964,0.15371332962737003,0.0
Mfsd7a_mm,0.0,0.0,0.0001866704705429254,0.0,4.355162029285718e-05,0.0,0.0,0.0,0.0,0.0,0.0,3.1141371215158465e-05,2.4807695053155298e-05,0.0,0.0
Mgam_mm,0.0,0.0,0.00010931817203325952,0.0,0.0,0.0,0.0,0.002042142636609934,0.0,0.002663039439449004,0.0,0.0,0.0,0.0,0.0
Mgl2_mm,0.0,0.0020689134420697765,0.002274461838151377,0.005062357317809528,0.0,0.0,0.0,0.0,0.0,0.009132610907005812,0.0,0.0,0.0,0.0011740860531108913,0.006444235319193075
Mgll_mm,0.0,0.0009222626809971531,0.0030349427816272773,0.003000283297830006,0.0,0.0,0.0,0.0,0.0,0.0036918475862321907,0.0,0.0,0.0,0.00037814744448871234,0.0
Mgst2_mm,0.5005385123550058,0.0,0.009071013898063758,0.09929266514717111,0.3947095290518782,0.0,0.5121817488877506,0.09871238488866137,0.0,0.13766606743875923,0.0,0.0,0.0,0.13842024295927519,0.0
Mgst3_mm,0.393601226741645,0.0,0.0,0.0,0.0,0.0,0.9173983356207406,0.4171603228813951,0.0,0.0,0.0,0.0,0.0,0.8269846785635835,0.0
Mia3_mm,0.4182225531854823,0.10102532189498269,0.5146705050825527,0.8313181287050686,0.708357544772437,0.22293835611184742,0.11538608860892241,0.4677235173508988,0.5732929405676324,0.7810600258968785,0.8474425070722615,0.20999606043901434,0.3050139579255996,0.0,0.18829620887536752
Miat_mm,0.0,0.0,0.0,0.0002587448655014069,0.0,0.0,0.0,0.0,0.0001836861100328783,0.0,0.0,0.0,0.0,4.002818111545547e-06,3.347428319174543e-05
Mib2_mm,0.0,0.0,0.0,0.0719939329773602,0.17387796101897018,0.0,0.0,0.016411129272507898,0.0,0.026094584498832448,0.057748580904348305,0.0059188372616047905,0.028464418100552034,0.0,0.0
Mical1_mm,0.0,0.0013535852625664732,0.05303525140405338,0.05922369537714777,0.0,0.0,0.0,0.0,0.0,0.03551398675945492,0.0,0.0,0.0,0.0,0.0
Mical3_mm,0.09235740200550664,0.0,0.0,0.7810694267725177,0.06529627298281739,0.0,0.0,0.3431412664211295,0.0,0.372156622723798,0.7779452416691748,0.1324825099937808,0.33303410688774826,0.0,0.3896318708834691
Micall2_mm,0.0,0.0,0.0,0.0010118643281178314,0.003620750575510762,0.0,0.0,0.0,0.0,0.004273003558522787,0.0002740637893944417,0.0021975371631069683,0.0,0.0,0.0
Miga1_mm,0.32903709441734674,0.1614267229565981,0.03136872566349856,0.4629167904979423,0.3093763260387581,0.017766321911234315,0.0,0.12263999188649233,0.1681222700970829,0.7203222631155507,0.5586880725611729,0.1630986995217077,0.058660628473839724,0.07347034978999119,0.0246314128053913
Minar2_mm,0.0,9.192633720840603e-05,0.0002412717785999681,0.0,0.0,0.0,0.0,0.0,0.0009642384116536004,0.0,0.0,0.0,0.0,0.0002595408852124163,0.0
Mindy1_mm,0.37094413216890987,0.0,0.04707823015939368,0.6776751867010512,0.3437618233942155,0.005267032889476565,0.05077675607309654,0.08972354960062265,0.04318001164590442,0.0,0.0,0.0,0.0,0.16265048350893305,0.0
Mindy2_mm,0.2641028462314473,0.0,0.0,0.4628449135220009,0.2244641075102569,0.0014638388212295447,0.04673579780796966,0.32188948347787305,0.19302134454252817,0.52867107691403,0.0,0.09107076982252722,0.020261175700552383,0.042566039354377326,0.005893844552957526
Mir1190_mm,0.0,0.0,0.0,0.0,0.0,0.0,0.0,0.0,0.0,7.014678705959109e-05,0.0,0.00021688057521366646,0.0,0.0,0.0
Mir1198_mm,0.0,0.0,0.0,0.0,0.00024491672883475527,0.0,0.0,1.332570336754624e-05,0.0,0.0006377576698913006,0.0,0.0,0.0,0.0,0.0
Mir124-2hg_mm,0.0,0.0006063377467504828,0.0,0.0,0.0,0.0,0.0010017178162818948,0.0,0.0,0.0,0.0,0.0,0.0,0.0,0.0
Mir124a-1hg_mm,0.0,0.00017255049005161573,1.0218076773355938e-05,0.0,0.0,9.48943986625804e-05,0.0,0.0,0.0,0.0,0.0,0.0,0.0,0.0006128121971443934,0.0
Mir142hg_mm,0.0,0.0,0.0,0.1238932313873221,0.07728558857216584,0.0,0.02119645452796977,0.0,0.0,0.005091133532705913,0.0917335794727665,0.0,0.0,0.0,0.0
Mir148b_mm,0.0,0.0,0.0,0.0,0.0,0.0,0.0,0.00018573815910505835,0.0,0.0,0.0,0.0,0.0,0.0,0.0
Mir1668_mm,1.50856334724144e-05,0.0,0.0,0.0,3.186670600165733e-05,0.0,0.0,1.3696202703006548e-05,0.0,0.00011087324645604496,0.0,0.0,0.0,2.1465788845330693e-05,0.0
Mir181a-1hg_mm,0.07048105669101375,0.024399448173071107,0.0,0.09172159571616165,0.026067443401484897,0.0,0.0,0.0,0.048565815338111516,0.11352103192056,0.04302137809310209,0.0,0.02270542153824642,0.009827512290357825,0.016582077711851766
Mir1898_mm,2.5008486996290908e-05,0.0,0.0,0.0001816864228881084,0.0,0.0,0.0,0.0,0.0,5.839736060169331e-05,0.0,0.0,8.94799324132106e-07,0.0,0.0
Mir1933_mm,0.0,0.0,0.0,0.0,3.302431406377037e-05,0.0,0.0,0.0,0.0,0.0,5.6057086298493385e-05,0.0,0.0,0.0,0.0
Mir1936_mm,0.0,0.0,4.2052731424224196e-05,6.395927896068451e-05,0.0,0.0,0.0,0.0,0.0,0.0,0.0,0.0,0.0,0.0,0.0
Mir1983_mm,0.0,0.0,0.0,0.0,0.0,0.0001345701674590856,0.0,0.0,0.0003730402901549342,0.0,0.0,0.0,0.0,0.0,0.0
Mir22hg_mm,0.0,0.0,0.0,0.16295771409706825,0.12371315441943682,0.0,0.0,0.45176528991319126,0.0,0.1775047038510328,0.0,0.0,0.0,0.0,0.0
Mir3061_mm,9.62243661315515e-06,0.0,0.0,0.0,0.0,5.9383865793581716e-05,0.00013552551840386828,0.0,0.0007233057642022157,0.0,0.0,0.0,0.0,0.0,0.0
Mir3067_mm,0.00010103854429246967,0.0,0.0,0.0,0.0,0.0,0.0,5.669759714965268e-05,0.0003288566568517976,0.0,0.00036355579373395725,8.655841989407487e-05,0.0,0.0,0.0
Mir3075_mm,5.8828139778487145e-05,0.0,0.0,0.0,0.0,0.0,0.0,0.0,6.71794083372305e-05,0.0,0.00018604553267146436,0.0,0.0,0.0,0.0
Mir3107_mm,0.0,0.0,0.0,0.0001746680763826174,0.0,0.0,0.0,0.0,0.0,0.0,0.0,0.0,1.9440273699047137e-05,0.0,0.0
Mir330_mm,0.0,0.0,0.0,0.0,1.6732473547306618e-05,0.0,0.0,0.0,0.0,9.690113238827332e-05,0.0,0.0,2.077424298674589e-05,0.0,0.0
Mir341_mm,2.8514315546753276e-05,0.0,0.0,0.0,0.0,2.136295093792324e-06,0.0,0.0,5.1967350489598274e-05,0.0,0.0001838676085614537,0.0,0.0,0.0,0.0
Mir3473d_mm,1.6821584584591286e-05,0.0,0.0,0.0,0.0,2.143344500368948e-05,0.0,0.0,0.0,1.4331859759589633e-05,0.0002692453139509666,0.0,8.779393637169994e-05,0.0,0.0
Mir350_mm,0.0,0.000269650906079494,0.0,0.0,0.0001688097676753424,0.0,0.0,0.0,0.0,0.0,0.0,0.0,0.0,0.0,0.0
Mir378d_mm,0.0,0.0,0.0,0.00015081471156986757,2.0325334602082752e-05,0.0,0.0,0.00017388518242833902,0.0,8.498401426104797e-05,0.0,0.0,0.0,0.0,0.0
Mir467c_mm,0.0,0.0,0.0,0.0,0.0,0.0,0.0,0.0,0.0,2.391316149927146e-06,0.0,7.845798241931278e-05,0.00019231072380492716,0.0,0.0
Mir599_mm,0.0,4.4818610515217005e-05,0.0,0.0,0.0,0.0,5.354063616367177e-05,0.0,2.3780649889717094e-05,0.0,0.00015131100374248067,0.0,0.0,0.00017392922381758046,0.0
Mir6367_mm,0.0,0.0,0.0,4.184599899407408e-05,0.0,0.0,0.0,8.977804635639227e-05,0.0,8.796436888233306e-05,0.0,0.0,5.286944307909653e-06,0.0,0.0
Mir697_mm,5.306331144650951e-05,0.0,0.0,0.0,2.3614336809039688e-05,0.0,0.0,0.00020582796289692033,0.0,0.0,0.0,0.0,0.0,0.0,0.0
Mir702_mm,0.00013761726844998775,0.0,0.0,0.0,6.504097316052681e-05,0.0,0.0,8.190357970142863e-06,0.0,0.00016222700852375503,5.983722222166888e-05,0.0,1.1002644734975314e-05,0.00010215415793106502,0.0
Mir703_mm,0.40804704090621857,0.011232963479472013,0.08303551741655492,0.02370498918129106,0.4643312065978855,0.0,0.07448913151381005,0.004077337380766782,0.05957358185307609,0.4044574084615609,0.13857795588708366,0.0,0.2255420442226059,0.3898848411186082,0.17853479788302695
Mir7082_mm,0.0,0.0,0.0,0.0,0.00010942202358496164,0.0,0.0,0.0,0.0,8.339768835160955e-05,0.0,0.00019098544375471693,0.0,0.0,0.0
Mir744_mm,0.0,0.0,0.0,0.0,8.670143013844709e-05,0.0,0.0,0.0,0.0,7.131919111886836e-05,0.0,0.0,0.0,0.0,0.0
Mir761_mm,0.0,0.0,0.0,0.0001602477019599996,2.1540437064186425e-05,0.0,0.0,0.0,0.0,6.249134020887299e-05,0.0,0.0,1.6808832558649696e-05,0.0,0.0
Mir8098_mm,6.47420864642136e-05,0.0,6.844090323328435e-05,0.0002831356432827981,0.0002764935122777758,0.0,0.000510448336188233,2.8271672152184633e-05,0.0,0.0,0.0012814401964720962,0.0,0.0,0.0,0.0
Mir9-3hg_mm,0.0,0.0,4.501135183877939e-05,8.842072855117848e-05,0.0,0.0,0.0,0.0,0.0,0.00012122722085976167,0.0,0.0,0.0,0.0,0.0
Mirt1_mm,0.2455527400758231,0.0,0.0,0.3629358380643776,0.4508624209645034,0.0,0.0,0.0,0.0,0.25254297297239936,0.0,0.0,0.027990519050314838,0.12033641232424151,0.13593131895716018
Mki67_mm,0.0,0.7619112122980286,0.11663052139513028,0.6481538246462755,0.0,0.36440096080399365,0.0,0.0,0.7692581596752794,0.28956005703409204,0.5053105494779375,1.291727467595775,0.0,0.49779932199174864,14.817023416228915
Mkrn2_mm,0.14756695979610562,0.0,0.0,0.4507869738393342,0.24145496502014693,0.04312237379242219,0.0,0.09784023720765625,0.0,0.2130632656119333,0.40305012670137563,0.05146920709091897,0.0,0.12079814766902534,0.005496556402485775
Mlana_mm,0.0,0.0007748333776499538,0.0012946023412117105,0.00197274919401,0.0,0.0,0.003226073353086776,0.0003981413693003568,0.0,0.0018458355511325145,0.0,0.0,0.0,0.001665615261079643,0.0
Mllt10_mm,0.705066376628175,0.0,0.10704811221115276,0.8231494627424675,0.4662377835229786,0.26466801160659453,0.0,0.04536818413116471,1.1358783930287462,0.836563121163124,0.8416332504157421,0.04575840658846863,0.0,0.07440054285224888,0.27399440327785723
Mllt11_mm,0.07579339781446756,0.0,0.0,0.020050958322416858,0.048934483284044455,0.0,0.061183929529207225,0.08138297297722842,0.00800666395029412,0.0,0.0,0.0,0.0,0.009599916049148921,0.0
Mllt1_mm,0.0,0.0,0.0,0.0,0.0,0.0,0.0,0.006948921723467741,0.0,0.0,0.0,0.0,0.0,0.0,0.0
Mlycd_mm,0.0,0.0,0.0865431772350051,0.5503868249499153,0.27332264465616424,0.0,0.0,0.0,0.0,0.26572221372438054,0.0,0.0,0.0,0.058244224443049906,0.0
Mmab_mm,0.15574512297368898,0.0,0.0,0.19994155589335796,0.09762669314176928,0.0,0.012018839934447075,0.0,0.04355531096761113,0.0,0.20884310810793005,0.04150511779728794,0.0,0.06575825095900337,0.07407589957101639
Mmd2_mm,0.0,0.0001916464973759875,0.0,0.0,0.0,0.0,0.0,0.0,0.0005314623909460881,0.0,0.0,9.893522907689976e-05,0.0,0.0,0.0
Mme_mm,0.0,0.0041657404152957555,0.0,0.0,0.002545590248626972,0.0,0.0,0.0004914153980316934,0.0065767644661854025,0.009334420669198904,0.005897124516328996,0.0007318709964163243,5.42760381004107e-05,0.0023932048150914122,0.0
Mmp10_mm,0.0,0.0,0.006158316610395839,0.0,0.0,0.0,0.0,0.08406998446571746,0.0,0.0,0.0,0.0,0.0,8.768368333939079e-05,0.0
Mmp11_mm,0.03659535991452657,0.0,0.012087617813715562,0.14934594923666172,0.10789472638773392,0.0,0.0,0.0,0.0,0.040752886775542015,0.0,0.0,0.0,0.05122471803853467,0.0
Mmp12_mm,0.0,0.0,0.0,0.0,0.0,0.0,0.0,0.4411229522253433,0.0,0.0,0.0,0.0,0.0,0.0,0.0
Mmp13_mm,0.0,0.0,0.0,0.0,0.0,0.0,0.0,0.6022364568413376,0.0,0.0,0.0,0.0,0.0,0.0,0.0
Mmp16_mm,0.0,0.0,6.21177871383026e-05,0.0,0.0,0.0003348759578705359,0.0,0.0,0.00013055536436727206,0.0009158375847136067,0.0,0.0,0.0,0.0,0.0
Mmp19_mm,0.0,2.8481813308669266e-05,0.009737568576631678,0.02240844628106341,0.0107331076033072,0.0,0.0,0.011405085259473263,0.003938155051934832,0.0060025724746347745,0.0,0.0,0.0,0.0,0.0
Mmp20_mm,0.0,0.0,3.0499936040088893e-06,0.0,0.0,0.0,0.001141888731363117,0.0,0.0,0.0,0.0,0.0,0.0,0.0,0.0
Mmp23_mm,0.0,0.0,0.0,0.01625462001916547,0.03604015876905233,0.0,0.0,0.0,0.0,0.007391072950332485,0.003650294403297463,0.0,0.0028752776625774056,0.0,0.0
Mmrn1_mm,0.0,0.0,0.0,0.0005884023952528279,0.0,0.004674539134274695,0.0,0.0,0.00895882845128953,0.016305165290272955,0.0,0.0,0.0,0.005204783569457913,0.012620281701973443
Mmrn2_mm,0.0,0.0,0.010467635171194754,0.00808301385202987,0.0,0.0,0.0,0.0046471777753430855,0.0,0.006400281556761145,0.0,0.0,0.0,0.0,0.0
Mon2_mm,0.398725993715836,0.020160649021257932,0.008824654152418964,0.9502757577657587,0.46192951009858974,0.14358914352311922,0.0,0.39880618520058875,0.4025508315031131,0.6091233321693961,0.39156878326364775,0.01709684152692072,0.0,0.07639240687602092,0.0
Morc2a_mm,0.021264547525698826,0.0,0.0,0.0,0.05713971863452315,0.10006858173985245,0.0,0.0,0.02167012896840055,0.31792072012827,0.09941632380343086,0.0,0.04546366948815292,0.06307659036443733,0.09233610186079609
Mov10l1_mm,0.0,0.0,0.0015559208045233263,0.0,0.0,0.0,0.0,0.0,0.0,0.0,0.0,0.0,0.0,0.0,0.0
Mpdu1_mm,0.23708397422721197,0.0,0.0,0.026912218325179926,0.19309169824847217,0.0,0.0,0.1191924413994812,0.0,0.0,0.29936827623515827,0.008861748880674388,0.025908420344865873,0.09866989502303923,0.0025863485943129557
Mpdz_mm,0.0,0.0,0.0,0.0,0.0,0.0,0.0002295814436277829,1.5167077701635933e-05,0.0,0.0,0.0,0.0,0.0,0.0001509566314599698,0.0001519106725006784
Mpeg1_mm,0.0,0.0,0.005367621600538157,0.048806342515146074,0.0,0.0,0.005754655031424836,0.0,0.0013138621538397108,0.0097120124712616,0.0,0.001586264558377001,0.0,0.0044907052480660445,0.0
Mphosph8_mm,1.2293071937016635,0.05739768557825197,0.1791790627192256,0.6808881629910138,0.49861559955739093,0.28274838251789486,0.0,0.2620271991561626,0.0,1.5153314145289212,1.4307814133896342,0.0,0.5747087301476318,0.33028425316628607,1.0257171503107103
Mpnd_mm,0.022730475522948292,0.0,0.0,0.6559633566508803,0.342692155366734,0.0,0.015096769398462852,0.10594294061816344,0.0,0.0,0.5684198008970107,0.0482018871442574,0.08947632950531008,0.17002584481813243,0.0
Mpped1_mm,0.0,0.0,0.0001067093777863832,0.0006429962026476617,0.0,0.00040080282381139585,0.0,0.0,0.0,0.0,0.0,0.0,0.0,0.0,0.0
Mpv17_mm,0.05960861433902368,0.0,0.015799486251248943,0.14658781860597656,0.06186559805591993,0.0,0.0,0.10517521332911972,0.15736557743118862,0.1682494257806321,0.04149839443738925,0.0,0.0022931689016006357,0.05106052066592259,0.0
Mpz_mm,0.0,0.0,0.0,0.0006271669377617476,0.0006768702220638716,0.0006491319595634605,0.0011990101109320183,0.0,0.0,0.0005884639357188886,0.0,0.0002600040228690907,0.0,0.0,0.0
Mpzl2_mm,0.0,0.0,0.07799731923133664,0.015763824533512473,0.0,0.0,0.0,0.002936389048059948,0.16244396406726894,0.12556723482574628,0.016086583025612475,0.0,0.103545482703423,0.0,0.006440533433512582
Mr1_mm,0.07734675145696684,0.0,0.0,0.2943472187722641,0.15517166709950378,0.0,0.07024539851078675,0.09175573249905704,0.12227200951629796,0.11097742153383978,0.0,0.0,0.0,0.017197024889445828,0.0
Mrgpra1_mm,0.08005616654653354,0.0,0.0,0.002095337961613528,0.018428589970906066,0.0,0.02354968616966058,0.01179432809260689,0.0,0.0,0.0,0.0,0.0,0.011627571567929682,0.0
Mrgpra3_mm,0.0,3.302911637758367e-05,0.0,0.0,0.0,0.0,7.923934241034184e-05,0.0,0.00031775985094200656,0.0,0.0,0.0,0.0,0.0004932657280443615,0.0
Mrgprh_mm,0.0,0.0,0.00013140329926919194,0.0,1.13064147565427e-05,0.0,0.0,3.570436040376566e-05,0.0,8.828751608991812e-05,0.0,0.0,0.0,0.0,0.0
Mrgprx2_mm,0.0,0.0,0.006036481867835657,0.0013534882165589439,0.0,0.0,0.0,0.0,0.0,0.0,0.0,0.0,0.0,0.0,0.0
Mroh1_mm,0.0,0.0,0.029785567500196317,0.5301762777827902,0.25774019890979727,0.0,0.0,0.4239081843084934,0.0,0.1960411927791127,0.07072960958245098,0.0,0.0057759656699853884,0.0,0.0
Mroh4_mm,5.086450278615401e-05,0.0,0.0,0.0003110776454581086,0.0,0.0,0.0,0.00020966008766072153,0.0,0.0,0.0,0.0,0.0,8.0724825617421e-05,0.0
Mrpl53_mm,0.0010679125667111902,0.0,0.0,0.0,0.0015239471595320214,0.0,0.0023887406915900494,0.0,0.0,0.002598498340415834,0.0,0.0,2.13932423320765e-05,0.0,0.0003954696723265693
Mrtfb_mm,0.40444516323853724,0.0,0.0,0.6956762715901355,0.18627796029492538,0.0,0.00251758247321475,0.4383036648106571,0.4823056012942151,0.18636824706250793,0.2862778425172484,0.1161188826287575,0.0,0.0,0.0
Mrvi1_mm,0.596852344639504,0.042056523338246804,0.04605796115499082,0.649956549897682,0.2610366542628857,0.0,0.0,0.0,0.04661370039146156,0.07200895751911758,0.23550295281632005,0.050683926285158144,0.1013506318445077,0.05528392783672709,0.11173627427074713
Ms4a20_mm,0.0,0.0,0.0,0.0,0.0036180292694235785,0.0,0.0,0.0,0.0,0.03637025683249603,0.0,0.0,0.056271839147500106,0.0,0.0
Ms4a6b_mm,0.0,0.001132187614137147,3.951750011171196e-05,0.0,0.0,0.0,0.0,0.0,0.0,0.0014577093605242291,0.0,0.0,0.0,0.0009640101436434566,0.0
Ms4a6c_mm,0.0011798365286569334,0.0013225431969857307,0.0,0.0,0.0019926202629628564,0.0,0.0,0.0,0.006183906373698817,0.009076641125027827,0.0,0.0011309134566340957,0.0,0.00525588739541003,0.0
Ms4a8a_mm,0.0,0.000563961771864592,8.840669356586203e-05,0.0002923592408983474,0.0,0.0,0.0,0.0,0.0,3.393178049379123e-05,0.0,0.0,0.0,0.0006889186550734981,0.0
Msh3_mm,0.0,0.0,0.0,0.0,0.6523806749731754,0.03296166654666429,0.0,1.367881200953962,0.5954758902988981,1.4228615284163681,0.2974945371957615,0.0,0.03718267008710972,0.0,0.0
Msh5_mm,0.0,0.0,0.0,0.25685462967061956,0.10021216092296334,0.0,0.0,0.0,0.0,0.11921408599594628,0.0,0.0,0.0407262635703261,0.012864013929862623,0.1723101986358007
Mst1_mm,0.0009806972222236622,0.0,0.016401655971237883,0.16242679568675,0.23387413652638467,0.0,0.0,0.013650422987085483,0.0,0.0,0.0,0.0,0.0,0.011171315111436025,0.0
Mst1r_mm,0.0,0.0,0.0005724170781791078,0.000641180447627738,0.000207665130536056,0.0,0.0,0.0,0.0,0.00031911845192327985,0.0,0.0,0.0,0.0,0.0
Mt1_mm,0.0,3.1662695321277985,0.0,1.2710331290767238,0.49612626104309365,1.3922292136624914,10.334019806732648,1.8766027118656357,3.2080104085778647,0.0,1.3487387230597176,0.0,0.0,1.2855576179338515,0.0
Mt2_mm,0.9125769169133243,5.227646080821402,0.0,0.0,1.9624067776703904,1.825920351401127,11.89851188133155,1.8378179759922413,3.3256465402794997,0.0,1.416093686471081,0.13426404054758345,0.20218403450881325,1.5094828947325512,0.0
Mtap_mm,0.0,0.0,0.0,0.0,0.0,0.0,1.1854935801518636e-05,8.147750259518583e-05,5.6373931376710995e-05,0.0,0.0,0.0,0.0,0.0,0.00028433098691390684
Mtarc2_mm,1.2060645641635237,0.0,0.06699947381970649,1.0740391812326924,0.8615668115408878,0.5497713945760109,0.9165632516712272,0.15991253458975332,0.0,0.6770111541366933,0.221124183454026,0.0,0.09601198024307085,0.36585897973296677,0.6821240216817905
Mthfr_mm,0.017249069366080914,0.0,0.03758136737855199,0.1358817750046421,0.2080015884921233,0.00806562789569209,0.0,0.048576273842516796,0.0,0.14397682761950534,0.07432845491244773,0.0,0.0,0.041885360959535725,0.0
Mtln_mm,0.3501268479004537,0.0,0.0,0.0,0.22693235496353864,0.0,0.6102090861860604,0.131749926557792,0.09841115400827805,0.0,0.3358866194279657,0.23891995967158136,0.0,0.0,0.0
Mtmr12_mm,0.04821692974992422,0.0,0.02478241785330546,0.12532188610253941,0.001791558460524488,0.0077802429298059255,0.005867693146407468,0.056060325222303635,0.0800734475717248,0.09802493019983603,0.06267840807444129,0.03194754996211094,0.0,0.008615470509804532,0.0815351239994461
Mtmr3_mm,0.07896025975947714,0.0,0.0,0.5574633567618348,0.4293774298377069,0.12189764259754413,0.0,0.04526506101977622,0.10722370461560592,0.5701534331010968,0.07928317471232947,0.0,0.0,0.10913556527737399,0.14227897111762272
Mtus1_mm,0.0,0.0,0.01774044330218256,0.004490624061382501,0.0,0.0,0.0,0.0002708883757991652,0.0,0.0011748165066451492,0.0,0.0,0.0,0.0,0.0
Mtus2_mm,0.0,0.0,0.016070674007439775,0.014792698042230162,0.0,0.0,0.0,0.0,0.0,0.0,0.0,0.0,0.0,0.006436819860231461,0.0
Muc5b_mm,0.0,0.0011891627235666264,0.00045334511993319783,8.395527228131572e-05,0.0,0.0,0.0,0.0,3.936835937821597e-06,0.00021429750608586274,0.0,0.0,0.0,0.0,0.0
Mucl1_mm,0.0,0.0,2.4105906468293128e-05,0.0,0.0,0.0,8.60354057045667e-05,0.0,4.293290483304425e-05,0.00019577874111008115,0.0,0.0,5.990324626685827e-05,0.0001704996582615834,0.0
Mvb12a_mm,0.13091706310594173,0.0,0.0,0.349001415323817,0.2879779723032788,0.0,0.21758975529297067,0.27436853671044914,0.0,0.0,0.5385822229284647,0.040529177810460434,0.0,0.4647363015127408,0.0
Mvb12b_mm,0.0,0.001825817169536029,0.0,0.0014843767062114625,0.0,0.0,0.00080639478042135,0.0,0.0008686373312123742,0.0016986527139706848,0.0,0.0,0.0,2.1088606462795844e-05,0.0
Mvp_mm,0.04128363751208138,0.025955734507939074,0.10324662283508533,0.23465884093496853,0.037424772575527794,0.0,0.0,0.13465226315138662,0.0,0.31541408327362813,0.10861879594307795,0.0,0.0,0.0,0.0
Mxd1_mm,0.006180931312294589,0.0,0.0,0.09367320629345427,0.09300809526780605,0.0,0.0,0.13498830136578766,0.011776326947473891,0.172996591566505,0.0,0.009203242400128535,0.0036562912668567714,0.0,0.0
Mxd4_mm,0.0,0.1581956049745553,0.2539895514061073,1.2353552440403888,0.20138556201279953,0.0,0.002092092328880294,0.2652590820319145,0.0,0.5819760365988789,0.0,0.0,0.06627341249155334,0.0,0.0
Myadml2os_mm,0.0,0.0,0.0,0.00013638094638295485,0.00014210016626877377,0.0,0.0,0.0,0.0,1.6218388619970476e-05,2.724803078736409e-05,0.0,0.0,8.009468567491288e-05,0.0
Myb_mm,0.7664816543276334,0.0,0.03345969868380922,0.12697379373214232,0.0,0.23852846480387474,0.0,0.0,1.2017766722947159,0.6417665382779754,1.1638393439544013,0.36115268478244256,0.2786460733360422,0.0,0.6962101081606114
Mybbp1a_mm,1.1941487628243486,0.3467984908634041,0.09924555228199261,0.42260666749023873,0.0,1.530991675579292,0.0,0.33818693533655547,0.8867900494752602,0.6852709877846545,4.387469967231126,1.0684342461229945,0.8213599105918049,0.2821006362533558,0.2389740308768145
Mybpc1_mm,0.0,0.0,0.0,0.038136662466505426,0.07885719857711929,0.0,0.0,0.0,0.0,0.03524255166932632,0.0,0.010979186584700026,0.012110714020949908,0.0,0.0
Mybpc2_mm,0.0,0.0,0.005286016248871285,0.012255914011294625,0.0,0.0,0.0,0.0,0.0,0.019951253678923375,0.0,0.0,0.0020540114139105904,0.0,0.0
Myc_mm,1.462073404935883,0.049276938193355165,0.0,0.0,0.0,0.061492247343982565,0.0,0.0,1.0355886414005873,0.07056273290656213,1.1673942720888908,0.0,0.0,0.0,0.0
Mycbp2_mm,1.12956831351097,0.24702680093686105,0.21713985779323514,1.4118782141115513,0.8098748971707433,0.9345817797695546,0.11484630148578812,0.6787853276728055,0.3674192372263184,2.0362810709698795,1.4892549765287353,1.3411671121505622,0.38356078028799245,0.0,0.0
Mycl_mm,0.0,0.0,0.00015331117212360063,0.0,0.0,0.0,0.0,0.000202120591305699,0.0,4.918383819563781e-05,0.0,0.0,0.0,0.0,0.0
Myh10_mm,0.0,0.055225452438533267,0.07070657388848543,1.645389482439327,0.0,0.15804253731880008,0.0,0.11746410769463932,0.0,0.07261770679512579,1.6451120160635524,0.03901096257560363,1.5219368711121415,0.0,2.2178641471264275
Myh15_mm,0.0,0.0,0.0002759024399619415,5.2385400570249816e-05,0.0,0.0,0.0,0.00025514080796381076,0.0,0.004128098056060271,0.0,0.0,0.0006819718391294623,6.772011364486194e-05,0.0005816885127284092
Myh1_mm,2.7982321326135812e-05,0.0,0.0002410939294175504,0.0,6.82838719885665e-05,0.0,0.0,0.0,0.0,3.240385394056602e-05,0.0,0.0,0.0,0.0,0.0
Myh3_mm,0.0,0.0,0.008085091110195203,0.002161679970999046,0.0,0.0,0.0,0.0011120544683737895,0.0,0.00865957943769783,0.0,0.0,0.0,0.0,0.0
Myh6_mm,0.0,0.0,0.003553390247959801,0.013618067251290961,0.0,0.0,0.0,0.0,0.0,0.005760193213675107,0.0,0.0,0.008145429435806933,0.00019805330263569993,0.0022212359630575853
Myh9_mm,0.0,0.06161517685112029,0.047907707169601944,1.5913448818818334,0.38997463095227713,0.0,0.0,0.4097003099445505,0.0,0.752687503367653,0.9293055581110301,0.2942401392742768,0.6349304919637988,0.0,0.0
Myl4_mm,0.0,0.0,0.020111111864232447,0.032817845733518924,0.0,0.0068205987367533066,0.034920088036664645,0.0,0.0,0.0014667928094346456,0.00038153122145577657,0.0,0.0,0.07953983238777584,0.014731345224018469
Mylip_mm,0.0,0.10306966225189444,0.02280001519785151,0.25961417435867556,0.459754982116203,0.0,0.17539087151087815,0.1652870251078524,0.3036101349158609,0.2873291109634959,0.0,0.07004772950054354,0.004719300948163789,0.01376440719188855,0.0
Mylk3_mm,0.0,0.00018556946801411958,0.0005968092441016006,0.00012368137381613906,0.0,0.0,0.0,0.0,0.0009130717778113503,0.00285407361836049,0.0,0.0,0.0,0.0,0.000553313098501202
Mylk_mm,0.16209604246223516,0.09152824279078348,0.04669889894080882,0.38278007948464954,0.0,0.0,0.0,0.012506279947784842,0.0,0.0,0.16356703884872761,0.019898198933269093,0.019397122734698912,0.02041660945259976,0.0
Mymx_mm,0.0,0.0,0.0009894175333983236,0.0,0.00020010578274629696,0.0,0.0,0.0001894812205463831,0.0,3.5102469145871135e-05,0.0,0.0,0.0,0.0001850165638798403,0.0
Myo18a_mm,0.0,0.0,0.0002898202267159885,0.886280770931323,0.1768509589385462,0.0,0.00848875960881359,0.0,0.11184994292157173,0.2453432684174357,0.7653171832051416,0.05896059262105032,0.6352573167775071,0.047044821065653025,0.2052566331774361
Myo18b_mm,0.0,0.0004053705311593459,0.00014124011607055608,3.613793073216667e-05,0.0,0.0,0.0,0.0,0.0,0.0009963070797813032,0.0,0.00018331685410840487,0.0,0.0,0.0
Myo1b_mm,0.001228580106600079,0.0,0.0,0.001508847360293164,0.0,0.0,0.00046351553796798815,0.0,0.0006959691581550365,0.0009265094698755224,0.0,0.0,0.0,0.0,0.0008254251846638194
Myo1e_mm,0.0,0.0,0.03384373481360404,0.1502925055614541,0.0,0.0,0.0,0.003920559258807053,0.005637651436858213,0.04966711560316538,0.0,0.0,0.0,0.018872859807980067,0.0
Myo1f_mm,0.00028935366430304156,0.0,0.0,0.1350069371768877,0.029542571212552434,0.0,0.0,0.05256759963064013,0.0,0.0,0.0,0.003780146147671207,0.0,0.006467463930480482,0.0
Myo1g_mm,0.3911596054853854,0.0,0.0,0.522767973775339,0.36402776923162294,0.007214052083930581,0.0,0.17704472571295107,0.007735611790712983,0.2425097338298139,0.23443692943445807,0.0,0.0,0.187425424136667,0.0
Myo5a_mm,0.7874097462091283,0.1943513043742193,0.0,2.9392735918291617,0.7568370515616267,1.149024905577824,0.0,0.14254851876968472,0.5686195106626872,2.432771384639074,0.0,1.4236052720544008,1.3741677027764476,0.06423871511624357,0.7052210388615917
Myo9b_mm,0.1335391566170816,0.0415195856788539,0.024904789264617973,1.009506195680543,0.14383074909590335,0.036635942934227075,0.0,0.16359003011721043,0.1306676734959879,0.3283731921225238,0.8462503254107379,0.09023162491771343,0.03794784750726549,0.0,0.19251216372833363
Myocd_mm,2.7523728292798073e-06,0.0,2.6205548469589607e-05,9.365350908399285e-05,0.0,0.0,0.0,0.0,0.0002686136263408766,0.0,0.0,0.0,0.0,0.0,0.0
Myom1_mm,0.3895168366538843,0.002307691217598811,0.006540335171836999,0.30068206788893914,0.2682460128823807,0.0,0.0,0.0,0.14320104225344515,0.2390515327884529,0.12858001668637373,0.022332508368967746,0.04813649742503858,0.010612103100114591,0.08452896930152523
Myom3_mm,0.0,0.001410748211559926,0.040726101631145706,0.17011896281777417,0.0,0.009902104847329932,0.0,0.0,0.0,0.0,0.0,0.0,0.0,0.019787352671711455,0.0468968903261363
Myt1_mm,0.0,0.0005727518267897718,0.0,0.00014273477399502448,0.0,0.0,0.0,0.0,0.0,0.00028446707465707983,0.00018934270395645804,0.0,0.00017360781860427347,0.0,0.00017633726619042142
Mzb1_mm,0.15763494361293706,0.0,0.0,0.0,0.016662205526820587,0.0,0.060040388676331366,0.035652850336247204,0.0,0.0,0.0,0.0,0.0,0.1715204625669872,0.0
N4bp2_mm,0.11256641425419917,0.0,0.02993381881012168,1.2959285424819962,0.2980181044086679,0.29018012052252085,0.0007824465585261787,0.06154688400300505,0.0,0.8974112524697744,1.0246943130625166,0.5581523342180865,0.16536074500392092,0.0,0.8559206201585904
N4bp2l1_mm,0.0,0.0,0.0,0.2733795879177549,0.4616565557874487,0.0,0.11110325818560833,0.1698281820969718,0.0733982831751441,0.0,0.0,0.0,0.0,0.0,0.0
Naaladl2_mm,0.0,0.0,0.0,0.0002539902177095446,0.0,0.0,0.0,0.0,0.0,0.0,0.0,0.0,0.0,0.0,0.0
Nabp1_mm,0.050010170439758646,0.0,0.0,0.46441742260112506,0.19119857121041514,0.0,0.053568021877590966,0.6042390205755186,0.22460018223306805,0.07420647127498341,0.011299058329864036,0.31535490214607376,0.044058475209817836,0.0,0.0
Naga_mm,0.06178938121778225,0.0,0.0,0.07968552228333975,0.1742520225881705,0.0,0.0,0.11574832417075942,0.0,0.06116337658141384,0.0,0.0,0.0,0.03335587954130108,0.0
Naip2_mm,0.0905583765704373,0.0,0.0,0.24014492723766076,0.05288826077739648,0.0,0.006751761933476916,0.1188737160635817,0.22521295511952077,0.24092138629521986,0.08816840633482781,0.04439696034706378,0.023232257411538906,0.0,0.027644707584103922
Naip5_mm,0.0,0.0,0.07294305579736335,0.010310540157046565,0.09765965389476831,0.0,0.0,0.022301113482083752,0.7387434654130747,0.16541644840149622,0.0,0.0,0.1147710770684899,0.0045436718639696675,0.0
Nat8f2_mm,0.0,0.0,0.0002225218651243619,0.0,0.0,0.0,0.0002976530093550578,0.0,0.0,0.0009801789051078786,0.0,0.0,0.0,0.00028156071634490997,0.0
Nat9_mm,0.009518101738847434,0.0,0.0,0.495714454368421,0.3480339347778486,0.0,0.0,0.1714103376698825,0.0,0.0,0.2278745378674385,0.0,0.0045597747477832615,0.2025270209738338,0.0
Natd1_mm,0.0,0.0,0.002880895787801401,0.2079865774624367,0.1153977843608747,0.0,0.0,0.12771865287698295,0.0,0.028474254307122634,0.0,0.0,0.0,0.06869802956767443,0.0
Nav1_mm,0.02723636601468217,0.0,0.0,0.05512672526920445,0.01158430075318915,0.0,0.0,0.40326672082776027,0.0,0.0,0.0,0.0,0.0,0.0,0.015217950418991617
Nav2_mm,0.18505184324535373,0.0,0.03629725150242802,0.44929276288962494,0.06360497482694358,0.0,0.0,0.0,0.15222833326919064,0.06992192665381479,0.1970991321640356,0.0,0.02014888580008075,0.009026136033931308,0.20580375451317917
Naxd_mm,0.2880740716187675,0.0,0.0,0.4633812643763305,0.24051529379055844,0.0,0.0,0.1236038455162117,0.0,0.0,0.0,0.0,0.0,0.42013697976398034,0.0
Naxe_mm,0.08374836729951683,0.0,0.0,0.6853669793192625,0.3762716967857714,0.0,0.23423939311311356,0.10175721839030775,0.0,0.0,0.0,0.0,0.0,0.7216730303060327,0.0
Nbas_mm,0.37652713160981705,0.0,0.055415828281808854,0.3989419524269173,0.2043065676681174,0.0,0.0,0.02307224087658886,0.13765941252898944,0.2820201982916583,0.5652108265700483,0.20206332619125553,0.07120307545699492,0.03244000249837075,0.11145943563476303
Nbdy_mm,0.00010066618893333083,0.0,0.00017790239575951982,0.0005486710674399885,0.0,0.0,5.475165658708182e-06,1.0831715103212035e-05,0.0,0.0,0.0,0.0,0.0,0.0,0.0
Nbeal1_mm,0.0,0.06321335500512895,0.07230431462024539,0.6582823913033673,0.382706187837339,0.023721192015907163,0.14323642138310055,0.2741849410913788,0.5703976529761894,0.8458870955826895,0.0,0.06375230336143532,0.14413044922661827,0.0,0.0
Ncald_mm,0.0,0.0,0.0007038615067568456,1.574086874055325e-05,0.0,0.0,0.0,0.00021010097513717097,0.0,0.0,0.0,0.00011430778463877796,5.275983169908044e-05,0.0,0.0
Ncam2_mm,0.0,0.0,0.0,0.006623642781443247,0.0,0.0,0.0,0.0004946740879173267,0.0,0.001997705729148906,0.0,0.0,0.0007753155408909041,0.0,0.0
Nceh1_mm,0.0,0.0,0.0011528603683249388,0.0326912676538547,0.009215454291525278,0.009593151412363344,0.0,0.0,0.0,0.0489250540148393,0.0,0.0,0.0,0.009418483524885158,0.0
Ncf1_mm,0.49731730154592757,0.0,0.04731400824572884,0.7088142867326008,0.35383424572007993,0.0,0.03427762336552196,0.2006542524063236,0.12473866563529015,0.0,0.23127103280802294,0.017820805783437983,0.030591471951570734,0.03716837679954907,0.0
Ncoa1_mm,0.08967941399100349,0.0,0.0,0.5038745759414602,0.14714889974098197,0.049914431508298544,0.0,0.07512779049240978,0.3365018643692178,0.42510333863607547,0.1705254456468307,0.0793399362876877,0.0,0.0,0.0
Ncor1_mm,1.2153304936360114,0.42757363849337554,0.16781752411480755,1.2009235192229966,1.3355740248439705,1.2975641699764422,0.0,0.5031940351532751,1.1419763842720827,2.446421829641153,1.2689263875308718,0.6842044357663024,1.4959089026998442,0.006453114530166535,0.9236507412454747
Ncor2_mm,0.0,0.0,0.0,0.3112669173025649,0.1957338684735135,0.0,0.051338021836926255,0.039964022025959375,0.08063477194151204,0.25533196682750486,0.6238775210282743,0.1738047849800578,0.11149369661080046,0.0,0.0
Ncr1_mm,0.0,0.00021227857673399833,0.0,0.0,0.0,0.0,0.0,0.00029458468608971593,0.0,0.0,0.0,0.0,0.0,0.00025849886784516,0.0
Ncstn_mm,0.10951886819862176,0.0,0.0,0.023886711300151863,0.04514353599698531,0.0,0.0,0.03652448840837604,0.04607311646477711,0.13312944817904004,0.019945104901849437,0.009124940403341619,0.005430565087948263,0.003281571231934344,0.0
Ndc80_mm,0.08595056646531163,0.0,0.017384524342259844,0.26693934283199133,0.29518092135106844,0.0,0.0,0.0,0.32686637612309505,0.29875330387478544,0.09018897474232448,0.09678504012544903,0.0,0.13422858261225762,2.283597215828588
Ndrg1_mm,0.21839690382860158,0.09631094120581883,0.06531557914989151,0.8438797139656357,0.01738708912381781,0.0,0.0,1.2130532605500892,0.0,0.0,0.10059402274519734,0.0,0.0,0.05823951707731652,0.0
Ndufa6_mm,0.4561853007714159,0.0,0.08668209392179395,0.5439782903546886,0.3032989974193291,0.0,4.337462475273853,0.13667872628714867,0.2421003560518095,0.055873496679577646,0.0,0.0,0.0,0.380066955424297,0.0
Ndufs7_mm,0.6824051450833617,0.0,0.0,0.7845700036664731,0.31162463925963635,0.0,1.1856033375156696,0.0,0.1989114699429324,0.0,1.0174948106059312,0.0,0.0,1.8887783042031692,0.0
Ndufv1_mm,0.7670496503213262,0.0,0.0,0.8009133801758975,0.5611917308512873,0.0,0.0,0.09855243742254653,0.0,0.0,0.810167590793146,0.0,0.09943796647323777,0.8599579254250306,0.20679364896553362
Neat1_mm,0.0,0.0,0.0,0.0,0.9837843924747882,0.0,0.0,3.3552340543361128,0.0,1.0791361499999228,0.0,0.18540033747702483,0.2549692623079964,0.0,0.0
Neb_mm,0.0,0.0,0.0,0.1191713481944273,0.08346901575811014,0.0,0.0,0.0,0.0,0.1783492702664483,5.8852302824742785e-05,0.02378091973160697,0.007103406219955843,0.0,0.0
Necab2_mm,0.0,0.0004227962182058563,0.0007788498956013431,0.0011118066908919354,0.0,0.0,0.0,0.007011059535311949,1.647777238236452e-05,0.001474216620148347,0.0,0.0,0.0,0.003386912541867645,0.0
Nectin3_mm,0.0,0.001236215808865953,0.0005282778624181773,0.0,0.0,0.0,0.0,0.0,0.0,0.0,0.0,0.0,0.0,0.0,0.0
Nectin4_mm,0.0,0.003622604514964106,0.0005948182992997722,0.0007565751885528569,0.0007431757087291479,0.0,0.0,0.0034847244675578243,0.0,0.014542999771820678,0.0,0.0,0.0,0.0,0.0
Nell2_mm,0.0,0.0,4.494540330576586e-05,0.0018237702814238742,0.0011995982006790874,0.0,0.0,0.00018054315569579526,0.0,0.0015692746325512818,0.0,0.0,0.0,0.0006756973886735847,0.0
Nemf_mm,0.8302279148358822,0.05992630778808813,0.05386803451675107,0.4060474499215879,0.5102152652481801,0.6663635716476407,0.0,0.3298254696605104,0.0,2.533997744342754,1.788530311205642,0.07706228305830043,0.9492107563204274,0.014843337522474097,0.8900614543370524
Nenf_mm,0.0,0.0,0.0,0.04176498439950604,0.16226364968691553,0.0,0.21853697572780403,0.07821879165114781,0.0,0.0,0.17274713959919635,0.0,0.0,0.0,0.0
Neo1_mm,0.0,0.0,0.005974296772630448,0.0,0.0,0.0,0.0,0.018443982515248907,0.0,0.01881868334405977,0.0,0.0,0.0,0.0,0.0
Nes_mm,0.0,0.0,0.0009939096199558961,0.0,0.0,0.0,0.0,0.0,0.0,0.006778340678392691,0.0,0.0,0.0,0.0,0.0
Neto2_mm,0.0,0.0,0.0,0.0004172558415905266,0.0,0.0,0.0,0.0,0.0,0.00012047458111692866,0.0,0.0,0.0,0.0,0.0
Neu4_mm,0.0,0.0,0.0003146775191921172,0.0,0.0,0.0,0.0,6.719662426027392e-05,0.0007283683908544788,0.0003622347772859512,0.0,0.0,0.0,0.0,0.0
Neurl3_mm,0.0,0.0,0.07006984018446172,0.40045815526873946,0.25421403666588566,0.0,0.0,0.2056211704051984,0.0,0.07053427113655131,0.0,0.0,0.0,0.0076703917795035844,0.0
Neurod4_mm,0.0002904279310188351,0.0,0.0,0.0,0.0,0.00017051475699185839,0.0,0.0,0.0,0.0003982346483044705,0.0,0.0,0.0,0.0,0.0
Nexmif_mm,0.0,0.0,0.0,0.00031926283784776584,0.0,0.0,0.0006877748322557482,0.0,4.533801497210333e-05,0.0012227354251660631,0.0,0.0,0.0,0.0,0.0
Nexn_mm,0.9719461118077426,0.0,0.0,0.0,0.06616570239915034,0.0,0.0,0.0,0.0,0.324109979094019,1.454933077883313,0.0,0.4231156300963224,0.0,0.6108998444590382
Nf1_mm,0.14722203537272885,0.0,0.04637667254779354,0.7328471179756181,0.1722339022924751,0.10269350170013453,0.0,0.24579837745963135,0.5812247480939629,0.7066505727735966,0.4403959046071031,0.08003757185694241,0.0,0.0,0.21678510168570847
Nfam1_mm,0.0,0.0,0.004448296964510523,0.0,0.0,0.0008147071387582444,0.0,0.0,0.0,0.0017109997898589093,0.0002485238091487225,0.0,0.006709028269756879,0.003380733869108054,0.0
Nfatc4_mm,0.0,0.0,0.00038186364905212495,0.00043979528237167133,0.0,0.0,0.0015291307619744998,0.00012073412211550613,2.5232158665191207e-05,0.0008592000933110088,0.0,0.0,0.0,0.0,0.0
Nfe2l1_mm,0.06898763466432457,0.0,0.06679096767933665,0.208168101470336,0.9838011526499257,0.0,0.03534820419406703,0.3460422513113238,0.2134467910001063,0.18429051010994604,1.1783998566768348,0.3826232664394946,0.24255550081231983,0.014913583270672345,0.0
Nfe2l2_mm,0.6291287928766937,0.0,0.0,1.0520607155215635,0.4240149884491113,0.14509651899254108,0.0,0.7037953834800144,1.8579230019946866,0.4620933457221557,0.5744117822659378,0.0,0.0,0.038750885244788515,0.0
Nfic_mm,0.29116635403648916,0.10883103032094875,0.04090204390247635,0.5371322704004865,0.0748304035020929,0.0,0.0,0.24463132896825537,0.30309727423437655,0.22622182214292286,0.756570400406629,0.028640156249423225,0.0,0.0,0.0
Nfix_mm,0.4105611830607399,0.0,0.07089592497633897,0.21167656377230917,0.13146943344255735,0.06573643820616411,0.0,0.0,0.2739302213802284,0.3918456082184333,0.7824370198543289,0.0,0.0,0.0,0.13527023376188793
Nfkb2_mm,0.0,0.10450772775257741,0.1274460774719151,0.6720889805886787,0.05393557649778835,0.018341482398695947,0.024480580729076863,0.39922390990761186,0.11625040755477647,0.8076980653457929,0.24122160563085107,0.000617608131214681,0.0,0.0,0.0
Nfkbia_mm,0.0,0.11061015368011397,0.0,0.30317187376172394,0.0,0.036022840032407334,0.017105227946597405,0.7775076487045052,0.0,0.9908404868849005,0.10729838645152522,0.0,0.032222911625269565,0.1912602059114783,0.0
Nfya_mm,0.17555462309325898,0.0,0.022539656838984703,0.5002823462909073,0.015820288823295458,0.00802169523872386,0.0,0.10673008482672211,0.14919851600120113,0.30577270267881074,0.38827519362098334,0.1864703697081202,0.0,0.012419654162818143,0.0
Ngf_mm,0.0,0.0,0.0,0.0,0.0,0.0,0.0,0.0,0.0,0.0001132132357501405,0.0,0.0,1.7441023553834726e-05,0.0,0.00011341340298216662
Nhlrc3_mm,0.07335815817719413,0.026453911211461765,0.019677766009986383,0.2539228455613447,0.21205135829519098,0.0,0.06616571731001707,0.2503389295071688,0.0,0.27279054611735687,0.0,0.02296762806762995,0.0,0.033933525129387326,0.011457783926673437
Nhsl1_mm,0.0,0.0004139679166057109,0.003903780143004436,0.004658321597605806,0.0,0.0,0.0,0.0,0.0,0.0,0.0,0.0,0.0,0.0,0.0
Nid1_mm,0.0,0.0,0.00012791162740298056,0.0,0.0,0.0,0.0,0.0005648510688420705,0.001984268965200608,0.0,0.0,0.0,0.0,4.091108467095535e-05,0.0
Nim1k_mm,0.0,0.01141691381889229,0.01916011059791289,0.01378336206416791,0.0,0.0,0.0,0.0,0.001104885076843858,0.0,0.0,0.0,0.0,0.002277985341526943,0.0
Nipal3_mm,0.11386821896036198,0.0,0.025672115922613953,0.3653247067521035,0.24057720490075687,0.0,0.039664533240004886,0.3399080721081743,0.06734751994435961,0.08197321826324788,0.0,0.0,0.0,0.0726314344477724,0.0
Nipbl_mm,0.35489198000357075,0.1066118121383417,0.1954869269219432,1.2513836200097184,0.5955322465289067,0.8112883740516027,0.1048675254087787,0.32037608019476366,0.7148361100496913,2.6393396666013307,0.6514717772043419,0.5603646802050432,0.18980908275253253,0.2002890100297849,1.1459346722610608
Nisch_mm,0.7127292185122448,0.0,0.04212945943574367,0.8167480255123195,0.21187454098457828,0.09688053789717863,0.1298546376354589,0.20782133594710347,0.4884221431109721,0.953635017005504,0.7061945107239987,0.0,0.12063892801026499,0.01752777905868606,0.0
Nktr_mm,0.61776366378829,0.4288047848626427,0.19923278563156405,1.2129366278462852,0.7682442100900962,1.175963268168195,0.10047958906601837,0.9374676286332856,0.5748798169699837,3.3374622174724853,1.0897266263923135,0.47410123271912924,0.4853345160124765,0.011026122508611676,0.0
Nkx1-2_mm,0.0,2.3657642047121236e-05,0.0001196922364084963,0.0,0.0,0.0,0.00041731735432995405,0.0,6.376499914390477e-05,9.00777621095042e-05,0.0,0.0,0.0,5.5859732778768953e-05,0.0
Nkx2-5_mm,7.529053248458288e-05,0.0,0.0,0.0,0.0,0.0,0.0,0.0,0.0,0.0,0.00024809936576685804,0.0,0.0,0.0,0.0
Nkx6-1_mm,0.0,0.0,0.0,0.0,0.0,0.0,0.0,0.0,0.00020858986368374436,0.00018270508063319906,9.915513768456073e-05,0.0,0.0,0.00015491015655054308,1.4375889097105665e-05
Nkx6-3_mm,0.19249959937824268,0.0,0.009276273774714225,0.14074830984883227,0.04927495416765355,0.0,0.0,0.06131914932010616,0.22829640761341055,0.0716984144445595,0.695182037624601,0.0,0.06031353961737072,0.0030511311820372515,0.0
Nlrc3_mm,0.08077197494003922,0.0,0.0986073981773519,0.32956167194549246,0.0,0.0,0.0,0.015634328485540944,0.4678475172804356,0.1190030616527016,0.06814004001035154,0.0012903129659695687,0.11742569615812053,0.0,0.10792213847540001
Nlrc5_mm,0.6387328653258767,0.0,0.0005813295441986223,0.4500499870020964,0.45221563679505444,0.0,0.0,0.08932480910660602,0.0,0.5668975946135751,0.0,0.0,0.08650158947060059,0.0,0.03429337087917876
Nlrp14_mm,0.0,0.0,0.00018057975267157426,0.00022925735439581336,0.0,0.0,0.0,8.017456486773268e-05,0.0,0.0,0.0,0.0,0.0,1.8160940667496196e-05,0.0
Nlrp3_mm,0.0,0.0,0.0,0.1396219180289247,0.05163750541657187,0.0,0.0,0.023871797770088427,0.0,0.0,0.07701037128863453,0.0689793129442501,0.01695675691493619,0.0,0.0
Nlrp4e_mm,0.0,0.0008140643938771043,0.016477189905665213,0.01474309183319325,0.0,0.0,0.0,0.0,0.0,0.0,0.0,0.0,0.0,0.0,0.0
Nme9_mm,0.0,0.0,3.128783873529405e-05,0.0,2.2491570517052568e-05,0.0,0.0,0.0,3.460724128411823e-05,0.0,0.0002844204578891078,0.00013454979191391463,1.5080398036858754e-07,0.0,3.1734190924019844e-05
Nmt1_mm,0.1491479387799773,0.0,0.0,0.3287461545168336,0.0,0.15187680983218185,0.0,0.32858776855077665,1.600787019371042,0.069498270173939,1.6328787540942173,0.0,0.3450406269345975,0.0,0.09418381906690418
Nmur1_mm,0.0,0.0,0.0,0.0,0.0,0.0,0.0007301455042298623,0.0006194128907343852,0.0,0.00038517923084310465,0.0,0.0,0.0,0.0,0.0
Nnmt_mm,0.0,0.0,0.0,0.0,0.0,0.0,0.0,0.0,0.0,5.607196040944648e-05,0.0,0.0,0.0,0.0005217158366598649,0.0
Noc2l_mm,1.3974812992175105,0.038404774151267536,0.07239249378809665,0.5580288105896035,0.07779611928464132,0.663944666285968,0.0,0.0,0.0,0.5149015346168062,3.268396026904604,0.07722553368549076,1.7406706052042495,0.17801065775424124,0.04906570362330352
Noct_mm,2.804796217487952,2.135025897744396,5.388863555011718,0.6623218387161989,1.5462854106558557,1.193085959719017,0.485967949620973,1.6698731879235404,1.871766995566953,1.6315528117586442,0.0,2.3270093136513994,5.664920712720177,2.7613716872295897,0.0
Nol3_mm,0.01348760278637794,0.0,0.007710677683790032,0.10207661253410462,0.10325780804421279,0.0,0.0,0.0882840309049485,0.0,0.05834711292993313,0.0,0.0,0.014697135095785067,0.06397772498944454,0.0
Nop53_mm,0.0725176151046299,0.0,0.10110951956996808,0.39680392307245005,0.8500035676683068,0.012541185827590094,0.0,0.35697020294422827,0.0,0.6334383455074903,1.3889322245256015,0.25690819796334435,0.33628887719804096,0.36887442598699327,0.259372400834934
Nop58_mm,2.139792559244751,0.0,0.01611004385601642,0.0,0.0,1.4020369636834111,0.03824390464536194,0.059334229641354756,1.406316741499646,1.5530791425188208,3.0111109181427107,1.448069511686045,1.416545838265477,0.5237631043815026,0.4403857681948614
Nos1ap_mm,0.0,0.0,0.0001949122750584089,0.00019763756595145567,0.0,0.0,0.0,0.0,0.0,0.0,0.0,0.0005494878432946163,0.0,0.0018370121539074374,0.0
Nostrin_mm,0.0,0.0006280755729121552,0.006304494712219297,0.00548874497660865,0.0,0.0,0.0,0.0004281668564050742,0.0,0.0,0.0,0.0,0.0,0.0016708357977057657,0.0
Notch4_mm,0.0,0.0,0.005655739028506239,0.03829041541909259,0.022955078580702427,0.0,0.0,0.0,0.0,0.02949653773685668,0.0,0.0,0.0,0.0033281188774837147,0.0
Nox4_mm,0.0304069071194237,0.0018022880968714895,0.0,0.04223815277165669,0.0,0.0,0.0,0.0,0.0029848938551037857,0.10790062164112695,0.06035754946244531,0.00875053120969276,0.0,0.0,0.0036462709755259687
Npc1_mm,0.14113027038479867,0.0,0.0,0.12380474285328025,0.17674524330870484,0.0,0.0,0.303622248556557,0.2536023215947327,0.3541537425792476,0.1672713622046587,0.0,0.21618745708008885,0.0,0.0
Npepl1_mm,1.0624154364649618,0.02300849454291539,0.012804071482802472,0.4837692727811747,0.426872015446547,0.0,0.0,0.0,0.030483217244050387,0.0,0.4652634537308247,0.0,0.0,0.19740277822944075,0.0
Npffr1_mm,0.0,0.0,0.00036650599507724206,0.0,0.0,0.0,0.0,0.0,0.0,0.003096727838743116,0.0,0.0,0.0,0.00045295764034981195,0.0
Npnt_mm,0.0,0.0,0.0,0.0,0.0,0.0,0.0,0.0,0.0,0.0011841264064847835,0.00105053793511268,0.001007880401340837,0.0,0.0,0.0
Npr1_mm,0.0,0.0,0.030574929653171285,0.1389946395281249,0.012408909438065252,0.0,0.13736879995246246,0.0,0.0,0.04399841409616326,0.0,0.0,0.0,0.4425001431168248,0.0
Nptx1_mm,0.0,0.00028851669874080637,0.0,0.0,0.0,0.0,0.0,0.0,0.0,0.00011936493460002056,0.0,0.0,0.0,0.0,0.0
Npy1r_mm,0.004748714993799917,0.0,0.004390738597232991,0.0,0.0028378121168145857,0.0,0.010129729743732154,0.0036063152523928233,0.011433649904653446,0.08338062152575011,0.011004619052468351,0.0,0.03586910905941977,0.0029717503282970887,0.0
Nqo1_mm,0.03201488906735389,0.0,0.0,0.0,0.017379410952702727,0.0,0.0,0.019442020613849087,0.0,0.0,0.0,0.0,0.0,0.003506783699172957,0.0
Nr1d1_mm,0.15751573151094808,0.06134449036312761,0.0,0.25906828007085836,0.0,0.0,0.0,0.06382945828757759,0.06996444825458988,0.11143027696373589,0.2873248026471418,0.07612057811638094,0.0,0.2610399110776002,0.0
Nr1h2_mm,0.05359099987988919,0.0036377887576635095,0.0,0.2145327244987446,0.17679495015090524,0.0,0.04924235581417189,0.07397503404515854,0.016338024397580586,0.13286715885318634,0.22105267293479303,0.03213469456757202,0.0,0.08147319931240928,0.0
Nr2f1_mm,0.0,0.0,0.0005574867187261976,0.0,0.0,0.0,0.0004258031869267468,7.34849980453919e-06,0.00022602534350978835,0.0,0.0,0.0,0.0,0.0,0.0
Nr2f2_mm,0.0,0.000996232855974453,0.0012282068021989543,0.0,0.0,0.0,0.0007743391185672057,0.0,0.002302295811261998,0.019217940530224225,0.0,0.0,0.038345207097967876,0.0,0.0
Nrap_mm,0.0,6.522014674298918e-05,0.00013899811869650826,5.154902229917519e-05,0.0,0.0,0.0,0.0,0.0,0.0001882530111503949,0.0,0.0,0.0,0.00029839673251033725,0.0
Nrbp2_mm,0.0,0.0,5.343860280142134e-05,0.0,0.0,0.0,0.00034077923543355783,0.0,0.0,0.0,0.0,0.0,0.0,0.0001253659592956117,0.0
Nrip1_mm,0.0,4.7543955794577424e-05,7.069848937032987e-06,0.0,0.0,4.048442949346204e-05,0.00013694061939909137,0.0,0.0,0.0,0.00028247995852612775,0.0,0.0,0.0008313796280997159,0.0
Nrp1_mm,0.0,0.0,0.00037701578212541594,0.000272022185008772,0.0,0.0,0.00025884415024322475,0.0,0.0,0.0,0.0,0.0,0.0,0.001464047600915715,0.0006652600712872011
Nrtn_mm,0.0,0.0002464502995626508,0.00037288247262673067,0.0,0.0,0.0,2.0296305688036116e-05,0.0,0.0,0.0,0.0002811342494055363,0.0003815138368473179,4.374941340183832e-05,0.0002033300514071049,0.0
Nrxn1_mm,0.0,0.0,0.0052388780504247605,0.018421213785620966,0.0,0.0,0.0,0.0,0.0,0.0,0.07163141170576223,0.016134558881265318,0.004502776034961657,0.002243940344230376,0.06499800658949194
Nrxn2_mm,0.0,0.0,0.0,0.09546122659286768,0.053257560219880144,0.0,0.03011888414098957,0.030047735524062848,0.13525387289710664,0.08807360044513979,0.16468469104369476,0.006035845754727564,0.02833194227719957,0.0,0.041712523659069294
Nrxn3_mm,0.0,0.0017577823621642555,0.0004070364930796143,0.0018964902558121124,0.0,0.0,0.0018824081357380366,0.0,0.0,0.0,0.0,0.0,0.0,0.001875062332212422,0.0
Nsa2_mm,0.4330181655886919,0.0,0.4189356128878131,0.9590193174151835,1.3568352472976974,1.1696614518676611,0.11270148118635909,0.7612691758018837,3.068834922130426,0.5464369543596962,1.5538190279386648,0.8900994258779473,0.44007698247036264,1.3413348739836728,0.4588157642533144
Nsd3_mm,0.0,0.0,0.08860901605904264,0.6490255931463733,0.434663532366144,0.21938670584353784,0.11102814964731193,0.7517911105548326,0.682577034607586,1.450388707037535,0.5630022634819604,0.48436221257893886,0.0,0.009911759736543653,0.010808980833594975
Nsmf_mm,0.06553378688962637,0.0,0.0,0.25370505082895456,0.15536556635890553,0.0,0.0,0.022727557574920162,0.0,0.049604882598359955,0.07527879590991832,0.0,0.013100122621929926,0.006500730660974512,0.0
Ntng1_mm,0.0,0.0,0.000487051426281535,0.0,0.0,0.0,0.0,1.9825923970422313e-05,0.0,0.00033140787690749885,0.0,0.0,0.0,0.0,0.0
Ntrk2_mm,0.03297084506981478,0.0,0.0005312434027293358,0.1155711384700157,0.10323509480923625,0.0,0.0,0.07019128812127905,0.0,0.18419948153215399,0.0,0.0,0.03842862432705123,0.039681795269712224,0.0
Nts_mm,0.0,0.0011207112359513732,0.000819172730588535,0.0,0.0,0.0,0.0,0.007019921913124528,0.0,0.0016407922433563308,0.0,0.0,0.0,0.0,0.0
Nucb2_mm,0.036099440205730735,0.0,0.06314757109143193,0.24722374213457707,0.055347482746145905,0.0,0.06104087691400752,0.1266625431810233,0.15757430940886624,0.0,0.15369903486010586,0.0,0.0065003933397300515,0.017505030659048914,0.0
Nudcd3_mm,0.43276644777131235,0.0,0.0,0.46632315613595576,0.1595509100976283,0.21853138250129484,0.22246614075289253,0.132400353376104,0.5614733076699239,0.31603517383734003,1.260465573028638,0.0,0.0,0.0,0.12136003187272022
Nudt12_mm,0.0,0.0,0.00011320306877127252,0.0,0.0,0.0,0.0,0.00015031424417788041,0.0,0.00020702311056006243,0.0,0.0,0.0,0.0,0.0
Nudt13_mm,0.07599128711035304,0.0,0.02006616366973771,0.24295188469338438,0.14056888026782643,0.0,0.0,0.055462150323628064,0.028280100298771947,0.09575019861929181,0.10339217012091581,0.0,0.0,0.02342305321582083,0.0663001728679753
Nudt16_mm,0.13421136154650545,0.0,0.0,0.40929935663721523,0.23050916684961303,0.0,0.06135357670625388,0.12950583715709557,0.0,0.17620490964133434,0.04278587550045911,0.0,0.013513390618600943,0.06479008098335147,0.0
Nudt18_mm,0.0,0.0,0.012375754134352985,0.30992290467606054,0.16644302947689799,0.0,0.0,0.15171440894386515,0.0,0.0,0.003329122881675685,0.0,0.0,0.11004053628738811,0.0
Nudt3_mm,2.2893854181247675,0.0,0.0,0.33509882073756475,0.21481017313011933,0.023656727821645487,0.5022176415534301,0.190478350505475,0.0,0.6781775897712844,0.6467817242844836,0.08044439011805542,0.14577523918077398,0.0,0.0
Numa1_mm,0.18806591926834443,0.04100613553946359,0.09350475861299423,0.7991111149394216,0.5053740252482656,0.0,0.0,0.0,0.0,0.618716562153626,0.7815745439190085,0.12040240297301497,0.24011296863712703,0.11653806169757705,1.2129822381494404
Nup210_mm,1.6032017499803897,0.2578018718406283,0.0,1.475087502715405,0.9332223279280849,0.20627706552624675,0.0,0.0,0.0,0.0,0.9615414633101775,0.1818465252152707,0.09078190272974862,0.19529041007081316,1.1185095947764356
Nupr1_mm,0.0,0.0,0.030686931471402824,0.0,1.0608202134323699,0.0,0.40065836685781103,0.0,0.0,0.0,0.0,0.0,0.0,1.4315646230003254,0.0
Nutm1_mm,0.0,0.024674355406047954,0.18761706669283718,0.20398819144617328,0.0,0.0,0.0,0.0,0.0,0.0,0.0,0.0,0.0,0.022994460275911434,0.0
Nxpe3_mm,0.11553698967103108,0.0,0.0,0.22427178952258264,0.14892959248573248,0.00568188096554709,0.0,0.0,0.09881274079958537,0.1744989745886559,0.10839113760366284,0.03829143995905841,0.04238508611683946,0.0,0.0
Nyx_mm,0.0,0.0,0.0,0.0,0.163750509398961,0.0,0.0,0.0,0.0,0.06080820511943197,0.0,0.0,0.0,0.0,0.0
Oas1a_mm,0.033780946043160835,0.0,0.0,0.12902720268766324,0.0202638248217057,0.0,0.0,0.033225298181830225,0.0,0.013866085737512125,0.014649220532696433,0.0,0.0,0.10207877525112398,0.0
Oasl1_mm,0.6695356585194544,0.0,0.026702487288888736,0.6362825086775422,0.21176793240641523,0.05800104118353207,0.0,0.11899900142214179,0.2503322024705324,0.20598153791522808,0.47015515671747277,0.0,0.0,0.3214750049253221,0.0
Oasl2_mm,0.0,0.003997846181796847,0.01976293301774512,0.026459274091904336,0.0,0.0,0.0,0.006497974914447898,0.0,0.0335874711798549,0.0,0.0,0.0,0.017679161229582456,0.0
Obox2_mm,0.0,0.0,0.0008632364658806701,6.318820609161103e-05,0.0,0.0,0.0,0.0,0.0,0.0,0.0,0.0,0.0,0.0,0.0
Obox3_mm,0.0,0.0003564975929046948,0.0,0.00043776774489059537,0.0,0.0,0.0,0.0,0.0,0.0005921137972923832,0.0,0.0,0.0,0.0,0.0
Obscn_mm,0.01940353351637393,0.003268930416438118,0.0,0.019425474074962274,0.0,0.0,0.0,0.0,0.0,0.0,0.04035208048461192,0.001008954830232392,0.005267503485604665,0.0,0.0
Ociad2_mm,0.01904096525308349,0.0,0.008258726884353949,0.0010798316092531777,0.004860026456972967,0.0,0.0016583767913431096,0.0,0.08588283004774856,0.06525373239744185,0.0,0.0,0.01519993161352932,0.007738038622121866,0.0
Ocrl_mm,0.01657154485171566,0.0,0.0,0.0,0.0,0.0,0.0,0.008235475170448758,0.04379964701524361,0.07378226022494454,0.033785414918760845,0.008793256701475441,0.012816938686051603,0.0,0.0
Odf3b_mm,0.0,0.0,0.0,0.00011967033082020979,0.0002409032184379831,0.0,0.0,0.0,0.0,0.0,0.0,0.0,1.838767730013022e-05,0.00045940814466256043,0.0
Odr4_mm,0.6147404400886488,0.0,0.12186153137308817,0.3363487358097633,0.5658902829983716,0.05264227064296458,0.04860390501979289,0.1507686182748724,0.4217187565911806,0.5286607307649045,0.32537069225253884,0.055578413525739764,0.0,0.040622815902795484,0.2976507689810017
Ofd1_mm,0.09886235002393803,0.0,0.0,0.16990329436848325,0.18763765166298696,0.0,0.0,0.0,0.0,0.47198373468660304,0.25278456091370394,0.058635638955548026,0.10226782583326997,0.0,0.2940673810053513
Oga_mm,0.0,0.0,0.0003361412773947726,1.2128038895881377,0.37712192071533307,0.4398007087700117,0.33912498461216106,0.5534778769737242,0.0,1.890353572422593,1.1227294916802841,0.41034941085142307,0.4407376161407712,0.08039805804725209,0.2627231929508527
Ogfod2_mm,0.052464132112940494,0.0,0.0,0.30659985929322814,0.22358795343177096,0.0,0.0,0.1273382360990964,0.0,0.04877364484007977,0.18469308562649112,0.0,0.03904748088685681,0.13266471283900066,0.0
Ogfrl1_mm,0.0,9.176795557570296e-05,0.0,0.0,0.0,0.0,0.0006508673307516745,0.0,0.00012789075591608686,0.0,0.0,0.0,0.0,7.342728883418915e-05,0.0
Ogt_mm,1.2162797416455895,0.0,0.0,0.12800947788402967,0.6558615748438335,0.0593596494945833,0.0,0.8392907117580399,0.36873659548100524,1.1752234436724671,0.0,0.18402755167766774,0.0546908827583699,0.09309712334376356,0.0
Olfm1_mm,0.0,0.00611218999802059,0.011075569503724429,0.047906230964831695,0.0,0.0,0.004620478727430429,0.010201163777909758,0.0,0.0,0.0,0.0,0.0,0.00024412201107719254,0.0
Olfm2_mm,0.00026160191805071865,0.0,0.0,0.0008156047777886636,0.0,0.0,0.0,5.1870486876327615e-05,0.000783960685997843,0.0,0.0,0.0,0.0,5.579721696587629e-05,0.0002466558808837904
Olfm4_mm,0.0,0.0,0.00031203079509291634,0.0003485469341137089,0.0,0.0,0.0,0.00029590546338061085,0.00017941504676107406,7.345774032626213e-05,0.0,0.0,0.0,0.0,0.0
Olfml2a_mm,0.0,0.0,0.025995783432160666,0.008143490476750635,0.0,0.0,0.0,0.0,0.0,0.0,0.0,0.0,0.0,0.0,0.0
Olfr1024_mm,0.00010273823132378142,0.00017933968028278238,0.0,0.0,0.0,0.0,0.0,0.0,0.0,0.0,9.701046076222387e-05,0.0,0.0,0.0,0.0
Olfr1028_mm,0.03027286800489203,0.018781788682912033,0.01164524275077365,0.01978051501237239,0.008090876149912576,0.0,0.0,0.008288166689022667,0.060911549526952706,0.08126506233007734,0.033306647174719255,0.012718617679424147,0.0,0.009318899091211369,0.0
Olfr1029_mm,0.0,0.0005405702629912015,0.00241826643863573,0.0024397978608511634,0.0,0.0,0.0,0.0,0.0,0.0036722177182797445,0.0,0.0,0.0,0.0,0.0
Olfr1033_mm,0.0,0.049594281213027225,0.01281471002025834,0.061997229507156894,0.03344360931243136,0.0,0.0,0.09667526160137135,0.0,0.1757193007668232,0.0,0.0,0.0,0.0,0.0
Olfr1037_mm,0.0,0.0,5.618914819709575e-05,0.0,0.0001301405762033238,0.0,0.0,5.742386445506152e-05,4.273657942710766e-05,4.224767476722535e-05,0.0,0.00011817166572200246,0.0,0.0003049754844225582,0.0
Olfr1057_mm,0.0,6.670704886134308e-05,0.0,0.00029570139431100046,0.0,0.0,0.0,0.00015879681808274443,0.0,0.0001654651288978516,0.0,0.0,0.0,0.0,0.0
Olfr1100_mm,0.0,3.311956024318366e-05,6.232417209923635e-05,0.0,0.0,0.0,0.0,0.0,8.407013958174865e-05,0.0,0.0,0.0,0.0,0.0002979944094672619,0.0
Olfr111_mm,0.0,0.0,0.00011121002795332832,0.0,0.0,0.0,0.0,3.0867852812548696e-05,0.0,9.574995278128241e-05,0.0,0.0,0.0,0.0,0.0
Olfr1152_mm,0.0,0.0,6.981636801961292,0.025952588853307125,0.0,0.0,0.0,0.0,0.0,0.5228477081031044,0.0,0.0,0.42783638617779746,1.389986906822787,0.0
Olfr1156_mm,0.05863584848618518,0.0,0.0,0.0003577796456754985,0.024928585677059176,0.0,0.015737274079144135,0.004993423881307434,0.0319309194318063,0.06825451892713559,0.05124060510325683,0.014723746548562311,0.0,0.0,0.0
Olfr1167_mm,0.008498904798401654,0.00017523105858978757,0.0020074796072908217,0.009122868397077117,0.0,0.0,0.0004595217134557845,0.006841556823340102,0.03952642364332309,0.07012600913408225,0.009986721275112945,0.00471909781268071,0.002968032047921787,0.0,0.0
Olfr1175_mm,0.038828529097230106,0.0,0.0,0.0,0.013267730898744808,0.0,0.0,0.020032112092206112,0.0,0.12442497243694885,0.05161157327681128,0.011944868205237743,0.005236378046651645,0.004844617181302627,0.0
Olfr118_mm,0.0,0.0,8.041053195455188e-05,0.0,0.0,0.0,0.0,0.0,0.0,0.001136483595990794,0.0,0.0,0.0,0.0,0.0
Olfr1222_mm,0.0,0.00018105072203351488,0.00014834463836369664,0.0,0.0,0.0,0.0006286946515459463,0.0,0.0,0.0,0.0,0.0,0.0,0.0,0.0
Olfr1234_mm,0.0,0.0,6.362467866234353e-05,0.0,0.0,0.00014452896038288994,0.0,0.0,0.0,0.00020623538509025242,0.0,0.0,0.0,0.0,0.0
Olfr1239_mm,0.0,2.659494537792373e-05,8.215497333310201e-05,0.0,0.0,0.0,0.0002268777896047304,0.0,0.0,0.0,0.0,0.0,0.0,0.0,0.0
Olfr1245_mm,0.00021580658128633723,0.0,0.0,0.00016363634195353384,2.6103406268897996e-05,0.0,0.0,0.0,0.0,0.0,8.481552143402535e-06,0.0,0.0,0.0,0.0
Olfr1253_mm,0.0,0.0,0.0,0.00039189387354066985,9.787630190272008e-05,0.0,0.0,0.0,0.0,0.0,0.0,0.0,0.0,1.47359515545556e-05,0.0
Olfr1258_mm,0.0,0.0,0.025396146808037662,0.0,0.0,0.0,0.0,0.1149753659146583,0.0,0.006189370955044111,0.0,0.0,0.0,0.0,0.0
Olfr1260_mm,0.00922390048631011,0.0,0.0,0.0,0.008195200852845747,0.0,0.0,0.008423368063054026,0.010902027093616458,0.022030853442261116,0.016963766597869884,0.005467465209470186,0.0,0.0040771935167441264,0.0
Olfr1284_mm,0.009714118690028563,0.0,0.0,0.0,0.01532509310231986,0.0,0.0017738671725342338,0.014094484579851565,0.031509931911180324,0.051598246047099415,0.013110707312691485,0.0017324005669123877,0.0,0.020236749659852907,0.0
Olfr1307_mm,0.06920701778140127,0.03621399496011581,0.020668267203656797,0.07046265822188959,0.0,0.0,0.0,0.026296188540358537,0.16800593609710765,0.37376238181590976,0.018635858881683693,0.029941425063852747,0.0,0.019663809489335052,0.0
Olfr1313_mm,0.0,2.7057571238350173e-05,0.0001573396085641513,0.0,0.0,0.0,0.00022467285482161657,0.0,0.0,0.0,0.0,0.0,0.0,0.0005293898183547735,0.0
Olfr1316_mm,0.0,0.0,0.0,0.0,0.00011636077409653495,0.0,0.0,0.0,0.00017345168413571336,0.0004685721519269502,0.0,0.0,6.009581211750498e-06,0.0,0.0
Olfr1322_mm,0.0,0.013325746190289037,0.0,0.0,0.015263921666287058,0.0,0.02767515891725996,0.0,0.044507821513988965,0.07492615704940565,0.025990376121892225,0.001453868922372961,0.0,0.01385029234620131,0.0
Olfr1324_mm,0.0,0.0,1.9333036730063875e-05,0.00017467121757447246,0.0,0.0,0.0,0.0,0.0,0.0,0.0,0.0,0.0,7.7930758932337e-07,0.0
Olfr1330_mm,0.01684077743201156,0.0,0.0,0.0019556747342409,0.012246146532059455,0.0,0.0,0.010533702321373664,0.01702236968073837,0.027635247177394608,0.0212025296020559,0.0,0.0,0.0,0.0
Olfr1336_mm,0.030422212664650995,0.006590850235669855,0.0,0.01774559851466162,0.0,0.0,0.0,0.002543728279468849,0.07994004808197416,0.11783190180070457,0.02418430529253633,0.009576554517307646,0.0,0.0021073999196784114,0.0
Olfr1362_mm,1.3456906254448045e-05,9.714391541362778e-05,1.243705821115265e-05,0.0,0.0,0.0,0.0,0.0,2.5513549274756325e-05,0.0,0.0,0.0,0.0,2.2494401610105447e-05,8.568462218506622e-05
Olfr1377_mm,0.0,0.0,0.0,0.0,0.0,0.0,0.0,0.0,0.00037091149098315786,0.00013057551257234429,0.0,0.0,4.329783351055797e-05,0.0,0.0
Olfr1383_mm,0.0,2.0597538420701808e-05,0.0010221547884321281,0.0018990997961789763,0.0,0.0,0.0,0.0,0.0,0.0008712349109918238,0.0,0.0,0.0,0.0005658294474403618,5.144720143931502e-05
Olfr1385_mm,0.02519069931926852,0.03334033875353126,0.008891715378252691,0.06826049279878822,0.0,0.0,0.0,0.018196582382488634,0.09597481633596434,0.2507667218450839,0.003112561898003429,0.028451748594234605,0.0,0.0,0.0
Olfr1389_mm,0.0,0.0,0.0,0.0,0.0,0.0,0.0,0.00022801904142567952,0.0018470914418507829,7.742503229453106e-05,0.0,0.0,0.0,0.0,0.00020687911898401934
Olfr1408_mm,6.517866256633793e-05,0.0,0.0,0.0,0.0,0.0,0.0,0.0,0.00015558277449725529,0.0,0.0,0.00011809756404288963,0.0,0.0,0.0
Olfr140_mm,0.0,6.770875413566325e-06,4.2809618213865486e-05,0.0002662479736204467,0.0,0.0,0.0,0.0,0.0,0.0,0.0,6.806213013287255e-05,0.0,0.00012074743107918654,0.0
Olfr1420_mm,0.0,0.00015402455659948392,9.660415490469148e-05,0.0,0.0,1.752326760526989e-05,0.0,0.0,0.0,0.0,0.0,4.1739382743837615e-06,0.0,4.4112810733014984e-05,0.0
Olfr1449_mm,0.0,0.0002042673939782396,0.0,0.0,8.722390441838456e-05,7.257095237837674e-06,0.0,0.0,0.0,0.000787507936350076,0.0,0.0,6.2270449466151315e-06,0.0002080042628587935,0.0
Olfr1454_mm,0.0,0.0,2.7628695232682775e-05,0.0,0.0,0.0,0.0,0.0,0.0,0.0,0.0,0.0,0.0,0.0011255362562758889,0.0
Olfr1501_mm,0.0,0.00021042318724849332,0.0,0.0,0.0,0.0,0.0,0.0,0.0,0.0,9.070388072286253e-05,0.0,0.0,0.0009735300011559477,0.0
Olfr1505_mm,0.006591110658494156,0.0,0.0,0.0,0.012590139740554162,0.0,0.0,0.0,0.0,0.02442509165899347,0.014164891531055537,0.0008653463488738994,0.0,0.0,0.0
Olfr152_mm,0.09024454767411723,0.0,0.047106740692267356,0.0,0.001749574768969707,0.0,0.0,0.1152842032977084,0.22971002332026244,0.6609244346520797,0.4415511331051803,0.0,0.22705255190384557,0.004107419586502972,0.0
Olfr156_mm,0.0,0.0,2.2167854706142846e-05,0.0,0.0,0.0,0.0,0.0,0.0,0.000155338879127976,0.0,0.0,0.0,0.0,0.0
Olfr165_mm,0.0,0.0,0.0,0.0006002068104052392,0.00018218283284566445,0.0,0.0007839208644277972,3.686610409416723e-05,5.127815090917325e-05,0.0,0.0,7.44528858315437e-05,0.0,0.0,0.0
Olfr171_mm,0.0,0.0,0.0,9.970663336076684e-05,0.0,0.0,0.0,0.0,0.0,0.0,0.0,0.0,0.0,0.0,0.0
Olfr193_mm,0.0,0.0,0.0,0.0,0.0,0.0,0.0,0.0,0.0,0.0,0.0,0.0,0.0,0.0005563472842533559,0.0
Olfr19_mm,0.00021512080638717596,0.0,0.0,0.0,0.0,2.2617226527300902e-05,0.0,0.0,0.0,0.0,0.0,0.0,0.0,0.0,0.0
Olfr247_mm,0.0,0.0002776673936767409,0.0,0.0,0.0,0.0,0.00031188511883101515,0.0,4.4792728854086217e-05,0.0,0.0,0.0,0.0,0.0,0.0
Olfr291_mm,0.0001565932321210986,0.0,6.872749763290179e-05,0.0,1.021009648397961e-05,0.0,0.0,0.0,0.0,0.0003151416157003395,2.6451234890664866e-05,0.0,0.0,0.0,0.0
Olfr293_mm,0.0,0.0,0.0,0.00021883122969360328,0.0,0.0,0.0,0.0,0.0,0.0,0.0,0.0,0.0,0.0007227266742891131,0.0
Olfr311_mm,0.0,0.0,0.0,0.0,0.0,0.0,0.0011528173808807868,0.0,0.0,0.0,0.0,0.0,0.0,0.0,0.0
Olfr338_mm,0.006075410470256492,0.0,0.0,0.0,0.0,0.0,0.0020808885982660516,0.0011086999310855239,0.03332415212980775,0.04131876943691664,0.019959705793109073,0.0,0.0,0.009204515391402122,0.0
Olfr355_mm,0.0,0.0,0.0,0.0,0.0,0.0,0.0005685569375150838,0.0,0.0,0.00020790277847381668,0.0,0.0,2.3401916612191197e-05,0.0,0.0
Olfr372_mm,0.0,0.0006696365152586849,0.00012935917972270583,0.00048298943464302493,0.0,0.0,0.0,0.000663457301793569,0.0,0.0004979060868389155,0.0,0.00015856425190111797,0.0,0.0,0.0
Olfr393_mm,0.006857509528372208,0.015433094574961163,0.005490836272286599,0.01999808498295335,0.0,0.0,0.0,0.0,0.04798354712571664,0.1257710397900711,0.010572683274200804,0.008500734427981771,0.0,0.0032136586985020013,0.0
Olfr424_mm,1.691411685322731e-05,0.0,0.0,0.0,0.0,0.0,0.0,0.0,3.630403417643129e-05,0.0,0.0001791117873000358,0.0,0.0,0.0,0.0
Olfr437_mm,0.0,0.0,5.623538334094468e-05,0.0,0.0,0.0,0.0,0.0,6.280646453104783e-05,0.00031507332878413633,0.0001079938353087256,0.0,0.0,0.0,0.0
Olfr461_mm,0.01262975459589731,0.0003873695799767093,0.015351712241523771,0.0,0.0,0.0,0.0026585927205805093,0.029419594525234453,0.04034469650967625,0.10701886607555812,0.004542412165430386,0.0,0.03133649104363077,0.003276899612867968,0.008786678892185321
Olfr462_mm,0.0,0.0,0.00026912638449265225,0.000696229259545738,0.0,0.0,0.0,0.0,0.0,0.0,0.0,0.0,0.0,0.0,0.0
Olfr46_mm,0.003114622127410161,0.04081141068177029,0.07200750326403152,0.061921195868765294,0.0,0.0,0.0,0.0,0.13703761581813695,1.3046850342206284,0.28168250708265286,0.08752090799824912,0.010202467175709159,0.027329877296844253,0.11449710949076292
Olfr539_mm,0.02071618780346967,0.01227969416256163,0.03482177939957126,0.10545081415044724,0.0,0.0,0.0,0.014986058821658496,0.1670821990346049,0.29965197882749023,0.0190624095224568,0.020430256226011495,0.0,0.0,0.0
Olfr552_mm,0.006642548865094485,0.003503384130314599,0.009410485261776836,0.013521361978415036,0.0,0.0,0.0,0.010607196605966408,0.058495212719873665,0.10156862821273471,0.017296325554751725,0.007030184877070282,0.0,0.007703900325635045,0.0
Olfr577_mm,0.0,0.0,0.0,0.0,0.0,0.0,0.0,0.0,0.0,0.0,0.0,0.0,0.0,0.00044792980091724275,0.0
Olfr585_mm,0.0,0.0007307053063840893,0.0001417233147943462,0.0003523310993577648,0.0,0.0,0.0,0.0,0.0,0.0,0.0,0.0,0.0,0.0,0.0
Olfr631_mm,2.6067194028616907e-05,0.0,0.0,7.711683792655868e-05,0.0,0.0,0.0,5.326812918481552e-05,0.0,0.0,0.0,0.0,0.0,0.0,0.0
Olfr633_mm,0.0,0.0,0.0,0.0,0.0,0.0,0.0,0.0,0.0,0.05585279936889031,0.0,0.0,0.10500315698439568,0.0,0.0
Olfr681_mm,0.0,0.0,0.0,0.0,6.484820053394261e-05,0.0,0.0,0.0,0.0,0.0007273366972269474,0.0,0.0,0.0,0.0,0.0
Olfr689_mm,0.0,0.0001755722580060532,0.0,5.151643191491779e-05,0.0,0.0,0.0,0.0,0.00012056236840301212,0.0,0.0,0.0,0.0,0.0005505708508370481,0.0
Olfr697_mm,0.0,0.0,0.0002503055834882808,0.0,0.0,0.0,0.0,0.0,0.0,0.0,0.0,0.0,0.0,0.006127623389795518,0.0
Olfr710_mm,0.0,0.0002829784923527708,6.510353670953244e-05,0.0,0.0,0.0,0.00018160200812696262,0.0,0.00021742235062036246,0.0,0.0,4.669495272570584e-05,0.0,0.0,6.232505030843412e-05
Olfr718-ps1_mm,0.005181675391523797,0.013366893172171474,0.000544367689829792,0.006072805827113282,0.012535973854774637,0.0,0.0,0.02904396301562217,0.033744980227877995,0.10276783906405525,0.02971981676864817,0.00033112638470376234,0.014632128655511967,0.0014545419516100871,0.0
Olfr71_mm,0.0,0.0031332370117236226,0.0068986736211205345,0.0,0.0,0.0,0.0,0.0,0.061358148320018215,0.02735033708000929,0.0,0.0,0.010661431923443905,0.0011039301933383845,0.0
Olfr725_mm,0.0,2.8317643943552733e-05,0.0,0.0,0.0,0.0,0.0,0.0,0.0,8.350827235946471e-05,0.0,1.9441533062104812e-05,0.0,0.0005834351286223981,0.0
Olfr731_mm,0.0,0.0019302526134297763,0.0,0.0,0.01071419550442393,0.0,0.01084384350974903,0.0027487264109023863,0.031942158010063525,0.03911705064778944,0.01586570863944034,0.0007157654387793587,0.0,0.012858389920795897,0.0
Olfr736_mm,0.0,1.4270360369544796e-06,3.2571325304713495e-05,0.0,0.0,0.0,0.0003518278629088423,0.0,0.0,9.692494895445501e-05,0.0,0.0,0.0,0.0,0.0
Olfr73_mm,0.0,0.0013585113671350391,0.0,0.0,0.0003906998598677746,0.0,0.0016651500402774962,0.003161043354438314,0.007754008739049098,0.017696139313454748,0.0,0.0006842208906950388,0.0,0.0037605096697254,0.0
Olfr746_mm,0.0,0.0,0.0,0.0,0.0,0.0,0.0005904156168743208,0.0,0.0,0.0,0.0,0.0,0.0,0.00013857364122157247,0.0
Olfr775_mm,0.0013862416188126269,0.0033436222343101395,0.0,0.0,0.003585645238675304,0.0,0.004658563931824235,0.0,0.011889058965559004,0.023786121336735223,0.01331740475866317,0.0,0.0,0.005021267060151071,0.0
Olfr782_mm,0.0,0.0,0.0,0.00010077678877467066,0.0,2.2764769845409427e-05,6.754270869442786e-05,0.0,0.0,1.232507450275222e-05,0.0,0.0,2.645826526364915e-05,0.0,0.0
Olfr784_mm,0.12818820461595667,0.0,0.05715164822841142,0.03352147848676708,0.026235003992509626,0.0,0.0,0.09919154088464073,0.21271528745844234,0.3411182263035986,0.12130664244120537,0.06146918339628165,0.0,0.03533291407002113,0.0
Olfr794_mm,0.0,0.0,0.0,0.0,0.0,7.636415308526951e-05,0.0,0.0,0.0002007067491248126,0.0002525945503141221,0.0,0.0,0.0,0.0,0.0009640893848010926
Olfr804_mm,0.005568542551294868,0.0,0.0,0.0,0.004835311462933621,0.0,0.0,0.0027452906371854867,0.027759568318366495,0.03479193621772775,0.012749621575910175,0.0025570115725853508,0.00385542664885615,0.0009214730652255733,0.0
Olfr881_mm,0.0,0.0004143639785915221,0.00018752343293766848,0.0,0.0,0.0,0.0,0.0,0.0,0.0006915424917286779,0.0,3.468600811689875e-05,2.3276243115969758e-05,4.558636505600651e-05,0.0
Olfr904_mm,4.182097139118253e-05,0.001609639570421518,0.0,0.0,0.0011750125482782442,0.0,0.0002936670371978297,0.0,0.0030173661343836067,0.004873320499514569,0.00510640457218416,0.0001591806243712824,0.0,0.0,0.0
Olfr90_mm,0.0,0.016759199944763034,0.008135102863991786,0.00022254760014330996,0.0,0.0,0.017385455448865578,0.018567931124363866,0.09042741637819386,0.18102271459841898,0.03148103543119146,0.0,0.041391324403800014,0.017073918144710213,0.0
Olfr912_mm,0.008460794960317862,0.0,0.0,0.00420155695935878,0.0010346773910752931,0.0,0.0,0.005658864122751446,0.0,0.01115854109760148,0.002728948930148295,0.0,0.0028369611024861886,0.010520039565209286,0.0
Olfr957_mm,0.0,3.05925632303708e-05,0.0,0.0,0.0,0.0,6.921202549916552e-05,0.0,0.0,0.0,0.0,9.118520985884782e-06,0.0,0.0009159492048591493,0.0
Olfr986_mm,0.0,0.012776596595881056,0.0008941958394513001,0.0016011320217562371,0.0,0.0,0.0,0.0,0.01911292154052076,0.03323914715775652,0.0056699036469896845,0.003616885300029935,0.0,0.009893051682952802,0.0
Onecut2_mm,0.0,0.00019778956468115448,0.0003684952190794566,0.0,0.0,0.0,0.0007907125925483168,0.0,0.0019880568211501927,0.0,0.0,8.362437126348024e-05,0.0,0.0005019266260774607,0.0
Oosp1_mm,0.0,0.0,0.0,0.0007029779386973798,0.0,0.0,0.00199406719134533,0.00018716003526192437,0.0,0.0,0.0,0.0,0.0,0.0,0.0
Opalin_mm,0.0,0.0,0.000630025436152997,0.0005016050299130115,0.0,0.0,0.0,0.0,0.0,0.0003351948518431186,0.0,0.0,0.0,0.00019015271640658433,0.0
Oplah_mm,0.0,0.0,0.001749331603972945,0.010875897917880213,0.0010002611939613445,0.0,0.0,0.002169955385570032,0.0,0.007302832559667578,0.0,0.0,0.0,0.0,0.0
Opn4_mm,0.0,0.0,6.409775291334664e-05,0.00031823570299263203,0.0,0.0,0.0,0.0,0.0,0.0,0.0,1.1849175561970971e-05,0.0,0.0,0.0
Oprd1_mm,0.0,0.0,0.0,0.0,0.0,0.0,0.0,0.0002222963400608955,0.0010200602002274272,0.0019428972375697135,0.0,0.0,0.0,0.0,0.0
Optn_mm,0.0,0.0,0.0740734485241378,0.21927482786729194,0.08632970195559637,0.0,0.0,0.1531318633416847,0.0,0.12337094537914793,0.0,0.00555597768289298,0.11686620225820152,0.0,0.0
Orai2_mm,0.4231047506968407,0.0,0.0,0.4926902988637046,0.25965519476805027,0.0,0.0,0.07602781074093169,0.0,0.3469822357677278,0.2672740123553117,0.04801427253327792,0.01156698829635157,0.05552803198809081,0.0
Orm3_mm,0.0,0.0,0.007734777368877216,0.009930939187762043,0.0,0.0,0.0,0.07627937479970151,0.0,0.0,0.0,0.0,0.0,0.0,0.0
Ormdl3_mm,0.026888073894631173,0.03839896980763503,0.010118061667307264,0.2986868686495326,0.2708785345728149,0.0,0.0,0.22799251248150856,0.0,0.2501773882276892,0.4181437977170082,0.00762677381959184,0.020493297117782017,0.086469525892651,0.04884308891312979
Os9_mm,0.0,0.011822880226917104,0.06808974588886232,0.8013985255336284,0.5382458506228384,0.0,0.046203979125846194,0.09504613054649362,0.0,0.013874684439849051,0.7796660006928711,0.05648736247117179,0.12602190490087334,0.07871182054967814,0.10963714584003152
Osbpl1a_mm,0.25859828793968875,0.0,0.031246788659535486,0.4785889244358658,0.2221657044299845,0.008938046368213486,0.0,0.0,0.006588917464005006,0.2289048162957162,0.22910618123751128,0.0,0.03797789045499675,0.0,0.09726437753641304
Osbpl3_mm,0.0,0.0004160576950348831,0.0009114670236478137,6.166055549278594e-05,0.0,0.0,0.0006020782319111843,0.0,0.0,0.0004134903494049743,0.0,0.0,0.0,0.0025315972560632596,0.0
Osbpl5_mm,0.10557678363272076,0.0,0.0,0.1866590149538924,0.07291256946327816,0.0,0.0,0.07933290220429565,0.023915732748807157,0.0,0.04246441790109071,0.0,0.014991280785476799,0.035759253271328506,0.0
Osbpl8_mm,0.3052494798622855,0.0,0.023266790885317825,0.5527006902339334,0.27356066576723653,0.02937594368287011,0.0,0.39119233623731753,0.6828444026799043,0.5795391541816703,0.5245941547551746,0.23878986276329048,0.0,0.0,0.6083972403506493
Osgep_mm,1.4180462089899917,0.0,0.0,1.3980359499482695,0.38506938232646454,0.22912975016098383,0.5438634948840653,0.0,0.0,0.0,0.7374050892319193,0.0,0.0,0.8723259878351117,0.04708644894378075
Osgin1_mm,0.0,0.0,0.0,0.26276423027748247,0.19839641444313408,0.0,0.0,0.356880584867548,0.0,0.06286212576274684,0.0,0.0,0.0,0.0,0.0
Osr2_mm,0.0,0.0,0.0,0.0,0.001006882914631187,0.0017449323700999087,0.0,0.0004618944581438267,0.003990089121277414,0.003247422422043467,0.0,0.0,0.0,0.0016291697672560367,0.0
Ostn_mm,0.0,0.0,2.8942817033348737e-05,0.0,0.0,0.0,2.6371517880110363e-05,0.0,7.994379134364827e-05,0.0,0.0,0.0,0.0,0.00025888827262375856,0.0
Otor_mm,0.0,0.0,7.616392552186589e-05,0.0,0.0,0.0,0.0,0.0,0.0,0.0001310880224576994,4.956466272935265e-06,0.0,4.578894903531148e-06,0.0,0.0
Otud7a_mm,0.0,0.0,0.00028104850235705347,8.542340934195955e-06,2.6504191448261404e-05,0.0,0.0,0.0,0.0,0.0,0.0,0.0,0.0,0.0,0.0
Otud7b_mm,0.0,0.0,0.0,0.469112103793073,0.22424700179926887,0.0,0.020497032971194356,0.4843193511303295,0.0,0.6717871622374892,0.7185392299420338,0.11479571745455368,0.1769019487722423,0.0,0.036763322017640945
Ovol1_mm,0.0,0.0,5.196049172961825e-05,0.0035588726464043916,0.0012464664401471012,0.0,0.0,0.0,0.0,0.0,0.0,0.0,0.0,0.0003765378496135178,0.0
P2rx3_mm,0.0,0.0,0.0,0.26980000530839177,0.7942407807913444,0.0,0.0,0.0,0.0,0.0,0.0,0.0,0.0,0.01344801937030824,0.0
P2rx4_mm,0.019079908620687248,0.0,0.06257223110875006,0.03486525327452797,0.17303774522495455,0.0,0.0,0.418728262791364,0.14155701271808246,0.4382970276571296,0.03489675814802209,0.0,0.06526364371093747,0.0,0.0
P2rx7_mm,0.0,0.0,0.22972523078149623,0.0,0.4401125864392004,0.0,0.0,1.4079945025584795,0.0,1.370757092603051,0.0,0.0,0.0,0.0,0.0
P2ry14_mm,0.0,0.0,0.0007796375531785673,0.008040670194987574,0.0,0.0,0.0,0.00038488633993410997,0.0,0.0011771791473492114,0.0,0.0,0.0,0.0020382970276033694,0.0
P3h2_mm,0.0,0.0,0.0003188415788508166,0.0016580344537570643,0.0019187440478898494,0.0,0.0027077922030638944,0.004283090048712053,0.002350089594286536,0.019283729220216775,0.006001145470679574,0.0,0.0,0.0,0.0
P4ha2_mm,0.0,0.0,0.0,0.02520036014184296,0.006321167682449827,0.0,0.0,0.10078716763109959,0.0,0.0,0.0,0.0,0.0,0.013691094883185826,0.0
P4ha3_mm,0.0,2.295923772210884e-05,0.0,0.0006532686482532821,0.00011810264392038678,0.0003039768946204761,0.0,8.243483769180343e-05,0.00013940345777474156,0.0004722937082717397,0.00043867606223514416,0.0,0.0,0.0,0.0
Pa2g4_mm,0.8958778075236453,0.0,0.0,0.0,0.11857617415456229,1.301322090786926,0.0,0.0,0.9836321554242127,0.4920377924904776,3.3231153122041843,0.5098410712719724,0.16838216017054833,0.6202713041368354,0.879287486626618
Pabpc1_mm,3.1319358894783003,1.8590225939288698,0.52193950241275,0.21125385699261992,1.9633214393769962,2.2773471351852654,0.7915436022399668,1.0762134665199319,1.824409791213634,1.4725972077551397,0.9056207360440155,3.59368971556425,3.978463209732686,1.7777078258624452,0.013510795092116609
Pabpn1_mm,0.40730906814651796,0.0,0.021737285371298633,0.11476085263974814,0.2453648488015328,0.0016106534229360359,0.0,0.06919870015081798,0.1625722195062077,0.6347929687584056,0.42377154566703357,0.0,0.09373222502530801,0.017152447951071636,0.061364006373416
Pacs2_mm,0.0,0.012280082366775545,0.0022715687587663252,0.3474697779180789,0.20570329961032183,0.0,0.0520938661176835,0.2829395940667529,0.0,0.07868393169858182,0.08332637480236545,0.02741729458858137,0.03495994839986088,0.0,0.0
Pacsin1_mm,0.0,0.0,0.01727281514773708,0.0,0.0017740605586773607,0.0,0.0,0.006283533354426371,0.0,0.07555001160352934,0.0,0.0,0.0,0.0,0.0
Pag1_mm,0.18282189266722984,0.0020483413906398546,0.0,0.45707901804752443,0.14386933767599677,0.0,0.07031506066783914,0.007075872712082659,0.01051750225519253,0.236425926817643,0.23100295058807838,0.11103280048718762,0.023062677311781517,0.0,0.03488049038046394
Palld_mm,0.3402432362906596,0.09281675490172872,0.018434432985796643,0.2502148987056138,0.007525998250112955,0.0,0.0,0.01589511235722834,0.012535247306671085,0.0,0.3235196720702119,0.012025656658339212,0.0,0.04986561225087397,0.0
Palmd_mm,0.0,0.0,0.002986604538118243,0.0,0.0,0.0,0.0,0.00039636525389334843,0.0025083038568167386,0.012515683878174002,0.0,0.0,0.0,0.0016439829856999253,0.0
Pam_mm,0.0,0.0005834246257437844,0.0,0.0,0.010261559564713911,0.0,0.00257414916510918,0.0,0.022202703258278295,0.025124801115972605,0.01565168885623325,0.0024878869932388106,0.0,0.00928803090816083,0.0
Pamr1_mm,0.0,0.0,4.64584835724163e-05,0.0008839877458408676,0.0,0.0,0.0,0.0,0.0,0.0006233592212756074,0.0,0.0,0.0,0.0,0.0
Papolb_mm,8.28947154949654e-05,0.0,1.963134777901183e-06,0.0,0.0,0.0,0.00010957671556047042,0.0,0.0,0.0001431517037231027,0.0,0.0,0.0,0.0,0.0
Pard6b_mm,0.0,7.644280415051531e-05,0.0007275038760108126,0.0,0.0,0.0,0.0,0.0002649236142721874,0.0,0.0,0.0,0.0,0.0,0.0,0.0
Pard6g_mm,0.0,0.0005544286509006178,1.0705554468995017e-06,0.0,0.0,0.0,0.00039055998454787434,0.0,0.0,0.00025983909436028634,0.0,0.0,0.0,0.0004898169764458904,0.0
Parp12_mm,0.00010229304122926335,0.0,8.27306329330157e-05,6.367450746531737e-06,0.0,0.0,0.0,0.0,0.0,0.0,0.0,0.0,0.0,0.0,0.0
Parp14_mm,0.0,0.0375247927325308,0.1689226691466081,0.9818500743126355,0.0,0.01776585546958246,0.1269883540680765,0.0,0.1097646480980558,0.3781951573258596,0.0,0.08817907713635781,0.0,0.0,0.18830041112221543
Parp3_mm,0.0,0.004096963477283022,0.0,0.29338982428646215,0.09354506889331779,0.0,0.0404964219921608,0.15061231620087526,0.1291475872763935,0.05593289576335363,0.0,0.0,0.0,0.03506584252877318,0.0
Parp4_mm,0.0,0.05624310472895845,0.07707956503486878,0.6787778959126295,0.1918429346525236,0.002684458878726444,0.0,0.22377567368530327,0.1713088542914561,0.26462492641218066,0.07542228839752518,0.02536131503400417,0.0,0.0,0.0
Parva_mm,0.0,0.0,0.0,0.026042762481028447,0.0,0.0,0.006131335906755435,0.0035604712488922483,0.0058174403206946584,0.009332783838085043,0.0,0.0020045468156438154,0.0,0.002595183870847849,0.0
Parvg_mm,1.7080946987527323,0.0795003016030247,0.14850471541266955,0.48331195282280365,0.3653666044543415,0.0,0.0,0.0,0.26250392896122127,0.0,0.04291223827545282,0.0,0.010089654477498102,0.39590397896537716,0.0
Pate13_mm,0.0,0.0,0.0,0.0,0.0,0.0,0.0,0.0,0.0,0.0001613786591347969,0.0,0.0,0.0,0.0005026916112935772,0.0
Patj_mm,0.0,0.0,1.1515852054667066,0.0,0.0,0.0,0.0,0.0,0.0,0.0,0.0,0.0,0.0,0.0,0.0
Pax6_mm,0.006569202139028594,0.0,0.0,0.0,0.0024722279231266507,0.0,0.0,0.0,0.0,0.034674194738041786,0.005066204727080953,0.0,0.00852796902773808,0.0,0.0
Paxx_mm,0.01416914983655487,0.0,0.0,0.18833694482832022,0.2875987364890111,0.0,0.0,0.04690559631605368,0.0,0.009916323703320898,0.03619632828837411,0.0,0.0,0.16393373543815823,0.0
Pbx4_mm,0.0,0.0002682376732105178,0.0009921857360734611,0.0029163977614535845,0.0,0.0,0.0,0.0,0.0,0.0,0.0,0.0,0.0,0.0,0.0
Pbxip1_mm,0.0926196135780927,0.01851770219927328,0.0,1.338240127415307,0.43799679475396264,0.046986275583376536,0.0,0.22489996953054195,0.0,0.6496399553331081,0.22041750890561582,0.0,0.1379654345890156,0.026252025648030395,0.0
Pcbd1_mm,0.0,0.0,3.277587400341926e-05,0.0,0.0,0.0,0.0,0.0003330951826046432,0.0,0.0012117805673316226,0.0,0.0,0.0,0.001510274883133018,0.0
Pcbd2_mm,0.5494378397789389,0.0,0.0,0.3038282749234926,0.31025585845666837,0.0,0.9752997710898652,0.0,0.0,0.0,0.036277422379522424,0.0,0.0,0.06482975616456364,0.0
Pcdh17_mm,0.0,0.0,0.00032019847488507376,0.0,0.0,0.0,0.0,0.00045676511761796645,0.0020089339624166824,0.0,0.0,0.0,0.0,0.0,0.0
Pcdh19_mm,0.0,0.0,0.00033441366033525613,0.0,0.0,0.0,0.0,0.0001063375673583951,0.0,0.0,0.0,0.0,5.718182685264132e-05,9.47897076832098e-05,4.94067043642233e-05
Pcdh1_mm,0.0,0.00016338439437998115,0.0,5.814674861209271e-05,0.0,0.0,0.0,0.0,0.0002494889696595031,0.0,0.0,0.0,2.953749338595603e-05,0.0,0.0
Pcdh7_mm,0.0,0.0003808966416837515,0.0,0.0,0.0,0.0,0.0,0.0,0.00024793923792721913,0.0005982788876433456,0.0,0.0,0.0,0.0,0.0
Pcdhb2_mm,0.0,0.0,9.013421325594445e-05,6.204669416129023e-07,0.0,0.0,6.221379656892711e-05,0.0,0.0002864447292061771,0.0,0.0,0.0,0.0,0.0,0.0
Pcdhga3_mm,0.000824312802522467,0.0,0.0,0.0,0.0005708462376506331,0.0,0.0,0.0,0.0006913286660588527,0.002128934906219225,0.0,0.0,0.0,7.723517858365977e-05,0.0
Pcdhga9_mm,0.0,0.0005886037235333511,0.0011914024461837413,0.0012768705673927784,0.0,0.0,0.0,0.0,0.0,0.0,0.0,0.0,0.0,0.0,0.0
Pck2_mm,1.0621963874064095,0.13615942182713617,0.21953744955584523,1.1039258490285553,1.5893182400915347,0.0,0.0,0.08097959591914838,0.0,0.18011882294759055,0.9921221600883101,0.21103353358545976,0.48405966698675484,0.7838678979410866,1.5541962871970065
Pcmtd1_mm,0.8266995620812413,0.0,0.020207721879837,0.3491637618595762,0.6995558569353687,0.3455865273131419,0.41915845338736235,0.0,1.0072308676109116,1.3308455615395873,0.5729956309913004,0.5298648976710257,0.1880332020729747,0.00971633880406928,0.7608726363385789
Pcmtd2_mm,0.0,0.0,0.002731654794537927,0.18395889212127317,0.11728395499393643,0.008859765263878288,0.10638850207610331,0.012031232802328078,0.12453840326475152,0.2351540618917893,0.0,0.0,0.0,0.0,0.0
Pcp4_mm,0.0,0.01813084778929732,0.032883030073662625,0.010594137149743806,0.0,0.0,0.10974928046404187,0.0,0.0,0.004558073649805761,0.0,0.0,0.0,0.13503748695822831,0.0
Pcsk2os2_mm,0.00017814237532237933,0.0,3.6203439882406595e-05,0.0,0.0,0.0,0.0,0.0,0.0,0.0,0.0,0.0,0.0,0.0,0.0006425948979305927
Pcsk5_mm,0.0,0.0,0.0,0.0,0.0,0.0,0.0,0.0,0.0,0.01859444207899338,0.0,0.0,0.07149979238478604,0.0,0.0
Pcsk6_mm,0.0,6.849313540886227e-05,0.0,0.0,0.0,5.1679155242434865e-05,0.0,0.0,0.00042475411812168806,0.0,0.0,0.0,0.0,8.161780986590442e-05,0.0
Pdap1_mm,0.30958945880126953,0.0,0.4417319695742438,0.8421759661740528,0.0,1.616886071104565,1.0439547955643287,0.5562014328905867,1.3308750167281773,0.0,4.697693781588379,0.0,1.7014167373265163,0.3052115505285217,0.5226855163790661
Pdcd1_mm,0.001014744792561716,0.001067243425410744,0.00949677757973613,0.01012116810303358,0.0,0.0,0.0,0.0027331410434771634,0.0,0.0011127727363488959,0.0,0.0,0.0,0.0003706870071842636,0.0
Pdcd1lg2_mm,0.0,0.0,0.0,0.07727418228336722,0.053757214729015554,0.0,0.0,0.06449483590664697,0.0,0.006750464840051431,0.0,0.0,0.0,0.021388251734344062,0.0
Pde1b_mm,0.041997997285071684,0.0,0.0,0.15059667141687008,0.10593552663217785,0.0,0.0,0.10411356321873598,0.0,0.08920564236775334,0.06337543065223994,0.0,0.040033524078963344,0.0,0.0
Pde2a_mm,0.03639652011537276,0.0,0.0,0.4267255101403226,0.039063063158971026,0.0,0.050479674217117965,0.0,0.0,0.0,0.29485182598354076,0.11788102318694316,0.12755929236246613,0.0,0.0
Pde4a_mm,0.6084323640694618,0.11144190414172962,0.03964046082628604,0.8232525639334112,0.42390197832355064,0.0,0.0,0.0724128245626044,0.0,0.3800528491336674,0.19643267144093665,0.0,0.017896041961345453,0.0,0.11191396970120342
Pde4c_mm,0.0,0.0,0.0,0.03288783333727645,0.09538057340167035,0.0,0.0,0.0,0.0,0.05526584849399947,0.0,0.00019718763628784637,0.006672627598855985,0.0,0.0
Pde4d_mm,0.0,0.0,0.0,0.004828797910561238,0.0,0.0,0.00378170758321223,0.0014782403053369838,0.0,0.0,0.0,4.108324729295967e-05,0.0,0.001347875472267306,0.0
Pde4dip_mm,0.0,0.0,0.09659148575834467,0.01709141912200741,0.10359507735050172,0.0,0.0,0.006502514654256351,0.30493323327954686,0.11041584537985763,0.038198345274687386,0.0,0.10879877790674311,0.0,0.0
Pdgfb_mm,0.000249063744132693,0.0,0.0,0.0,0.0,0.0,0.0,0.0,0.0,0.001344504538181941,0.00023698771704541306,0.0,0.0,0.0,0.0008058586719372565
Pdilt_mm,0.0,0.0,0.0,0.0003361945911386425,0.0,0.0,0.0,0.0,0.0,0.0,0.0,0.0,0.0,4.008128678207953e-06,0.0
Pdlim1_mm,0.004278487995394963,0.0,0.0,0.012226820987954383,0.0,0.0,0.0,0.0,0.0,0.003239497761442286,0.0,0.0,0.0,0.003460075738741504,0.0020417028921835318
Pdlim2_mm,0.04491801862309408,0.0,0.0,0.3648040969429525,0.13190679133996686,0.0,0.01627701874286164,0.09514252295059848,0.04149246523070579,0.0,0.11563489041905645,0.0,0.0,0.11210231011761275,0.0
Pdpk1_mm,0.5624531766015303,0.0,0.0,0.571731957471344,0.2495895901496004,0.11458357195808265,0.028436712386164787,0.5756985675768066,0.8894645660963378,0.890461524012314,0.4091888819114659,0.049098123906836676,0.0,0.0046688287995021414,0.0
Pdrg1_mm,0.7699292755013554,0.0,0.0,1.3964396966018793,0.21469285917382422,0.11562778173668012,0.0,0.0,0.0,0.6086287930298581,0.15731830329799676,0.0,0.09275647914637487,0.6186395575338605,0.23584868398249437
Pdyn_mm,0.0,8.523043222211854e-05,7.549429610388599e-05,0.00012339623177004728,0.0,0.0,0.0,0.0,0.0,0.0,0.0,0.0,0.0,8.024395662239763e-05,0.0
Pdzd2_mm,0.000100506622810177,0.0,0.0,0.0,0.0006414067303631145,0.0,0.0,0.002619594239126023,0.0011281827115674134,0.010746835886957856,0.002546415863606665,0.0006934657625644251,0.0002073428500507205,0.00027772209140996493,5.2941720776115625e-05
Pdzk1ip1_mm,0.0,0.0,0.001947883146656738,0.0011032988007990737,0.0,0.0,0.0,0.0015236725831050137,0.0,0.0,0.0,0.0,0.0,0.001266467347113894,0.0
Pdzrn4_mm,0.0,0.0,0.0,0.0011496340178760748,0.0,0.0,0.0,0.0,0.0015511549578503293,0.0,0.0,0.0006940955396163927,0.0004926630766117143,0.0018638234628641011,0.002273446669357904
Pecam1_mm,0.29399666731118457,0.0,0.1270677791582856,0.6978101137350564,0.0,0.01911234309135839,0.0,0.0,0.1376361997728838,0.3078420393480633,0.2630528708586293,0.0,0.21081626368953266,0.0,0.248212771424732
Perp_mm,0.0,0.0,2.950262027940057e-05,7.410327535768384e-05,0.0,1.2670690499454917e-05,0.0,0.0,0.0,0.00012661317126236006,0.0,0.0,0.0,0.0,0.0
Pex6_mm,0.10058235650547584,0.0,0.0,0.4155286625191176,0.27599870510312896,0.0,0.0,0.0,0.0,0.2473758254041069,0.2867391054187417,0.0,0.06290799647094393,0.11166942200588717,0.0
Pf4_mm,0.8130475809217724,0.008272217639222125,0.0,0.5309272102364079,0.004030442669370071,0.0,1.8080204149772665,0.13163415628797465,0.0,0.0,0.13493444451499043,0.0,0.0,0.3316373838694384,0.0
Pga5_mm,0.0,0.0,0.0001818836281472498,0.0,0.0,0.0,0.0007915175152746118,0.0,0.0,0.0,0.0,0.0,0.0,0.0,0.0
Pgk2_mm,0.0,0.0,0.0,0.0006220650122178291,0.00094637612245695,0.0,0.0,0.0014367674842016031,0.0,0.0,0.0,0.0,0.0,0.0,0.0
Pgls_mm,0.04630444104153002,0.0,0.05747916838976782,0.32741962974667893,0.5447704629560303,0.0,0.7947178879350185,0.08618315487848348,0.0,0.0,1.7462804281243962,0.06268790275974925,0.21616411910898184,0.5838577339826893,0.0
Pgpep1_mm,0.2529775177797703,0.0,0.0,0.21661963151349606,0.31874711050446963,0.0,0.0,0.17048530302026327,0.0,0.11941599869441645,0.0227630582550868,0.0,0.007442895148219146,0.088052617951285,0.0
Pgpep1l_mm,0.0,0.0,0.0,0.00030160198176742715,0.00039312284981210424,0.0,0.0,0.00039053682401792196,0.0,0.0020242887793203656,0.0,0.0,0.0,0.00014769170741032808,0.0
Phactr2_mm,0.016787796647805213,0.0,0.0,0.6295360971706203,0.36440655252778215,0.0,0.0,0.0933502782854938,0.028599499049574602,0.0,0.23711519372229703,0.24847259385165116,0.011226859469911496,0.0,0.0
Phf10_mm,0.9272002046648108,0.0,0.07426385510570582,0.12388154819483183,0.6129076887196068,0.05483284670752891,0.016652372964762158,0.011541976811469571,0.5711170546593208,0.447711987231356,0.7531965087800784,0.30024840435336836,0.0,0.20004607730356463,0.2723836684357408
Phf20l1_mm,0.14082581234747982,0.0,0.0,0.4150278489929482,0.30914210895280425,0.11603723019193533,0.07499065319624962,0.27653896779483905,0.19675540142637588,1.5045758102521254,0.6618711118088383,0.21864232320484983,0.4331445269232707,0.0,0.4441258478612071
Phf21a_mm,0.0,0.0,0.013657511332101554,0.560742633967211,0.33266701660607734,0.013958720963669343,0.0031619601066142813,0.09417656157141134,0.21191609639831352,0.5842997328611432,0.34744474848194545,0.04156204452325009,0.24644696441583552,0.0,0.0
Phf2_mm,0.0,0.0,0.03155209620054225,0.4681337566955316,0.18074681857775474,0.023905008979815182,0.0,0.0,0.1703167419993832,0.3766833680141889,0.7601631455270698,0.2129137418898329,0.15586130292676775,0.0,0.30159377450007097
Phgdh_mm,1.3312941910205394,0.0,0.0,0.0,0.7451239230298672,0.0,0.12714789444395558,0.16450260552081244,0.8858214843359734,0.0,1.35594791464626,0.038195196899938985,0.0,0.5760587927202461,0.0
Phkb_mm,0.3297309900047419,0.005272063430607937,0.0,0.4973440693506611,0.40552376848421756,0.011649918934730706,0.0,0.0,0.2473529612161054,0.4617440898820536,0.09738740086823028,0.10814948915168802,0.036311116574959196,0.039249033723666824,0.08405660487971921
Phkg1_mm,0.0,0.0,0.20461988490447836,0.0,0.0,0.0,0.0,0.03936436196085189,0.9178645854888993,0.2371981230586468,0.0,0.0,0.25162388626786303,0.03657447206557738,0.0
Phlda1_mm,0.24422839356130327,0.0,0.0,0.0,0.007756347209803234,0.0,0.06262407725959813,0.6429641676196713,0.03080698997304585,0.03880714028530942,0.14871223748581636,0.0,0.012628969844145377,0.0,0.0
Phlda2_mm,0.0,0.0,0.0,0.0,7.384134265062578e-05,0.0,6.571006354014208e-05,4.968203549208114e-05,0.0,0.0,9.789225718571648e-05,0.0,0.0,0.0,0.0
Phlda3_mm,0.0,0.0,0.00011063947608887763,0.0,0.0,0.0,4.684338632630513e-05,7.71417211635124e-05,0.0,0.0004305607040764545,0.0,0.0,0.0,0.0002980246172553487,0.0
Phldb2_mm,0.0,0.0,0.002909658801475806,0.0,0.0,0.0,0.0,0.0020374021328592178,0.0,0.0072698101859977925,0.0,0.0,0.0,0.0,0.0
Phlpp1_mm,0.0,0.0,0.0,0.5237258179117167,0.20215864737298533,0.12580569346062195,0.0,0.2677306771037611,0.13685001201770802,0.6800929463363505,0.7587547425279497,0.39193856071776617,0.13300183180359756,0.0,0.0
Phpt1_mm,0.2562183150892361,0.0,0.0599282499449156,0.24216457089818655,0.0,0.0,0.7501163279649663,0.0,0.0,0.0,0.09237904138252034,0.0,0.0,0.6702272804722306,0.0
Phrf1_mm,0.016289266418479005,0.0639137746778855,0.0,1.0964577037194079,0.16817932458245297,0.30158077306642267,0.0,0.35768727296918507,0.16285238890583867,0.8705424275345416,1.6328864270152288,0.06511418039809755,0.05616548367821522,0.0324804921303518,0.27466859602046384
Phtf2_mm,0.9688128778822064,0.0,0.1749574103911001,0.669016592511207,0.0,0.07299956687413624,0.0,0.08410295628491161,0.7339905516687594,0.0,0.8525500184400159,0.06951364432517647,0.0,0.0,0.20284887709393667
Phxr4_mm,0.024128929305963907,0.06462003954118946,0.026447286711967402,0.29589502120304795,0.09644358949996504,0.0,0.0,0.06346622662207013,0.020252856870517845,0.11282649469548238,0.0,0.0,0.0,0.029014713802515007,0.0
Phyhipl_mm,0.0,0.0,0.0,0.0,0.0,0.0,0.0,0.0,0.0,0.0,0.0,0.0,0.0,0.0013841553673213263,0.0
Pick1_mm,0.11725018637893156,0.010744864833904948,0.02041820224937095,0.4112345872802964,0.1365406146522905,0.0,0.003585913205523799,0.05679307598913697,0.0,0.09930309509851498,0.23519555312333074,0.0,0.0,0.007971719434379765,0.0
Piezo1_mm,0.24725250749154334,0.0,0.0,0.3241660367939731,0.27285298617142256,0.0,0.0,0.1994230304694909,0.0,0.20164683776922127,0.8408409164682605,0.06125866928760154,0.05851273007737266,0.0,0.003946475194058705
Pik3ap1_mm,0.8550048222299469,0.057896499177215184,0.07232958740410078,0.9063404908106462,0.0,0.030740034071745352,0.0,0.19566526142863544,0.14469485663040563,0.14612857876642674,0.6801193037513575,0.2957635409748657,0.0,0.0,0.059577467212256145
Pik3cb_mm,0.0,0.0012441662524569,0.0,0.0021287974920671617,0.0,0.0,0.0019484474221889234,0.0018546325678480472,0.0,0.00038147203887625144,0.0,0.0003579791889061495,0.0,0.0,0.0
Pik3ip1_mm,0.0,0.0,0.0,0.2442671318246713,0.6774657470733048,0.02758795160029348,0.010924951497727113,0.0757635451855031,0.042776934351127026,0.38605530666130156,0.0,0.007850780006234712,0.013120588872214983,0.0,0.0
Pik3r2_mm,0.03362782129837675,0.018555432112610334,0.0030556922090503175,0.14031541568966793,0.101299777197597,0.0,0.010139252391140826,0.0,0.028589595292689375,0.0,0.12521133217483102,0.0,0.0,0.04091600581204646,0.0
Pilrb1_mm,0.0,0.0,0.0,0.0,2.231742256336346e-05,0.0,0.0,0.0003478212688704503,7.236993618604534e-05,0.00020071119823571003,0.0,0.0,0.0,0.0,0.0
Pilrb2_mm,0.0,0.0,0.0,0.00025253922368357,0.0,0.0,0.0,8.732329989234731e-06,0.0,7.143161644779593e-05,0.0,0.0,0.0,0.0,0.0
Pim1_mm,0.4132254416710259,0.0,0.0,0.5219483950824793,0.604791079190796,0.24405512495040083,0.3403790043985905,1.2443373975946097,0.0,0.8018322339053133,0.6199162276751006,0.2354121830160811,0.2655006504522057,0.0,0.0
Pink1_mm,0.1125870494772143,0.0,0.020367967945466095,0.7878145079524996,0.3155251185019688,0.0,0.0,0.048435311687878894,0.0,0.23363829373748074,0.017369637109807476,0.0,0.0,0.14057334960580897,0.0
Pip4p1_mm,0.7052026501699293,0.0,0.0,0.3750313347275197,0.3553408633694088,0.0,0.009320923453459837,0.1908948421604428,0.240890953211858,0.2522042050536946,0.3097828248663342,0.10382851635282532,0.0007654387195717754,0.2714277861094831,0.02968510634313064
Pip5k1c_mm,0.31220678649253764,0.15304785592679968,0.0,0.800303757596243,0.1977373320837769,0.0,0.0,0.15877293783423937,0.08790472423603865,0.3492605792773098,0.3737440992839244,0.07086276165360046,0.0,0.0,0.0
Pipox_mm,0.0,0.0,0.0,0.02023864484383764,0.03760957171369924,0.0,0.0,0.010114797912331915,0.007879968326286681,0.024403214017131313,0.0,0.00023305418416897348,0.0,0.012685284972828463,0.0
Pir_mm,0.0,0.00120056006972507,0.007207063828892302,0.0011626849964161694,0.0,0.0,0.0,0.0014089812393887383,0.0,0.0,0.0,0.0,0.0,0.002941405397434092,0.0
Pisd_mm,0.5628066340648427,0.0,0.02052618009958011,0.8270944571904311,0.060284958419950165,0.0,0.0,0.3050167554324336,0.509005745476927,0.48195703772995335,0.5579314220127731,0.0,0.22880794344780625,0.050489867561303005,0.0
Pitpnm1_mm,0.22095640175280987,0.0,0.0,0.2894596737067236,0.19878485653372585,0.0,0.0,0.04353562362125286,0.0,0.10436075988047412,0.1383015866361656,0.0,0.010608085547702161,0.0,0.0
Pitx1_mm,0.0,0.0,0.0,0.0,0.0,0.0,0.0,0.0,0.0,0.0,0.00013945706796830744,0.0,5.851904229222164e-05,0.0,0.0
Piwil2_mm,0.21489786790759827,0.005656333179829491,0.0,0.18762575710569068,0.18553486336699415,0.0,0.0,0.06487358579996588,0.0,0.027231411046955912,0.11685387308322219,0.011456015889105617,0.0,0.0,0.0
Pkd1_mm,0.2429938586212786,0.0,0.021603330896310134,0.15273807171380394,0.14349114715862,0.0,0.06551938628497882,0.07728245665452325,0.07064866280538244,0.32352606604246,0.09834364392195255,0.0,0.01935249183842492,0.0,0.0
Pkd1l1_mm,0.0,0.0,0.0,0.00021061923422309407,0.00048234770237790724,0.0001714673291665352,0.0,0.0,6.262913475620112e-05,0.0,0.0,0.0002983413856811591,0.0,0.0,0.0
Pkd1l2_mm,0.0,0.0,0.1641910668487568,0.09643904790315722,0.06142196104355879,0.0,0.0,0.024209705435012434,0.0,0.006446096652957901,0.0,0.0,0.0,0.15746116851523229,0.0
Pkd2_mm,0.0,0.0123362385688104,0.010252189310346532,0.0,0.0,0.0,0.014779191778825376,0.009569181791828958,0.07770530876837572,0.060036518203834245,0.0,0.0,0.01107003368962118,0.002603885559564717,0.0
Pkdcc_mm,0.0,0.0,0.0001171409207678205,0.0,0.0,0.0,0.0,0.0,0.00023353637685927543,3.6574158307035204e-05,0.0,5.5456173642113436e-05,0.0,0.0,0.0
Pkhd1_mm,0.0,0.00030451662861772955,0.0005933267761234683,0.0,0.0,0.0,0.0003931779018833808,0.0,0.0,0.0,0.0,0.0,0.0,0.0005518184068774944,0.0
Pkhd1l1_mm,0.0,0.001476475142113411,0.0009015459403643724,0.0008630621067135013,0.0,0.0,0.0,0.0004208337967240059,0.00041109646359574036,0.00045897342401365866,0.0,0.0,0.0,0.001573987099405495,0.0
Pkib_mm,0.13601412113228037,0.08315190289228011,0.025616846013370487,0.1426782390478625,0.0,0.0,0.0,0.0,0.18229661242957426,0.4753318266175808,0.0,0.0,0.0,0.030430107955287958,0.0
Pkn1_mm,0.25238662931584277,0.18168144875600833,0.07493631457577296,1.1387335449297906,0.5825421773022885,0.0,0.0,0.24686149958540507,0.0,0.4460349273232707,0.8725388206603285,0.18318192893581886,0.2840439507647525,0.0920990406692548,0.0
Pknox1_mm,0.447896311375003,0.13054520454257645,0.0,0.7734346507039157,0.3491454565416932,0.06995981312181246,0.06362803422647113,0.15607643744176905,0.0,0.5067486803968518,0.8722855937253761,0.06013247769923431,0.0,0.0,0.5311186245158095
Pkp2_mm,0.0,0.0006266275105636195,0.0005042438368465859,0.0,0.0,0.0,0.0,0.0,0.0,0.0003921058396951183,0.0,0.00018110462158409528,0.0,0.0,0.0
Pkp3_mm,0.0,0.0,0.023130743270638184,0.01817489870891839,0.001988715869689437,0.0,0.0,0.0,0.0,0.0,0.0,0.0,0.0,0.011069522968755326,0.0
Pla2g1b_mm,0.0,0.0,0.0008702349633099997,0.00033579360081003023,0.0,0.0,0.0,0.0,0.0,0.0,0.0,0.0,0.0,0.0005184817222576763,0.0
Pla2g2e_mm,0.0,0.0,0.0007572133527019226,0.0,0.002793693981834268,0.0,0.0,0.006091338660378442,0.0,0.0,0.0,0.0,0.0,0.0001664198350995287,0.0
Pla2g2f_mm,0.14035028795034427,0.0,0.005329747223395398,0.5281793133951782,0.0,0.0,0.0137937244975784,0.0,0.0,0.0,0.0,0.0,0.0,0.14061925298973782,0.0
Pla2g4f_mm,0.0,0.0,0.0044061676869331014,0.09281527204041765,0.07031767264694529,0.0,0.0,0.072011452150788,0.0,0.0012945046579993964,0.0,0.0,0.0,0.09147015653277367,0.0
Pla2g5_mm,0.0,0.001221258320681029,0.006868736625430252,0.002685084822740151,0.0,0.0,0.0,0.0016995931369523862,0.0,0.0022617705919899273,0.0,0.0,0.0,0.0,0.0
Pla2g7_mm,0.12797956006707747,0.10324993326562172,0.019378445081300617,0.35831803688217,0.07884919034671038,0.0,0.011956649490160023,0.020674923897465024,0.0734601788188641,0.0,0.00993002322202809,0.16230496129644742,0.0,0.0,0.0
Platr13_mm,0.0,0.0,0.0,0.011726670028694994,0.01847716425058577,0.0,0.0,0.010017695580116157,0.0,0.007418067652248704,0.018879793757813002,0.010112652781002793,0.0,0.0,0.0
Platr14_mm,0.149234879438134,0.03882227723823005,0.020212762424059363,0.3904187922515253,0.09545829633290331,0.0,0.1347144672527292,0.2909700228121969,0.2278211143700657,0.2587992324728,0.37115475380788454,0.28437364067067655,0.07096901012203975,0.09038755791481125,0.0
Platr19_mm,0.0,0.0004578630589756752,3.7261420852306984e-05,0.0,0.0,0.0,0.0,0.0,0.0,0.0,0.0,0.0,3.6983921857214684e-05,0.00038231484011364155,0.0
Platr3_mm,0.0,0.0,0.0008210750661387592,2.9494845106912675e-05,0.0,0.0,0.0019821598142325102,0.0,0.0,0.0,0.0,0.0,0.0,0.00015639416930551193,0.0
Plau_mm,0.0,0.0,0.004810930115079518,0.0,0.0,0.0,0.0,0.12479425745999094,0.0,0.0,0.0,0.0,0.0,0.00201973465257166,0.0
Plcb1_mm,0.0,0.0002071356817777225,0.001121239740797603,0.0,0.0,8.744415363277016e-05,0.0012070620775199142,0.0,0.0,1.0824385678680736e-05,0.0,0.00011671444170914241,0.0,0.0006475691817256989,0.0
Plcb2_mm,0.0,0.011390940730779463,0.03463457176927734,0.5918296479713091,0.1397863112514529,0.0,0.0,0.01286736209165951,6.78796258152357e-05,0.19604385980645608,0.06858568687259456,0.022962548184193427,0.09211174579870074,0.0,0.0
Plcb3_mm,0.018253120753743683,0.0,0.044695830372505324,0.5897926975381639,0.08793926568397907,0.0,0.0,0.1501546248661814,0.08218926118626575,0.18709790905139756,0.5815152150978143,0.02683183014998458,0.18393674341865363,0.0,0.0
Plcg1_mm,0.3861793173786217,0.0,0.0,0.6271742836693085,0.0,0.027623522972690415,0.0,0.0,0.23429922101659412,0.3103546489416718,0.7284652216338372,0.11378457872332662,0.3047107735306675,0.0,0.0
Plcl1_mm,0.0,0.0,0.0022154194499081972,0.0,0.025693272668879337,0.0,0.0,0.019134187117105274,0.0,0.021535781667592045,0.0,0.0,0.0021457768440431018,0.0,0.0
Plcxd2_mm,0.0,0.0,0.004316380492236469,0.0,0.0,0.0,0.0,0.009282296635122363,0.0,0.014849509318874946,0.0,0.0,0.0,0.0,0.0
Pld1_mm,0.0,0.0,0.03741800370079319,0.0,0.0,0.0,0.0,0.005000459102337215,0.1725657356298061,0.03064251926021465,0.0,0.0,0.024190578547490276,0.007526967515644992,0.0
Pld3_mm,0.0,0.0,0.0,0.2002070154390692,0.13924954045353535,0.0,0.006173245680773362,0.16639286194782657,0.0,0.0,0.0,0.0,0.0,0.07438928377816449,0.0
Pld4_mm,0.01841028946526656,0.0,0.0,0.8747146454551417,0.0,0.0,0.00561472708661148,0.07438116687622652,0.11692435206866657,0.0,0.0,0.0076163849098231946,0.02974571418331255,0.19486093707510013,0.0
Pld5_mm,0.0,0.0,0.014008171222604286,0.001513986211873969,0.0,0.0,0.0,0.0,0.0,0.0041083160993217556,0.0,0.0,0.0,0.0,0.0
Pldi_mm,0.0,0.0,5.8384708563078235e-05,9.625313530548851e-05,6.454799001292737e-05,0.0,0.0,0.0,0.0,0.0006104743209609307,0.0,0.0,0.0,0.0,0.0
Plec_mm,0.0,0.2593493905996849,0.0,1.2097429520522551,0.5499088852149998,0.0,0.0,1.0512828194431871,0.0,0.5379537944068484,1.9932326925755515,0.30920387686885104,0.6146446279937079,0.0018643701783685642,0.0
Plek_mm,0.0,0.0,0.007146910643382568,0.0,0.0,0.0,0.004719401052534824,0.03783625918080055,0.00011959400666603993,0.00027584259973001976,0.0,0.0,0.0,0.002580855259107127,0.0001455604154890398
Plekha7_mm,0.0,0.0,0.0061366039452573455,0.016974270928789188,0.0,0.0,0.0,0.0,0.0,0.007366248352972611,0.0010137600581059786,0.0,0.0,0.0004564201578648428,0.003920140867933801
Plekhb2_mm,0.24038757848577766,0.0,0.0022963902286113457,0.5285596674692927,0.2683519003118858,0.0,0.013985358316924601,0.3846979116537396,0.10296435418975644,0.07360285736291743,0.0,0.0,0.0,0.14422932052143214,0.0
Plekhg1_mm,0.0,0.012505042716599447,0.026674560475207727,0.139769323835979,0.012992380002684026,0.0,0.0,0.025787235810864166,0.0,0.05509782065952739,0.0,0.00731364880108831,0.0,0.0,0.0
Plekhg3_mm,0.0,0.002525586277824545,0.001396266098819914,0.04577769945435982,0.01573778489802574,0.0,0.0,0.016070658605409044,0.0,0.004964943340892739,0.0,0.00692106313842969,0.0008062168070030307,0.0,0.0
Plekhh2_mm,0.00038066909343088096,0.0003409414643898133,0.006027228725461664,0.001361003645760588,0.0,0.0,0.000653812237252461,0.003171430748713724,0.002998400323091248,0.0218068702462934,0.0,0.0,0.001378508501772244,0.00016122529548496416,0.0
Plekhm2_mm,0.0,0.0,0.006421255958004541,0.17700599949721338,0.08913425336367369,0.006667739095105859,0.0,0.1262999558690032,0.0,0.21656399147035563,0.1475209458376129,0.0,0.023779725872516297,0.0,0.0
Plekho1_mm,0.0,0.0,0.0,0.42498014073509105,0.3594154884765997,0.0,0.0,0.5049340376980893,0.0,0.22274298217643293,0.539691519853958,0.03481719494146416,0.13543483651563143,0.0,0.0
Plekho2_mm,0.0,0.0,0.0,0.7243113539722034,0.47912311281752723,0.0,0.06173642542416477,0.6055398038943561,0.07584322119513794,0.22261237858003408,0.1950485215914259,0.1491056099887076,0.024607205386114248,0.1305188687688207,0.0
Plgrkt_mm,0.14048964351965368,0.0,0.0,0.27766499294126856,0.36328443818510303,0.0,0.19695829191336092,0.2276782354416999,0.04423352497730176,0.32452863487182504,0.0,0.024439556597506393,0.019076616890863488,0.43394183212272847,0.0
Plin2_mm,0.11678058983240004,0.0,0.0033819529486570415,0.524447927752369,0.4143945066817359,0.0,0.0,0.39611695781959066,0.0,0.18141567256943056,0.0,0.0,0.0,0.24292204931704234,0.0
Plin3_mm,0.09951240997632779,0.03070188317979363,0.051521188565843326,0.6294895442729124,0.7549055522750692,0.0,0.14753080231566915,0.7632173043349485,0.0,0.1634962057310397,0.3489827425884592,0.024086158319966848,0.09677893785716682,0.09838980070010635,0.0
Plin5_mm,0.0,0.0,0.0,0.0012756862296245204,0.0,0.0,0.0,0.0004881592394252563,0.0004997002755093167,0.0,0.0,1.085544522818795e-05,0.0,0.00047841803468871066,7.230797296694067e-05
Plk1_mm,0.5676036819710423,0.0,0.0,0.046324995673717666,0.0,0.0,0.09390650737558487,0.006187045360951459,0.2386924229322102,0.0,0.3107805800882739,0.0,0.0,0.11634203479228541,0.8342213354328953
Plp1_mm,0.013097711616513248,0.0,0.0,0.0,0.0525355915056406,0.0,0.0,0.0,0.0,0.12672571640539038,0.0,0.0,0.1971290718354822,0.0,0.0
Plp2_mm,0.2850425653131322,0.0,0.0,0.0,0.11798553717124592,0.0,0.0,0.16423648047655431,0.10133047230230548,0.010954168275231886,0.026752105563844185,0.008424259153827834,0.0,0.21061737300791197,0.0
Plppr2_mm,0.0,0.0,0.0,0.0007207571214530613,0.018296860857501394,0.0,0.0,0.0024423956061904225,0.0,0.006497036949367617,0.0,0.0,0.0,0.0,0.0
Plppr4_mm,0.0,0.0,0.002321819061371328,0.0,0.0,0.0,0.0,0.0,0.0,0.0269769583380986,0.0,0.0,0.03219193844536602,0.0,0.0
Plppr5_mm,0.0,5.823812698345044e-05,0.0,0.0,0.0,0.0,0.0004044045866051256,0.0,0.0,3.669005891849321e-05,0.0,0.0,0.00015631945395309035,0.0007319739270839355,0.0
Pls3_mm,0.0006284604942669665,0.0,0.0012476573261352404,0.001751883783194922,0.0,0.0,0.0,0.00378561236747604,0.0,0.0,0.0,0.0,0.0,0.0,0.0
Plscr1_mm,0.6726528929742952,0.0,0.0,0.08510126864365243,0.3556665352964753,0.0,0.19986888297104435,1.0663820166601146,0.08716657541817144,0.0,0.16702321823263408,0.20628014519365498,0.0,0.0,0.0
Plscr2_mm,0.018452700139209143,0.02707583532390349,0.007779721693125435,0.027113902472517524,0.0,0.0,0.0,0.04183224383390787,0.061529075248777786,0.22979218402955917,0.014689453369286301,0.0,0.09308154935888084,0.007316827720813777,0.0
Plxdc1_mm,0.0,0.0,0.0,0.1721610067240495,0.12045224509811304,0.0,0.0,0.0024052855576828435,0.0,0.15499567247191703,0.0,0.0,0.0,0.010978771625867976,0.0
Plxna1_mm,0.40468633472962817,0.0,0.0,0.7143293987799244,0.45139244364928677,0.09569895926089869,0.0,0.0,0.33633610205081593,0.1973639662047071,0.6528285215494191,0.16037096607566495,0.052505482343220444,0.1933996529338634,0.20990954019622904
Plxnb1_mm,0.0009208842057049308,0.0,0.0003832417868126551,0.005130582170865916,0.0,0.0,0.0,0.0,0.0,0.007222840863208238,0.0,0.0,0.000265244562266638,0.0005759872797535615,2.7526191026135218e-05
Plxnb2_mm,0.0,0.017810751970573618,0.07411342189362949,0.18670245193339824,0.0,0.0,0.0,0.0,0.0,0.0,0.0,0.0,0.0,0.009287017089999529,0.0
Plxnd1_mm,0.06139561513258368,0.005198574761912145,0.0,0.2011164770485672,0.10228704584244383,0.0,0.0,0.2521237131501344,0.04177693301111533,0.08323495336877682,0.2794608343982436,0.19157091642085003,0.0,0.0,0.0
Pmel_mm,0.0,0.0,0.00561000821699536,0.017314561777527684,0.028869384435346368,0.0,0.0,0.07099427379653336,0.0,0.012875507957908244,0.0,0.0,0.0,0.0018635678015622343,0.0
Pmf1_mm,0.5465826762164231,0.1668338510430816,0.0,1.1073227686860896,0.20804128026651206,0.0,1.7679318445481444,0.09830911951748013,0.0,0.0,0.5963016970837021,0.0,0.0,1.7561129586169812,0.0
Pnisr_mm,0.03306698562773721,0.0,0.15195797586322643,0.5947899174863509,0.27966666907633364,0.3133350899596961,0.06654195463494748,0.3272260095041174,0.10354453177751036,2.7782328290524436,1.3901358778746875,0.24973813057515534,0.9075639081242085,0.0,0.7468361687601268
Pnkp_mm,0.12600107075929529,0.0,0.0,0.31353404019360614,0.2126440299540777,0.0,0.0,0.032170445679144725,0.0,0.0,0.10700035783252076,0.0,0.0,0.1101809263606619,0.0
Pnliprp2_mm,0.0,0.0,0.00030022390384901274,0.0,0.0,0.0,0.0,0.0,0.0,0.0002579822853554889,0.0,0.00011994040547160763,0.0,0.0,0.0
Pnma5_mm,0.0,0.0,0.03695042944673879,0.021335094049655785,0.0,0.0,0.0,0.0,0.0,0.0,0.0,0.0,0.0,0.0024977798218382167,0.0
Pnn_mm,1.3716221456566802,0.032423917761043676,0.0,0.256290312002834,0.26612305770538236,0.1426953478394921,0.0,0.0,0.0,2.463874068705393,1.1549385606701474,0.25548813607772436,0.9630651158459563,0.30958714693830125,0.8676988566235848
Pnp2_mm,0.23890861416948694,0.0,0.0,0.011317910124727869,0.024408013760846812,0.0,0.0,0.0,0.0,0.0,0.024455834232481148,0.0,0.0,0.020064346579650463,0.0
Pnp_mm,5.32354236047661,0.41004151120954346,0.004287127035804698,1.1419607063575739,0.6809850297858574,1.232745281393716,0.5296616313511192,0.0,0.0,0.0,0.29698756237390034,0.0,0.09255502023385814,1.898481601647085,0.016972374562241984
Pnpla2_mm,0.10604283175516753,0.0,0.0,0.28616896484485743,0.2161765143825617,0.0,0.0,0.21768262262485977,0.15442401318340215,0.0,0.3462822815510457,0.013939311006394617,0.0,0.08074311936572835,0.0
Pnpla7_mm,0.08133718786979827,0.0,0.004225838761312949,0.3456407718605356,0.1657832615907807,0.0,0.0,0.10173071723723406,0.0,0.31440499752959716,0.0,0.0,0.08288651587497689,0.04767738757779008,0.0
Pold1_mm,0.10173717484279969,0.0,0.0,0.7388509909729108,0.1557073228031346,0.003999572689919119,0.0,0.0,0.0,0.0,1.0348915999742025,0.010218089486583348,0.05271666672518271,0.2570251753865472,0.6691266449215897
Pold4_mm,0.32009270321250444,0.0,0.0,0.3308971929239624,0.2637486593571937,0.0,0.549113928551886,0.0,0.0,0.0,0.0,0.0,0.0,1.2220455220567525,0.0
Polr2l_mm,0.08078780927464912,0.0,0.03028956462393356,0.05604030789464623,0.0,0.0,0.37148259303528264,0.012631556946744983,0.412235831164367,0.0,0.19977641338225355,0.0,0.03378319021674362,0.0,0.0
Polr3h_mm,1.0870619953323482,0.0,0.0018033916199598663,0.3500010001002017,0.0,0.0927680886854048,0.0,0.002014591128573549,0.024412710070881624,0.0,0.47430823672975975,0.0,0.0,0.23881464104818215,0.06197099110064432
Pom121l2_mm,0.0,0.0,0.0,0.0,0.0,1.3760049153576551e-05,0.0,0.0,0.0005037462132618798,0.00019668866877722285,0.0,0.0,0.0,0.0,0.0
Pon3_mm,0.43377750258314945,0.0,0.05812870255775459,0.502742667642598,0.27893354771760354,0.0,0.0,0.17843880149769992,0.2758818955637259,0.12431105341344909,0.0,0.0027546925315897236,0.0,0.3224811229745404,0.0
Porcn_mm,0.0,0.0,8.072736385523891e-05,0.0,0.0,0.0,0.0,0.0,0.0,0.00011456557581272394,0.0,0.0,0.0,0.00030343001218766644,0.0
Postn_mm,0.0,0.0,0.00015880780731145782,0.0010899922005504976,0.0,0.0,0.0,0.0003139643266169357,0.0,0.0,0.0,0.00023819367185851632,0.0,0.0007875719475061399,0.00032417917602669123
Pou2f2_mm,0.08805617996111391,0.06066105739319268,0.0,0.7078432892651615,0.009516726997467617,0.0,0.09650275593428613,0.0376569072817572,0.14376495597452513,0.23553009137253048,0.42024467542451954,0.25442492124785565,0.134780156926903,0.0,0.0
Pou2f3_mm,0.0,0.0,8.497347203762073e-05,0.00021549230215219616,0.0,0.0,0.0,0.0,0.000206997265025534,0.0,0.0,0.0,0.0,0.0008255920353289187,0.0
Pou4f2_mm,0.0,0.0,0.0,0.0,9.106681234370924e-05,0.0,0.0,0.0,0.0,0.0009963408032085943,0.0,0.0,0.0,0.0,0.0
Pou6f1_mm,0.0,0.0,0.001297399331189292,0.023342354368870537,0.044248521533572935,0.0,0.0,0.001934090152426941,0.0,0.03329214810905146,0.0,0.0,0.0,0.003207882634938435,0.0
Ppan_mm,0.8693433299067753,0.06651762595277728,0.04245403185953038,0.43928549061705885,0.015259659313738173,0.1198068929802209,0.0,0.0,0.11305276923884262,0.3775788192737011,1.6114550466383706,0.0,0.0,0.22200344000065694,0.0
Ppara_mm,0.0,0.0,0.0003517320896804871,0.0,0.0,0.0,0.0008091964371234262,0.0,0.0,0.0,0.0,0.0,0.0,0.0016105569834591357,0.0
Ppargc1a_mm,0.0,1.3636044420334372e-05,0.0005337035036934255,0.0,0.0,0.0,0.0013313808787793974,0.0,0.0,3.7376792578427676e-05,0.0,0.0,0.0,0.00026609764607659313,0.0
Ppbp_mm,0.0,0.0,0.0,0.0008172808955342892,0.0,0.0,0.0,0.0,5.068185261120981e-05,0.0,0.0,6.018788181217237e-05,0.0,0.0,0.0
Ppcdc_mm,1.1548712927749967,0.09157333433236156,0.0,0.9844016915565239,0.5316459263470813,0.05374866586856184,0.0,0.0,0.21452975536910518,1.4502372333110114,0.5498101509069271,0.02887520211233052,0.0,0.3660747404779364,0.036732576826641446
Ppdpf_mm,0.1418443890502901,0.0,0.0,0.13537254652449515,0.24111367812529155,0.0,0.4927746645639329,0.10655912034936858,0.1874369551338019,0.0,0.3003652291984056,0.00036168073491052633,0.0,0.4498113361942926,0.0
Ppfia2_mm,0.0,0.0021601770935613333,0.0028654034299103242,0.0,0.0,0.0,0.0,0.0,0.0,0.00024168054421800966,0.0,0.0,0.0,0.0,0.0
Ppfibp2_mm,0.0,0.0,0.003352407247633004,0.0,0.0,0.0,0.0,0.01106897630529372,0.0,0.00669303247184932,0.0,0.0,0.0,0.0,0.0
Ppifos_mm,0.0005928080626302974,0.0004009356372552706,4.587408078233354e-05,0.0,0.0,8.449907245275916e-05,0.0,0.0,0.0,0.001442207633840792,8.65615666831262e-05,0.0,0.0,0.0,0.0006289774354901406
Ppig_mm,1.0812208296147692,0.15299848539215252,0.054481072665190804,0.0,0.35436002240794157,0.8270761153369421,0.0,0.6889327395220556,0.07411887391262961,2.7901577565450784,2.354771215937987,0.44443913288166,1.3545327206347526,0.16578338698580516,1.7868260189371337
Ppm1l_mm,0.0,5.854810345342123e-06,2.2713737119312712e-05,7.695601070271176e-05,0.0,0.0,0.0013531851829705814,0.0,0.0,0.00016444181304198512,0.0,0.0,0.0,0.00012820236647946519,0.0
Ppp1r12a_mm,0.33843675312753235,0.10826440481121163,0.04305215269039448,1.107929002538602,0.24262990826251157,0.5348758641866793,0.07006245800006619,0.5284732573396824,0.14627078755707065,2.2118174524184595,1.192523544640319,0.24058463633894347,0.1877524907545092,0.08521793668955027,1.1270661086755054
Ppp1r12c_mm,0.1319370848801747,0.0,0.0732826374965608,1.2331283503809345,0.19838133600571375,0.07496322674228655,0.18122516201434744,0.20349880006111506,0.0,0.11800540413594125,0.675367019931083,0.0,0.007702436617534834,0.05104273366899104,0.05769988934108836
Ppp1r14d_mm,0.0,0.0,0.0005092636990536648,0.0008787390289691914,0.0,0.0,0.0011884480828392207,0.0,0.0,0.00016021383832031595,0.0,0.0,0.0,0.0,0.0
Ppp1r15a_mm,0.0,0.0,0.00019254110138005204,0.0,0.12498430681271568,0.00770017950860337,0.0,0.5639535985719437,0.0,0.5655215199364078,0.4351444633758018,0.0,0.11292286464544449,0.0,0.0
Ppp1r36_mm,0.0,0.0,0.0006961796275026882,0.0,0.0,0.0,0.0,0.0003606939696212025,0.0,0.00015174340845616107,0.0,0.0,0.0,0.0,0.0
Ppp1r3e_mm,0.0,0.00013572004230535915,7.822257710639407e-05,2.315903613862351e-05,0.0,0.0,0.0,0.00011697429322370783,1.1254521907662718e-05,0.0,0.0,1.1789687732054214e-05,0.0,0.0,0.0
Ppp1r9a_mm,0.0,0.001486125422181351,0.0016132875519378046,0.004844881721133027,0.0,0.0,0.0,0.0,0.0,0.0,0.0,0.0,0.0,0.0,0.0
Ppp2r3d_mm,0.0,0.003042777512813061,0.014146666757749636,0.05386364069953927,0.07659476375912048,0.0,0.0,0.14709943103842124,0.0,0.1027494184131615,0.19720860868795695,0.010197686322401584,0.058009760255250405,0.020259197304017866,0.0
Ppp2r5c_mm,0.6323508092070111,0.07055386400423755,0.0,0.6004077597312679,0.39245263390002577,0.016937895923779804,0.09043747524882272,0.16008641396851922,0.15101815813457534,0.44716648216680066,0.48652852708487626,0.17633917583764006,0.03180215008327547,0.03757971980795746,0.24732564568450163
Ppp3cc_mm,0.10824707663294109,0.0,0.0,0.1719428175240956,0.07814123511471231,0.0,0.0,0.019173287366661768,0.0,0.01886538732290362,0.032531304394666734,0.06010365493940082,0.015405281304097289,0.0,0.008407230275436295
Ppp4r2_mm,0.0,0.0,0.0,0.6471382247132208,0.11793674423860767,0.2710917140487383,0.3194191358929766,0.37891802993621565,0.0,0.9289509645442264,1.0340401832071704,0.14720674176110712,0.5181900327720959,0.0,0.0
Ppp6r1_mm,0.0,0.0,0.021170977460510897,0.8627337935251185,0.04565129719353336,0.09009409826937091,0.0,0.0,0.8083865471033889,0.2661146011060781,1.6301756048835414,0.42930451176788564,0.40377169422907616,0.0,0.0
Ppp6r2_mm,0.08786771692473937,0.0,0.057393748160063214,0.3730927174671672,0.19582505540632786,0.0,0.0,0.0,0.01954845224135051,0.20335314000989488,0.16392617812336688,0.012659501236258178,0.050829749786554385,0.0,0.08691458227061802
Ppt2_mm,0.0,0.0,0.000622804333023315,0.0021597299441108533,0.000338143927730231,0.0,0.0,0.0,0.0013877877020983236,0.00041628491824853347,0.000300590445105811,0.0,0.0,0.0008246318836998485,0.0
Ppy_mm,0.0,0.00019123409763081205,0.0034299359892052254,0.0052886070375276146,0.0,0.0,0.008433016216684307,0.0,0.0,0.0,0.0,0.0,0.0,0.0012798278270544456,0.0
Pqlc3_mm,0.13098601812237462,0.0,0.006961865296422822,0.4131118020227607,0.19229061621507057,0.0,0.02610477460472652,0.14288368711664481,0.07192567482124959,0.04919215329931099,0.0,0.0,0.0,0.12766722120446455,0.0
Praf2_mm,0.019633928929101974,0.0,0.0,0.009848379434865892,0.011228178205099096,0.0,0.0,0.0,0.012190973318149547,0.01105457136359436,0.0,0.0,0.0,0.1452114097579801,0.0
Pramef25_mm,0.0,0.0005351651248366377,0.0006415549820827079,0.00040204235832035556,0.0,0.0,0.0,0.0,0.0,0.000481992057387205,0.0,0.0,0.0,0.0,0.0
Pramef6_mm,0.0,0.00020739654677551727,0.0001950389914928582,0.0,0.0,0.0,0.0,0.00011616624577640033,0.0,0.0006682543203894107,0.0,0.0,0.0,0.0008747576092250947,0.0
Pramel4_mm,0.0,0.0,0.00012776676252634008,0.00015244485395627506,0.0,0.0,0.0,0.0,0.0,0.00015539125209736057,0.0,0.0,0.0,0.0,0.0
Prdm11_mm,0.04733241798361189,0.0,0.0,0.0,0.04896760204049545,0.0,0.007517801788664814,0.021877535962424116,0.08261435381038211,0.13992671440519214,0.05201464580906369,0.0,0.0,0.03540348279454157,0.0
Prdm12_mm,0.0,0.0,8.763154361602137e-05,0.0,0.0,0.0,0.0,0.0002149244787076575,0.0,0.00047934310287043024,0.0,0.0,0.0,0.0,0.0
Prdm14_mm,1.7089436556295957e-05,0.0,5.943841582703392e-05,0.0,0.0,0.0,0.0,0.0,0.0,0.00013446211648389313,0.0,0.0,0.0,0.0006662898833693525,0.0
Prdm16os_mm,0.0,0.00018751800869545317,0.0,0.0,0.0,0.0,6.9054665730070574e-06,0.0,0.00019296605879448706,0.0,0.0,0.0,0.0,0.0001883532480138333,0.0
Prdm1_mm,0.0,0.0,0.0,0.0,0.0,0.0,0.0,0.0,0.0,0.00024843476554302693,0.0,0.00013517074404550473,0.0,0.0,4.5425156096562826e-05
Prdm5_mm,0.0,0.010845288193471324,0.0010985325122198082,0.0,0.0,0.0,0.0,0.13432902101145577,0.0,0.13493278016474344,0.0,0.0,0.024010015086538813,0.0,0.0
Prdm6_mm,0.0,0.0,0.0,0.0,0.0,0.0,0.0,0.0,0.0,0.0,0.00014535336314505754,0.00012465886116493592,0.0,8.488011910184308e-05,0.00017093282742338
Prdm9_mm,0.0,0.006917908094216613,0.0,0.12981151517692924,0.12724814435032963,0.0,0.00693142603447691,0.0,0.06194365460865975,0.15563962207661663,0.04788003518019213,0.06001529109758156,0.024130796347103387,0.02745034903047319,0.0735843846985132
Preb_mm,0.8455865826359055,0.023763668988738197,0.09532185637470127,0.9004768509692229,0.31618742012613027,0.003020113584544582,0.0,0.21445166165447652,0.0,0.10501391017720886,0.5364414466723075,0.0,0.0020001255305613576,0.23816841176669093,0.12248645832010778
Prelid2_mm,1.0862105805540785,0.0,0.0,0.24752727876914354,0.36860656275094544,0.0,0.7718708052369996,0.04490666956624436,0.0,0.08597931073568901,0.2008988201166267,0.04133855855298689,0.035898650828298385,0.834033001437782,0.17589865515694103
Prickle2_mm,0.0,0.0,0.0001568278166484353,0.0,0.0,0.0,0.0,0.0,0.0005108787579902422,0.0,0.0,0.0,0.0,0.0,0.0
Primpol_mm,0.07180048361265494,0.0,0.0,0.03122379791648605,0.1630389010542739,0.0,0.0,0.06351150638745716,0.10662509470583546,0.09948666701726497,0.029431011803397536,0.027119003228224706,0.0,0.007741903872419741,0.0
Prkaa2_mm,0.0,0.00014881021863203235,0.0,0.0,0.0,0.0,0.0,0.0,0.0,0.0,0.0,0.0,0.0002971704007965237,0.00013293384193472,0.0
Prkacb_mm,0.3576076365028681,0.0,0.02345365823737244,1.0510173818459747,0.3765839820226742,0.2345358393231626,0.3586976691392009,0.2345307450076307,0.7895331304632363,0.39802914072647594,0.6332241159444566,0.2903466885477252,0.0,0.0,0.1081772190695875
Prkca_mm,0.23065647210295442,0.008321050998192421,0.00010104301922171678,0.9602855672454201,0.27444128002124263,0.06688191227547753,0.0871620137314112,0.016457360685228045,0.47142968937271956,0.28762437449452233,0.4803900141833581,0.18976030334880029,0.0860527056748281,0.022324038900412662,0.37713468589272586
Prkcb_mm,1.0097809897770194,0.0,0.0,0.873133205822669,0.6330313350670623,0.09062296942713816,0.2939582749514676,0.2089251546734081,0.3046801599058496,0.19982421752605978,0.32974203597296325,0.151735748619725,0.21616018891772926,0.0,0.5905075678100397
Prkcd_mm,0.16313335080978322,0.027229723666844306,0.0,0.6888231576146593,0.05033667261898846,0.0,0.0,0.23737762900025272,0.0,0.23301136811018222,0.10853119141539247,0.16566566023774248,0.011824077121130747,0.0,0.0
Prkce_mm,0.5770704150846583,0.0,0.029196068753103967,0.3300062596716263,0.3074930432507529,0.13273124139823225,0.0,0.0,0.15719748169369613,0.42141211582579013,1.086906186611074,0.030030045478057505,0.29270639610358107,0.0,0.4920877687903961
Prkcsh_mm,0.0,0.0,0.0,0.6343746921718422,0.18755845527148607,0.014963622847790833,0.0840527923982099,0.14689518048789443,0.17779193788655837,0.10162301506606548,0.8701196113909923,0.0,0.21315948844149105,0.184309560802962,0.0
Prkcz_mm,0.002293327494913401,0.0019478976533360852,0.0,0.006196816491109304,0.0011418651716471246,0.0,0.0,0.0014938773018891005,0.0,0.003820093930014422,0.0,0.0,0.0,0.0,0.0
Prkd2_mm,0.41624108447808283,0.0,0.0013934430137403934,0.45403391109975355,0.2509242096674233,0.0,0.04349018551983534,0.08624655525021316,0.0,0.40068716105562957,0.0,0.0,0.00639631714147626,0.02039192814015659,0.053170790038869896
Prkg1_mm,0.0,0.0,0.0,0.00047697294458046917,0.0,0.0,0.0001383319445798533,0.00034422732137884195,0.0,0.0004777693052605677,0.0003429230687188629,0.00014267290688380153,0.0,0.0010060983710077438,0.0
Prl2c3_mm,0.0,0.0,0.000733843202822215,0.0,0.0,0.00036291526935050653,0.0004415499473718724,0.0031297742609747376,0.00287816510723871,0.0014069844891877244,0.0,0.0,0.0,0.0,0.0
Prl2c5_mm,0.0,0.0,0.004807670167275951,0.001902459572399651,0.0005767686248940746,0.0,0.0013945245287291423,0.04521838129843325,0.0,0.00941367848152876,0.0,0.0,0.0,0.004323472962386473,0.0
Prl3b1_mm,0.0,7.380793389374504e-05,0.0,0.00016192969248493875,0.0002015784376928069,0.0,3.978669037615435e-06,0.0,0.0,0.0,0.0,2.8296459338749967e-05,0.0,0.0,0.0
Prl6a1_mm,0.0,0.0,6.264876803779958e-05,0.0,0.0,0.0,0.0,0.0,0.0,0.0,0.0,0.0,0.0,0.0011037983384790961,0.0
Prl8a1_mm,0.05081896368706321,0.0,0.0,0.006090473492081902,0.0183536159521278,0.0,0.0,0.0,0.0,0.055181798332679347,0.0,0.0,0.0,0.011881897255409182,0.0
Prlr_mm,0.025444264824517514,0.007030395434232781,0.010215018410772426,0.07936081065283591,0.0016775142121471963,0.0,0.023251802557672174,0.0,0.014558239711131061,0.05053358438307414,0.0,0.003564057017714087,0.0,0.015926262269282263,0.023386223187795076
Prm3_mm,0.0,0.00017352932597621058,0.00012244301254505564,0.0,0.0,0.0,0.0,0.0,0.0,0.0003620688785257451,0.0,0.0,0.0,0.0,0.0
Prmt2_mm,0.0,0.0,4.664787707067156e-05,0.007220940178210889,0.005072446121268446,0.0,6.423762564093437e-05,0.0,0.005205120955653876,0.007189898644777989,0.0,0.0,0.0,0.002087395711381358,0.0
Prodh_mm,0.0,0.0006114397532923089,0.0,0.0025253644328601613,0.0,0.0,0.0,0.0,0.0004227169674015613,0.0038552434670424403,0.0,0.00014876010245617034,0.0011015298988728346,0.0010466949915096577,0.0
Prpf19_mm,0.01376030694313786,0.0,0.028786602152392916,0.2278551053940675,0.0,0.09260140678197398,0.009003811436957092,0.0,0.7853517533638215,0.0,1.5742646646989917,0.043181878921496296,0.6325430449029849,0.0,0.1777377057973336
Prpf38b_mm,0.41645754962056863,0.0,0.0,0.020904149535838717,0.12597751987001574,0.48646917062116823,0.0,0.1472243340482416,0.16363110911150386,2.2638220168430316,2.4976878423300826,0.0,3.0312988539198806,0.0,0.8472915909103329
Prpf40b_mm,0.0,0.0,0.0,0.3953147017425146,0.22419034911296257,0.0,0.0,0.0,0.0,0.24784501424279579,0.33253547684390306,0.0,0.23608949997903428,0.0,0.0
Prph_mm,0.0,0.00024109931445709937,0.0001710418063354809,0.0,0.0,0.0,0.0,0.0017445425776479323,0.0,0.005891112863415564,0.0,0.0,0.0,0.0,0.0
Prr12_mm,0.0,0.0,0.0,0.0,0.020299356612324838,0.0,0.0,0.0,0.12184640551081352,0.09985868522796537,0.3168293274310428,0.04340615102849874,0.06165687202323756,0.0,0.0
Prr22_mm,0.004171527492006526,0.0,0.0,0.0022494169312804115,0.0047412164124948425,0.0,0.0,0.0,0.0,0.0020948666529807445,0.0046960936241281495,0.0,0.0,0.0010004531314701057,0.0
Prrc2a_mm,0.0,0.03846888571268956,0.0,0.31912467754043117,0.0,0.0,0.0,0.0729768779286823,0.35018227273255986,0.45977368622122566,1.7566595508139442,0.7830987835158134,0.0,0.0,0.0
Prrg3_mm,0.000190132848938095,0.0,6.580766444001821e-06,0.00014346854304477798,0.0,0.0,0.0,0.0,0.0,0.0,0.0,0.0,0.0,0.0,0.0
Prrx1_mm,0.0,0.0,0.0,0.0,0.0,0.0,0.0010173544221921923,0.0004066487236105669,8.935171568323863e-05,0.000142849445237106,0.0,0.0,0.0,9.55943340735569e-05,0.0
Prrx2_mm,0.0,0.0,0.0,0.0,0.0,0.0,0.0,0.00011638474132074825,0.0,0.001290023089530386,0.0,0.0,0.0,0.0,0.0
Prrxl1_mm,0.0,0.0002568270462321885,0.0,0.0,0.0,0.0,0.0,0.0006260573868991495,0.0,0.0,0.0,0.0,0.0005163905846463732,0.0004233134781649542,0.0
Prss2_mm,0.0,0.0,0.0,0.00020614126510711778,0.0,0.0,0.0,0.00022184970167700706,0.0,0.0,0.0,0.0,0.0,0.0,0.0
Prss30_mm,0.0,0.0,0.0,0.0,0.0,0.0,0.0,0.00025685335093776255,0.0,0.0011151396495004042,0.0,0.0,0.0,0.0,0.0
Prss33_mm,6.620896612683534e-05,0.0,0.0,8.746759598754498e-05,0.0,0.0,0.0,0.0,0.0,0.0,0.0,0.0,0.0,0.0,0.0
Prss38_mm,0.0,0.0,0.0,0.0,0.00033641022375406843,0.0,0.0,0.0005848700073739491,0.0,0.00018987848709798316,0.0,0.0,0.0,0.0001459541857748064,0.0
Prss45_mm,0.0,0.0,0.013379157294192704,0.006902840627821271,0.0,0.0,0.0,0.0,0.0,0.0,0.0,0.0,0.0,0.0,0.0
Prss50_mm,0.0,0.0,3.878117880844638e-05,0.0,0.0,0.0,0.0,0.0019193551652641099,0.0,0.0,0.0,0.0,0.0,0.0,0.0
Prss51_mm,0.0,0.0,0.0,7.336917158109121e-05,0.0001690109948524048,0.0,0.0,3.237956855021098e-05,0.0,0.0,0.0,0.0,0.0,0.0,0.0
Prss55_mm,0.0,6.700404344013799e-05,1.9921677544520788e-05,0.0005683454264478855,0.0006698051120608967,0.0,0.0002447271400015271,0.00045414263069463664,0.00037661261156862475,0.0,0.0,0.00018473107221526406,0.0,0.0,0.0
Prss58_mm,0.00015647439199238837,0.0,0.0,6.507832105197337e-05,0.0,0.0,0.0,1.1302969340689333e-05,0.0,7.689237231184061e-05,4.881388847866169e-05,0.0,0.0,0.0,0.0
Prtn3_mm,0.0,0.0,0.0,0.12029798223145344,0.012052520677837651,0.0,0.15106572533762655,0.023839212506182206,0.0,0.0,0.0,0.03159946382933786,0.0,0.18618799162166386,0.0
Prune2_mm,0.42532355604370375,0.0792745246469082,0.0,0.9174703841871178,0.6295503054222895,0.0,0.0,0.32398080135377494,0.04966253108390345,0.0,0.0,0.17083811135738375,0.0,0.0,0.0
Prxl2a_mm,0.21731237355678473,0.0,0.0,0.7771122535410038,0.39714583417192056,0.0,0.21188151190818005,0.7631109428029467,0.0,0.0,0.6173579205329031,0.18209255549344489,0.20101496326319554,0.1006586917362386,0.0
Psap_mm,1.4787792802475672,0.476223389967978,0.0,1.8689381233375182,2.5329683207255376,0.7099679069224276,0.2491207752417339,1.622466316679686,0.0,0.0,0.7577008295339995,0.09720862679034241,0.45687607288674287,0.2862153674887272,0.16267107944090345
Psd3_mm,0.43394764673517916,0.0,0.0668640743467827,0.6939410045506318,0.4187176681547519,0.13579493954701918,0.0,0.0,0.2828554369770195,0.524495837589201,0.7894830530686069,0.32193707308388286,0.07986792286975397,0.054996924342687,0.41062464965665474
Psen2_mm,0.20127814919033737,0.0,0.0,0.3507759460418578,0.27462533190851673,0.0,0.0,0.1725462645854473,0.0,0.0,0.09701684744311805,0.0,0.02780221483038845,0.0,0.0
Psg16_mm,0.0,0.0,0.0,0.05416911264354571,0.0,0.0,0.0,0.02183565168305505,0.0,0.6085890806426936,0.3501838286943114,0.2171973806726486,0.1892164604706526,0.023118932739092372,0.04927789513316432
Psip1_mm,0.13588310137879728,0.0,0.05118502499161688,0.2900110050419489,0.0,0.3485563608962536,0.0,0.0,0.18055953736021638,0.9012508661799251,2.0580995379415947,0.09400218461977547,0.6714013571814654,0.0,1.8134706273600358
Psmb11_mm,0.006539897806623308,0.00652970391073616,0.006327474104064076,0.012246352329450302,0.0,0.0,0.0,0.0008866534071188944,0.02080410721577721,0.09013491213706454,0.010289085875372682,0.0,0.01560260721187989,0.0,0.0
Psmb6_mm,2.27501140969254,0.0,0.0,0.5945532195150977,0.5765799970695358,0.2724258499589366,2.1061341180478657,0.7894940852529561,0.0,0.13799674201893647,1.468168177200855,0.0,0.0,2.0970090298886066,0.0
Psmb7_mm,0.41920811610436715,0.0,0.0,0.0,0.13490783026082576,0.0,0.0,0.21323263426304243,0.3992858629881254,0.14430477463474226,0.5221182582710471,0.15438805383353132,0.11647352094930989,0.4945068751260653,0.0
Psmb8_mm,2.04925218791201,0.445865490788077,0.2687572496250213,1.0056665074847515,1.0307837769530426,0.5087421778445937,1.1774783360843144,0.0,0.0,0.0,1.8576205855866845,0.35629660125735013,0.5118283441163222,1.8083648529088239,0.4060051088289802
Psmb9_mm,0.42704837954081165,0.0,0.010018310538794628,0.4219988530040131,0.3758040035956913,0.0,0.24477623370883275,0.0,0.0,0.0,0.0,0.05158447264843899,0.0,0.5525648046449774,0.0
Psmc3_mm,1.973252796011986,0.0,0.39960862821159343,0.9753098882100716,0.6427879638991857,1.0850118242059286,0.11914184660792178,0.851916861348034,1.2548716509532272,0.0,2.8854411364247263,0.0,0.3970449073224257,0.8858662302201138,0.5816098056917565
Psmd13_mm,1.0894697436969558,0.0,0.014911544401811359,0.5729767861411995,0.34688655178735917,0.0,0.0,0.41182190454965645,0.0,0.0,0.8161465199830134,0.0,0.0932039164253904,0.5551037512221254,0.13606853646322195
Psmd3_mm,1.2341060828517216,0.17481754815478132,0.0,0.19112170715645602,0.590178992864084,0.0,0.18940926155887905,0.3545760770541944,0.0,0.0,1.730450839441955,0.044273286045406916,0.025765226420020004,0.09866202724765125,0.0
Psmd4_mm,1.1165292455580897,0.35233695864530373,0.0,1.4689417985765285,0.9248216712502131,0.6285051786787621,0.0,1.4319371630541977,0.1266031691353705,0.1670070692868155,2.539816564070121,0.17622948563029758,1.0247130273563152,1.7418827769464094,0.0
Psph_mm,2.394657170596202,0.0,0.0,0.0,0.6092647338382194,0.0,0.0,0.38900650373446866,0.0,0.0,0.0,0.0,0.051898603405176415,1.6547946435022476,0.0
Pstpip1_mm,0.005123099613129479,0.00421686439252122,0.0,0.5034506487482107,0.19477361785330177,0.0,0.0,0.08231574460875549,0.013937624530280792,0.011051742105867013,0.25274342371975744,0.0,0.07725147490172332,0.12211694208645003,0.0
Ptafr_mm,0.0012454576065716355,0.0,0.0,0.0,0.008774141723451534,0.0,0.0,0.1648905850046964,0.0,0.0,0.0,0.0,0.0,0.0,0.0
Ptchd1_mm,0.0,0.0,0.0006312954892481091,0.0,0.0,0.0,0.0,0.0016434925020009756,0.0,2.6448701102135828e-05,0.0,0.0,0.0,0.0024835064252890717,0.0
Ptcra_mm,0.0,0.0,0.036614145142575674,0.0,0.0,0.0,0.0,0.0,0.10277306070572631,0.0,0.0,0.0,0.03936557540958679,0.0002691871027947543,0.0
Ptger3_mm,0.0,0.0,0.00019767234852280496,0.00010200949692684145,0.0,4.365926807174945e-05,0.0,0.0003292554286157252,0.0,0.0,0.0,0.0,0.0,0.0004621424777291891,0.0
Ptgir_mm,0.7374598209678346,0.0,0.0,0.08867290813136226,0.8906610109066745,0.019749957132323838,0.0,0.4413148774098331,0.0005045782193224338,0.6398807712065253,0.18101686221865765,0.004043086402087837,0.0,0.0,0.0
Ptgs1_mm,0.4140685826307974,0.056591884263589,0.02299003113917395,0.48651057302435236,0.019151091174125768,0.0,0.0,0.0,0.0,0.0906143212472849,0.0020592793806022422,0.0,0.0,0.019947618679852362,0.08345475088068613
Ptgs2_mm,0.0,0.0,0.0,4.660739271394161e-05,0.0,0.0,0.0001664060689567802,0.00020513304492293422,0.00014636865112277797,0.0,0.0,0.0,0.0,0.0,0.00011718324623640458
Ptk2_mm,0.0,0.0,0.06307492023634709,0.0,0.0,0.0,0.0,0.0,0.2446074591125356,0.011896075425845955,0.0,0.0,0.054394430252293624,0.011035868709637221,0.0
Ptov1_mm,0.0,0.0,0.010858494294575647,0.23026328353975445,0.13260753886487434,0.0,0.0184932239599405,0.007919455428176205,0.01733453564778654,0.0,0.17389685795237522,0.0,0.0,0.046556332269730494,0.0
Ptpn14_mm,0.0,0.0,0.0,0.241070995031966,0.13777420331200485,0.002251030973747516,0.0,0.7769539729537127,0.0,0.2915167894977128,0.3037734972228268,0.0,0.0,0.0,0.09522661542324487
Ptpn21_mm,0.03273879631823221,0.0011709212242647475,0.0,0.21725556154263492,0.08527459756105514,0.0,0.0,0.11768131416612708,0.011241927423964765,0.11564361438031495,0.16234969945366007,0.02026751218840489,0.0,0.0,0.0
Ptpn6_mm,0.7081447958317082,0.0,0.044143578036528165,1.3264148478571949,0.0,0.17575939399914486,0.0,0.06933827631788898,1.5641342021166948,0.0,1.0304959890863803,0.0,0.0,0.5387727520088124,0.0
Ptpn7_mm,1.8263762595557984,0.16619124377683053,0.10427423979996274,0.0,0.3213416990699669,0.07304573931101185,0.0,0.0,0.0,1.4535940458314587,1.2487356696845315,0.045377881284610934,0.23096682394259466,0.016575347647420923,0.0624555460355524
Ptpre_mm,0.1592512500532662,0.02785854291476625,0.05937408929903968,0.3355686097815661,0.0,0.0,0.0,0.11498965919644309,0.0,0.0,0.0,0.0,0.0,0.0,0.0
Ptprf_mm,0.0,0.00048472572374566077,0.00021339613229921436,0.0,0.0,0.0,0.0,0.0,4.2248493048491994e-05,0.001809004624417284,0.0,0.0,0.0,0.00015420118677825743,0.0
Ptprg_mm,0.0,5.992841742268182e-06,0.0,0.0,0.0014449611946011239,0.0,0.0,0.0,0.0,0.0025149140374332206,0.0,0.0,0.0,0.0,0.0
Ptprn2_mm,0.0,1.6181786404324262e-05,0.0,0.0,0.0,0.0,0.0,0.0,0.00040689225188389927,0.0,5.694696653709435e-05,0.0,0.0,0.0,0.0
Ptprtos_mm,0.00013326333834065774,0.0009184076118137974,0.0005940262989345015,0.0013646747362014466,0.0,0.0,0.0008351181203516358,6.824691420883261e-06,0.0005171545552148942,0.0,0.0,0.0,0.0,0.0004973052886677439,0.0
Pts_mm,0.11988248299224614,0.0,0.0,0.10891277589936484,0.10542252713416303,0.0,0.00858513269795861,0.0,0.11500817232692376,0.08115386555117254,0.020223102457339857,0.060630226553313765,0.0,0.07801656057234431,0.0
Pttg1ip_mm,0.029364622693429716,0.0,0.009276800033282332,0.3035652214164523,0.16838952801624732,0.0038424716149885766,0.06955181394888912,0.09996239036983108,0.040475886598620475,0.15903678128301482,0.12313012210736295,0.0004331897704230001,0.027491675996496923,0.10322764663525011,0.0
Ptx3_mm,0.0,0.0,0.0,0.0,0.0,0.0,0.0,0.0,0.0001115647482632229,0.0,0.0,0.0,0.0,0.00018085439473377641,0.00024403881597162403
Pura_mm,0.20010580730511546,0.04407234845914206,0.0,0.4023349480791581,0.2003764373990522,0.012992961313746066,0.028959285265652532,0.2036713123629329,0.3906365582526507,0.847320843964072,1.0022624966459666,0.09942067705035083,0.2724052600432283,0.02135922990613304,0.06347894068549836
Pwwp2b_mm,0.0,0.0,0.0,0.08715373786693068,0.09414002862089774,0.0,0.0,0.06193911358328418,0.0,0.059100393404956396,0.009416351242814253,0.0,0.0,0.009792003828275508,0.0
Pwwp3b_mm,0.0,0.00010144535180854523,0.00017468096535408785,3.838438063605383e-05,0.0,0.0,0.0,0.0,0.0,0.0,0.0,0.0,0.0,0.0,0.0
Pxdn_mm,0.0,0.0,0.003971385646304113,0.0,0.0,0.0,0.0,0.00484617159759845,0.0,0.0008836655657389253,0.0,0.0,0.0,0.0,0.0
Pycard_mm,0.3352355505397041,0.0,0.0,0.12207082817498785,0.16447958696464557,0.08084106620522849,0.2597359617080028,0.0,0.0,0.07343761774984198,0.0,0.0,0.0,0.26405985531510795,0.0
Pycr1_mm,0.08552072941927505,0.0,0.0,0.0,0.13367535594502117,0.0,0.0,0.005017989283757859,0.0003876063890146409,0.0,0.021836991906050318,0.004768751943102079,0.002129749414598123,0.06952580002697323,0.0038628094241632636
Pygo1_mm,0.0016193846351287245,0.0,0.0,0.0,0.0,0.0,0.002693287337226262,0.0,0.0032681278620616556,0.01961666852398547,0.004358037370774836,0.0,0.029100139688831104,0.0,0.0
Pyy_mm,0.0,0.00011339595537437187,0.00011126248854160674,0.0,0.0,0.0,0.0005267017132644237,0.0,0.0,0.0,0.0,0.0,0.0,8.633723509748664e-05,0.0
Qpct_mm,0.00011224823617214957,0.0,0.00046498857685788443,0.0,0.0,0.0,0.0,0.0,0.0,0.00038335807445686286,0.0,0.0,0.0,0.0,0.0
Qrfp_mm,0.0,0.0,0.0,0.20411789595732377,0.11469892248429849,0.0,0.0,0.021819716523636724,0.0,0.1125823982840472,0.04044187448872224,0.030021046820073533,0.0,0.0,0.0
R3hdml_mm,0.0,0.0,0.0,0.0,0.0,0.0,0.0,0.0,0.00022159855995838024,9.364113460904183e-05,0.0,4.158099338793683e-06,0.0,0.0,0.0
Rab11fip2_mm,0.0,0.00015812444133598376,0.0,0.0,0.0,0.0,0.0,0.0001531139483006631,0.00027011701231247873,0.0006912192339788454,0.0,0.0,0.0,0.0,0.0
Rab11fip3_mm,0.0,0.0,0.0,0.0,0.0,0.0,0.0,0.0,0.0,0.0002446071299009766,0.00021112009479864913,0.0003341841370031241,0.000184788656043874,0.0,4.7675900014342194e-05
Rab11fip4_mm,0.0,7.594808296792285e-05,0.0007040669613400967,0.0,0.0,0.0,0.0,0.002011158066186753,0.0,0.0014864438305973633,0.0,5.883132197814479e-05,0.0,0.0,0.0
Rab11fip5_mm,0.0,0.02924366975964328,0.04086731094491184,0.18672217588164605,0.007981557587424802,0.0,0.006250369246791206,0.03216232051347961,0.0,0.0,0.0,0.0,0.0,0.010913589726578798,0.0
Rab15_mm,0.0,2.644516552380683e-05,0.0011283050747278845,0.0,0.0,0.0,0.0,0.0035989493705203585,0.0,0.0010062207509289047,0.0,0.0,0.0,0.0,0.0
Rab17_mm,0.0,0.0,0.0,0.00537849975277594,0.0,0.0,0.0,0.0009898711682892508,0.0,0.005769239783347943,0.0,0.0,0.0,0.0007084194113654394,0.0
Rab24_mm,0.3976541912533861,0.0,0.0,0.5221712401425985,0.2679582940943661,0.0,0.0,0.015775010794158887,0.0,0.027227364582222937,0.005769769494032328,0.0,0.015780424799631248,0.1327141231489114,0.035234409158763275
Rab33b_mm,0.009444476875256496,0.0,0.0811446188170737,0.0,0.0,0.0,0.0,0.09762260219105712,0.39407948730038145,0.11124391267780885,0.013354100479522882,0.0,0.08634200785977451,0.016678608276241947,0.030940336210919482
Rab3d_mm,0.16599529986404465,0.0,0.023424882086880115,0.44336154627511726,0.2988233988188982,0.0,0.00013022543474484248,0.08558634119074583,0.0,0.01441354969376298,0.0,0.0,0.0,0.024150454629029025,0.0
Rab40b_mm,0.00019861602615202936,1.9192161498337888e-05,0.00023336732459698113,0.0,0.0,0.00022071402756365346,9.166580146465575e-05,0.0,0.0,9.066138409480921e-05,0.0,0.0,0.0,0.0,0.0
Rab43_mm,0.0,0.0,0.0,0.6109293896678062,0.17210257489663772,0.03102294878598406,0.0,0.13136941635330968,0.0,0.37037254983377343,0.19806820444570025,0.12335925005868165,0.0,0.0,0.0
Rab5b_mm,0.10564041958533142,0.0,0.0,0.19870012409294543,0.14930410791837195,0.0,0.0041061512467671785,0.09798992505181202,0.22356789678647077,0.2080879124612164,0.0,0.0,0.0,0.055826661365568145,0.02078931565257783
Rab7b_mm,0.0,0.0,0.05885067632612454,0.07123158784102085,0.0,0.0,0.0,0.009780727660040194,0.0,0.024284067006530394,0.0,0.0,0.0,0.0,0.0
Rabac1_mm,0.4942972577228089,0.013754012972574912,0.0,0.4009683933555323,1.1030613917204284,0.0,1.484193588155607,0.7839538206657602,0.0,0.0,0.7038873665202005,0.06367591023921597,0.0,0.780138484955517,0.0
Rabep1_mm,0.20177136075644495,0.0,0.0,0.4317201229253071,0.3579649134014226,0.11039657218345146,0.1712223259267466,0.4186872801805499,0.06901136194431726,0.9854993176362117,1.0079208781027942,0.25869037744823775,0.30087902551495316,0.0,0.41267302155293073
Rabep2_mm,0.21431473554575892,0.0,0.0,0.4664445419189132,0.1663695648758017,0.0,0.0,0.09466257966236816,0.0,0.1060334935353266,0.29716991552577965,0.0,0.052562839902277066,0.05411936840868883,0.0
Rabgap1l_mm,0.20039052954791708,0.0,0.0,0.5764106494400297,0.04598641152042985,0.0,0.13561036317164185,0.1349864465327277,0.1574353961995555,0.2508757215634513,0.0,0.12343563919758987,0.037923765690275967,0.0,0.0
Rabl6_mm,0.08659285453312976,0.0,0.029055303221194102,1.0820476540769244,0.3860915595295639,0.2389894087246642,0.0,0.055750681838532844,0.0,1.176407657683188,2.272427465567084,0.0,0.9199909140137613,0.048892986394506316,0.32265744705595445
Rack1_mm,1.768798169879674,2.119064998350574,0.10586219965066127,1.7558598951231745,3.250226267566039,2.8952735178345255,3.2847814054374243,1.5262482110627764,0.44032188601149197,0.03694559464592938,0.90458774433026,1.2193413855983035,0.8856768904250162,3.180977812785412,0.72973902715527
Rad23a_mm,0.07053664581472273,0.0,0.0,0.5846141049894442,0.43988745271551966,0.0,0.21545705889968267,0.09255394383575924,0.4357849518803333,0.0,0.8722152804734653,0.13144559119952132,0.0,0.0,0.0
Rad50_mm,0.8278743029019797,0.10676971850978807,0.0,0.1376337274308929,0.6869450407175511,0.11951220740305532,0.18269208647198126,0.08102246114427261,0.07893425675085755,1.265873250662868,1.4591879918956507,0.46675937706125753,0.24518875474880678,0.18292541790462952,2.530974161784278
Rag1_mm,0.0,0.0,0.007404534733990758,0.28401365971222253,0.0,0.008894459023874623,0.007978490146700662,0.0,0.0,0.039295996012686664,0.0,0.00994347657796645,0.020495203766591946,0.0,0.0
Rai14_mm,0.0,0.0,0.0013311399336460889,0.006251669031825703,0.0,0.0,0.0,0.0,0.0,0.0041357149571939955,0.005243466342486434,0.002363626964015343,0.0,0.0,0.006540419601992974
Rai1_mm,0.25119319394759454,0.041230859156821204,0.0,0.5274648631791476,0.07672471557555655,0.017471606503541022,0.0,0.0,0.11261344380430229,0.26679257258884304,0.5402068939431488,0.16186234651423176,0.0,0.0,0.012731994003667172
Rala_mm,0.0,0.0,0.1771767884692474,0.6778806255302191,0.3012918909813326,0.0710782470573036,0.4183735915404162,0.4025527352533794,0.0,0.1939784761904635,0.7720884950699193,0.053984853799466534,0.12014251588758,0.0,0.20105185590279684
Ralbp1_mm,0.49566663900117036,0.35954639552612255,0.25260972321913006,1.5513840034694828,0.6553011905362975,0.6521916882755038,0.0,0.8141933050749522,0.0,0.9612631936489839,1.947744183478043,0.08870650680329563,0.7511339320876896,0.06717115250744335,0.8572778954224195
Raly_mm,0.4040172774219402,0.0,0.0,0.0,0.2807382146860022,0.0,0.0,0.07963068386544217,0.28963915103401444,0.0,1.025071856392331,0.04712949644726046,0.0,0.04017560137809929,0.0
Ramp1_mm,0.7672139602535561,0.0,0.14666985103217958,0.643097223217776,0.0,0.0,0.1196191306496688,0.08111812165177319,0.0,0.0,0.0,0.0,0.0,0.45202516965046446,0.0
Ramp3_mm,0.0,0.0,0.0037667103417566095,0.0,0.01787756079941227,0.0,0.0,0.0014216608924322608,0.0,0.022582811170521643,0.0,0.0,0.0,0.0,0.0
Ranbp17_mm,0.0,0.0,0.0,0.0,0.0,0.0,0.0,0.0,0.0,0.0,0.0,0.0,0.0,0.0002498852067746533,0.0
Rap1gap2_mm,0.0,0.0,0.0018984676849711076,0.026860071582920222,0.0,0.0,0.0,0.0,0.0,0.0,0.0,0.0,0.0,0.00018970374896132812,0.0
Rapgef3_mm,0.0,0.0,0.0005453329905319769,0.1236880358672891,0.1822906823333432,0.0,0.0,0.0,0.0,0.11751687843182729,0.0,0.0,0.0010823792255865777,0.0,0.0
Rapgef5_mm,1.2402868319353455,0.004278881645971795,0.061904127492724954,1.7161092186529863,0.07914066112124517,0.17200222905703766,0.05304273848693705,0.13229513187048922,0.339114937445938,0.397236251690168,0.4288096648801269,0.12472080341988931,0.5070483271211311,0.01169248657226546,0.059928589750129144
Raph1_mm,0.0,0.0,0.02720366954962953,0.0,0.0,0.0,0.0,0.0008391233579075762,0.1562548647943353,0.0456751764983893,0.0,0.0,0.027778601041189403,0.016328975526361426,0.0
Rasa3_mm,0.6929168041262508,0.0,0.005991035182808997,1.2255449809268766,0.5634308030825683,0.0,0.03560681217596303,0.1870018654532831,0.0,0.12916795159078576,0.13403704578757222,0.25499961181720016,0.31016063466644356,0.17967032315796252,0.1274036469186258
Rasa4_mm,0.02584709359731521,0.0,0.03545330188059519,0.3976090211752611,0.12631149564912483,0.0,0.0,0.0574964264947287,0.0,0.14804456069370397,0.0,0.0,0.012845497938395676,0.011204748235423778,0.0
Rasal2_mm,0.0,0.00045695973851308527,0.0003968104871030192,0.0008441016185754734,0.0,0.0,0.0008538268184607847,0.0003282591394527922,0.0,0.0005733826562624697,0.0,0.0,0.0,0.0006721417026629339,0.0
Rasgef1a_mm,0.0,0.00019619062285982242,0.0,0.000956734942063492,0.0,0.0,0.0003495184855729869,0.0,0.0,0.0039027199060285974,0.0,0.0,3.501680861737169e-05,0.0,0.0
Rasgrp1_mm,0.49606171999533466,0.9089196885513937,0.010735794192272441,3.5269438216940383,0.0517436096212709,0.9748419629539384,0.21191248945226895,0.0,2.831449714593044,0.18867812181668578,0.0,0.8412590533363656,0.04004560598270523,0.6689224547077907,2.755550254467306
Rasl11a_mm,0.0,0.0,0.0,0.0,0.0,0.0,0.0,0.0009533143727846226,0.0,0.005891877714454759,0.0,0.0,0.0,0.0006844034620133874,0.0
Rasl2-9_mm,0.7133096160172546,0.0,0.0,0.0,0.04463470931117085,0.0,0.06869077744022409,0.10388539003411396,0.0,0.0,0.15267244330691068,0.0,0.0,0.35654691343946654,0.0
Rassf10_mm,0.0,0.00030559000355870466,0.00011722799690838868,0.0001064754204749697,0.0,0.0,0.00011325577372875943,0.0,0.0,0.0,0.0,0.0,0.0,0.0,0.0
Rassf4_mm,0.2658110961369887,0.09947009801788796,0.17908288010346918,1.2526233043763129,0.015128353781123958,0.0,0.04288972357447859,0.2519952115268962,0.0,0.0,0.0,0.04476180092916044,0.0,0.03610482213354843,0.3266967953707649
Rb1_mm,0.012697943381539166,0.014306197000031566,0.006940129430507737,0.39724096497190076,0.23901592914919054,0.0,0.08386376177993772,0.13827787713637282,0.26385470225657004,0.2406389353329865,0.0,0.09702655443055336,0.0,0.022561827832245113,0.0
Rb1cc1_mm,0.00355986824818764,0.009504666968485523,0.01226184860238324,0.619097707896244,0.2931504139022804,0.17945667445027733,0.13339560368204872,0.32123795534910116,0.06814283919477267,1.7014722131894366,0.08741115879405302,0.2582935993614227,0.0,0.0,0.2510940289131579
Rbbp6_mm,0.13143058380513406,0.0,0.04652583918788773,0.0012743120395368754,0.16050263399176443,0.6433346108563454,0.0,0.23877502148088436,0.0,3.229003208855705,2.073854380777848,0.5854698867093943,0.41195395038083166,0.11846691897744277,1.4014178126245995
Rbfox2_mm,0.0,0.0,0.0,0.0,0.0,0.0,0.0,0.00029338330168351485,0.0,0.0003642478106174237,0.0,0.0,0.0,0.0,0.00014185008709483198
Rbm19_mm,0.3588547917792535,0.0,0.06250262525111465,0.6258227103254026,0.005786290695545237,0.25628724010267384,0.21298440700685597,0.08752532522125843,0.22089365625049123,0.22059841785200324,1.5999105845762012,0.0,0.006107269180865485,0.09892981515294835,0.0
Rbm25_mm,1.9658804179150862,0.31907037322785975,0.15698367454424988,0.3823678423230475,0.5216601741427074,1.4411112636879757,0.0,0.8758407665620129,1.586402491851296,2.4675130781651626,2.7820848260582274,0.2574880513368075,5.27522390455729,0.0946075631999771,0.0
Rbm38_mm,0.030578968012199625,0.0,0.0,0.0,0.007425284530602902,0.0,0.0,0.0,0.06713844412380642,0.0410681289517432,0.06553728915260477,0.025681893951959616,0.0,0.0,0.0
Rbm39_mm,0.7487822507939804,0.0,0.12376924773755882,0.0,0.9583616970066383,0.7645867315240815,1.3525576755282862,0.5784249899667755,0.9160593135201819,1.7362248002613283,2.476646637734823,0.3450708730239674,0.9554376370836787,0.2588299714123398,0.0
Rbm44_mm,0.0008403582187788377,0.0,0.0,0.0019283718285947385,0.0,0.0,0.0,0.0019311289006485612,0.0,0.0017185659641512497,0.0005688580918599789,0.0011086815926408288,0.0,0.0012431301347952362,0.0
Rbm5_mm,0.607567494738089,0.0,0.1323248708165,0.9983600844437986,0.6624705690679765,0.25851547975211464,0.0,0.3519282077723705,0.43808120076614404,1.7760975940752022,0.3543861443868494,0.07079392590432479,0.3595391314063272,0.29751879460205055,0.30240314751061875
Rbm8a2_mm,0.3509454929307432,0.0,0.0,0.0,0.04006121674742577,0.0,0.09885395138166025,0.048729515496631376,0.0,0.038301542301622554,0.1030758880575169,0.0,0.0,0.38259967109767407,0.0
Rbms1_mm,0.33813072455428056,0.0,0.03048024879058768,0.340362572818332,0.32713606384871086,0.0,0.008243088967282104,0.49909476343474557,0.1459815516781937,0.49781614909806055,0.1207935539294539,0.16097025520100638,0.23246872605321572,0.0,0.20290945248649458
Rbpms2_mm,0.08428397723302863,0.0,0.0029517994286133165,0.10432493225675232,0.020695105967429326,0.020795397965792557,0.0,0.0,0.01340570910799868,0.082943162090012,0.0,0.0,0.001792800778003,0.15552829741009588,0.1411864239067367
Rcan3_mm,0.11588568386384739,0.032406483654244096,0.04346283533998033,0.6070008296282416,0.168755033296704,0.0,0.0,0.1275745091007505,0.0,0.031328277267760885,0.1452555798633197,0.0,0.0,0.04782013345278079,0.0644310498045598
Rcn3_mm,0.07719998162638621,0.0,0.0,0.3925671287717248,0.03732731723031269,0.0,0.0,0.044504679450937536,0.0,0.005368577853048087,0.24479434804005137,0.0034423637725920554,0.0,0.26364509094918753,0.0
Rcor3_mm,0.0896623555102031,0.0,0.02952101267389089,0.2671835372573668,0.21680843024360988,0.009136116547492863,0.0,0.14641947610539732,0.15482638255322195,0.2365817575836044,1.0635187368307797e-05,0.0,0.0,0.0,0.0
Rd3l_mm,0.002268671667357162,0.0,0.0,0.0005474631117042577,0.0014705585570999468,0.0,0.002458156419842933,0.002143824889473932,0.0,0.0,0.0015637042899402018,0.0003769623226469331,0.0,0.0,0.0
Rdx_mm,0.35794742247469635,0.0,0.06076660546469606,0.4545497821724968,0.20513662712596323,0.3897287987944947,0.0,0.15182439571098424,0.5276432504247388,0.9685935123870781,2.4369047630397485,0.08782184544189142,1.256082630304824,0.1334027387343,0.6450311893830363
Reep5_mm,0.0258482161012447,0.0,0.01608390787484188,0.317652124890579,0.7836760937964056,0.0,0.7397992011274593,0.5813405933593797,0.0,0.0,0.8670980934071941,0.09488329804497536,0.0,0.9980232092740111,0.0
Rel_mm,0.0,0.023708912048420214,0.03210016702867711,0.6748760637731352,0.2901462423423824,0.07869989217780808,0.23391397834047473,0.38966306346716084,0.3363776768783827,0.7409980486313573,0.04592491249647784,0.09314270008187138,0.014886202007573077,0.014096799940562132,0.059049035863175156
Rela_mm,0.3197232035367264,0.0,0.036073660604891145,0.7798122537057494,0.1796137756203728,0.0,0.05947163415735448,0.4081503031359863,0.087375344109094,0.21291745281950109,0.2591394130654593,0.0,0.0,0.2222719840475584,0.0
Renbp_mm,0.07774651464189018,0.0,0.0,0.6602563173567261,0.6240334522627997,0.0,0.0,0.5065324204378232,0.0,0.14148645965799242,0.09219608844172555,0.0,0.0,0.3054083552124436,0.0
Rep15_mm,0.0,0.0,0.08699446707062117,0.0,0.0,0.0,0.0,0.0012492934784739547,0.28718909815405064,0.0,0.0,0.0,0.06621771064572432,0.009692840033777824,0.0
Resf1_mm,0.26594888337790196,0.0,0.029596431646166817,1.0120798810368519,0.529527078410669,0.3433988646816192,0.0,0.9055306171677232,1.134176544752759,2.377834546271286,0.0,0.27299902892151695,0.0,0.3105904398585033,0.0
Ret_mm,0.0,0.0,0.0017060424249833303,0.002634331463433811,0.0,0.0,0.0,0.0,0.0,8.500884832297203e-05,0.0,0.0,0.0,0.0,0.0
Retreg2_mm,0.12878882762217805,0.0,0.0,0.5423285829869154,0.2307709852987486,0.0022133576850428952,0.21112961236803396,0.16772486659504166,0.1494769251304933,0.1432592249047656,0.4127788300171258,0.0,0.0,0.10007147654809971,0.36059294999363267
Retreg3_mm,0.008933162979185467,0.0,0.0,0.1368902835617597,0.23408246809005995,0.0,0.0,0.09259647713459546,0.0,0.24735463418417195,0.16918302706473648,0.0,0.010457161281980074,0.016341813029725434,0.05574469947354596
Rexo1_mm,0.1159555419892363,0.0,0.0,0.4093435394164619,0.12539920975844546,0.0026753130097786513,0.0,0.1941790482363362,0.0,0.6517434417899445,1.1913842969437354,0.0,0.08385486759377031,0.0019623200406298892,0.0
Rfesd_mm,0.09998766122062987,0.00793796424462678,0.004739792015116348,0.10203305781871977,0.11004995818939688,0.0,0.09506863570403525,0.12792730156737367,0.15973684130016472,0.29336283749618336,0.0,0.010338930749710496,0.0,0.16633497399933495,0.0
Rfx3_mm,0.0,0.0,0.0,0.0,0.0,0.0,0.0,0.0,0.0007760732199275665,9.97424271396216e-05,0.0,0.0,1.3115564612263792e-05,0.0006015276654345154,0.0
Rfx4_mm,0.0,0.0,0.0,0.0,0.0,0.0,0.0,0.0,0.0,0.0008107953587454757,0.0,3.0161348817080138e-05,0.0,0.0,0.0
Rgs10_mm,0.0,0.0,0.007589590315845988,0.00802190526657418,0.0,0.0,0.0009460930066883885,0.0,0.0,0.0038217887515957414,0.0,0.0,0.0,0.012870680050759444,0.0
Rgs12_mm,0.0,0.0,0.04973837293213434,0.4036890171161457,0.08116994293326103,0.0,0.0,0.07757931666997284,0.0,0.15595052009524868,0.05125264510596383,0.004932504132189106,0.007811346008032254,0.0,0.24023643973110362
Rgs16_mm,0.0272718559328737,0.0,0.0,0.00416633569512959,0.005811958801718359,0.0,0.0,0.40037029727506923,0.012020868537654562,0.0,0.05547561674213425,0.005554377156230864,0.0,0.0,0.0
Rgs17_mm,0.0,0.0002529805114239833,0.0,0.00012541347717691655,0.0,0.0,0.0,0.0,0.0,0.0008500610979646483,0.0,2.9079147088311427e-05,0.0,0.0,0.0
Rgs1_mm,0.0,0.0,0.026101272893155864,0.0,0.0,0.0,0.0,0.06716106497658676,0.0,0.0,0.0,0.0,0.0,0.0,0.0
Rgs2_mm,0.24754931459840154,0.26471040160145587,0.01699585071190057,0.20913563996003123,0.5378609921150198,0.0,0.2584299248016646,4.38502412220143,0.34181120677882726,0.14152361058532437,0.17790205411793433,0.09471151326921436,0.0,0.4892785960206386,0.0
Rgs8_mm,0.003919740141674537,0.0,0.0,0.06212018394131847,0.0,0.0,0.007808581893778654,0.02804553661977572,0.008442297143195268,0.006965227737167033,0.0,0.0,0.0,0.007896628422957071,0.0
Rhbdd1_mm,0.07494249941899227,0.0,0.0,0.13094029626138895,0.20731724916656746,0.0,0.056191017352627104,0.08505933481070398,0.1256305528588097,0.05337418679645807,0.036186130376330554,0.03181265379899415,0.0,0.02451459641311554,0.020117477492618212
Rhbdd3_mm,0.0631982165335326,0.0,0.0,0.18820424814382686,0.11433375122304709,0.0,0.0,0.0,0.0,0.06248784416132096,0.10324923922128372,0.0,0.0019842609755410454,0.0003015520017220993,0.0
Rhob_mm,0.0,0.0,0.004623279259548457,0.0,0.0,0.0022458622843206763,0.0,0.0980005170649701,0.0,0.022460818721664014,0.0,0.0,0.0,0.0,0.0
Rhoj_mm,1.0315346462229993,0.1517664577114599,0.0,0.782598099375718,0.0,0.0,0.0,0.07033850941446396,0.22363418766864224,0.12194689631702905,0.3414383909924207,0.0,0.0,0.0,0.0
Rhou_mm,0.0,0.0,0.0,0.0,4.636845824148294e-05,0.0,0.0,0.0,0.0008721242843075396,0.0007883008289047205,0.0,0.0,0.0,2.0907838423547733e-05,0.0
Rhov_mm,0.0,0.0,0.0442307959984495,0.014400243520483406,0.0,0.0,0.0,0.0,0.0,0.009907316118451344,0.0,0.0,0.0,0.0,0.0
Rhox2b_mm,0.0,0.0,0.0006133337398696573,0.0,0.0,0.0,0.0,0.00010218258197696867,0.0,0.0,0.0,0.0,0.0,0.0001833422018063786,0.0
Rhox2d_mm,0.0,0.0,0.0023206007195383325,0.00134459981064406,0.0,0.0,0.0,0.0,0.0,0.0,0.0,0.0,0.0,0.002243575377941532,0.0
Rhox2g_mm,0.0,0.0,0.007307651295334155,0.0,0.0,0.0,0.0,0.0,0.0,0.0,0.0,0.0,0.0,0.01320921389280453,0.0
Rhox2h_mm,0.0,0.0,0.01700984681282032,0.0,0.0,0.0,0.004729769183268457,0.0,0.0,0.0,0.0,0.0,0.0,0.020967124032532772,0.0
Rhox5_mm,0.0,0.0,0.24981430025829998,0.0,0.0,0.0,0.0,0.0,0.0,0.0,0.0,0.0,0.0,0.6128808258443583,0.0
Rhox6_mm,0.0,0.0,3.4035594487663146e-05,0.0006069879005577725,0.0,0.0,0.0,0.0,0.0,0.0,0.0,0.0,0.0,0.0,0.0
Rhox7a_mm,0.0,0.0,0.00142202133177495,0.000500549664219855,0.0,0.0,0.0,0.0,0.0,0.00010562843834719353,0.0,0.0,0.0,0.0,0.0
Rhox8_mm,0.0,0.0,0.0,0.00853920801922458,0.0,0.0,0.0,0.0,0.0,0.1129751787290575,0.0,0.0,0.0981690786370184,0.0,0.0
Ribc2_mm,0.0,0.0,0.00013088383371829822,0.00020073802870432773,4.6797951477913235e-05,0.0,0.0,0.0,0.0008911756935543877,0.0024010885666248772,0.0,0.0,0.0,7.719781790731435e-05,0.0
Ric3_mm,0.0,0.0015678745988966715,0.0007229572339346725,0.0,0.0,0.0,0.0,0.0,0.0,0.0016836295963476816,0.0,0.0,0.0,0.0004284498754132867,0.0
Rilpl2_mm,0.2900468940624792,0.0,0.0,0.23590365131528473,0.2936316037913712,0.07674288631400583,0.07655891772783928,0.3435455189112442,0.011926009366294666,0.26327308349540957,0.4810702746379521,0.0,0.0,0.1215519233695697,0.0
Rinl_mm,0.0834666732737805,0.02540451267943781,0.0273048802599763,0.12604441779849757,0.12969971786006243,0.0,0.0,0.06024299998794445,0.06516570102740081,0.11938252882234139,0.059436992663118804,0.024843545324550406,0.0,0.030147608923208384,0.0
Ripor3_mm,0.0,0.000224051105608583,0.0008294925984496937,0.003175022331037157,0.0,0.0,0.0,0.00027820674621619173,0.0,0.0,0.0,0.0,0.0,1.5854575855366774e-06,0.0
Rit1_mm,0.23740831452973257,0.0,0.0,0.5607409426673349,0.3950707003078476,0.0,0.011203635377547993,0.2474612715013978,0.0,0.0,0.09905083651525155,0.0,0.0,0.206030569931491,0.0
Rmdn3_mm,0.16028149265932617,0.0,0.0,0.22665714617015614,0.22001512361282063,0.0,0.019344201524819058,0.08339728725035102,0.0,0.05480471490793954,0.8234469634865077,0.0914796641382127,0.16466389960058989,0.01919283749627667,0.0
Rmnd1_mm,0.19305600402417655,0.0,0.008568954377691854,0.2932568970822359,0.14552038590719477,0.0046302896561888655,0.0,0.05902146646544749,0.18409355485290932,0.3203759158240886,0.2795539770074673,0.0,0.0,0.09876551760651424,0.05961126700607135
Rmnd5b_mm,0.6407182838227907,0.0,0.0,0.4151255771726855,0.16971718771383024,0.0,0.0,0.29454670003967925,0.0,0.0,0.0,0.0,0.0,0.39171529338665545,0.0
Rnase12_mm,0.9125525625055643,0.0,0.0,0.07852334136911897,0.18572329184964112,0.0,0.19553527085352168,0.0,0.0,0.0,0.34013035349862913,0.0,0.01038971493143496,0.47316244108385336,0.028395459698953043
Rnase1_mm,0.0,0.0,0.001239966960079483,0.0003129388831207562,0.0,0.0,0.0,0.0023666874534574696,0.0,0.0007469184464069278,0.0,0.0,0.0,0.0,0.0
Rnase4_mm,0.286074279579585,0.0,0.0,0.41253664345070606,0.21869353350835316,0.0,0.0,0.25509880478100777,0.04730508332745812,0.0,0.0,0.0,0.0,0.22554201962404483,0.0
Rnase6_mm,0.0,8.051141924852246e-06,0.003322933596619462,0.0016721030656512116,0.0032344301122507785,0.0,0.0,0.01056623073722363,0.0,0.0029221745100090494,0.0,0.0,0.0,0.0,0.0
Rnasel_mm,0.1995866618502588,0.034375654261851046,0.08929555334584778,0.7926298438308976,0.2950904083590541,0.0,0.0,0.2302226897560648,0.0,0.4387338753319983,0.0,0.0,0.013633977747577557,0.0,0.0
Rnaset2a_mm,0.10469005370042613,0.0,0.04821285096367709,0.07981472688471523,0.0398831452607288,0.0,0.025465897804037182,0.014191700491051635,0.01788282795674509,0.06767574939418389,0.0,0.0,0.024612584897118494,0.0810155550781155,0.0
Rnaset2b_mm,0.2567052728257459,0.0,0.0,0.004457876234730337,0.22786189507272864,0.0,0.05016857611311629,0.07653913832426058,0.0,0.0451478953610243,0.0,0.0,0.0,0.16429328223774922,0.0
Rnf114_mm,0.2409525690850458,0.0,0.0,0.31682581404617766,0.3291741640328131,0.0,0.0,0.11272798409353943,0.1215197488262363,0.17874495063933318,0.0,0.01581390004745676,0.0,0.05824223409637174,0.0
Rnf150_mm,0.0,0.0015479437697601829,0.0,0.0037578184328645593,0.0,0.0,0.0023104405719567085,0.0041779471853625365,0.0005427585770337199,0.002815122663490726,0.0,0.0,0.0,0.0,0.0
Rnf152_mm,0.0,0.0001269390361260152,0.003089757994837893,0.0,0.0,0.0,0.0,0.0,0.0,0.0013972364455299032,0.0,0.0,0.0,0.0003120126471138871,0.0
Rnf166_mm,0.12095269581829321,0.0,0.0,0.332503994333828,0.4417946267388144,0.0,0.0,0.08897478165274138,0.0,0.3144987264804059,0.03799960280271193,0.0,0.0,0.0,0.0
Rnf170_mm,0.08417793671234701,0.0,0.0234340946647087,0.13411913157599967,0.12002595987301368,0.0,0.013074818524058217,0.02640149624445928,0.0783758405021896,0.19906196015339706,0.09191212327767266,0.028405267300679257,0.0028574856461011764,0.01943151774517539,0.03529302473495932
Rnf17_mm,0.0,0.0,0.026510077172831555,0.012133659706751416,0.0,0.0,0.0,0.0,0.0,0.0,0.0,0.0,0.0,0.0,0.0
Rnf181_mm,0.23078923248530772,0.0,0.0,0.13297396713479934,0.15312074653505078,0.0,0.0,0.10428951974579888,0.08992104771044748,0.10124231092534486,0.0,0.0,0.0,0.18967544673344053,0.0
Rnf182_mm,0.0,0.0,0.0,0.0,0.0,0.0,0.0020704173562570423,0.0,0.0,0.0,0.0,0.0,0.0,0.0008675107684990839,0.0
Rnf213_mm,0.0,0.0,0.05934116873291065,0.24529148712787133,0.09515957514746265,0.052357576124907455,0.0,0.12434983146148487,0.0,0.42715353952775814,0.08596240934449867,0.07254891016720216,0.03128409862794338,0.0,0.13516787331208155
Rnf220_mm,0.2734759798305033,0.0,0.031422976076963156,0.3660691592389323,0.3183102851244035,0.0,0.05749816001033588,0.14887379752640714,0.10319076779761455,0.24982230868992483,1.0590553761352628,0.11127705840538392,0.15436475706313801,0.0,0.3410205650839196
Rnf25_mm,0.06390486893855238,0.0,0.0,0.12318387138998217,0.130880281804812,0.0,0.0,0.10183957671914497,0.0,0.0815916359804106,0.17908666500979942,0.0,0.0,0.06488931581438229,0.0
Rnf39_mm,0.0,0.0007105602401007152,0.0,0.0,3.569696548746613e-05,0.0,0.0,0.00012052616359077446,0.00023807794761185528,0.0,0.0,0.0,0.0,0.0,0.0
Rnpc3_mm,0.19034367608674715,0.0,0.0,0.023309719883746312,0.09818238168416375,0.0,0.07627793556919021,0.12988005650865578,0.27718391557569694,0.42760505118791065,0.6081732849915722,0.22766958174257307,0.0,0.0,0.0
Rnpepl1_mm,0.0,0.0,0.0,0.41627684662811826,0.16968248451003698,0.0015542950938330817,0.018453510478393224,0.058086583371319,0.030770064206403734,0.18380424323925762,0.4252008463538471,0.0035294699531673982,0.04344365359339657,0.07547151489506716,0.0
Robo1_mm,0.0,0.0,0.0010075134713774855,0.0,0.0,0.0,0.0006972388950485648,0.0,0.0,3.418447204967954e-05,0.0,0.00022780866998244184,0.0,0.0007029488321989026,0.0
Rock1_mm,0.6486291999463802,0.043634792683768485,0.0956201807768487,0.1539125723669887,0.7047137553829167,0.5148918174961983,0.0,0.44397487536082264,0.0,2.5559756499866095,1.5606985739595514,0.8249349278377557,0.7365720827732889,0.0,1.06061961346975
Romo1_mm,1.3263815625082884,0.0,0.0,0.46717946579463937,0.0,0.05954180903903371,4.024256578797145,0.0,2.0686195040595656,0.0,1.047026305614958,0.0,0.0,0.0,0.0
Rorc_mm,0.0,0.0,0.00048341386047023177,0.00032359483388707806,0.0,0.0,0.0,0.0,0.0,0.00031125624728746794,0.0,0.0,0.0,0.0,0.0
Rp1l1_mm,0.0,0.0,0.0,0.0,0.0,0.0,0.0,0.0,0.0,0.0,3.6123009004841224e-05,3.507545654103265e-05,0.0,0.000263920893378325,0.0
Rp9_mm,0.32227550876310873,0.0,0.09495385736403354,0.9058454208472918,0.27713870427185344,0.2843564324329283,0.5679067884730986,0.09557717957932073,0.0,0.5290418243832433,1.6561412411391088,0.0,0.24429385632585804,0.12783338048003515,0.37591173323883065
Rpap2_mm,0.14746251079621175,0.0,0.0,0.23860039984820086,0.07007855331872175,0.0,0.03933266161358663,0.03282688812278034,0.1732194428494015,0.12988102666980617,0.16471208622435035,0.0,0.0,0.015057212344039107,0.0
Rpl10-ps3_mm,0.0,0.0,0.15931643233588724,0.2317056134586621,0.0,0.0,0.2846441912744766,0.009154064469074599,0.0,0.18873737998440882,0.0,0.0,0.0,0.8976603042601712,0.0
Rpl10a_mm,0.7990475950144971,1.37984248805032,0.8899296791385408,0.4719383910050311,2.478763185233357,2.1995007852842483,6.006421713273715,0.7081940165754765,0.09747602248775508,0.44526575307516225,0.842715979607127,0.3810986055703818,1.0117682671685246,3.612413095330169,0.6137336398488922
Rpl10l_mm,0.00013731003135525604,0.0,0.0005865635604091408,0.00021748476923000193,0.0,0.0,0.0,0.0,0.0,0.0006379474788225509,0.0,0.0,0.0,0.0005892296964428891,0.0
Rpl12_mm,0.08823499370400849,1.672676170125352,0.4752808804149234,0.7737539472007172,2.001345664293286,2.450791438255146,7.220125481840169,0.7971570256996333,0.47115592824934294,0.7644866752434165,1.321578906389879,2.097599659728133,0.35040673079782153,2.4216490997256663,0.6637183234374645
Rpl13_mm,0.11583406376975391,2.382144769259524,0.4979898410960673,0.0,2.9070704547410755,3.0019221241603926,7.125566392992572,1.6459860654554745,0.02954228948563586,0.25437124605615324,2.39900076981974,4.433182145928153,3.7569070898543164,3.2434198015013327,0.0
Rpl17_mm,0.0,1.1796157152615345,0.5122717666977672,0.0,1.2566090398123784,2.2353571212906957,7.915519190312,0.7900996182205543,0.5323663196018609,1.8093638822529081,1.396679158679315,2.8689315562636044,0.33413145980098713,2.519988926237751,0.0
Rpl18a_mm,0.10705357633409435,2.771044169687848,0.26861306769602217,0.0,2.2634607067354477,2.5836083563419727,7.913227148373409,1.3176051611659025,3.0492029794245474,1.082525962392967,1.52020971030966,0.45599202299089886,1.1027260083828816,3.581762349145451,0.0
Rpl19_mm,0.9229548268322778,2.6204310910054285,0.5289449346801269,0.3644271287240362,2.454553978132386,2.7452260655971954,6.672567119245116,1.446415921902534,0.5844480424594579,0.7103064264470663,1.1294513289931907,2.1869933746708194,1.085404401625478,3.6387167820219504,0.31777878217165634
Rpl22l1_mm,0.017878470053873986,0.0,0.029817304330309737,0.0,0.5067892193465593,0.04279159288974636,3.1792077528548663,0.0651277942721321,0.0,0.6987414848800846,0.0,0.0,0.0,0.45389182851052834,0.0
Rpl29_mm,0.0,0.8253690005967688,0.2800601236480027,0.02597548330694748,0.7204328580237243,0.03549003288568903,5.333485877903955,0.23695260560414427,1.139205227959879,1.0780983252333354,0.7523421797007014,0.0,0.08705582864801346,3.3141094599285466,0.0
Rpl36a_mm,0.0,0.0,0.1874036844774741,0.034095157088871855,0.08287002007757079,0.4158839064941325,7.862221926785297,0.0,1.5530183662414632,1.5395595519751943,1.2977491024636694,0.462441727391728,0.3292142212366101,0.07839464604906046,0.25457572320766103
Rpl39l_mm,0.0,0.0,0.00952255860264686,0.001654060425337585,0.0,0.0,0.0022862505555014527,0.0,0.002162019064865607,0.0,0.0,0.0,0.0,2.9753939439196402e-05,0.0
Rpl3l_mm,0.0,0.0,0.008415839241032595,0.03539799719907615,0.0056538464047101045,0.0,0.0,0.013618376410668029,0.0,0.027134800277790957,0.0,0.0,0.0,0.003932013035857405,0.0
Rpl41_mm,0.0,0.0,0.7153318561583896,0.0,0.6395579596102341,1.2569570215175356,8.481384707829125,0.0,4.6358802731493745,1.164942491161222,0.9197891667297493,0.7836843434377474,0.9637598645729123,0.0,0.0
Rpl5_mm,4.5708511283477264,2.441244919783738,0.9103078430256425,0.5810441625483833,2.8525350094925552,3.8372839755362302,4.838421458558625,2.286154643637555,0.10157133338180516,1.8166099981599857,1.1825156264798935,1.7975123930135382,2.5649553058358743,2.176053224856821,0.0
Rpl7a_mm,1.7112233564075066,0.3723928299865507,0.06951373417672044,0.0,0.1977685148197582,0.4582613895407339,2.498821943238854,0.5986644885617731,2.241409245712666,1.9361852891438576,0.42724331810697314,0.5132174978480366,0.27509489422427313,3.3828895549191222,0.0
Rpl9-ps6_mm,0.17488861886617948,0.0,0.20981308528214404,0.06143325051584404,0.0,0.0,0.3190420678624665,0.027880849308562133,0.0,0.52571452927306,0.0,0.0,0.009233999925775364,0.5279602080173273,0.0
Rpl9_mm,0.5877814862950969,0.0,0.0055878513099186684,0.0,0.09073326173729665,0.0,0.704269724889861,0.12059598999703915,0.0,0.6699399932056505,0.1568407795796907,0.0,0.0588714428611293,0.4448545521261386,0.0
Rplp0_mm,2.063126775596625,3.4355796959741487,0.46823663654116016,0.9678185310875478,3.3761456783863735,3.0701246583645188,3.8216119212838313,1.7466016848505412,2.583766314967442,0.0,0.7848976141732432,1.457706229293396,0.6395832074472108,4.670343025945522,0.5842985031878766
Rplp2_mm,0.0,0.0,0.0,0.0,1.3769990004850228,0.39074499239907756,7.93592783832425,0.6751032010698584,1.7384182900919842,0.018950266365891522,2.197752105486382,1.6683534739601014,1.2532464529877858,0.0,0.0
Rps10_mm,0.39991488935436503,0.5636285693358096,0.12705626882459461,0.0,0.941762788416828,0.0,7.2898446514403545,0.43863071584349506,0.0,0.6826997908153248,1.6297347773599358,0.3798060763099031,0.9977217982841233,0.43296697079483343,0.0
Rps15_mm,0.0,1.8699049168343997,0.6824624791769096,0.0,1.4521235420594047,2.3983845842512306,10.474467790854472,0.8438458833013888,0.9290271808851932,0.5714311773096927,1.8063970005510575,1.6469370019168952,1.9168262814779062,0.9089712894501725,0.0
Rps18-ps6_mm,0.33285692695429764,0.0,0.0,0.0,0.33846395813986363,0.0,3.5350103143076934,0.09286903701300404,0.48116351297445126,0.8495333862740604,0.41013786337884756,0.47201089438960764,0.0,0.34818233864564113,0.0
Rps18_mm,0.30138581004282344,0.0,0.04133294978126198,0.1135413673173569,0.013800913996175987,0.0,0.9100579879222466,0.0,0.0,0.5365901519073034,0.3778031540289492,0.0,0.1309160750445786,0.17604839283947632,0.0
Rps20_mm,0.32327238103743233,1.2790447582483013,1.233205460511553,0.25104173102601174,1.6851777973484585,2.2642182114769964,10.157666197032174,0.8827126909733262,1.3860654249500974,0.20777417860335703,1.063564619179527,0.9300997029795376,1.311785383177883,0.8328772780799697,0.05036930256213355
Rps27rt_mm,0.0,0.0,0.4894126910429267,0.0,0.0,0.0,1.1323317003709046,0.0,0.8977985727290798,0.0,0.0,0.0,0.07525937823511535,0.0,0.0
Rps2_mm,2.523596189027569,2.635150367933701,0.5030614893074095,0.20615468094826492,3.377924548310624,3.2918611350471725,4.166894965162997,1.7733510997060413,0.7590586635003981,0.15400745322178927,1.1976758182546223,3.201735634899807,2.0089671833321843,2.859373375359608,1.2407743727106118
Rps3_mm,1.8074921545244123,2.1049958242498072,0.5587489109420042,0.0,2.4314114893650114,1.8961505943912207,4.962809123028009,1.0725940015171667,0.0,1.0058134712206124,0.8590850856722732,0.04503072947688385,0.7469869823536942,3.8869530922262387,0.3612533428221864
Rps4x_mm,1.5590608313835232,1.6013306631671935,0.45851136432481693,1.1294874067714664,2.206573529815097,2.559563105584647,4.28026104174572,1.1299769518742193,0.20126209115449367,0.24061848320880755,0.6350734661589423,0.48043159497921845,2.059634847645662,4.391240212774572,1.1458100285253754
Rps5_mm,0.26546861640678593,2.0615013308064576,0.3188524575984259,1.0271274797502044,2.558030826408598,2.5888517510700817,6.507737354377395,1.248416201423582,0.9647880123754413,0.0,1.4789989028793125,0.37533805066171666,0.7551409072875996,4.164146229671913,0.31174420730070257
Rps6_mm,2.470780498372327,1.8230017400238916,0.7999678994230975,0.0,2.2342865917049664,2.453192379728723,4.177473936758898,1.3573928922123903,0.0,1.6622477678194396,0.3424397701816232,1.5446833259276078,2.2731522676864877,4.781210827294489,0.4909060967124688
Rps6ka5_mm,0.15810262792668336,0.0,0.0,0.48252875369189835,0.1379887192253507,0.014667191426268012,0.02160774547613348,0.024734873643724946,0.0674806562661192,0.3549159688812331,0.10272724860291124,0.1005702051828239,0.00446530945525417,0.0007290984583256683,0.2751096213678083
Rpsa_mm,0.9635374144192015,2.101187038773175,0.45716676129953954,0.5065363624663576,3.2067324805929833,3.38343046841529,4.769591381558063,1.3286308524573651,0.7254625111423235,0.10288489473580112,2.4139796401586096,4.324629296338092,5.654105996246349,3.9525610055732687,0.0
Rptor_mm,0.37387513200098266,0.0,0.0,0.49186130035419917,0.2125809114442598,0.04737750989490559,0.0,0.09361303518907765,0.09143623675044513,0.38291340790045075,0.6516529224670955,0.04624957471069101,0.0,0.050466755718425176,0.1911041287953822
Rrad_mm,0.0,0.0,0.029804973992399165,0.03972029774509657,0.0,0.0,0.0,0.02384231020930591,0.0,0.0145862593594017,0.0,0.0,0.0,0.016021828057446702,0.0
Rragc_mm,0.0,0.0,0.0,0.38054367024205266,0.3144503938534215,0.06732674963293372,0.039188233422580265,0.5377791352190652,0.4721265628570085,0.3443315356070145,0.25130790493031646,0.14799744425792372,0.0,0.014216067467482172,0.0
Rragd_mm,0.0,0.0,0.022891132594718675,0.0,0.006749353963465689,0.0,0.0,0.22641700975648948,0.0,0.12962606550481537,0.0,0.0,0.0,0.0,0.0
Rrm2b_mm,0.1795456052087949,0.005441056379368314,0.0,0.29244322438175435,0.47597392301880836,0.0,0.21296395318679015,0.09877116841314579,0.05940620517052797,0.20148930974880447,0.15912469434624046,0.15004746990135784,0.0,0.0,0.034265049737449864
Rrp1b_mm,1.2793497089382138,0.0,0.0,0.0,0.0,0.21403210151277638,0.0,0.0,0.0,0.5818041010912481,1.9170449977427901,0.04813776144064962,0.3150105706052575,0.02914440123624483,0.15561760948070924
Rsad2_mm,0.0,0.002318869728905348,0.007502831473035716,0.0,0.0,0.0,0.0007906956212845644,0.02920069147942687,0.0,0.02854613212598747,0.0,0.0,0.0,0.0,0.0
Rsph1_mm,0.0,0.0,0.0031786773937521116,0.0,0.0,0.0,0.0,0.0,0.0023955882597008252,0.0,0.0018375818317338255,0.0,0.0,0.004745878066120923,0.0
Rsph4a_mm,0.0,0.001444535983693167,0.021445383924571435,0.00422398457077188,0.0,0.0,0.0,0.0,0.0,0.0,0.0,0.0,0.0,0.0,0.0
Rsrp1_mm,0.4666480080053764,0.0,0.0,0.20174321282393565,0.5433918626571224,0.0,0.03167272446126961,0.32207201166385685,0.2818819273975135,1.4353202216850667,0.0,0.12461966402964986,0.14125564909562793,0.06134546225935648,0.0
Rtf1_mm,1.9628265599640522,0.28230467039814927,0.04506865025134652,0.8266950195209319,1.180407769670772,0.31251384568919865,0.0,0.2070823006708874,0.0,1.3655726307422837,2.1121825914479087,0.0,1.2572399153290155,0.0,0.749100054626588
Rtl1_mm,0.0,0.0,0.0,0.0003315872027587183,0.0,7.828745834955235e-05,0.0,0.0,0.0,9.226157126815067e-05,0.0,0.00034060080547875714,0.0004381634602302188,3.9633662087484364e-05,0.0
Rtl4_mm,0.0,0.0,0.0,0.0,2.7123376970282177e-06,0.0,0.0,1.7065103664871412e-05,0.0,0.0003193638177380382,7.288017032194514e-05,0.0,2.338041913558027e-06,0.0,0.0001063339526711327
Rtl5_mm,0.0,0.0,0.0016296768049823464,0.0012403938866987901,0.0,0.0,0.0,0.0,0.0,0.0,0.0,0.0,0.0007047968517205087,0.0,0.0
Rtl8a_mm,0.0,4.1386335360764305e-05,0.00010291766062685551,0.0,0.0,0.0,0.00011222984557740936,0.0,0.0002344888638901909,0.0,0.0,0.0,0.0,0.0,0.0
Rtn3_mm,0.8592226598706457,0.0,0.06503767169423882,0.7558551982206005,0.8143599437630561,0.05950268750212381,0.32546198074933,0.505392030321859,0.8102197511335725,0.20833178276819206,0.49611881988690565,0.42908723383095365,0.0,0.13925123049417126,0.2245511600435227
Rufy4_mm,0.0,0.0,0.09631678454422968,0.015077351193568697,0.0,0.0,0.0,0.0,0.0,0.0,0.0,0.0,0.0,0.0,0.0
Rundc3b_mm,0.0,0.0005778105727053189,0.00021149474049238893,0.0,0.0,0.0,0.0,0.0,0.0,0.0,0.0,0.0,0.0,0.000763270789163187,0.0
Runx1t1_mm,0.0,0.0,0.00027088612819104683,0.00019854611713198076,0.0,0.0,0.0013375061988895552,0.0,0.0,0.0014600844538473824,0.0,0.0,0.0,0.00021371383154119924,0.0
Runx2_mm,0.0,0.001852032436603436,0.004031776665383659,0.01588719385275369,0.0,0.0,0.0,0.002104230835350932,0.0,0.0,0.0,0.0,0.0,0.0,0.0
Ruvbl2_mm,0.6116195240076249,0.0,0.0,0.1322935903338985,0.14491016917321575,0.0,0.0,0.003970991312204829,0.3618293738147965,0.0029347043972730905,0.6477219243565434,0.0,0.0,0.5669595215752702,0.0
Ryr1_mm,0.1259564212683947,0.0,0.0,0.10948432031711493,0.11354359036632584,0.0,0.06523231019174477,0.024365802134660434,0.0016952762547895604,0.0,0.19171202856648703,0.0,0.0,0.17836054978587373,0.0
S100a11_mm,0.0,0.0,0.000600451433763887,0.0012184738699739495,0.0005916153442137836,0.0,0.0008002071551963199,0.0031260117157873475,0.00013254830562097662,0.0020851660178608246,0.0005152311600455421,0.0,0.0,0.0005023101809199859,0.0
S100a1_mm,0.0,0.0,0.0765690307680843,0.11128331779873993,0.0,0.0,0.1064195427517064,0.006344320749643592,0.0,0.0,0.0,0.0,0.0,0.18185004655434728,0.0
S100a4_mm,0.5546312071055098,0.0,0.0,0.28232931303221304,0.0,0.0,0.9686250299578237,0.24115205440636564,0.0,0.0,0.0,0.0,0.0,0.0,0.0
S100a6_mm,1.3235373760021034,0.0,0.2201667216479555,1.6040539587584728,0.0,0.8348836756123844,9.094793620237377,2.3312234731244597,0.0,0.0,0.0,0.0,0.34579890711745764,0.0,0.16110136182993548
S100a7a_mm,0.0,0.0,0.01402514759802098,0.0,0.0,0.0,0.0,0.010116335777582948,0.09867957784908146,0.11613034187955408,0.014262906182472859,0.0,0.06751693870780538,0.0029497378592187157,0.0
S100b_mm,0.0015842130480772413,0.0,0.0014268450218456157,0.0,0.000209575598301746,0.0,0.0005710026002374786,0.001196250654459329,0.0,0.0004141256430567268,0.0,0.0,0.0,6.222756704876337e-05,0.0
S100g_mm,0.0,0.0009436369237016628,0.0018236234464731839,0.00019782937186726602,0.0,0.0,0.001423636630348371,0.0007352865818157072,0.0,0.00032830560781024054,0.0,0.0,0.0,0.000392048964478919,0.0
S1pr1_mm,0.0,0.0,0.0,0.5673468804267138,0.7441989601956722,0.0,0.021316986314366272,0.6309372605339565,0.36287375752704637,0.0,0.0,0.29705284674831006,0.0,0.0,0.0
Saa3_mm,0.0,0.0,0.0,0.0,0.5047348891888437,0.0,0.0,1.244691891422985,0.0,1.3048844855518102,0.0,0.0,0.8129077516950745,0.14427298451775938,0.0
Safb2_mm,0.0474781418426729,0.0,0.12501726437287491,0.6311211789497817,0.2479888172913966,0.017565886097946837,0.0,0.3346773501776763,0.07942432573725759,0.9544416015920815,1.5187412208333613,0.05126041692030237,0.830307868439799,0.027842645798906104,0.23829936358163042
Samd5_mm,0.0,0.0004976544666469412,0.0007627609966873312,0.0,0.0019337016654391735,0.0,0.0,0.0,0.0,0.031242674663236405,0.0,0.0,0.032843057732192774,0.0006047271724431119,0.0
Samt2_mm,0.0003334952784853168,0.0,0.0,7.861844933290351e-05,0.0,0.0,0.0,0.00014983234544125828,0.0,0.0,0.0,0.0,1.203920643259772e-05,0.0,0.0
Sapcd1_mm,0.15786146931631317,0.0,0.0,0.2693709885778121,0.16394775920672322,0.0,0.32613823876083575,0.0,0.0,0.0,0.11001243033631943,0.0,0.0,0.191640998926516,0.0
Sardh_mm,0.0,0.002926717911892562,0.015674887808648084,0.09914953222862483,0.005853253406631253,0.0,0.0,0.021275533661018888,0.0,0.0,0.0,0.0,0.0,0.032414633489711256,0.0
Sars_mm,0.07090146613580244,0.0,0.061986660510714275,0.7539800401267069,1.3568415584912457,0.18228855109399592,0.0,1.1187925097481672,1.3584251371830138,0.18954189037254865,2.0201614455683043,0.7856055750030885,0.3617044056453268,0.8857338593033961,0.3162638969361534
Sat1_mm,0.1375876344738671,0.0,0.0,0.08444362623209342,0.2542566097614728,0.0,0.0,1.1495837656729226,0.0,0.23568239477963526,0.0,0.0,0.07391728231468332,0.3045354613102248,0.0
Sbk1_mm,0.19349949873273986,0.05088796213576648,0.0,0.5138417327141263,0.10963526331326902,0.0,0.11301703553938092,0.0,0.08132904920467861,0.19378134147219622,0.0,0.058613368282539664,0.0,0.0,0.0
Sbsn_mm,0.0,0.0,0.0005371989102055444,0.000824324132584949,0.0007223480503371315,0.0,0.0004993777375009397,0.0,0.0005593489904915314,0.004317253317827923,0.0003887690274276996,0.0,0.0,0.0,0.0
Scamp1_mm,0.0,0.00127836272041601,0.0011390359919307008,0.0,0.0,0.0,0.0,0.0,0.0,0.0016756513397047008,0.0,0.0,0.0,0.0,0.0
Scamp5_mm,0.0,0.0,0.0031630121668411943,0.008117286672534585,0.0019351671835615015,0.0,0.0,0.0,0.0,0.007002428380124889,0.0,0.0,0.0,0.001176879850880801,0.0
Scand1_mm,0.0,0.0,0.0,0.0,0.14199008638357563,0.0,0.26797962166600375,0.029399871405069212,0.0,0.0,0.07769151610883966,0.005399816949218214,0.0,0.020506556184660022,0.0
Scaper_mm,0.0,0.0005119579542038945,0.0,0.33674851192133587,0.29014966759622784,0.0,0.0,0.16128587296243044,0.0,0.2731623024230224,0.2987962129546181,0.07484789644970415,0.24639635482149486,0.0,0.13095329917610601
Scara5_mm,0.0,0.0,0.00011515716072186596,0.0,0.00047722123171491457,0.0,0.0,0.0011970128147052437,0.0,0.005982547606779535,0.0,0.0,0.0,0.0,0.0
Scd2_mm,0.6724621601158091,0.0,0.0,3.3124304678557106,0.11467375144460148,1.989866523138393,1.9495350658904056,0.0,0.02724978589719417,0.0,0.7431551734641394,3.6081612793316458,1.398975341325605,2.2317704217453205,0.3883339075223432
Scel_mm,0.0,0.0,0.0,0.0,0.004980674992911674,0.0,0.0,0.0,0.0,0.006893754161407964,0.0,0.0,0.0,0.0,0.0
Scg2_mm,0.0,0.0010239313276792117,0.0002251338469003163,0.0,0.000710086305912824,0.0,0.0,0.0,0.0,0.0029134445764706137,0.0,0.0,0.0,0.0,0.0
Scgb1b2_mm,0.0,0.0,4.305804793342928e-05,0.0,2.6059544500381363e-05,0.0,0.0,0.0001524048820786414,0.0,0.0,0.0,0.0,0.0,0.0,0.0
Scgb3a1_mm,0.0,5.49743247399867e-05,0.00012465303391971202,0.0,0.0,0.0,0.0004737575047266574,0.0,0.00010119591573786631,0.0,0.0,0.0,0.0,2.0359989228376196e-06,0.0
Scimp_mm,0.0,0.0,0.003224338726334064,0.015239372808014457,0.0,0.0,0.0,0.022990393289809678,0.0,0.0,0.0,0.0,0.0,0.015103077479731804,0.0
Scly_mm,0.0,0.0,0.0,0.4038630610838622,0.27651489142316055,0.0,0.06590149845986101,0.09647785605086487,0.19079048130759146,0.20200361102522296,0.27069339867098796,0.011738204587520722,0.003016439721548694,0.0,0.0
Scml2_mm,0.0,8.404349305377468e-05,0.004109904295415289,0.0022142182071728895,0.0,0.0,0.0,0.0,0.0007391645845219245,0.00013163926563883012,0.0,5.582492661440555e-05,0.0,0.0,0.0
Scn11a_mm,0.0,0.01466804746612396,0.007935963819624246,0.2714147594153852,0.0,0.0,0.0253614646249461,0.05601251735744115,0.0,0.011818435364564719,0.0,0.01035040430852525,0.023782954206001492,0.0,0.0
Scn1a_mm,0.0,0.00019775241837918716,0.00037557602206691717,0.00048809524782676835,8.414076284376428e-05,0.0,0.0,0.0,0.0,0.00011669143452144317,0.0,0.00029539656462814075,0.0,0.0,0.0
Scn2b_mm,0.0,0.0,0.004453387815951947,0.023214916171522083,0.0,0.0005340572076865144,0.0,0.0,0.0,0.00626904467337547,0.0022893793553008775,0.0008214733477952356,0.0007684634259769956,0.004959657216695555,0.0013748115405510532
Scn3a_mm,0.0,0.00010513001575673358,0.0001266026741107369,0.0,0.0,0.0,0.0,0.00021752421101428553,0.0007950226949152501,0.001130582607485338,0.0,0.0,0.0,0.0008934709593019744,0.0
Scrn1_mm,0.0,2.8894926513898428e-05,0.00025604492843902307,0.0,0.0,0.0,0.0002505031443991372,0.0,0.0,0.0,0.0,6.864549986322738e-05,0.0,0.00018616525011347606,0.0
Scyl1_mm,0.007124520384785149,0.033291227043947096,0.0,0.48966747562250384,0.15657376813978624,0.007890073498836308,0.0,0.14652069538076065,0.1258922638087895,0.3551554024735276,1.0865767163074682,0.009214253644461849,0.19275035210269045,0.05389083752185683,0.09366496953329458
Sdccag8_mm,0.10146899950533665,0.01843686655757329,0.0006820391666639609,0.6168900901997235,0.20924831846380032,0.0,0.20747308162601094,0.1697560841656524,0.0038091972104071703,0.25360540156044015,0.11539438018036426,0.007248639786807676,0.15042202505701,0.0,0.0
Sde2_mm,0.32527578380416056,0.0,0.02663007020217635,1.0535208208366238,0.3604216755623375,0.18725049085844275,0.0,0.7264783413426386,0.0,1.101720146366445,1.365734293311906,0.0,0.07398077821782235,0.3573230775673809,0.0
Sdhb_mm,1.110272741591575,0.0,0.0,0.27723704561298784,0.11157948861833081,0.0,0.3065846083606599,0.12866426760238264,0.47217021930652747,0.0,0.2209820525060252,0.0,0.0,1.6226288896404666,0.0
Sec14l1_mm,0.25328756450165263,0.0,0.0699249981683927,0.3442291743649861,0.17737044345723643,0.0,0.0,0.2752666491570231,0.27441599728508465,0.31400884969428006,0.19790766854417272,0.0,0.016900181419494127,0.059911377159328476,0.05936317294435667
Sec14l3_mm,0.0,0.0,0.0,0.0006180367342378984,0.0,0.0,0.0,0.0,0.0,0.0,0.0,0.00018220759972519606,0.0,0.0,0.0
Sec16b_mm,0.0,0.0,0.0,0.0007492905115810642,0.0,0.0,0.0,0.0,0.0,0.0,0.0,0.0,0.0,0.0,0.0
Sec22c_mm,0.06474569999406495,0.0,0.0,0.12606133952432402,0.11013943603303866,0.0,0.0,0.033348212933577696,0.0,0.082251260739249,0.0,0.0,0.0026645317797840172,0.007852449584488047,0.0
Sec61a1_mm,1.0220920774737206,0.08277823821334766,0.33863836443180784,1.2239397624159574,0.9470241185778224,0.28675924852301254,0.0,0.2841715238042624,0.8019587144707921,0.10192633672407952,1.1152839997869592,0.0,0.0,0.8006708620473515,0.0
Secisbp2_mm,0.5992804952461667,4.139958789908891e-05,0.058076113171134154,0.47244974577959564,0.22797593216523673,0.03896290411397316,0.0,0.0,0.0,0.5936665578826736,0.6376213268967148,0.0,0.03684448642615451,0.06421316667359048,0.0
Sectm1b_mm,0.0,0.0,4.394060910485617e-05,0.0,0.0,0.0,0.0,0.0,0.0,0.00016385878323867744,0.0,0.0,0.0001095614184756526,0.0,0.0
Sel1l_mm,0.5832096579176043,0.0,0.4756305849011616,0.7536181146967544,0.8578570170674717,0.10362146535583644,0.0,0.23653597407169524,0.5958724592458843,0.374820635464969,0.3696089779362979,0.20107226750401386,0.0,0.09363238524419563,0.1530172809843373
Sele_mm,0.0,0.0,0.00017487475659590555,0.007550766297281021,0.0,0.0,0.0012924789185585798,0.0012836057123659487,0.0,0.0,0.0,0.0,0.0,0.0004595813092905596,0.0
Selenok_mm,0.31078770618782076,0.0,0.0,0.0,0.10685949501374696,0.0,0.254081645087209,0.5148175392800253,0.0,0.22137843274979435,0.0,0.0,0.0,0.7599608712073093,0.0
Selenom_mm,0.0,0.0,0.0,0.15865584763928708,0.32502815919227357,0.0,0.4997296460088229,0.10998043810024208,0.0,0.0,0.3661891664931606,0.0,0.003887001805796572,0.4791202229919809,0.0
Selenos_mm,0.6444209461354722,0.0,0.43877364113890766,0.2857722953356559,0.7367696015914406,0.2848261322351747,0.6368396713864646,0.6822782220949548,1.0468218302768881,0.015195233253679167,1.7408004605234442,0.27543505807985436,0.0,0.657937214342428,0.0
Selenow_mm,0.3795387161156215,0.0,0.0,0.1377000336649443,0.7453335606223456,0.0,1.607784940983714,0.06900458493713496,0.0,0.570023819516274,0.8896643884792677,0.0,0.0,1.994202169073983,0.0
Sell_mm,0.0,0.0,0.0,0.10419672087338001,0.0,0.028444273149415413,0.0,0.0,0.025134669463413004,0.027214182466277086,0.0,0.02883848991418175,0.0037180348271209558,0.044988584443693136,0.13866155902445804
Sem1_mm,0.7810690643043452,0.0,0.0,0.0,0.0,0.026737335078706972,2.1331830447093387,0.3457140145032252,0.07179208199863468,0.6210029398617961,0.0,0.0,0.22622999279805822,0.0,0.32024889520800925
Sema3a_mm,0.0,0.0001837418953913637,0.0,0.0,0.0,0.0,0.0,0.0,0.0009217603632867356,0.0007871663270837885,0.0,0.0,3.642736279410432e-05,0.0,0.0
Sema3c_mm,0.0,0.0,0.0029194718596610276,0.002897771623807468,0.0,0.0,0.0,0.0,0.0,0.0,0.0,0.0,0.0,0.0,0.0
Sema4d_mm,1.242343995841779,0.1309281100796307,0.06771555003682238,0.9255283974692624,0.31257943211583017,0.21012092168728838,0.0925301924737283,0.18109731225757228,0.19241477766911905,0.021862068044905644,0.8873495752377587,0.07032275502817723,0.0,0.04565412525553229,0.40534937376369773
Sema6a_mm,0.0,0.00010866491771520267,0.0037734685428018775,0.0,0.0,0.0,0.0,0.0,0.0,0.00817858307526473,0.0,0.0,0.0,0.0,0.0
Senp7_mm,0.20608863943334202,0.020182871190840307,0.010963976480018343,0.4683835986431244,0.40404317589427935,0.0,0.06141518293568382,0.021398205391725635,0.4759163753174904,0.22538663289546607,0.07332393972709116,0.052551582785696264,0.029470257336781554,0.0,0.0
Septin1_mm,0.04333671684208099,0.16516159595923777,0.09119074542822647,1.403962053519485,0.0737312781679996,0.22075496531460373,0.0,0.0,0.0,0.0,1.1431746256872595,0.0,0.0,0.32192389183066644,0.16282556839228812
Septin8_mm,0.0,0.0,0.0,0.2825431431440488,0.5459812247526824,0.0,0.0,0.14282931959916642,0.2756457920399757,0.1859139073299077,0.10785661824916923,0.1264155081187493,0.08937032753427475,0.0,0.0
Septin9_mm,1.8175039329667797,0.21471725663163568,0.0,1.0186789792991857,0.8823901739869771,0.05819955298743591,0.06115190582792905,0.2680035004580104,0.0,0.07495192434425879,1.1099897548183608,0.2336608432100375,0.7393682592381459,0.01754232137430434,0.0
Sergef_mm,0.2507281918779172,0.0,0.0,0.12349029860011826,0.2553818914125773,0.0,0.0,0.04341396951802026,0.0,0.0,0.2084074791134924,0.0,0.0,0.09800585474896326,0.0
Serhl_mm,0.246030651063868,0.0,0.0,0.4697406670668331,0.2577690093799311,0.0,0.0,0.0,0.0,0.13573636570459768,0.16285445568796053,0.0,0.10137251407538521,0.1522368622660838,0.0
Serinc2_mm,0.0591684990274063,0.0,0.0,0.21003651405889232,0.09777984304570805,0.0,0.0,0.09651333297994746,0.04000467949063662,0.0,0.002329418933109294,0.0,0.0,0.054465593003297036,0.0
Serp1_mm,1.3202146774414616,0.12883625110579622,0.4326751281190935,0.0,1.1027041268862072,0.1039798662758517,0.770873698191738,0.06783841104080424,0.29926682387003856,0.6344652901159543,0.0,0.26556162685900647,0.0,0.7390932161355351,0.0
Serpina1a_mm,0.0,0.0,0.00032798184029394166,0.0005330164045468243,0.0,0.0,0.0,0.0,0.0,0.0,0.0,0.0,0.0,0.0009103150297018,0.0
Serpina1e_mm,2.6441127839394584e-05,0.0,3.0514439463071615e-05,0.0,0.0,0.0,0.0,0.0,0.0,0.0,3.741256451321391e-05,0.0,0.0,0.0,0.0
Serpina3g_mm,0.0,0.0,0.007671018393997844,0.017312831581614625,0.0,0.0,0.0,0.0012371046675822884,0.0,0.007360040267515595,0.0,0.0,0.0,0.0032034570859539053,0.0
Serpina3i_mm,0.0,0.0,0.00039161095981465844,4.120539284337555e-07,0.0,0.0,0.0,0.0,0.0,0.0004956599966739337,0.0,0.0,0.0,0.0,0.0
Serpina3n_mm,0.0,0.0,0.0,5.400454827834399e-08,4.234202806151341e-05,0.0,0.0,1.7597180343503123e-06,0.0,2.0921560798106193e-05,4.428484083818627e-06,0.0,0.0,0.0,0.0
Serpinb6a_mm,0.0,0.0,0.00021853138748996362,0.10990386878794672,0.10505976731172227,0.0,0.0,0.007478578409734974,0.0,0.022823201965504088,0.0,0.0,0.0026564082205012348,0.02956289452718083,0.0
Serpinb6b_mm,0.0,0.0149269882824654,0.018332073505540614,0.25727167551476143,0.022177580482264717,0.0,0.01321422000736879,0.44939794863691884,0.043353941885369764,0.0,0.0,0.007032796563593434,0.0,0.11342958502726495,0.0
Serpinb6d_mm,0.0,0.0,0.003969512654828065,0.0,0.0,0.0,0.0,0.0,0.0,0.0,0.0,0.0,0.0,0.007296308440920411,0.0
Serpinb9d_mm,0.0,0.0,0.001272971433283014,0.0,0.0,0.0,0.0,0.000785384948709155,0.0,0.001932769519008274,0.0,0.0,0.0,0.0,0.0
Serpinb9g_mm,0.0,0.0014031496839670779,0.0022660061572606803,0.0005617688724288567,0.0,0.0,0.0,0.0,0.001158514974981861,0.0,0.0,0.0,0.0,0.0010117708783921283,0.0
Serpine1_mm,0.0,0.0,0.0,0.0,0.0,0.0,0.0,0.11506726913366978,0.0,0.0,0.0,0.0037298676997711525,0.0,0.0,0.0
Serpinh1_mm,0.0,0.01648115297888934,0.09692555714798719,0.08924918255492569,0.006048394397034917,0.0,0.03173024644157202,0.0,0.0,0.0,0.0,0.0,0.0,0.0,0.0
Serpini1_mm,0.0,0.0,0.09691837761133111,0.02369604361179705,0.0,0.0,0.0,0.0,0.0,0.0,0.0,0.0,0.0,0.007812429686705286,0.0
Serpini2_mm,0.0,0.0,6.233736397736335e-05,0.0002513703984969935,0.0,0.0001268909108057269,0.0,0.0,0.0,0.0006197479437694468,0.0,0.0,0.0,0.0,0.0
Sertad4_mm,0.00010383755254981716,2.92120610936207e-05,0.0,0.0,0.0,0.0,0.0,0.0,0.0,0.00026110326975497053,0.0,0.0,0.0,1.1592449646956928e-06,0.0
Sesn2_mm,0.09093242410641018,0.0,0.04759265753083782,0.31017072962531134,0.6402985099216215,0.005142257066084292,0.0,0.2600201976883031,0.0,0.40661139919339484,0.26398208086859815,0.04461915094287039,0.0,0.05504143749678333,0.0
Setd5_mm,0.13359683724577787,0.0,0.09878340225620641,0.974159908376563,0.26371336584637084,0.41216708574593125,0.04165473631927207,0.3411795944630243,0.5847278526977651,1.5093152943033514,1.143749802411591,0.262954588723046,0.19941181676840844,0.0,0.03852678246249724
Sez6_mm,0.0,0.0003394896504797117,0.0,0.0,0.0,0.0,0.0009851595470583023,0.0,0.0,0.00014458842829374768,0.0,0.0,0.0,0.0,0.0
Sf3b2_mm,1.329361728441959,0.8959616409660875,0.21565125519191203,1.5145370906559494,1.05503801068854,1.2452136524538113,0.0,1.1331233169597934,0.0,0.32389760593446315,3.521774416535612,0.8971294480428572,3.0072608330121984,0.6135373792238907,1.1857082897175586
Sfi1_mm,1.41968754450643,0.1951535802045713,0.0,1.4278697329258634,1.293708635754,0.0,0.0,0.28218337628192114,0.0,1.1705148616674315,0.1338542006987205,0.29937733992941296,0.6781935028303402,0.12027600718677807,0.08405488534994163
Sft2d2_mm,0.20989215460652436,0.0,0.0008024974952009532,0.4096106265337017,0.2284444954293659,0.0,9.522011736281974e-05,0.06647637289440735,0.057562927190302794,0.2738430520923615,0.0,0.07185207980499368,0.060463172951810376,0.14992587903461801,0.0
Sfta2_mm,0.0,0.0,0.004157483509313164,0.0,0.0,0.0,0.0,0.0,0.0,0.08665009883486395,2.7665858514080105e-05,0.0,0.13492277954574117,0.0,0.0
Sftpb_mm,0.0,0.00013044720418768809,5.8376401587814135e-05,0.0,0.0,0.0,0.00027239786703651763,0.0,0.0,0.0,0.0,0.0,0.0,0.00019108716107298397,0.0
Sftpd_mm,0.0,6.602696579238191e-06,0.0002958979071493582,0.0001702913861188717,0.0,0.0,0.0002971109447686507,0.00015439788867542857,0.00030529990362752836,0.0,0.0,3.683532296518151e-05,0.0,0.0,0.0
Sgca_mm,0.0,0.0003339175425397495,0.0004680726402493164,0.0020223570507420558,0.0,0.0,0.0,0.0,0.0,0.0008461516934102244,0.0,0.0,0.0,0.0002656436989777892,0.0
Sgcd_mm,0.0,0.00017204836312626344,1.0130685568364098e-05,0.0,0.0,0.0,0.0,0.0,0.0,0.0,0.0,6.945420053379132e-05,0.0,0.0,0.0
Sgf29_mm,0.27277408371487205,0.0,0.0,0.4102840084357753,0.20273087527597483,0.0,0.0,0.026990826247447988,0.3788267517961177,0.0,0.3592136691382118,0.0,0.0,0.6710930861212481,0.0
Sgk1_mm,0.37286949153876103,0.0,0.015874342294253593,0.0,0.0,0.0,0.0,1.073338585953924,0.0,0.0,0.09606240384356697,0.0,0.008875886782223065,0.030755057398258092,0.37366683309028653
Sgpl1_mm,0.0,0.0,0.07051606932892063,0.31715601482948175,0.31551011435630527,0.0,0.0,0.6143407687661395,0.26394619146537057,0.2605847871706183,0.0,0.0,0.0,0.0830059859234745,0.0
Sgsh_mm,0.0,0.0,0.0,0.0,0.005815246033563093,0.0,0.0,0.008730764645380733,0.0,0.0,0.0,0.0,0.0,0.0,0.0
Sgsm1_mm,0.0,0.0,0.0005816806777478101,0.00048057968601880385,0.0023201157737270735,0.0002799490524645904,0.0,0.0,0.0,0.0029118847250307386,0.0,0.0006666454959544368,0.0,0.0,0.0
Sh2b1_mm,0.44506011457879247,0.0,0.0,0.5102104237139515,0.2479008176753774,0.0,0.03312631647073393,0.02857416036943137,0.16823338090375045,0.03443618657408353,0.19351990775138417,0.0,0.0016388993029831085,0.1051364872897379,0.0
Sh2d1b1_mm,0.0,0.0006030326335643208,0.0005622095952970412,0.0022834576493017105,0.0,0.0,0.0,0.0,0.0,0.0,0.0,0.0,0.0,0.002081988463693844,0.0
Sh2d5_mm,0.0880605483742498,0.014188415523461978,0.03258439476535946,0.21169144825685546,0.02050599407289741,0.0,0.0,0.0,0.018729412592882688,0.06688610496325298,0.0556903753975844,0.002333140204456961,0.0,0.017753302003127965,0.029996394161135892
Sh3bp4_mm,0.0,0.00014894335768820304,0.0002706239912935123,0.0,0.0,0.0,0.0,0.00035896244046177247,0.0,0.0004433524527224223,0.0,0.0,0.0,0.00014170511807147805,0.0
Sh3kbp1_mm,0.5992861662250651,0.04419060317420749,0.13270740223247013,1.5348676896983973,0.13598204140175799,0.2461777343154821,0.0,0.0,0.7009922839841877,0.5198702885636048,0.5167864756994064,0.3121846096704057,0.052676350119617785,0.16466824760871712,0.23617396047291786
Sh3pxd2a_mm,0.0,0.0005659539322428239,0.00802189495815974,0.006310083250951113,0.0,0.0,0.0,0.0,0.0,0.0,0.0,0.0,0.0,0.0027334299555957812,0.0
Shank1_mm,0.0,0.0,0.0,0.0,0.006322357306759935,0.0,0.0,0.0,0.0,0.04062972928695028,0.0,0.0,0.01953631194569227,0.0,0.0
Shank2_mm,0.0,0.00038941284865676254,0.0,0.0,0.0,0.0,6.757204746712621e-05,0.0,0.0,0.0,0.0,0.0,4.515443891505801e-05,0.0003116999165022033,0.0
Shank3_mm,0.0,0.000754449186624329,0.006577338501741312,0.014845983724714787,0.0,0.0,0.0,0.0,0.0,0.0,0.0,0.0,0.0,0.0,0.0
Shc4_mm,0.0,0.0,0.0008204628277875364,0.0,0.006731724084250372,0.0,0.0,0.0,0.0,0.02633707393409713,0.0,0.0,0.021826797582933127,0.0018929732620106632,0.0
Shisa4_mm,0.0,0.0,0.0,0.0,0.0,0.0,0.0,0.0073300581939900284,0.0014968041167446149,0.010215358361270884,0.0,0.0,0.0,0.0,0.0
Shisa5_mm,0.33579463451100106,0.0,0.11495589301110579,0.8220374530253957,0.34089078854410837,0.0,0.0,0.38177072845943677,0.05934858742098315,0.0,0.0,0.0,0.0,0.46644734596110393,0.0
Shmt2_mm,1.6453280275922808,0.0,0.0,0.11743421726041751,0.49328080864856083,0.0,0.0,0.0,0.15645254708791767,0.05810040868599014,0.9080175610805938,0.0,0.0,0.5984746628466796,0.3486601602909689
Shoc1_mm,0.0,0.0005073773623108501,0.005504342887034211,0.0022585280347305454,6.508978105395078e-05,0.0,0.0,0.0,0.0,0.002404735104124501,0.0,0.0,0.0,0.0,0.0
Shtn1_mm,0.0,0.0,0.0,0.0,0.0,0.0,0.0,0.00788521043566377,0.0,0.0,0.0,0.0,0.0,0.0,0.0
Sigirr_mm,0.1234847022664864,0.0,0.0,0.13720170989788372,0.11527176882951341,0.0,0.0,0.0,0.0,0.0032347793645313414,0.052984685273517663,0.0,0.0,0.07214472324227128,0.0
Siglech_mm,0.0,0.0,0.0,0.018644343848233335,0.003982791698406678,0.0,0.0,0.0,0.0,0.05509418518477829,0.0,0.0,0.03561208134452028,0.0,0.0
Sik2_mm,0.17165851105833374,0.0,0.0,0.23656867439375232,0.0,0.0,0.0,0.029422439442298744,0.13427695517297794,0.4148107616483199,0.274854266245504,0.08726028777382264,0.0,0.0,0.0
Sipa1_mm,0.7565949007170991,0.10069469375047017,0.019519549794532673,1.1286935144497918,0.1690214340286104,0.017409396021219582,0.0,0.0,0.7207394459950914,0.12095645677422637,1.2496176055706885,0.09840514403615178,0.0,0.12916089675414177,0.0
Sirpa_mm,0.0,0.0,0.00013267808712911662,0.0,0.0,0.0,0.0007818654252995654,0.0,0.0,0.0,0.0,0.0,0.0,4.050571474740498e-05,0.0
Sirt2_mm,0.022234372687371266,0.0046003508159565476,0.015136749360103502,0.31697349997677804,0.21218207859629268,0.0,0.0,0.46371672185763335,0.35047609521656536,0.08738081641329723,0.17844025560474722,0.0006662869279980314,0.0,0.13578556224699767,0.0
Sirt5_mm,0.0,0.05586927260862985,9.340308450381865,0.0,0.0,0.12265062198967813,0.0,0.0,0.0,0.0,0.0,0.0,0.0,1.9726838533720648,0.3237670710527652
Sirt6_mm,0.046100563622262766,0.0,0.0,0.024945469486012072,0.09294605924712819,0.0,0.0,0.0723561123532783,0.05464637846988788,0.0,0.022145761349974008,0.0,0.0,0.10758898893269099,0.0
Six6_mm,0.0,0.0,0.0,0.0,0.0,0.0,0.0,0.0,0.0,0.0026150079132079107,0.0,0.0,0.0,0.0,0.0
Skap1_mm,0.0,0.0,0.0,0.029565961447397687,0.0,0.004365461141624117,0.013160560575944072,0.0,0.00838612630382201,0.024745487056500752,0.0,0.0,0.008779884214204304,0.028988405391769525,0.01485267108286462
Ski_mm,0.0,0.0010516870046969162,0.01240783261660821,0.04522809223921971,0.001953126670555608,0.0,0.0,0.08525630308185111,0.0,0.013414070463616994,0.0,0.0,0.0,0.0,0.0
Skil_mm,0.0,0.0,0.0,0.4174931842562542,0.0,0.0,0.0,0.6903572835683618,0.0,1.0858356793861477,0.3021600934331883,0.5880701691296849,0.02086295178138117,0.0,0.0
Skint8_mm,0.004068790078425085,0.005204520309719702,0.01190186138848458,0.003069547404460941,0.0,0.0,0.0,0.00562965306774698,0.03495374508263033,0.06803549821867357,0.0,0.0,0.007053914421834974,0.0,0.0078841381520352
Skiv2l_mm,0.2027539327625187,0.08782850637385235,0.0,0.46794885433344424,0.35800299510676437,0.0,0.0,0.028731850744016182,0.0,0.38913211321506636,0.5010681144160464,0.0,0.06444390980984287,0.011405617799628221,0.14913159050425745
Sla_mm,0.297324209319919,0.0,0.0,0.7226699556453369,0.14378780142982342,0.0,0.057738612394688305,0.10502814343446674,0.0,0.04436785339026219,0.0,0.1691760079685057,0.0968520249608767,0.0,0.0
Slamf6_mm,0.4304597473954751,0.0038119442844154533,0.026417067541427284,0.3016749219953283,0.0,0.0,0.0,0.0,0.11024093784778194,0.0005938584360664996,0.058960800440121544,0.0,0.0,0.08935394840750092,0.2582142539004793
Slamf7_mm,0.02634044906676018,0.0,0.06002045588568991,0.2115211495180364,0.0,0.030474502780094614,0.0,0.03346654774248534,0.031265267257551785,0.24870290796554761,0.029408926024899463,0.0,0.0,0.08723126579540805,0.22345621590470813
Slc10a4_mm,0.00018507874303178717,1.3191187177982098e-05,0.00031423045707110626,3.7574561866856026e-06,0.0,0.0,2.8098064513003244e-05,0.0,0.0,0.0,0.0001142220730554048,0.0,0.0,0.0,0.0
Slc10a4l_mm,0.0,0.0,5.025325880516713e-05,3.426851162922461e-05,0.0,0.0,0.0,0.0,0.0,6.740116239270782e-05,0.0,7.320369947160531e-05,8.027039314952215e-06,0.0003301004259388326,0.0
Slc10a5_mm,0.0,0.0001680370125430421,0.0,0.0,0.0,0.0006503721956001841,0.0,0.0003896058560993005,0.0011990225952545975,0.0009379738066444096,0.0005105085012935962,0.0,4.2248114994897515e-05,0.0,0.0
Slc12a2_mm,0.0,0.0,0.0,0.0,0.0014638497777425179,0.0026477242672964824,0.0,0.0,0.0,0.006373967451842127,0.0,0.0,0.0,0.0018387048053704407,0.009569542185980568
Slc12a6_mm,0.3450393892221569,0.0,0.03114006591119834,0.3928475973416679,0.3144093871415557,0.0,0.0,0.16012447650684136,0.4507763784543701,0.503212845451139,0.0,0.16323333161840548,0.01854526359515844,0.03536199253790793,0.0
Slc13a3_mm,0.0,0.00013282110548110238,0.00035005200065603236,0.0,0.0,0.0,0.0,0.0,0.0,0.0010437944742553889,0.0,0.0,0.0,0.0007798887289671428,0.0
Slc14a2_mm,0.0,9.060745770144281e-05,0.0004843304043212832,0.0,0.0,0.0,0.00018912909705074067,0.0003326872506462805,0.00016558163417872406,0.0006661446251956873,0.0,0.0,0.0,0.0,0.0
Slc16a6_mm,1.4601896106389682,0.0,0.0,0.3962479619736319,0.4588663198811134,0.0,0.0,0.2781717375267539,0.2472389737287409,0.44388885392277566,0.3872212288654174,0.043743439476794675,0.0,0.05424011204839049,0.0
Slc17a5_mm,0.24197994883932317,0.07500534177255497,0.06090350801265111,0.15223909517789821,0.028575063103649614,0.0,0.0,0.285072543848125,0.3232864731199533,1.0124970435376017,0.0,0.09544910332508985,0.0,0.0,0.0
Slc17a9_mm,0.14552097045214576,0.0,0.018196118670323683,0.2131270830250012,0.011467959502476116,0.0,0.0,0.0,0.0,0.6186172069956973,0.07501844072688588,0.0,0.7828662118706362,0.0,0.0
Slc1a4_mm,0.18286929431873458,0.0,0.04104991558104091,0.2998902976931006,0.4005215206351753,0.0,0.0,0.042849114050138706,0.0,0.16375243483869836,0.0016661604213378278,0.0,0.0,0.18687087439307035,0.10584567321735185
Slc1a5_mm,3.128139425091773,0.34814750715028386,0.0,0.3508754583127064,3.631615062219048,0.5970329906115531,0.0,0.6862186302587349,0.1638081515886922,0.49618433739068096,0.0,0.4211104804355094,0.06756320690189432,0.0,0.9094300513547988
Slc22a18_mm,0.0,0.0,0.0,0.0067320029537753494,0.01872527691397855,0.0,0.0,0.0,0.0,0.0,0.0,0.0,0.0,0.0,0.0
Slc22a26_mm,0.0,0.0,0.00019217715422396303,0.00014053835447829579,0.0,7.409755930034615e-06,0.0004852891418869064,0.0,2.6700778600889615e-05,0.0,0.0,0.0,0.0,4.525877958553873e-06,0.0
Slc22a2_mm,0.0,0.0,0.0002821442776715796,0.0,0.0,0.0,0.0,8.114042865067923e-05,0.0,0.0,0.0,0.0,0.0,0.00023100642551240313,0.0
Slc22a30_mm,0.0,0.0004188577427979534,0.0,0.0,0.0,1.4007369616981138e-05,0.0,0.0002403809562437287,0.00033184786946800754,0.0007969639411602004,0.0,0.0,0.0,0.0,0.0
Slc23a1_mm,0.2745787091356595,0.005180847043959548,0.017726821288572663,0.11697372430675436,0.0095701207199199,0.008536713266830028,0.0,0.0,0.07247955448111247,0.2524752844402005,0.09424364138129944,0.0,0.0,0.0,0.07525274300626307
Slc24a1_mm,0.0,0.0,0.02118541645152329,0.024164252609967435,0.0,0.0,0.0,0.000633140289563338,0.0,0.0037321996566843634,0.0036653396116644384,0.0,0.014836358076994668,0.0,0.0
Slc24a4_mm,0.0,0.0,0.0,5.093334731368263e-06,2.5689460805177457e-05,0.0,0.0,0.0,0.0,0.00021447387512770182,0.0,0.0,0.0,0.0,0.0
Slc25a1_mm,1.858672506868,0.0,0.0,0.765768555505673,0.5783081096602747,0.0,0.10178661386121272,0.4462118536654255,1.749307926291297,0.0,1.0801234559491817,0.1388720408147468,0.0,0.9301359055081692,0.0
Slc25a21_mm,0.0,0.007256078136973331,0.041088473658824176,0.001290513421737001,0.0,0.0,0.0,0.0,0.0,0.0,0.0,0.0,0.0,0.001148883850075835,0.0
Slc25a33_mm,0.25161633470752065,0.0,0.0,0.17878249387437936,0.24475795211561963,0.008659942680220339,0.014462439416668423,0.032045671694556285,0.05246983944590158,0.13329711019769866,0.10128595311730013,0.0,0.0,0.03957084561507536,0.0
Slc25a3_mm,2.754142671502973,0.07121486632222679,0.25715818298370857,0.8887771098960757,1.411850441062457,0.4563264292773252,0.0,0.5804885145076901,0.8155276681015731,0.06760241047845063,0.4907377610694067,0.0,0.0,1.893260901459689,0.6151415739688804
Slc25a40_mm,0.3337755827434332,0.0,0.0,0.36997904280550786,0.46204924831981803,0.0,0.1722356599548473,0.4992364205755373,0.9316501071797236,0.1341986768810023,0.17791306013161823,0.18754476770303227,0.03159529137935312,0.0,0.20458868062080549
Slc25a41_mm,0.0,0.0,0.0007995555883847804,0.0002906564751747466,0.0,0.0,0.0,0.0,0.0004891210130125435,0.0,0.0,0.0,0.0,0.0017075691104138917,0.0
Slc25a47_mm,0.0,0.0,0.0,0.017963465032848264,0.03407281599181689,0.0,0.0,0.001653613689482913,0.0,0.0,0.0007412839868957665,0.0,0.0,0.0017844728881573474,0.0
Slc25a5_mm,6.3187199310119695,0.5021612435194353,0.49105039421264707,0.0,0.0,0.9492196430418749,1.3745068122770319,1.242292765900763,2.3594756183085277,0.0,0.0,0.0,0.0,3.7108808173270336,0.0
Slc26a11_mm,0.0,0.0,0.004356552718221105,0.0,0.013206764336084205,0.0,0.0,0.018278396737316,0.0,0.019238837751534402,0.0,0.0,0.0,0.0,0.0
Slc26a7_mm,0.0,0.0,0.0,0.0,7.629239599825627e-06,0.0,0.0,0.0,0.0,0.0009179311380202981,0.0,0.0,0.0,2.4749704453736087e-05,0.0
Slc28a3_mm,0.006483080384219673,0.0035287533863381385,0.018912316797137143,0.0,0.0,0.0,0.0,0.01607611002920747,0.05162450072023236,0.11967952261969171,0.018020535470402176,0.0,0.0570903986862475,0.0,0.0
Slc29a1_mm,2.3244225001288292,0.0,0.0,0.14167770021891635,0.7292570867805143,0.025202797693487492,0.0,0.021104557146783387,0.0788587693964699,0.14513137301950468,0.5116924471736636,0.0,0.0,0.49330456644077136,0.16926003493432182
Slc2a13_mm,0.0,0.00016587324359298606,0.0,0.0,0.0,0.0,0.0,0.00048430900174941413,0.0,0.0010467706264633933,0.0,0.0,0.0,0.00020431020676343507,0.0
Slc2a3_mm,3.9104958731407566,0.7413768454784669,0.0,0.0,1.8854848270290616,0.2669186117546744,0.49437872487787204,0.8783787683644627,2.483593327692059,0.0,1.1657679559190932,0.3946505375212683,1.4201726449465009,0.9487887575959908,0.0
Slc2a4_mm,0.000733050323030669,0.0,0.0,0.0010750103683630431,0.00012264907374025526,0.0002569013233366052,0.0,0.0004077505090014967,0.0,0.00047608569956355103,0.0,0.0,0.0,0.0,0.0
Slc30a8_mm,6.301060956006302e-05,3.6268217830955096e-05,5.5915015524793984e-05,1.0742333180410944e-06,0.0,0.0,0.0,0.0,0.0,0.0,0.0,4.693123971088487e-05,0.0,0.0,0.0
Slc34a2_mm,0.0,0.0006960187965849821,0.0008103241902183336,0.0,0.0,0.0,0.0,0.0,0.0,0.0,0.0,0.0,0.0,0.0018385110636937423,0.0
Slc34a3_mm,0.0,0.0,0.0,0.0002102022914560507,3.61569037401568e-05,0.0,0.0,0.0,0.0,0.0,0.0,6.748710836516181e-05,0.0,0.0,0.0
Slc35e4_mm,0.021663905706150524,0.0,0.0,0.07660862775107923,0.1385842068378249,0.019869028664183594,0.03709864305178027,0.26526277975899243,0.0,0.10748355396062816,0.12087202326588155,0.0,0.0,0.03161887627724708,0.0
Slc35f1_mm,0.004106329703160115,0.0,0.0,0.003158680652237694,0.0,0.0,0.0,0.004984523566041766,0.0,0.034663944721583094,0.0,0.0,0.024628812369386646,2.6512622462430856e-05,0.0
Slc35f3_mm,0.015420389682499421,0.007739682480610217,0.004088491179367598,0.08613643790499001,0.06870996650405303,0.0,0.00136023772479501,0.027818316953856524,0.0,0.04213403088269562,0.0,0.0,0.006454857882551024,0.00595750325966359,0.0
Slc36a4_mm,0.0,0.0,0.0035841025265226736,0.005063439751503372,0.0,0.0,0.0,0.0,0.0,0.003371106828522672,0.0,0.0,0.0,0.0,0.0
Slc37a2_mm,0.024734462148467886,0.0,0.026724932003686964,0.2609918100106486,0.02679475464876465,0.0,0.0,0.2644959397714368,0.012716477602105392,0.004508893299694345,0.0,0.0,0.0,0.041412973589019166,0.0
Slc38a10_mm,0.08307928348171018,0.029354213406038287,0.047927450287917596,0.3719520266248783,0.2633849657687403,0.0,0.0946688114544298,0.15772821228771103,0.0,0.13358708009005718,0.5937968054716029,0.06905336560828497,0.1114592431174136,0.016101026072163616,0.0
Slc38a1_mm,2.825085782301609,0.4780988562885813,0.24557413646032214,0.8990238592985662,1.151593656225718,1.0787070394258467,0.08014677398586346,0.6476127724851442,2.035227160276673,1.671683806488469,0.28029966908670484,1.8284001406763255,0.40159791606476525,0.4933161299706257,0.8890870817845525
Slc38a6_mm,0.9292806923177608,0.0,1.5382188572689588,0.0,0.11149200175801506,0.0,0.0,0.6164209903269943,0.8188904976632482,1.2790972517070482,0.21130373342608783,0.37474072604429487,0.0,0.0,0.0
Slc38a7_mm,0.32241389189253544,0.0,0.031659408003484914,0.21534213422986256,0.6486839924136252,0.0,0.15467397468755828,0.3293791612863263,0.03035064698745561,0.14430682429347888,0.4101319890018083,0.03486119237195308,0.0,0.0,0.0
Slc38a9_mm,0.5546179765316852,0.0,0.0,0.4652782586917359,0.4189327104025634,0.0005489389906793825,0.0,0.23836928305307503,0.25155316448804305,0.5339050956788541,0.0672774745027926,0.0,0.0,0.05567968918262613,0.2620857012998367
Slc39a12_mm,0.0,0.0,0.003042778494830063,0.0,0.0,0.0,0.0,0.0,0.0,0.00025784112944991306,0.0,0.0,0.0,0.0,0.0
Slc39a5_mm,0.0,0.0,0.0,0.0,0.0,0.0,0.0,0.0,7.607577916767026e-05,0.00038366501408575664,0.0,0.0,0.0,0.0,0.0
Slc39a6_mm,0.6252569093252375,0.0,0.06108161314562894,1.3235644473871206,0.4292313113498643,0.46735412630496137,0.04478905037513606,0.8414207401022785,0.608603592588502,0.3751828576203991,0.6333348187671719,0.0,0.0,0.10995321026729908,0.0
Slc3a2_mm,1.5169912455177994,0.0,0.13611247379828909,0.049471376847630186,2.2855340384233176,0.25093000184192643,0.0,0.866851360407201,1.0665162209136914,0.04803687251029701,0.8071663857181938,0.00309727148038121,0.032770622157800994,1.268749177128712,0.6048539650657553
Slc40a1_mm,0.0,0.005065593119245771,0.1735540970143637,0.034993804847852195,0.0,0.0,0.0,0.0,0.0,0.0,0.0,0.0,0.0,0.0,0.0
Slc44a4_mm,0.017300822245974085,0.002618830479169948,0.004785806294720474,0.029474269356992287,0.034655909386901586,0.0,0.0,0.018091863232810826,0.0,0.008394612479081765,0.0,0.0,0.0,0.0028322580610066236,0.0
Slc45a1_mm,0.0,0.00013115879060427723,0.00026267525266051233,0.000565614790423532,0.0,0.0,0.0,0.0,0.0,0.004165665205153222,0.0,0.0,0.0,0.0011871260597207899,0.0
Slc45a4_mm,0.2410176089889465,0.0003587661861150631,0.0,0.47686455149313933,0.5498881373535772,0.0,0.0,0.05660068487855342,0.0,0.0,0.3289794081656154,0.07381870168960587,0.0,0.0,0.0
Slc48a1_mm,1.039161853521342,0.0,0.0,0.623296408847498,0.4942933323547401,0.0,0.0,0.2524616126007979,0.20372992409840043,0.0,0.0,0.0,0.0,0.5433773945517203,0.0
Slc4a2_mm,0.2893972310739194,0.030964869673506642,0.03556227089751872,0.4842035771975836,0.17738368104011337,0.0,0.0,0.23270314017251198,0.0,0.18499510363547758,0.09072865435896839,0.0,0.0,0.044721167124314905,0.0
Slc4a3_mm,0.0,0.000767307517384527,0.0,0.0,0.0,0.0,0.0,0.0006478135611154933,0.0,0.006398290291089958,0.0003405703865489725,0.0,0.0007810271421720575,0.0,0.0
Slc4a5_mm,0.0030779404403580486,0.0,0.013184735209225302,0.018559978776133888,0.0018210123029090287,0.0011343024898638763,0.0,0.0,0.0,0.0071674110676959,0.0,0.0,0.0,0.005712278475104606,0.01642450927419712
Slc4a7_mm,1.9265161705818703,0.0,0.011490053929416325,1.9031588628438039,0.5912230555652701,0.709971327346071,0.5586556381388803,0.0,0.8457169735994474,0.4117513395651374,1.4602423065526922,1.3165906356970773,1.3568119064842206,0.0,0.0
Slc4a8_mm,0.09243725451015232,0.0,0.016540518808216234,0.13183634769076924,0.12741269624439536,0.002491505762669611,0.0,0.0,0.0,0.04193664841046272,0.03429197029379192,0.0,0.0,0.06066476550527746,0.0015530845475931294
Slc50a1_mm,0.19443468217989118,0.0,0.0,0.32505172519922154,0.33407044588394036,0.0,0.013682271184863546,0.0013442003101473083,0.0,0.0,0.0,0.0,0.0,0.6219473887744098,0.0
Slc5a9_mm,0.09052554684957913,0.0,0.0,0.13934625369791526,0.08438749113183039,0.0,0.0,0.0,0.0005560906375360193,0.06830293326163926,0.0,0.0,0.0,0.015005707870175291,0.0
Slc6a13_mm,0.0,0.0,0.017121273805942226,0.008964092230982183,0.0,0.0,0.007872841858167418,0.0,0.0,0.0,0.0,0.0,0.0,0.02821707026256859,0.0
Slc6a15_mm,0.0,2.0746745326282118e-05,8.50942949958803e-06,0.0,0.0,0.0,0.0,0.0,0.00018845700692454357,7.114782790273479e-05,0.0,0.0,3.203645294725485e-05,1.6859661195217798e-05,9.335132872110311e-05
Slc6a18_mm,0.0011751318441143121,0.0006676529395642457,0.0002632275512356055,0.0,0.004889632436318563,0.0,0.0,0.0,0.00046343370752404664,0.005788692888384879,0.0003111693835641181,0.0007021167388174144,0.0,0.0015523933909155974,0.001760810148249092
Slc6a9_mm,0.05187486826062175,0.0,0.0,0.14297090413137442,0.517384421706835,0.0,0.0652708036571169,0.07545284889878122,0.0,0.0261779586494212,0.1512388264326734,0.0,0.0,0.04655790317152917,0.0
Slc7a11_mm,0.39803561380651664,0.0,0.0,0.0,0.4326653472253918,0.0,0.0,0.4138031789466338,0.0,0.1624924401279901,0.038994171100384854,0.08681322820966965,0.050249399843870536,0.0,0.0
Slc7a12_mm,0.0,0.0,2.8610797852662907e-05,0.0,0.0,6.049057108301593e-05,0.00014795684842101303,0.0002359068507495936,0.0001427985717786702,0.0,0.0,0.0,0.0,0.0,0.0
Slc7a14_mm,0.0,0.0,0.04037676988015351,0.0,0.0,0.0,0.0,0.0,0.21688278396791488,0.03275836696885918,0.0,0.0,0.05052436174419205,0.01451207113873872,0.0
Slc9a3r2_mm,0.0,0.0,0.0017181523391170972,0.004583101658567178,0.005092843685690605,0.0004500220399907938,0.0,0.0,0.000163689041192124,0.00593727441840784,0.0,0.0,0.0,0.0012900352754723358,0.0
Slc9a5_mm,0.0,0.0,0.026850809648696045,0.000304187567053658,0.05119399940020891,0.0,0.0,0.16044669301338665,0.0,0.1750284274401614,0.0,0.0,0.0,0.0,0.0
Slc9a8_mm,0.2704166885465711,0.0,0.0,0.03830738489829193,0.24077704075862527,0.0,0.0,0.08456714215108915,0.0,0.30316160971857653,0.3832542202472122,0.0,0.028364479793009458,0.02047345850611759,0.08494692017056439
Slc9a9_mm,0.0,0.0,0.0,0.034207831206634225,0.04994133309290153,0.0,0.0,0.0,0.0,0.019397829269091376,0.0,0.0,0.0,0.0,0.0
Slc9b1_mm,0.0,0.011632758469095238,0.0761631569133461,0.05208237233350877,0.0,0.0,0.0,0.0,0.0,0.01797067984409359,0.0,0.0,0.0,0.019488789855943534,0.00019644056254352422
Slco1c1_mm,0.0,0.0,0.0,0.0,0.0,0.0,0.0,7.688182443402526e-06,0.0,9.327456585495302e-05,0.0,0.0,0.0,0.0002699461785239831,0.0
Slco4a1_mm,0.07466584063454325,0.0,0.0,0.01197519757578378,0.04799335652971638,0.0,0.0,0.01686078621696323,0.014585435140894961,0.03540275352752291,0.0,0.00031937862592582895,0.002045925950392973,0.0,0.0
Slfn2_mm,0.0,0.0,0.007644043235793541,0.02918576013366715,0.0,0.0,0.0,0.09160869160831592,0.0,0.0,0.0,0.0,0.0,0.0,0.0
Slfn8_mm,0.06333120547431963,0.0,0.06295926964565263,0.46843424276835904,0.0,0.0,0.0,0.0,0.5941245847011838,0.46540256595931784,0.35841072293643494,0.10385115383018048,0.0,0.0,0.3313776337533125
Slitrk6_mm,0.0,0.0,0.0,0.0003345377095563125,0.0,0.0,0.0,6.760333503359256e-06,0.0,0.0,0.0,0.0,0.0,0.0,0.0
Slk_mm,0.6225111085926316,0.2060370834554121,0.023907260316982558,1.059911095045918,0.2216087588990518,0.26236009504122715,0.0,1.0198598902344398,0.0,1.758445581001281,0.8969625332375364,0.20582539596402777,0.48416660518822024,0.0,0.8500825506222489
Slpi_mm,0.0,0.04504117673324882,0.0,0.7039734863453111,0.24378183318446378,0.0,0.5889020589888427,0.23831683980537577,0.0,0.02412892914032532,0.0,0.0,0.0,0.7449533026886429,0.0
Sltm_mm,1.2088562029821919,0.18064665652328174,0.46583879680135853,0.2783597820439579,0.264449979047837,0.433737440938458,0.02217668799055098,0.2809359948904224,0.2094845217073312,2.1681703201963303,2.1669600021041684,0.2139979538815949,1.798942628094061,0.0,0.872067508438297
Slx4_mm,0.0,0.01579746337178175,0.0596352088925125,0.502314765979635,0.006373792180190935,0.0,0.0,0.009843288764698574,0.10180613511458268,0.28753650016924387,0.4592790000964293,0.10627503682192915,0.12364786218200571,0.0,0.15467188539465718
Smad3_mm,0.0,0.0,0.0,0.1955315913432452,0.12397195711634802,0.0,0.0013141248725239676,0.11717454048577465,0.059500565960386456,0.12217346759748515,0.0,0.04340267786769683,0.0,0.08151221569118794,0.0
Smarca4_mm,0.0,0.16054639132077453,0.15157544183634794,2.7903242885787,0.0,1.0626522521444206,0.0,0.1595523344200866,0.0,0.2837520021500431,3.00767785121198,0.0,2.0558457751929144,0.09037645824988051,1.815246366869788
Smarcc2_mm,0.0,0.0,0.03930730067069084,0.48649653584836006,0.28878731284361836,0.06958454403671561,0.043610345453110044,0.0,0.3162366158044538,0.4924063813980303,0.7086504141220883,0.017381966007512285,0.25753819482495693,0.0,0.75496736249273
Smg9_mm,0.1333726007999404,0.0,0.0,0.1431958994526087,0.1528583845092635,0.0,0.0,0.0577725075037441,0.0,0.15238735368615916,0.5667160748006213,0.0,0.04013612450956594,0.01424744062106685,0.034957296343589496
Smgc_mm,0.0,5.605312939851226e-05,0.0,0.0,0.0,0.0002758737935749645,0.0,0.0003668350274246311,0.0,0.001101686776176133,0.0,0.0,0.0,0.0,0.0
Smim10l2a_mm,0.0,0.0,9.245634589609133e-06,0.0,0.0,0.0,0.0,0.0,0.0,0.0,0.0,0.0,0.0,0.0002721850772550235,0.0
Smim14_mm,0.1258151038366602,0.0,0.12595047610394192,0.4233017352163568,0.30601931849526953,0.0,0.008486636653921496,0.38193265264511767,0.0,0.1499820281973423,0.0,0.0,0.0,0.46859754875868076,0.0
Smndc1_mm,0.060893166194926296,0.0,0.0,0.08043275459586775,0.10234318842528364,0.11988915262924166,0.15140815217579465,0.10320594345200305,0.04297632663343015,0.6184608496262807,0.742352434414545,0.06660886247206416,0.022623207975179308,0.016177333284164166,0.03989049690432665
Smpd2_mm,0.0,0.0,0.0037364788477157076,0.012470993467339486,0.0,2.411678208383284e-05,0.0,0.00010515119751322596,0.0,0.007436875042508693,0.0,0.0,0.0,0.006695881703114339,0.0
Smpdl3a_mm,0.0,0.0,0.00015354664605448935,0.0,0.0005284713996361637,4.6658356155682386e-05,0.0,0.0,0.0,0.0009416620095104392,0.0,0.0,0.0,0.0008445501546590635,0.0
Smtn_mm,0.14968599490417775,0.0,0.0,0.4985986561008021,0.03999066337020709,0.03724503316084014,0.008430139653740794,0.0,0.2345188897924811,0.049734420312822526,0.5986716874622882,0.0,0.0,0.07842230902081092,0.6494610288272672
Sncaip_mm,0.0,0.0,0.0,4.300537513423553e-05,6.702671749243983e-05,0.0,4.5292039577254335e-05,0.0,0.00032206104172080477,0.00010366158430297705,0.0,0.0,0.0,0.0,0.0
Sncg_mm,0.0,0.0,0.00368031937987365,0.00040167452406736977,0.0,0.0,0.0,0.004559250496450997,0.0,0.0016797196586822009,0.0,0.0,0.0,0.0015903941801299446,0.0
Snhg12_mm,0.3911454665801161,0.0,0.11118308382751393,0.0460818445610418,1.3211026994661257,0.15340218359016283,1.1430928413358037,0.0,0.0,0.6200555720138472,0.4947820525585817,0.0,0.0,0.20112217960550396,0.0
Snhg14_mm,0.0,0.7383493530252402,8.30312522083876,0.20903363539932154,0.3400137838259104,0.10240851147925265,0.4884503326457197,0.0,0.20198155899473627,0.12972347047930455,0.0,0.07437115940919249,0.7683508705763092,1.5133127554328816,0.6279421789965577
Snhg17_mm,0.265306637893315,0.0,0.017207860981065567,0.13563764791010086,0.1659190513916878,0.01290732704201311,0.0,0.0,0.014930909027354625,0.39178610091563165,0.36313261386797263,0.0,0.004298072636148856,0.1589037772871683,0.09096134947816568
Snhg1_mm,0.4562346590666292,0.0,0.0,0.0,0.4696281908345125,0.13172991156172276,1.677262609078919,0.0,0.04400569716684002,0.645074111421642,0.6854547843350333,0.11748022474041674,0.09271391999098808,0.16029798561891467,0.0
Snhg20_mm,0.18563592692396105,0.0,0.0,0.22303509699882665,0.190757777758129,0.011123625552871044,0.0,0.05801014759316928,0.0,0.17598553575411446,0.06713498596732884,0.0,0.001107310359864455,0.05794643926577925,0.0
Snhg5_mm,0.366849754253577,0.0,0.0,0.0,0.8258909683022612,0.08755120360267363,0.0821302996078296,0.0,0.0,0.5047017358630164,0.5962855829849447,0.0,0.25497056241847804,0.41873662839428294,0.7859236681248004
Snhg8_mm,0.0,0.0,0.0,0.0,0.20261977633924136,0.0,0.39630491628163955,0.0,0.21487883306391842,0.2249180193229116,0.03931360422846539,0.05457042018092331,0.13885953956476585,0.0,0.0
Snora15_mm,0.0,0.0,0.00020887175065192022,9.72360951597981e-05,0.0,0.0,0.0,0.0,0.0,0.0001567550772584269,0.00021485864963077567,1.474483636634259e-05,0.0005660033679336077,0.0,0.001978580381617536
Snord15a_mm,0.0,0.0,4.372106277631106e-05,0.0,0.0,0.0,0.0,0.0002360029712295253,0.0,0.0006788010287827186,0.0,0.0015356090260761376,0.0009287482799323748,0.0,0.0
Snord35a_mm,0.00042124820999045107,0.0,0.0,0.0,0.0,0.0,0.0,0.00017620580963491098,0.0,0.0018198621238982875,0.006766918075545308,0.0009351317562320408,0.001168755494986748,0.0013054341191728039,0.0
Snord49a_mm,0.0,0.0,0.0,0.0,0.0,0.00010916964594382943,0.0,0.00014116184685706475,0.00024944745679512763,0.0,0.00011348861512409911,0.0,0.0,0.0006186330008335187,0.0
Snord53_mm,4.838223240174029e-05,0.0,0.0,0.0,0.0,0.00014473496455521702,0.0,0.0,0.0,0.00032087397247101046,0.0,0.0,0.0,0.0,3.700928671377281e-05
Snord68_mm,0.0,0.0,0.0,0.0,0.0,0.0,0.0,0.0,0.0,0.0,0.0019800511454456265,0.0010088180797455935,0.0,0.0,0.0006015262129117477
Snrk_mm,0.16204939265198778,0.0,0.02595390115729424,0.5999695563577726,0.2472323728641812,0.0,0.0,0.14668241922413877,0.0,0.2620741067758933,0.08478791617789824,0.0,0.009272040492663673,0.012999220721348927,0.033980995677234865
Snrnp27_mm,0.5399279071889993,0.0,0.0,0.0,0.3756107699927361,0.0,0.40793526464897345,0.5368164763745387,1.646573313923952,0.1463137931974315,1.454772945082384,0.2668240723744562,0.11177649298095055,0.6585652003700522,0.0
Snrnp48_mm,0.31791548102104644,0.0,0.0,0.0,0.26467968795897245,0.057643959644413545,0.19091370627062235,0.5320402129633686,0.047724688228799564,1.2639160776641278,1.1098611620475225,0.23978687144774755,0.2747632781697277,0.03749617948848756,0.4493364230407207
Snrnp70_mm,0.0,0.0,0.1243217160051255,0.16694288204427887,0.2411691911716984,0.0,0.0,0.7441448297059398,0.9856722878986548,0.6197087136804809,3.4160021297912206,0.9381495150549769,2.053230857884491,0.0,0.0
Sntb1_mm,4.326915476285406e-05,0.0,0.0,9.604476703716256e-05,0.0,8.868736749402517e-05,0.0003280166866359708,0.0,0.0,0.0,0.0,0.0,0.0,7.58960696800041e-05,0.0001890364199650393
Sntn_mm,0.0,9.16418929179462e-05,0.0,0.0,0.0,0.0,0.0,0.0,0.0,0.0,0.0,0.00010868589264615764,1.1847841017828813e-05,0.000297127491624538,2.7880178700735918e-05
Snx27_mm,0.84645815722219,0.0,0.0,0.3718242122772381,0.7078822185018613,0.1630898511334623,0.0,0.3167218934949754,0.2995154780809636,0.9123055583004783,0.0,0.04602825777852087,0.019552532411720412,0.010362840705022856,0.2270741223760479
Snx29_mm,0.2057561832055127,0.0,0.0,0.6962271888939571,0.21280714851747384,0.0,0.0,0.3237036485407715,0.0,0.34261904188227826,0.0,0.07691325993702822,0.1095451349118542,0.0,0.0
Snx8_mm,0.21526702748672707,0.0,0.0,0.5419200453983812,0.2742069537400656,0.0,0.0,0.3742347554786179,0.0,0.2305380041548587,0.6527511334573406,0.0,0.05997365744948409,0.0495873366542228,0.0
Soat2_mm,0.012952610026096642,0.0,0.010774443847010104,0.0,0.10336897005481459,0.0,0.0,0.0,0.1288580057040207,0.09812890563863684,0.0,0.0,0.02495147734228156,0.015206523432656287,0.0
Sod1_mm,1.8168967848771487,0.19515789621930948,0.35481273099358307,1.9148221845149331,0.8666577666562576,1.614983661938662,3.0042056677002997,0.7848793185892156,0.0,0.0,2.1358834741803774,0.3764950046963942,0.5476405493683209,0.0,0.6037131130387599
Sohlh2_mm,0.0,0.0,0.0014125538235822777,0.0,0.00020474699187139872,0.0,0.0,0.00021790324151203626,0.0,0.0,0.0,0.0,0.0,0.0,0.0
Sorbs1_mm,0.004834160662946221,0.021515248289469137,0.017724018015565127,0.09458624166751381,0.0,0.0,0.0,0.021963214979676897,0.06613770727579173,0.17003921250794937,0.012996379383653712,0.008563157277045173,0.0,0.005653916066323731,0.0
Sorcs2_mm,0.41819239798362867,0.0,0.0,0.7420774856348008,0.20282280061540148,0.015482135591544195,0.020645451958515127,0.0,0.34040778367116153,0.0,0.1021760785251701,0.04371700269401381,0.0,0.20428341556724255,0.30042781536472873
Sorcs3_mm,0.0,0.0,0.002387141357389764,0.0,0.0,0.0,0.0,0.0024570629740927018,0.0,0.00823026262572033,0.0,0.0,0.0,0.0,0.0
Sord_mm,0.10906465604790372,0.0,0.0,0.34072339920399203,0.305808704872752,0.09560900342737932,0.08150442465781968,0.17325159420125993,0.13594934151641336,0.4703263964668571,0.5145804853254339,0.11251206247226306,0.0,0.07738497138488698,0.1001875460888919
Sorl1_mm,0.0,0.0004904968714230416,0.0009783470202964818,0.013694182894640854,0.0,0.0013791933050360228,0.0,0.0010945387570327225,0.0,0.0016844062129126878,0.0,0.0006589795759608248,0.0013513894961835018,0.002199867947162175,0.0024122222185353425
Sostdc1_mm,0.0,9.874407153567302e-05,1.8028673968307613e-05,0.0,1.3494188110419451e-05,0.0,0.0,0.0,0.0,0.0,0.0,0.0,0.0,0.00024060738005319174,0.0
Sowaha_mm,0.0,0.0,0.0,5.038903166662464e-05,0.00020051475204036165,0.0,0.00032078829972076,0.00036886318712495955,0.0,0.0,0.0,0.0,0.0,0.0,0.0
Sox12_mm,0.0,0.0,0.0,8.319592816179505e-05,0.0,0.0,0.00018456093031283017,1.254737552552322e-05,0.0,0.000639875929959102,0.0,0.0,0.0,0.0,0.0
Sox17_mm,0.0,0.0,2.575102440183731e-05,6.631308386348434e-05,1.533058502648565e-06,0.0,0.0,2.3438875255000243e-05,0.0,0.00011254832124786467,0.0,0.0,0.0,0.0,0.0
Sox1_mm,0.0,0.0,0.0,0.0,0.0,0.0,0.0,0.0,0.0001445631986468755,0.0,0.0,0.0,0.0,0.0004804391236655298,0.0
Sox4_mm,0.0,0.0,0.0677611766912065,0.00691474692365354,0.0,0.0,0.0,0.0,0.0,0.018398355779111118,0.013261700173922055,0.0,0.0,0.0,0.0
Sox5_mm,0.00028103912678869935,0.0,0.0,0.0012329954235641674,0.0,0.0,0.0,6.94568804660913e-05,0.0,0.004000863127914604,0.0,0.0,0.00037973899389823505,0.00010358685480892753,0.0007343827772679101
Sox8_mm,0.0,0.0,0.0,0.0,0.025184700333339215,0.0,0.0,0.000871440573588337,0.0,0.016714180563203396,0.0,0.0,0.0,0.0,0.0
Sp110_mm,0.0372790492491357,0.0,0.01945076280856003,0.48803876063255514,0.13831446109147486,0.0,0.0,0.0005374589726558818,0.0,0.3469868610589766,0.0181550997024965,0.021638209833428405,0.08133177866698493,0.053755703158882465,0.0
Sp140_mm,0.0,0.0,0.1168424420088257,0.42653881867863697,0.3391364498995161,0.0,0.0,0.2554398410624421,0.0,0.4600210246996131,0.0,0.0,0.0,0.07737435994880217,0.0
Spag17os_mm,0.0,0.0,0.0,0.00017890008129007397,0.0,0.0,0.0,0.0,0.0,0.0,6.220190490969242e-05,0.0,0.0,0.0,0.0
Spag9_mm,0.0,0.0,0.0,0.5311694087294399,0.22993188725863625,0.0,0.041898813434623566,0.6313757885183552,0.14687442335303974,1.0269850345360658,0.7163771314247036,0.5777754386008421,0.4523239435261974,0.0,0.0
Sparc_mm,1.7223940319038835,0.1820886456927932,0.0,2.1149506258030706,0.07929933273876617,0.06411219123391292,0.0,0.32878264052815886,0.10005697736163138,0.0,0.0,0.08251863698857231,0.0,0.49873248027532247,0.0
Spata1_mm,0.028898966194650343,0.0,0.13972662326193078,0.004336364954078498,0.0,0.0,0.04257375016752491,0.07040779810552172,0.2612265771545326,0.46544556368209894,0.0,0.0,0.17923648679508153,0.00034889284568692886,0.0
Spata21_mm,0.0,0.0,0.0,0.0,0.0,0.0,0.0,0.0,0.0,0.00011573922213734277,0.00022732989787850393,0.0,0.00012068693238750637,0.0,0.0013655668095288126
Spata2l_mm,0.0,0.0,0.0009665647548382581,0.0,0.0,0.0,0.001162202838400248,0.003420507505914179,0.01004196903653998,0.006744712405362603,0.0,0.000884712021519454,0.0011420219587294131,0.0,0.0
Spata31d1b_mm,0.0,4.4275204862915245e-05,0.0003714479256490365,0.00015300781387461766,0.0,0.0,0.0,2.411629708477236e-06,0.0,0.0,0.0,7.246364792890875e-05,0.0,0.0,0.0
Spata32_mm,0.0,0.0,0.0003834840554186852,0.0,0.0,0.0,0.0,0.0,0.0,0.0,0.0,0.0,4.971140795562769e-05,0.001124652994929168,0.0
Spata4_mm,1.454079605313769e-05,0.0,0.0,0.00014535056459253316,0.0,0.0,0.0,0.0,0.0,0.0,0.0,0.0,0.0,0.0,0.0
Spdef_mm,0.0,0.0,0.0006857507204329496,0.002281813151322526,0.0003140284339955029,0.0,0.0,0.0,0.0,0.0018387637666247307,0.0,0.0,0.0,0.001752990621348761,0.0
Speer4cos_mm,0.0,0.0,0.0,0.0,0.0,0.0,0.0,0.0,0.0,0.0,0.0,0.0,0.0,0.0006257148697478919,0.0
Speer4d_mm,0.0,0.0,0.00014114623734488065,0.0002209547117140855,0.0,0.0,0.0,0.0,0.0,0.00010898018205991475,0.0,0.0,0.0,0.0,0.0
Spef1_mm,0.0,0.0,0.0,0.0,0.003980614568201118,0.0022784066894375424,0.0004899318842908142,0.0,0.0011716861402520404,0.016279550288414577,0.0,0.0,0.001978506369860769,0.012626972436161637,0.006320291053296589
Spef2_mm,0.023536742210426502,0.0,0.0,0.10976391712045135,0.16428592593140784,0.0,0.05339592937251987,0.0,0.032849453734807695,0.2875007014697088,0.0819824820539126,0.0,0.03580650448165388,0.02873092130391714,0.25329813059316325
Spem2_mm,0.0,0.0,0.0,0.0,0.0,0.0,0.0,0.0,0.0,0.00022745074899574035,0.0,0.0,0.0,0.0,0.0
Spen_mm,0.005141753049885317,0.1230918281361608,0.02481826334693619,1.2405745818766334,0.20970618728652118,0.49404915656264586,0.0,0.2711895227666415,0.010844264035655775,1.454056198644591,1.3780213512884183,0.12254242963420287,0.05755465618462063,0.0,0.07320117911953823
Spesp1_mm,0.0,0.00023058838568285918,2.795904404626797e-05,0.0010068498626307227,0.0,0.0,0.0,0.0,0.0,0.00013444805509641233,0.0,0.0,0.0,0.00030188782575454165,0.0
Spib_mm,0.0,0.0,0.007849441495281257,0.02818690678051085,0.0,0.0,0.0,0.0,0.0031620401425562755,0.016759209886492252,0.0,0.0,0.0,0.011291390586626695,0.0
Spink5_mm,0.0,0.0004877215118345828,0.000517436898907644,0.0,0.0,0.0,0.0,0.0005334514088420517,0.00023392985127244667,0.001034509364892521,0.0,0.0,0.0,0.0,0.0
Spink8_mm,0.046696911535250664,0.0,0.0,0.08339473554408454,0.0,0.0,0.05532396647416101,0.016340431243543074,0.0,0.0,0.0,0.0,0.0,0.036397930657629265,0.0
Spns1_mm,0.3788628046306427,0.004148675199111188,0.042332945682823565,0.31767941527415466,0.47553275988739724,0.0,0.0,0.5339592129080419,0.0,0.2986986048786061,0.6777665300487566,0.0,0.00611471040876562,0.11134363143090902,0.0
Spopfm1_mm,0.0,0.0007391249965519029,0.0007916205650919587,0.0,0.0,0.0,0.00026685804590164205,0.0,0.0,0.000847604959175419,0.0,0.0,0.0,0.0009267977025924122,0.0
Spopfm2_mm,0.0,0.003910990954649669,0.0026416132137645557,0.0,0.0,0.0,0.0,0.0,0.0,0.0037207158617202155,0.0,0.0007805471085945177,0.0,0.0,0.0
Spopfm3_mm,0.0,0.0030590334611229186,0.0019421132938404972,0.0,0.0,0.0,0.0,0.0,0.0,0.0013014490772598598,0.0,0.0013952626858358018,0.0,0.00037026550044665205,0.0
Spp1_mm,0.0,0.0,0.0,0.0,0.0,0.0,0.0,4.827489375348055,0.0,0.0,0.0,0.0,0.0,0.2513371468896024,0.0
Spp2_mm,0.0,0.0,1.2759039553643693e-05,0.0,0.0,0.0,0.0,0.0,0.0,0.00032423827959698626,0.0,0.0,0.0,0.0,0.00014993153272702055
Sppl2b_mm,0.4563783581117794,0.0,0.0,0.2168060611764925,0.0,0.0,0.06220935517343673,0.030582349265608544,0.016199810504538992,0.0,0.2768974943267502,0.0,0.0,0.0010813280963698475,0.0
Sprr1a_mm,0.0,0.0,0.0,0.0,0.0,0.0,0.0,0.08467857206483843,0.0,0.0,0.0,0.0,0.0,0.0,0.0
Sprr1b_mm,0.0,0.0,4.951299731058233e-05,0.0,0.0,0.0,0.0,0.0008555012286107539,0.0,0.0,0.0,0.0,0.0,0.0,0.0
Sprr2e_mm,0.0,9.772644686038954e-05,4.397725723448917e-05,0.0,0.0,0.0,0.0,0.0,0.0,0.00011907074750593163,0.0,0.0,0.0,0.00039617433005869045,0.0
Sprr2k_mm,0.0,0.0,0.00015119322893693404,0.0,0.0,0.0,0.0,0.0007180861859353391,0.0,0.0002855263255996693,0.0,0.0,0.0,0.0,0.0
Spsb1_mm,0.0,0.0,0.0,0.23250400052933398,0.06452886910896072,0.0,8.188251179098088e-05,0.08101707419834295,0.0,0.08574027376673424,0.04976717813708651,0.057267189952666164,0.0,0.0,0.0
Spsb4_mm,0.004423646162863654,0.0,0.009886784042809654,0.1335196454140162,0.0,0.007471041180223969,0.0,0.020959145193332442,0.0,0.045979097155804796,0.0,0.0,0.0,0.023322352128465892,0.052306432371946605
Spta1_mm,0.11602100814794561,0.0,0.0,0.034986647182351324,0.02944052599525742,0.0,0.0,0.0,0.0,0.02651625269591882,0.07078914029116333,0.013751727477642932,0.0,0.0,0.0
Sptbn1_mm,0.0,0.3761500703535482,0.0,2.416841044679282,0.004855054392510801,0.01275903307898744,0.0,0.6863450194525014,0.0,0.27270911004602516,0.2357848633833248,0.4897112660492945,0.4752774268676031,0.0,0.0
Sptbn4_mm,0.0,0.0,0.0,0.08057854168846958,0.10015620594670252,0.0,0.0,0.011508892278478169,0.0,0.09971770536649409,0.19408866045248369,0.0,0.2443013999951094,0.0,0.0
Sptbn5_mm,0.0,0.0,0.0,0.00019767005703871278,0.0008641370645189552,0.0,0.0,0.0018345666646086322,0.0,0.0057756488688532216,0.0,0.0,0.0,3.517465713285218e-05,0.0
Spz1_mm,0.0,0.000771725519585805,0.00042835263767621035,0.0,0.0,0.0,0.0,0.0,0.0,0.0010144895629220843,0.0,0.0,0.0,0.0012752309807062,0.0
Sqstm1_mm,0.3704294575886059,0.30030738051187356,0.1148483139502717,0.9779328110870307,1.3363503832892596,0.152405529967341,0.28091076660832304,2.0437112776908495,0.0,0.5187884390736496,0.7089692219599845,0.0,0.0,0.1920967884347712,0.0
Srd5a2_mm,0.0,0.0,0.0,0.0,0.0,0.0,0.0,0.0004162528297380925,0.0,5.0481517669376685e-05,0.0,2.9238334810255174e-05,0.0002841586701368712,0.0004033753816533515,0.0
Srek1_mm,0.533552419758003,0.0,0.0,0.055155821730711624,0.04647720542559501,0.20686459455138018,0.0,0.05859158115869938,0.09746497107091354,2.1312729880323973,1.8098659151770466,0.02532570007873614,1.838314432266823,0.055736405230849294,0.8810830182520631
Srek1ip1_mm,0.7071301195917418,0.0,0.0,0.6784485335696638,0.34615921542209405,0.21431667685740283,0.17452367751185038,0.06821338282509538,0.0,0.9420525871429777,0.8649383587195998,0.0,0.13021251952483417,0.14761484637249445,0.3298990386952164
Srp72_mm,1.0573116057133758,0.16103049730678123,0.22793434856109987,1.236435880090296,0.6199138652483217,0.8142086634868779,0.0,0.3805790605642312,1.569167949623741,1.1108885836863756,1.5328078273920092,0.18064664080877388,0.0,0.7499716412271772,0.0
Srpr_mm,0.9150680159280933,0.09978936855131217,0.40515204773341057,0.8079872368423815,0.9097527701272043,0.3168502793993893,0.3370212922814875,0.7770734339750526,0.20910203680249115,0.39146006662766913,1.1424036586378477,0.0,0.0,0.15760472992992136,0.0
Srpx_mm,0.0,0.00013369196361189857,0.00097719575534615,0.0015454563319389264,0.0,0.0,0.0,0.0,0.0,0.0,0.0,0.0,0.0,0.0,0.0
Srrm2_mm,2.1790927375353535,1.3281201960600464,0.1238455332443117,1.4037478205594824,1.28733449342104,2.172345455617064,0.0,1.154952462068358,1.144074493480366,2.0918562526299036,2.1517396028037052,1.0296181642313202,1.6144005409513342,0.4503707449530636,0.8468462132174468
Srsf11_mm,0.8962706847422512,0.0,0.044193035391303176,0.7400418729637537,0.25256358877980245,1.2572092606049075,0.0,0.5085666709424399,0.46924599305948317,2.43064459644126,2.615068092292234,0.3567782381651977,2.26292052797232,0.3575667912336918,0.0
Ssbp2_mm,0.7184131300895026,0.0,0.0,0.521114713124354,0.05190452332259497,0.0,0.0,0.1649392243544258,0.6457950645183765,1.0279075567876303,0.0,0.11429003649373301,0.0,0.54419070489896,0.2564241917731261
Ssh2_mm,1.2119482431193342,0.0,0.0,2.4432543628931147,0.6761647228437856,1.0204078510629444,0.3341939730149078,0.07593964411939158,1.0225065978738967,1.4810218294164947,0.0,0.5459114828870217,0.4313040907975318,0.14569503910516665,0.0
Ssrp1_mm,1.2555217123066267,0.2992650280619461,0.0,0.7703319919321924,1.0379465829211139,0.9347592652845489,0.0,0.0,0.0,0.750529185424629,2.951639471749801,0.0,2.1097814436519826,0.6401892478528358,3.05770328829413
Sstr5_mm,0.0,0.0,0.0,0.0,0.05464421657776246,0.0,0.0,0.06003821356925942,0.0,0.007654537828633179,0.0,0.0,0.0,0.0,0.0
St3gal5_mm,0.4679127366258692,0.009776867411280922,0.1913649370561383,0.9452590434864035,0.9005545941592504,0.12334744040944073,0.012971056105042988,0.4826416416072629,0.48883940078158655,0.25630350008601527,0.6001735522797624,0.09349744096872926,0.33443555666741825,0.0,0.0
St6gal1_mm,0.40995120660785306,0.0,0.1036631768578227,0.4656963333430815,0.16578327801902032,0.0,0.0029771787834251447,0.026775875887656255,0.06821487888198677,0.19774534153439757,0.0,0.0,0.0,0.05155536883575941,0.0
St6galnac3_mm,0.33825831773836995,0.0,0.0,0.2995155939508263,0.19454793433731266,0.0,0.0,0.039953606955869636,0.0,0.03930307933372454,0.0,0.0,0.0,0.08685385122327473,0.0
St7l_mm,0.11164314229281648,0.0,0.06002669681882318,0.14997908024601303,0.18003183434228093,0.0,0.0,0.12418360108573465,0.05009413848846898,0.15977436689005958,0.0,0.0,0.0,0.07409339328680317,0.0
Stab2_mm,0.0,0.015864776493222005,0.05644455690889252,0.19295287130066857,0.09587570076317595,0.0,0.0,0.06765429124827577,0.0011844050480719365,0.26179440698773027,0.0,0.015527511358348126,0.0,0.0,0.0
Stac2_mm,0.0,0.0,0.00045610464751237324,0.0030599209394567774,0.0018893642256676533,0.0,0.0,0.0012757125693432295,0.0,0.0032122890491568926,0.0,0.0,0.0,0.0030554311338839174,0.0
Stag3_mm,0.0,0.0,0.0055921911661790955,0.0005472713880369708,0.0,0.0,0.0,0.0,0.0,0.002257854785689136,0.0,0.0,0.0,0.0,0.0
Stambp_mm,0.33266966072153425,0.0,0.0,0.5569632621417487,0.20046803841054509,0.02798558750649936,0.23512455216282646,0.13406373513765885,0.29538991852635915,0.22529445936110504,0.22167994095897117,0.0,0.0,0.010352667150659403,0.0
Stard13_mm,0.0,0.0,0.0013130313069631492,0.0,0.0001900076248373191,0.0,0.0,0.00019710321648846828,0.0,0.0015027764929659835,0.0,0.0,0.0,0.0,0.0
Stard6_mm,0.0,0.0,0.0,0.007453764023792634,0.048344264861181555,0.0,0.0,0.008308028584933663,0.0,0.029321554841688496,0.0,0.0,0.0,0.011708869192020025,0.0
Stat2_mm,0.0,0.0,0.11439244452862926,1.005051967900839,0.2543598179762419,0.15922251578246258,0.17097150477766504,0.024226564160510913,0.066828778232242,0.9023809250865394,0.0,0.0,0.00018779517091784925,0.013536840484594862,0.17258815333431313
Stat4_mm,0.0,0.0,0.0,0.10040537932329585,0.019954645018568102,0.0,0.04700704901157467,0.05390751368215742,0.0027803773729896146,0.0,0.0,0.03495650370021563,0.0,0.0,0.0
Stat6_mm,0.21211874640573442,0.0,0.0,0.37479204146696127,0.2294105714232084,0.11219782230161458,0.04738135806042743,0.0,0.31882611962222435,0.45704465635673164,0.33194948491280163,0.0,0.0,0.02904002871553984,0.0
Steap4_mm,0.0,0.0,0.0024442195608124183,0.002666145643943761,0.0,0.0,0.0,0.0,0.003014230200471086,0.001629430980505454,0.0,0.0003242742240459607,0.0,0.0,0.0
Stim1_mm,0.3718600603120204,0.08190235133497856,0.037068392197497815,1.516247008544049,0.4987816937810644,0.27485583320652573,0.08501596852047559,0.20421096031412458,0.23945454928754314,0.5328238180532889,0.9058827185143671,0.09098185345824689,0.20813401441835402,0.0,0.3120696970670557
Stk26_mm,0.0,0.0,0.0,0.0,0.0017840852974042181,0.0010898396893885632,0.0,0.0,0.0038605182586536986,0.010826021185918787,0.0014063272587239157,0.0,0.0,0.0,0.0
Stk38_mm,0.13417188224049223,0.11804519163590205,0.08618262153466794,1.1459023801298438,0.5619804008936005,0.05195416460847854,0.34987424715414156,1.1744245867561494,0.3218918790894564,0.5636237717220353,0.807100983716449,0.31588745994651124,0.2502469751351066,0.0,0.18687509798976995
Stk40_mm,0.012943638086058194,0.0,0.039573953229151033,0.26035273061479874,0.467656192128572,0.06697393908950569,0.21103417378842124,0.19281589275275426,0.0,0.28681544745689674,0.6486878722695444,0.16554496602001093,0.07010222346204832,0.0,0.0
Stmn4_mm,0.0,0.0,0.000611421123255494,0.0,0.0,0.0,0.0,0.011902501561705853,0.0,0.006841039449105704,0.0,0.0,0.000287521845581668,0.0,0.0
Stoml1_mm,0.0,0.0,0.0005639025346174334,0.2953278335774789,0.12992808559676747,0.0,0.0,0.05056333482011192,0.0,0.03846150849684658,0.0,0.0,0.0,0.017787490755289143,0.0
Stpg4_mm,0.0,0.0,0.0,0.001171589746421227,0.0,0.0,0.0,0.0,0.000938378622231415,0.0035690835126623347,0.00011340285981271394,0.0,0.0,0.0,0.0
Stradb_mm,0.07737500544104252,0.0,0.0,0.24260721897277365,0.16062681294488707,0.0,0.0,0.24772231757965094,0.12327087319811578,0.02913085901797935,0.0068079760594774875,0.028227071271504686,0.0,0.02554108063462274,0.0
Strbp_mm,0.4151414707405023,0.0,0.0,0.8865590174700643,0.5792925916472129,0.270255102386429,0.39489482874081233,0.0897162369335049,1.1086541881799576,0.9094463507797819,0.6807564747466215,0.6329884087416747,0.36430489533040894,0.10030507338281727,0.7588625946021388
Stub1_mm,0.9802062494181154,0.051396165023967974,0.25429864208094666,1.6064901316318505,0.5493284978184798,0.34599830136548204,0.043696580210055874,0.42404907741931797,0.05054228924462912,0.020976693397603288,1.2614534157367747,0.0,0.0,0.5276387719342295,0.08085050739437855
Stx16_mm,0.5551900243280062,0.0,0.04531127015549058,0.32023542343066547,0.45920055757606165,0.0,0.0,0.14709503766638793,0.0,0.445267296365342,0.03031164421125473,0.0,0.029489725335060363,0.03701344171701532,0.0020655503654907837
Stx4a_mm,0.35644032548121674,0.0,0.06417768449521584,0.524726042682255,0.39174045000397456,0.0,0.0,0.10362223056100286,0.0,0.4559143491755214,0.3332993513475269,0.0,0.17811645387782182,0.15537932953368133,0.01176923431714418
Stx5a_mm,0.1703349994177021,0.0,0.0638432007849641,0.3902291491667955,0.20243243118761278,0.015069500499248056,0.0,0.20072812115861727,0.0,0.42671642180887354,0.03314611757965108,0.0,0.0,0.16332619715778446,0.0
Stxbp1_mm,0.13453268775408317,0.0,0.0,0.5283588160042714,0.15964702632989056,0.0,0.0008890604410035228,0.18096911195852702,0.09180288141142547,0.1686955754806504,0.2684929191959394,0.18080318476657564,0.01163844124577452,0.025833983493026125,0.020843220210012357
Stxbp2_mm,0.08063891968699351,0.0,0.043168372983698515,0.6566435289131711,0.43808459856601173,0.0,0.0,0.3664927375590874,0.5137447595238129,0.1602572254429002,0.31927063217128215,0.0,0.11191292724243546,0.24559442543173307,0.0
Stxbp4_mm,0.10755545799378184,0.0,0.0,0.09074775984401774,0.09116671309021895,0.0,0.0,0.041803778972832044,0.14143480216958085,0.3157167283588553,0.06795998607095496,0.0,0.10180791672282058,0.0,0.03854293880308531
Sugp1_mm,0.2969027983470418,0.0,0.007466407160497395,0.5301712548568194,0.133595592455705,0.0,0.007601470992053306,0.1712923725102746,0.18065870988917046,0.25501302853373436,0.22241503457345516,0.0,0.0,0.10849926681132831,0.0
Sult1c2_mm,0.0,0.0,0.00020047250392945317,0.0,1.2622950785520982e-05,0.0,0.0,0.00019729025503373895,0.0,8.361649478807022e-05,0.0,0.0,0.0,0.0,0.0
Sult1d1_mm,0.0,0.0,8.591878117584528e-05,0.0,9.723394039934467e-05,0.0,0.0,0.0,0.0,0.0007456070983274792,9.784061574425625e-05,0.0002985492667622569,0.0002268845428041303,0.0,0.0
Sult2b1_mm,0.0,0.0005974907162348991,0.00040811591879061045,0.0,0.0,0.0,0.0,0.0,0.0,0.0006589800254582986,0.0,0.0,0.0,0.0009896899125113087,0.0
Sun2_mm,0.0,0.0,0.03794040060743539,0.18926493972228256,0.14905170989488667,0.0,0.0,0.06590232829019897,0.009279934361155066,0.2176606217870075,0.1604279513521563,0.01702606030304269,0.056085232798707786,0.0,0.1883185438847554
Supt3_mm,0.0625940283635861,0.0,0.0,0.23336755162978523,0.18478922245331655,0.0,0.06014160763901937,0.11592268324258406,0.17380827623368858,0.0,0.21593680715695196,0.04003502411940487,0.0,0.06913796395718282,0.0
Surf1_mm,0.2626718357399042,0.0,0.0,0.19811602759659677,0.25905309659165054,0.0,0.0,0.0853578269236229,0.18228467036066584,0.0058836102386247155,0.05518085476304405,0.0022102407509816784,0.0,0.4755825481282257,0.0
Susd1_mm,0.10500636238433254,0.0,0.0,0.2004097048701691,0.1320637755577068,0.0,0.00395686075672172,0.0,0.03779972829207275,0.08531502690091874,0.14600267627410535,0.11000741486530716,0.01736527282450831,0.03251432657147351,0.04383724863616701
Susd3_mm,0.4444591958044662,0.0,0.0,0.42445429991997985,0.2574678483878577,0.0,0.0,0.14502550112126636,0.0,0.0,0.0,0.0,0.0,0.3464272227192261,0.0
Svip_mm,0.0,0.0,0.0,0.0001198102659462429,0.0,0.0,0.0,0.0,0.0,0.0,2.689582228740534e-05,3.5351052773055126e-05,4.08130789883682e-05,0.0,0.0
Svs4_mm,0.0,0.0,0.0,0.00039243381214835543,0.0,0.0,0.0,0.0,0.0,0.00010942346244030008,0.0,0.0,0.0,0.0,0.0
Sycp2_mm,0.0,0.0,0.0003548654801986685,3.136701208767376e-05,0.0,0.0,0.0,0.0,0.0,9.81671024855551e-05,0.0,0.0,0.0,0.0,0.0
Syde1_mm,0.0,0.0,0.0,0.0,0.0016608409916480183,0.0005282364622766055,0.0,0.0015871959748314979,0.0037869348751244885,0.005560971160630881,0.0,0.0,0.0,0.00037332380619439065,0.0
Syf2_mm,0.0,0.0,0.15048264185976096,0.12288772908547325,0.304298067696137,0.0,0.13123414396572844,0.8304233815741486,0.6893853668031251,0.51194352496278,1.171963038000796,0.2354486700214784,0.4270231881415736,0.2077342833226551,0.0
Syk_mm,0.09602425674256267,0.0,0.04263908350392305,1.6304651301245205,0.06787236661822706,0.1775310217402314,0.014759794066589598,0.0,0.3531240491391781,0.6418205408280899,0.5116649001677647,0.2425403534007672,0.16583443804776554,0.10633852743881632,0.2977234634008097
Syne1_mm,0.0,0.038657038688031164,0.006955390437999944,0.8452678115781104,0.335436709726245,0.0,0.0,0.5199767474158993,0.0,0.48903259179127834,0.0,0.08792294145964692,0.23131678912965525,0.0,0.0
Syne2_mm,0.8297001657124827,0.43154650507933445,0.0,1.8647222861798578,0.2604360623364066,0.2885752963801006,0.0,0.005284738396511326,0.0,1.2341600831687498,1.3737662017028271,0.6740876885052246,0.7990275783085764,0.0,0.398161536481809
Synpo2_mm,0.0,0.0,0.00029312647293262915,8.267469230741513e-06,0.00011849585274534802,0.0,0.00021891957284786946,0.0,0.0,0.0014525047902763906,0.0,0.0,0.0,0.0,0.00045958528727396117
Synrg_mm,0.08010560666036758,0.0,0.029586358080218082,0.39722387708911505,0.1939751389385553,0.015038546974301577,0.01769079203952575,0.13612464718937078,0.3380755734565139,0.35482791918049694,0.21742992465975844,0.03476721369575886,0.06025553554424804,0.0,0.042659903593046014
Syt11_mm,0.0,0.0,0.04958226192796698,0.0,0.0,0.0,0.004503826611462296,0.01618847287136998,0.18978760769134834,0.2100388766452408,0.0,0.0,0.12825996437521162,0.01008626553834253,0.0
Syt16_mm,0.0,0.0,0.0001177169781293697,2.1402142248173875e-05,0.0,0.0,0.0,0.0,0.0,0.0021414101935837548,0.0,0.0,0.0,0.0,0.0
Syt4_mm,0.0,0.0,0.00021490897602173328,3.235936352952413e-05,0.0,0.0,0.0,0.00019967874730944147,0.000633587347633679,0.0001484958384223175,0.0,0.0,0.0,0.0,0.0
Sytl3_mm,0.0,0.0,0.003695204343118061,0.008210938091022529,0.0,0.0,0.0,0.0,0.001280877165557023,0.005204004137453364,0.0,0.0006892984292355955,0.0,0.0,0.0
Sytl4_mm,0.0,0.0,0.0008785086941498069,0.0010967817427981659,0.0,0.0,0.0,0.0,0.0,0.0004200703544422845,0.0,0.0,0.0,0.0,0.005138139884384987
Sytl5_mm,0.0,0.0,0.0,0.0,0.0,6.112036665992657e-05,0.0,0.00010273709522039952,0.0,0.000351386767467064,0.0,0.0,0.0,3.420741044327615e-05,0.0
Syvn1_mm,0.24576300889575162,0.0,0.0,0.17627489331974688,0.05554961350305862,0.0,0.0,0.01622302183550174,0.05755954437088967,0.24385016590101816,0.18818292069286896,0.05989100250014237,0.03994858406383076,0.0,0.04064134876557862
Tacr3_mm,0.0,7.123231071593425e-05,4.5794217914124295e-05,0.0,0.0,0.0,0.0,0.0,0.0,0.0009353479764466858,0.0,0.0,0.0,0.00025806329207406963,0.0
Taf15_mm,0.28276475697678644,0.2882343369518043,0.07232549811182713,0.0,1.110417990135646,0.0,0.0,0.17629243737149716,0.029347500624474533,0.35893039315345393,1.4401906142386156,0.11763923112002483,0.36203725210505555,0.18990500895705256,0.4002712466863691
Taf3_mm,0.28581882445328416,0.025760161575562726,0.03896249478137135,0.4615097084223479,0.17758773002752037,0.20934079370641265,0.0,0.1580939970513417,0.0,1.262930304000365,1.5715012489197764,0.0,0.7486938414953367,0.0,0.22635353019934795
Tafa3_mm,0.0,0.0001366604168224724,0.0005360275951817733,0.000724510464666043,0.0,0.0,0.0,0.0,0.0,0.002064141489476575,0.0,0.0,0.0,2.6095996044334814e-05,0.0
Tanc1_mm,0.3604127980763461,0.022908544444497213,0.0,0.8782539490494878,0.30457318770889275,0.0,0.0508351005251646,0.5244580694345401,0.3337618485769245,0.4690191657844456,0.28374772156382067,0.12152538014096828,0.1035784439314158,0.0,0.0
Tanc2_mm,0.0,0.02494586055086481,0.0254548540279301,0.0,0.0,0.0,0.0,0.2336406908508865,0.015333568955977978,0.18934165615669196,0.0,0.002068045945551526,0.0320456284723397,0.0,0.0
Taok3_mm,0.37351137651023364,0.4932018132017109,0.0,2.3682758363965246,0.6257864003899727,0.5548167931015642,0.0,0.37110422054489667,0.693142195550672,0.745120525991709,1.642239173587892,0.260596274397259,0.6947832821310725,0.0,0.0
Tap1_mm,0.6666871919095174,0.14686879006552872,0.11491018922232506,1.2210846507104303,0.8890666365437164,0.0,0.0,0.00715166078647255,0.11882102217121074,0.16406948890907258,0.020073727105017945,0.028573447840520808,0.0,0.23094657363865184,0.14224194136282425
Tap2_mm,0.0,0.0,0.0,0.2929181677549755,0.3117302154268491,0.0,0.0,0.0,0.0,0.14702963906796085,0.5887684146291177,0.19032127437166577,0.11775614786641189,0.0,0.0
Tapbpl_mm,0.0,0.0,0.34748653455341544,0.0,0.0,0.0,0.0,0.0,1.5688271534034124,0.0,0.0,0.0,0.5457672142683191,0.0,0.0
Tars2_mm,0.503987426233987,0.0010820416793861113,0.01385355736186168,0.5094088517266221,0.22820010782235192,0.0,0.0,0.0,0.0,0.3640137506740356,0.6013541479127801,0.06377537413404322,0.0,0.1063168322041349,0.3117701046828418
Tax1bp1_mm,0.03230272111705552,0.20042490053292725,0.0,1.6294263678974992,0.502443154821647,0.5217032816556617,0.770675127909143,1.5442005368469152,0.0,1.735773338104996,0.4910061913693546,0.6059902670791418,0.47122932923573263,0.38205874684642943,1.0700770294035442
Taz_mm,0.45224065558033266,0.0,0.0,0.5046957528265755,0.4174189049038949,0.0,0.0,0.1897315306171527,0.0,0.26280598947181616,0.0,0.0,0.022934202153613664,0.04008954112591022,0.009384895033754387
Tbc1d10c_mm,0.8371893902716917,0.0,0.0,0.8146618592353417,0.22124822550893805,0.0,0.0,0.0,0.03363365872082734,0.0,0.2528451165010209,0.0,0.014718384240680737,0.35783904600624344,0.0
Tbc1d12_mm,0.0,0.0002122696034867806,0.0,0.0,0.0,0.0,0.0,1.9684717272464175e-09,0.0,0.0011448289141354148,0.0,0.0,0.00028044655161082684,0.0,0.0
Tbc1d16_mm,0.4074043245883368,0.0,0.027555966558224624,0.23649282934192944,0.4841984678472173,0.0,0.0,0.0,0.0,0.26480092687665596,0.7304830107323964,0.08401384709038677,0.23558140602244598,0.030352898148171596,0.21621104183207124
Tbc1d17_mm,0.0,0.0,0.006728670249751932,0.5244671015013207,0.22084606164861278,0.0535623700772952,0.0,0.2777035303226677,0.0,0.6941277150594295,0.5518964959153317,0.0,0.0,0.12452577661746066,0.0
Tbc1d20_mm,0.6485576348936453,0.08709753636270638,0.051522539092041866,0.9424105706074668,0.4134931037277041,0.04889015912300803,0.01050190195806408,0.3344532965066657,0.0,0.4190836767253994,0.16407733843590272,0.0,0.0,0.03704406447960849,0.0
Tbc1d22bos_mm,0.00041322180247381035,0.000862923956238771,0.0,0.0012177033675982633,0.00017988159428407977,0.0,0.0,0.0008165675232409017,5.6152386139092984e-05,0.0,0.0,0.0,0.0,0.00018971207803662396,0.0012133980376126908
Tbc1d31_mm,0.493331234772343,0.0,0.0,0.2837168810280426,0.4296654786811484,0.0,0.016845484909985397,0.052608172782476766,0.12289198155322789,0.3091156723684476,0.18085835248964338,0.21245360864532134,0.12073001578585377,0.0,0.8454176531662227
Tbc1d9_mm,0.0,0.0,0.0,0.16068912157562368,0.058827490504112574,0.0,0.0,0.2988441424530951,0.0,0.14121150283926331,0.0,0.08942740316048091,0.0,0.0,0.0
Tbc1d9b_mm,0.046782981034907724,0.04881733256426682,0.05278526975725482,0.5427052263211015,0.16432375824864295,0.0,0.03949976047936637,0.11721817259584245,0.10177626903130746,0.09404833696083978,0.1676311922213817,0.03989922503381449,0.0,0.04870731531684893,0.011813976265309115
Tbcb_mm,0.15907446461833297,0.0,0.0,0.0,0.21671057376589578,0.0,0.026784581519422583,0.14197936321681562,0.08986090753487909,0.0,0.4237305445699262,0.010118844773536778,0.0,0.4101270262749731,0.0
Tbcd_mm,0.44776027623046233,0.0,0.0,0.640582529866062,0.3635269660707858,0.0,0.0,0.006565824541576432,0.0,0.12933352525838315,0.3914880025127588,0.0,0.0778986765392939,0.1472152081172052,0.09009465030751716
Tbck_mm,0.16080146262457978,0.0,0.0178773139320855,0.3226447377171968,0.25581423981366824,0.0,0.026448139562117993,0.11257158458617904,0.20500864922100082,0.29658567096705424,0.08698065520350604,0.047589422709793924,0.0049897962156849685,0.0,0.149843992417335
Tbl1x_mm,0.8553423337876085,0.0,0.0,0.9391166029365832,0.5410328219402389,0.3685552120958127,0.0,0.48812284018712027,1.1412562419517294,0.8529857310534595,0.8355731661504715,0.2553662833227822,0.0,0.18534548326415395,0.0
Tbrg1_mm,0.5635927735402539,0.2819499588450238,0.2369882149952437,0.7501109869206483,0.8474190572281667,0.46328703917487457,0.751173486677835,1.4602770125657154,0.0,0.6989241619777108,1.4282644436791245,0.0,0.0,0.7013465854161689,0.0
Tbx3os1_mm,0.0,0.0,1.1966680357385593e-05,0.0,0.0,0.0,0.0,0.0,0.0,0.0,0.0,0.0,9.289858949590283e-05,0.0006935096940939281,0.0
Tbx3os2_mm,0.0,0.0,6.135823367930093e-05,2.792415047520378e-05,0.0,0.0,0.0,0.0,0.0,0.0,1.8231034266761356e-05,2.2469406347635276e-06,0.0,0.0,0.0
Tbx6_mm,0.0,0.0,0.0,0.016721967170757773,0.05147871537608694,0.0,0.0,0.0036674363788060517,0.0,0.016228324498005313,0.0,0.0,0.0,0.0,0.0
Tbxa2r_mm,0.0,0.008507237303305413,0.05761736742336818,0.08796019643244118,0.0,0.0,0.0,0.0,0.0,0.0,0.0,0.0,0.0,0.0,0.0
Tcea1_mm,1.4053114847774997,0.0,0.17146024523750894,0.0,1.0377083718840563,0.33459418857314055,0.9714226565327037,0.24491339881864932,1.2519585138518226,0.637369025833105,1.913286167402312,0.9650750832999756,0.05344243638297406,0.06013998267134014,0.0
Tceal9_mm,0.0,0.0028312652915821043,0.003615413084904961,0.0,0.0,0.0,0.0061845086442526235,0.0,0.0005636671606634564,0.0,0.0,0.0,0.0,0.0009804550264342431,0.0
Tcf24_mm,0.0,0.00020080044236833646,0.0004489128643595359,0.00012077022103741714,0.0,0.0,0.00014032782067555154,0.00045348031082483725,0.0,0.002587943549930049,0.0,0.0,0.0,0.0,0.0
Tcf25_mm,0.6909422091364533,0.4803777433899054,0.14106260448742117,1.7636330674097875,1.5826634550432106,0.7230609099353561,0.5857587623226727,1.3665040450525676,0.29420666886702945,0.42375359198624046,1.7297181541913766,0.3866666893278751,0.44922669906344126,0.1612547382123654,0.005311321983673888
Tcirg1_mm,0.4039207914370889,0.009606665261822796,0.06060534285583,0.7966357815305581,0.22224540653304037,0.0,0.0,0.07605728058431487,0.01922328876084096,0.4902974806563132,0.5037376086116162,0.027569362689184647,0.14824054243551762,0.08800944399077273,0.19009905056224005
Tcn2_mm,0.0,0.001466397365523,0.0026446490812173486,0.0008164705618759906,0.0,0.0,0.0,0.0,0.0,0.00036277323121020446,0.0,0.0,0.0,0.0,0.0
Tcof1_mm,0.6102519517068924,0.7374112252875284,0.0,0.5801562340599847,0.6464480187295311,0.6538605049346369,0.42142185232264545,0.2130467184412832,0.20303788509374943,0.01340739192765107,4.924777323756911,0.12937866680905002,1.8816557460684917,0.0,0.4768566739087191
Tcp11l1_mm,0.052830669942618536,0.0,0.032431523240069315,0.09085147627312753,0.09131424813258213,0.0,0.015687914022780778,0.09611358087210435,0.0675835570532768,0.02452035825155112,0.04520885514911829,0.026767083815459725,0.011303727866489003,0.0,0.0
Tcp11x2_mm,0.01612743388971804,0.014782268386948636,0.0,0.03276202051426609,0.01110672414853697,0.0,0.005035606500929863,0.024007611964223907,0.01847544062579134,0.0,0.0031591804066421455,0.006520464189746911,0.0,0.008664294090180037,0.0
Tcstv1_mm,0.0,0.001497290070612956,0.0011904566986532996,0.0,0.0,0.0,0.0,0.0,0.0,0.0027847247958775853,0.0,0.0,0.0,0.0007405169967994861,0.0
Tcstv3_mm,0.0,0.0010166446767570217,0.001096167890386079,0.0,0.0,0.0,0.0,0.0,0.0,0.001588933173668606,0.0,0.0,0.0,0.0,0.0
Tcta_mm,0.0,0.0,0.0,0.04043299713586649,0.062078991680373126,0.0,0.0,0.034400450935597356,0.0,0.0,0.0,0.0,0.0,0.028938181508841834,0.0
Tctex1d2_mm,0.0,0.0,0.002577324994570994,0.0010368490334843028,0.00016400167579193252,0.0,0.0,0.0,0.0032728740964263828,0.0,0.0,0.0,0.0,0.0021788693908463062,0.0
Tdpoz1_mm,0.0,0.0,0.0,0.0,0.0,0.0,0.0,0.0,0.0,0.00010235053319023138,0.0,0.0,0.0,0.0,0.0
Tdpoz3_mm,0.0,0.0006490984084678601,0.0004174894842841451,0.00026391631374647476,0.0,0.0,0.0,0.0,0.0,0.000269998544652586,0.0,0.00038545960471964426,0.0,0.0,0.0
Tdpoz4_mm,0.0,0.00023307294828122272,0.0,0.0,0.0,0.0,0.0,0.0,0.0,0.0025456034678646203,0.0,0.0,0.0,7.034073438685002e-05,0.0
Tdpoz8_mm,0.0,0.003237662935514367,0.0015545469690221559,0.0,0.0,0.0,0.0,0.0,0.0,0.0036484911105955516,0.0,0.0001332755510120305,0.0,0.00036735855516957354,0.0
Tdrd9_mm,0.0,0.0,0.01589436258220272,0.11515697977618998,0.16099925162997503,0.0,0.0,0.0,0.0,0.11772701406220869,0.0,0.0,0.0,0.0,0.0
Tecpr1_mm,0.0,0.0,0.0,0.8562832210633273,0.7893085336955915,0.0,0.0,1.0769254002373194,0.0,0.31850905320498757,0.0,0.0,0.034871229745115744,0.0,0.0
Tecr_mm,0.5314709450364775,0.0,0.0,0.3833115810146252,0.18128213778907956,0.0,0.0,0.11444586665008308,0.5732377076446336,0.0,0.27480793391711417,0.02403507414640718,0.0,2.0006516751086427,0.0
Tecta_mm,0.0,0.0,0.0005698898464201431,0.0003575752061976229,0.0002967716397269061,0.0,0.0,0.000496569704262395,0.0005904094277176733,0.0014357796515844549,0.0,0.0,0.0,0.0002913256346826395,0.0
Teddm3_mm,0.0,0.0,0.0,0.0,0.0,0.0,0.0,0.0,0.0,0.00018297754848131925,0.0,0.0,0.0,0.0003593231477438058,0.0
Tek_mm,0.0,0.0,0.0,5.210771853923248e-06,0.0,0.0,0.0,0.0005576992648998831,0.0,0.0005935628840774746,0.0,0.00010703474449282484,0.0,0.0,0.0
Tekt4_mm,6.70952554834569e-05,0.0,0.0,0.0,0.0,0.0,0.0,0.00010459521080975679,0.0,0.0,2.1897918617829137e-05,0.00018857707601033008,0.0,7.574455333768773e-05,0.0
Tenm1_mm,0.0,0.17773905311404684,0.3495272010608744,0.39174129960335585,0.0,0.0,0.0,0.0,0.0,0.0,0.0,0.0,0.0,0.0,0.0
Tenm2_mm,0.0,1.7767967766481903e-05,0.00010041755598512793,0.00013525538894352138,0.0,0.0,0.0,3.488030514737651e-05,0.0,0.0011360264725845557,0.0,0.0,0.0,0.0,0.0
Tent5d_mm,0.0,0.0003085825621237376,0.00013799639967716727,0.0005479021482475628,0.0,0.0,0.0,0.0,0.0,0.0,0.0,0.0,0.0,0.0,0.0
Tep1_mm,1.0620960388465666,0.1572854605919551,0.09323536561510198,1.6601780463045694,0.6480600836204647,0.284693625943402,0.0,0.13891349977681008,0.0567448995270257,0.5000269736859776,0.6298394870179442,0.09528843148661773,0.09250605258928551,0.1830549384144466,0.0503477312077022
Terb2_mm,0.0,3.9038299898292046e-05,0.004144239462431161,0.0050190625075480794,0.0,0.0,0.0,0.0,0.0019253773192480094,0.0,0.0,0.0,0.0,0.0,0.0
Tescl_mm,0.0,0.0,0.0,0.0,0.0003795151643601338,4.009190599383809e-05,0.0002053480716408519,0.00024082602916436,0.0,0.0,0.0,0.0,0.0,0.0,0.0
Tet3_mm,0.4859826123222006,0.09977428133048723,0.012039547867888767,0.717980196404597,0.30305030794605514,0.2556658242012939,0.0,0.17964488486282496,0.057889106184533315,1.111712076178731,1.2773790926927842,0.5603605002444045,0.0,0.0,0.3254824775995044
Tex101_mm,0.0,0.0,0.0014562282928099646,0.0,0.0,0.0,0.0,0.0,0.0,0.0004366962497520653,0.0,0.0,0.0,0.0,0.0
Tex12_mm,0.0,0.0,0.00030824812406583476,0.0,0.0,0.0,0.0,5.429512360112592e-06,0.0,3.3079032281104514e-06,0.0,0.0,0.0,0.0,0.0
Tex13b_mm,0.0,0.0,0.01998007120911023,0.01353252211481089,0.0,0.00016627223182487166,0.0,0.0,0.0013462137912373503,0.0017921391350303698,0.0,0.0,0.0,0.0,0.0
Tex14_mm,0.0,0.0,0.058909976776231936,0.1862388244994872,0.2083170330495499,0.0,0.0,0.0,0.0,0.12158600938438852,0.0,0.004303927760632113,0.0,0.0,0.0
Tex19.1_mm,0.0015739044154753864,0.0,0.08064197888021934,0.059530819812866204,0.0,0.0,0.0,0.0,0.0,0.0,0.0,0.0,0.0,0.0,0.0
Tex19.2_mm,0.0007190263150878758,0.0,0.024431009171103274,0.01667918765689111,0.0,0.0,0.0,0.0,0.0,0.0,0.0,0.0,0.0,0.0,0.0
Tex264_mm,0.47878966409252194,0.0,0.0,0.23494961057715946,0.409646375045635,0.0,0.0,0.22777078872251527,0.0,0.026771415594922087,0.0,0.0,0.0,0.27322642822394894,0.0
Tex33_mm,0.0,0.0,0.0,0.0,0.0,0.0,0.0,0.00040701946965496217,0.0,0.0,0.0,0.0,0.0,2.8878755138541392e-05,0.00020007061804458193
Tex50_mm,0.0,0.0,0.0,2.0767187575487695e-06,5.580663459513821e-06,0.0,0.0,0.0,0.0,0.00020322165494034307,0.0,0.0,0.0,0.0,0.0
Tfap2b_mm,0.0,0.0,0.0002822510046827453,0.00030128785286335586,0.0,0.0,0.0006727133118501426,0.0,0.0,0.0,0.0,0.0,0.0,0.0003708549653879644,0.0
Tfcp2_mm,0.13277394386194855,0.0,0.021919627259578977,0.18651876874921883,0.120276995856632,0.0,0.0,0.021549652364075477,0.08574208932138977,0.22478016417221222,0.03883316800712525,0.0,0.01552232463006479,0.008863672483719824,0.030570655710603724
Tfeb_mm,0.06853047809164281,0.004671660269456491,0.0,0.26851817873752376,0.19425522613280863,0.0,0.025521196601992157,0.07342277509815275,0.0,0.005316989141251402,0.43395112446666895,0.012072417041218994,0.0,0.006513547977364012,0.0
Tff1_mm,0.00037303348508187586,0.0,0.0,0.0,0.0005005375015967426,0.0,0.0,0.01159162105925741,0.0,0.0,0.0,0.0,0.0,0.0018735015088291375,0.0
Tgfb1_mm,0.11177555218775805,0.0,0.0,0.22559971003013968,0.0,0.0,0.0,0.005889728277546378,0.12213297661586466,0.15224162028628918,0.48779380826399543,0.12161545711252733,0.058939504339300945,0.0,0.059603612627086175
Tgfb1i1_mm,0.0,0.0,0.0,0.013510730458907931,0.004299542249162949,0.0,0.0,0.0,0.0,0.05881791696998634,0.0,0.01839935931820388,0.0,0.0040519663851028695,0.0
Tgfb3_mm,0.29664010674021074,0.0,0.0,0.31411136388245214,1.1000605047849377,0.0,0.0,0.29628498656505087,0.0,0.0,0.0,0.25151546829593613,0.01987513662642963,0.0,0.0
Tgfbr3_mm,0.0,0.0,0.0,0.0,0.0,0.0,2.2334902702273737e-05,0.00032105235660103966,0.0001704484554528125,0.0,6.063292730773782e-05,0.0,0.0,0.0,0.0002677468595978415
Tgfbrap1_mm,0.10776445387204776,0.0,0.004904080017547485,0.20172670352471597,0.07470657092060054,0.0,0.0,0.04977036121376664,0.14421689208046498,0.12433596324217384,0.08965322379790985,0.007968331177680118,0.0,0.006625872663222997,0.0
Tgm1_mm,0.0,0.0,0.0,0.0,0.0004075433675363912,0.0,0.0,0.027917970758350372,0.0,0.0,0.0,0.0,0.0,0.0012095651477563541,0.0
Tgm2_mm,0.0,0.0,0.005446484972300834,0.02055323106834876,0.00036581992589372234,0.0,0.0,0.0,0.0,0.0012872545095907687,0.0,0.0,0.0,0.0,0.0
Thap3_mm,0.23626638989032375,0.0,0.033750532049845544,0.4103129918548038,0.4319765901495766,0.0,0.0,0.05289596318864195,0.0,0.15628550542972228,0.6018021437531889,0.0,0.056098164266652796,0.14774350695249933,0.0
Thbs1_mm,0.0,0.0,0.0,0.000476221234570894,0.0,0.0,0.0,0.000592732812576649,0.0,0.00031814378397029987,0.0,0.0,0.0,2.754153198702404e-05,7.276044463052713e-05
Thbs2_mm,0.043396017768743064,0.0,0.0,0.19012655275597098,0.09454539836399813,0.0,0.0,0.1439533663482553,0.0,0.04533403536068681,0.04896917818026469,0.023977128565095835,0.001695830647295765,0.0,0.0
Them4_mm,0.16450435231626914,0.0,0.0,0.045641835893743314,0.09105703381331094,0.0,0.045454994918184895,0.09232834467694635,0.1621332974950618,0.18172226386532392,0.11995454792931318,0.0,0.072078237905963,0.021636828610649656,0.02997379248906721
Thnsl2_mm,0.0,0.0,0.00041463059811144766,0.0,0.00010648376011594502,0.0,0.0,0.00030172488963014837,0.0,0.0003337441226168424,0.0,0.0,0.0,0.0,0.0
Thra_mm,0.19983437235762397,0.0,0.0,0.5332951160040299,0.34163444927497144,0.007402037789136275,0.002691465282014272,0.0049477597316704815,0.13620101859935574,0.18315787335257913,0.36003528414625136,0.009156584532197422,0.0554216518427135,0.004078306944729939,0.0
Thrb_mm,0.0,0.0,0.041131971964436485,0.06343614889596445,0.0,0.011292817324969886,0.0,0.0,0.04176454683094014,0.0,0.0,0.0,0.0,0.025716863891428618,0.04257283450097916
Thy1_mm,0.0,0.0,0.0,0.7997990195503636,0.01703433961109551,0.3428209919732435,0.21367335022375028,0.0,0.0,0.24319526821286563,0.0,0.0,0.0,0.33439455505710414,0.3676920271904614
Tiam2_mm,0.016715234966579597,0.0,0.0230466675436818,0.054320567802631545,0.02877908130682776,0.030126546481680325,0.0,0.0030915827440835086,0.06954344599703638,0.15465920897392205,0.026937074809972043,0.0,0.0,0.017281457978649942,0.029069473415877584
Tie1_mm,0.0,0.0,0.0073557872045908355,0.013674521671162461,0.0,0.0,0.0,0.0,0.0,0.0,0.0,0.0,0.0,0.0,0.0
Tigit_mm,0.0038332056748349532,0.0,0.0,0.00867191970694408,0.012915394897959604,0.0,0.0017132529071648846,0.001120450368984999,0.0,0.010361473959103338,0.0,0.0,0.0,0.00283628095253411,0.0
Timeless_mm,0.2670053759087978,0.0,0.02106266485130884,0.5591632689406429,0.1226527023958951,0.005360116851857021,0.0,0.0,0.0,0.2699924921618496,1.1626764613549636,0.0,0.49071271618034046,0.016231043536770934,0.39632766172492084
Timm8a2_mm,0.0,0.0010093513410348897,0.007049631807957569,0.0038860091957601296,0.0,0.0,0.0,0.0,0.0,0.002180429279397387,0.0,0.0,0.0,0.008682797426803675,0.0
Timp2_mm,0.0,0.0,0.0,0.0,0.0,0.0,0.000650990033683608,0.0,0.0,0.001273053769631548,0.0,0.0,0.0,0.0,0.0
Tk2_mm,0.0,0.0,0.0,0.1587416337601874,0.1847638954540546,0.0,0.0,0.04131467246460924,0.0,0.08769040043001466,0.0,0.0,0.011063209724213912,0.00013306906578622587,0.0
Tkt_mm,1.9984349503727954,0.1378419565528465,0.1433618522290731,1.7139492488656305,0.5005692726528262,1.1157955404112245,0.2587010797076874,0.43004681481279416,0.9821807402198677,0.0,2.7632572288122272,0.5349955756085789,0.8284297308026606,1.386469640327273,0.3180013055418424
Tktl2_mm,0.0,0.0,0.0,0.00014793499579810913,0.0,2.4496948159986247e-06,0.00020863626195626386,0.0,0.00022152562773911287,0.0,0.0,0.0,0.0,0.0,0.0
Tlcd4_mm,0.0,0.0,0.0001161966210301513,0.0,0.0011310350874643564,2.5215850458283734e-05,0.0,0.0,0.0,0.0008126110188192045,0.0,0.0,0.00013492481009813012,0.00025829187336798916,0.0
Tle3_mm,0.8751982206833582,0.0,0.0,0.0,0.754206113236048,0.23944125890483112,0.0,0.07340337057961989,0.0,1.579980489732102,1.6210901864529714,1.115916207442591,0.5277749376714886,0.0,0.0
Tle5_mm,0.0,0.05319394352889259,0.016361992907853524,0.6671326002824428,0.21187417499105424,0.0,0.22672269923176327,0.1136831738997326,0.5733495356392613,0.10968267324992922,0.43872643510472237,0.11663870054970843,0.050125900458272095,0.4910080405639566,0.0
Tln1_mm,0.0,0.0,0.3200465356696663,2.333783048894186,0.4448209340725713,0.39982970315614547,0.0,0.3997716349128732,0.62066402374041,0.1939639912803332,1.77004213051791,0.27524148186099856,0.7362182938539487,0.19821646575397367,0.0
Tm4sf1_mm,0.0,0.0,0.0,0.0,0.0,0.0,0.0,0.0,0.0007093689762217025,0.0004442150526183516,0.0,0.0,0.0,0.0,0.0007701854072641908
Tm4sf5_mm,0.0,0.0001187225423781029,0.0,0.0003601929330414203,0.0003298463074873417,0.0,0.0,0.000240881416896318,0.0,0.0,0.0,0.0,1.2618926340294963e-05,0.0003288157848771797,0.0
Tm6sf1_mm,0.6895165702604545,0.0,0.0,0.5013659439836392,0.49517388920120764,0.0,0.028564504651244035,0.242515421496852,0.3625551899227701,0.2270823820038671,0.0,0.14740978793191054,0.0,0.07856256519938924,0.0
Tmbim6_mm,0.9120879944534849,0.15041833862160364,0.2396429315254287,2.2452387239843308,1.2251365159558922,0.6668758932061265,0.00035031750708670927,1.1991431543024043,0.5021276665561627,0.0,1.2841647863654038,0.9797718312385519,0.17031354169514343,0.4335969044519473,0.0
Tmc1_mm,0.0,0.0,0.0007920862246885962,0.0003315418857820947,0.0,0.0,0.0,0.0,0.0,0.0012790943287483924,0.0,0.00019885416205261063,4.749834413810937e-05,0.0,0.0
Tmc3_mm,0.0,0.00040484276001759913,0.008647608979179952,0.006519882308889274,0.0,0.0,0.0,0.0,0.0,0.0012616873114491974,0.0,0.0,0.0,0.0,0.0
Tmc5_mm,0.0,0.0,0.0,0.02172184007320273,0.2886433191421532,0.0,0.0,0.0,0.0,0.19846439060943136,0.0,0.0,0.0,0.0,0.0
Tmc6_mm,0.14875358389998788,0.0,0.0,0.6508384251234459,0.41329690082724035,0.0,0.0,0.02643994984892331,0.0,0.12281201127271824,0.336194086749116,0.0,0.11149452947859899,0.09637056650274863,0.0
Tmcc2_mm,0.0,0.0,0.0004861440490564201,0.0,0.0006753804233290549,0.0002752922268730869,5.78613358483291e-05,0.0014232431259674494,0.0,0.0005555188596765236,0.0015967608648698474,0.0,0.0,0.0,0.0
Tmco3_mm,0.11730636936171038,0.05720638261892056,0.062312694652585085,0.1957594763750654,0.10835116372795836,0.0,0.0,0.16982869369580947,0.048228470053178735,0.4743673196899211,0.018311289618865953,0.0,0.16452447756997818,0.0016576985636135206,0.0
Tmco4_mm,0.0681889617402242,0.0,0.01576505478659078,0.297745967920142,0.12586476085535256,0.0,0.005533932382723245,0.0,0.0,0.14422026871059884,0.3713381492247345,0.0,0.06605749985666563,0.01292589952050605,0.17056201128497708
Tmed3_mm,0.8500881748253857,0.0,0.1688379447545509,0.8224465989535735,0.30269527678634234,0.0,0.0,0.2265425870870104,0.0,0.0,0.5175103005047849,0.0,0.11301876420339362,0.9645050829817295,0.0
Tmed6_mm,0.0,0.0,0.0,0.004039368622099076,0.0,0.0,0.0,0.0,0.000466345654320195,0.0035043963879850463,0.0,0.0,0.0,0.0004048570158429189,0.0
Tmem106c_mm,0.19468021747200986,0.0,0.0,0.09118057783483285,0.10177137532041745,0.0,0.0,0.033984561888779435,0.019089454935124213,0.05815039784966884,0.02089298636927332,0.012388132808547963,0.0009522987865115891,0.1339983813885271,0.0
Tmem119_mm,1.3122692012629193,0.0,0.0,0.30554431238476565,0.04871445600913576,0.0,0.23086022813098867,0.0,0.08916604692019597,0.0,0.503742647999191,0.0,0.0,0.0368537610424668,0.0
Tmem121_mm,0.0,0.0,0.0,0.06145727552078163,0.09038354443507328,0.0,0.0,0.0,0.022105782767579164,0.014889257528119617,0.2942365578011812,0.0381008722652517,0.033508450381453135,0.0,0.0
Tmem127_mm,0.19865396756982243,0.08850591883609636,0.11896992081820594,0.7804672399995234,0.34836316161733843,0.005862549546972537,0.0,0.28201287310737805,0.03235969868622561,0.43265193207513797,0.08828648123426809,0.023264014416641214,0.008625405166523135,0.0058582177446758815,0.15444321407225683
Tmem132b_mm,0.0,0.0,0.000917089484424573,8.428928924793637e-05,0.0,0.0,0.0,0.0028108428271804405,0.0,0.0042047523130650695,0.0,0.0008583099891554751,0.0,0.0,0.0
Tmem132c_mm,0.0,0.0006282314484102133,0.005906955775469014,0.0028737186367484803,0.0,0.0,0.0,0.0011150046673846401,0.0,6.481572217401722e-06,0.0,0.0,0.0,0.0,0.0
Tmem132e_mm,0.0,0.0,0.00046143147399955016,0.002608689024932223,0.0,0.0,0.0,0.0,0.00017664810096011533,0.0,0.0,0.0,0.00013221504510884687,0.0,0.0
Tmem134_mm,0.39161528286664954,0.0,0.0,0.6419113874651503,0.39723510475057133,0.0,0.36447349913629035,0.2127211829835774,0.0,0.010760006792729118,0.016420285927136485,0.0,0.009362146620815491,0.4004152454213553,0.006870395521838727
Tmem140_mm,0.0,0.0,0.0,0.019269138491329524,0.29882996648199156,0.0,0.0,0.5369854414738164,0.0,0.28417204471828217,0.0,0.0,0.0,0.0,0.0
Tmem141_mm,0.0,0.0,0.00010003935714338332,0.0,0.0001430165282821862,0.00018369741100336977,0.0,0.0,0.0,0.0,0.0,0.0,0.0,0.0,0.0
Tmem14a_mm,0.0,0.0,0.00018653403645336507,6.410554845657635e-05,0.0,0.0,0.0,0.0,4.8549588797802844e-05,7.115642534817925e-05,0.0,0.0,3.1422482211944716e-05,0.0017058724807658512,0.0
Tmem151b_mm,0.0,0.0,0.00020373017794353702,0.00041063859580710445,0.0,0.00024216451272752082,0.0,0.0,0.00014621627078196687,0.0,0.0,0.0,9.084615180463287e-05,0.0,0.0
Tmem154_mm,0.0,0.0,0.001290687328676633,0.0010508324140193431,0.0,0.0,0.0,0.0005642976829894289,0.0,0.00025660929275369643,0.0,0.0,0.0,0.0,0.0
Tmem156_mm,0.009999820621446807,0.0,0.0,0.033992938363596424,0.020807773988416968,0.009546654220423284,0.03157342919249819,0.0,0.0003738926338021861,0.04198431137072844,0.0,0.0,0.0,0.0058951749152147456,0.0
Tmem161a_mm,0.24325430734690645,0.0,0.00527185640592643,0.2603230616347532,0.17921569564066145,0.0,0.002628987506218277,0.10611404189236644,0.0,0.027227276335373005,0.30793749784777624,0.0,0.0,0.059888287322870125,0.0006835505090664367
Tmem163_mm,0.0,0.0,0.0001009615771375548,0.0,0.0,0.0,0.0,7.570535384410999e-05,0.0008385377639318891,0.0008850843996753873,5.90317123975499e-05,1.8555421403514932e-05,0.0,0.00034155427151859395,0.0
Tmem176a_mm,0.0,0.07842867864072899,0.07260032752966794,0.5919159503300384,0.042726896468537647,0.0,0.0,0.02886822890925893,0.0,0.0,0.0,0.0,0.0,0.8054789369788431,0.0
Tmem176b_mm,0.2529401117885679,0.0,0.03546304155918339,1.1058043086363516,0.07366344192094011,0.0,0.0,0.09700209149997868,0.39189631948754766,0.07924454942256681,0.0,0.0,0.0,1.2512087416651634,0.0
Tmem178b_mm,0.0,0.0,0.00022783427009171606,0.0,0.0,0.0,0.0012145449799106265,0.0,0.0,0.0,0.0,0.00018364787131897278,0.0,3.8092390794743924e-05,0.0
Tmem181a_mm,0.0306539441602943,0.0066405960740749635,0.008146873529439373,0.07004592608571115,0.093904710351533,0.0,0.0,0.08994873735360882,0.0,0.22706448197785292,0.019042674506413823,0.0,0.0,0.0,0.0
Tmem191c_mm,0.05324268296094058,0.0,0.0,0.11905992451198485,0.10625966413009345,0.0,0.0,0.0,0.0,0.06863692951954756,0.0,0.0,0.0,0.01925911656058759,0.0
Tmem200b_mm,0.0,0.0,3.156128725742681e-05,0.0,0.0,0.0,0.0,0.0,0.0,9.531194270165251e-06,6.252489436732606e-05,0.0,0.0,0.0,0.0
Tmem205_mm,0.248468462478566,0.0,0.0,0.2679615237470841,0.5932309330661043,0.0,0.6268971893549585,0.09664620226580677,0.0,0.0,0.08345672992872433,0.0,0.0,0.35444125929012005,0.0
Tmem219_mm,0.32891190934187375,0.0,0.0,0.429081623123456,0.567916397302582,0.0,0.4341497106978738,0.2641309961491581,0.04183818213799579,0.0,0.310464783611312,0.060960384097888246,0.0,0.3690696375073524,0.0
Tmem234_mm,1.1234539749432282,0.1410274699072097,0.08493531249104527,0.0,0.8651016024387042,0.0158973292281354,0.0,0.38111126339766205,0.4268075635162667,0.9655605950849013,1.1473736749738273,0.2274699638424372,0.02991395979249392,0.6272024726831251,0.17618516534875742
Tmem25_mm,0.0,0.0010829274921317677,0.00029730075232727883,0.0001232830828661849,0.0,0.0,0.0,0.0009756084094436162,0.0,0.0032654969908788496,0.0012069507950742784,0.0,0.0006845227760015867,0.0003771453811105527,0.0
Tmem260_mm,0.19410233589331138,0.0,0.01126412342912718,0.3049186215645695,0.11736319921973247,0.0,0.03242148823735683,0.10683017457624851,0.238547602231507,0.21754346306090444,0.0,0.008065092189400368,0.005478507799446404,0.0,0.08315963789273818
Tmem274_mm,0.00012351115740762443,0.0,0.0,0.00038464943437026717,0.0,0.0,0.0,0.0,3.404676639794509e-05,0.00012920454428326899,0.0,0.0,0.0,0.0,0.00011486869644753366
Tmem35b_mm,0.0,0.0,0.0,0.03737363095492978,0.060736546789708266,0.0,0.0,0.0804984863845572,0.0,0.0,0.0,0.0,0.0,0.10612938660543299,0.0
Tmem40_mm,0.38128509462677435,0.0,0.0,0.4734845538414061,0.4893471024180301,0.0,0.0,0.32866782169010306,0.0,0.21937836844317982,0.0,0.0,0.0,0.2538361434691072,0.0
Tmem63b_mm,0.0,0.0,0.02661435704985804,0.2524642273293642,0.1731146997822732,0.0,0.0,0.1135525393527224,0.004082990638229991,0.12846661657142433,0.21616416102421915,0.017757557369413642,0.03258983988061201,0.0,0.0
Tmem63c_mm,0.0,0.0,0.00022062721956626736,0.0013405407752494578,0.0,0.0,0.0,0.0,0.0,0.0,0.0,0.0,0.0,0.0004697532528265168,0.0
Tmem87b_mm,0.035256815391462526,0.0,0.0,0.13878430804292846,0.16831381525198016,0.009108187702692429,0.012789673559017375,0.2569110923826243,0.05432419162213268,0.3578272359477781,0.15862251133108,0.03716773543098445,0.0,0.0,0.0
Tmem88_mm,0.0,0.0,0.0,0.0022834905617588946,0.0038420367360953223,0.0,0.01797822954147219,0.0,0.004085536398970831,0.013300505766848427,0.018713337200339106,0.0,0.0,0.0007756258455322359,0.0
Tmem91_mm,0.26749109503342156,0.0,0.0,0.7370913214459793,0.0,0.18519183178117424,0.4014877165134629,0.0,0.0,0.0,0.3932179264542478,0.0,0.026073421681452907,0.7221631283410228,0.4091065495546341
Tmem92_mm,0.0,0.005377107366835379,0.0016976058353277673,0.0,0.0,0.0,0.0,0.0,0.0,0.0059674254203634204,0.0,0.0,0.0,0.0,0.0
Tmem98_mm,0.0,0.0,0.0,8.73568811612514e-05,0.0,0.0,0.0,0.0,0.0,0.0,0.0,0.0,0.0,0.0,0.0
Tmf1_mm,0.3765455007319228,0.16878324028298283,0.18896821606250871,1.610010411706906,0.23455352653348432,0.5478499756112551,0.046273820215531655,0.3852919371608294,0.3115503093363722,1.4843141729323486,1.048690919048166,0.40524991511758485,0.36470232991324186,0.0,0.5330273758504418
Tmprss15_mm,4.213548598443995e-05,0.0,0.0,0.0,0.0,2.735173172916907e-06,0.0,0.0,0.00011003800347713832,0.0,0.0002483444566036037,0.0,0.0,0.0,0.0
Tmprss4_mm,0.0,0.0,3.9047796141782e-05,0.0045976041330537615,0.0,0.0,0.0,0.0,0.0,0.0,0.0,0.0,0.0,0.0020093831359385317,0.0033472283908630327
Tmprss9_mm,0.0,0.0,0.0,0.0,0.002599944598072403,0.0,0.0,0.0,0.0,0.002043519319362549,0.0,0.0,0.0,0.000533530305220308,0.0
Tmsb15b2_mm,0.0,0.000284609896919602,0.0005699470364207186,0.0,0.0,0.0,0.00026899948779926015,0.0,0.00021856995573472834,0.0,0.0,0.0003147295571822125,0.0,0.0,0.0
Tmx3_mm,0.5385432905441482,0.0,0.09326778943797906,0.0,0.2274403791598078,0.031046969826795105,0.0816656084720368,0.057151364440506676,0.5799792631269607,0.8671209522443961,0.6843596930598425,0.31492269749748475,0.10650531984299602,0.14896482220188356,0.5078228458526239
Tnfaip2_mm,0.0,0.0,0.001882646902343954,0.0039207878930693696,0.0,0.0,0.0,0.009666470318963368,0.0,0.001484374252531773,0.0,0.0,0.0,0.0,0.0
Tnfaip8l2_mm,0.15727490252497817,0.0,0.0,0.6591838837593683,0.17937617298328654,0.0,0.0,0.08012741213254343,0.014054089346951243,0.004251651333197344,0.12108677548173002,0.0,0.03160821002059185,0.4497176679418657,0.0
Tnfrsf11a_mm,0.0,0.0005673220195999633,0.00023025006623717797,0.0011004215313825494,0.0,0.0,0.0,0.0,0.00025259778127536517,0.0,0.0,5.951099218855852e-05,0.0,0.0,0.0
Tnfrsf13b_mm,1.389911570443067,0.0,0.0,0.6299126752375531,0.7303788744712619,0.0,0.3891926050972521,0.5172121382842512,0.27834893926973164,0.0,0.9008633067456889,0.15846401883401237,0.0,0.0,0.0
Tnfrsf13c_mm,0.07774592751882307,0.0,0.13468186836742418,0.4623251937710009,0.0,0.06056969474814952,0.11388494410820135,0.0,0.03349913381161271,0.09437311508906794,0.2138802453977514,0.0,0.0630717697268741,0.0,0.28388658308905546
Tnfrsf14_mm,0.0,0.0,0.0,0.10507342582082575,0.07380874891643528,0.0,0.0,0.0,0.0,0.1555103042869419,0.03797124619646736,0.0,0.0556928450335075,0.0,0.0
Tnfrsf25_mm,8.837474308901743e-05,0.00016253062911603946,1.0544305333006096e-05,0.0027651144804804488,0.0007085483808286854,0.0,0.0007496664738903421,0.0,0.0,0.0,0.0,0.0,0.0,0.0,0.0
Tnfrsf26_mm,0.316689282079001,0.0,0.011658714567827237,0.30082242342820636,0.39826894866372686,0.0,0.017838086825317363,0.6051540877476376,0.2551139060856285,0.02085564063178939,0.0,0.0,0.0,0.009559622554594496,0.0
Tnfrsf9_mm,0.0,0.0,0.0,0.048067756676135956,0.0,0.0,0.0,0.031896802588077824,0.0,0.0,0.0,0.0,0.0,0.0,0.0
Tnfsf8_mm,0.016634282905399936,0.007333527680084814,2.436589721333458e-05,0.04898820561872568,0.0,0.0,0.004226083345771795,0.02181310049938617,0.0,0.002754610979367773,0.005000520930441677,0.0012170570714455772,0.0,0.0,0.0
Tnn_mm,0.0,0.0,0.00029937660909394576,0.000483407439393532,1.1066812866918121e-05,0.0,0.0,0.0007802911658529722,0.0,0.0,0.0,0.0,0.0,0.0002945939061186279,0.0
Tnni3_mm,0.0,0.0,0.016341678328932605,0.00630162116014707,0.0,0.0,0.0,0.0,0.0,0.0,0.0,0.0,0.0,0.0009767047847792237,0.0
Tnni3k_mm,0.0,0.0,0.0,0.0,0.0,0.0,0.0,0.029792590066323156,0.0014477333617712686,0.0,0.0,0.0,0.0,0.0008351050277237609,0.0
Tnnt2_mm,0.0,0.0,0.011297880986707776,0.007227815794943811,0.0,0.0,0.0,0.002789654104974446,0.0,0.007248646496546614,0.0,0.0,0.0,0.0,0.0
Tnrc18_mm,0.0,0.0,0.02696321680446748,0.292213079246991,0.20288300860298294,0.0,0.0,0.08019948807668946,0.0,0.4823869963117329,0.702806544699729,0.280640201860637,0.15549384486663345,0.0,0.0
Tnrc6c_mm,0.0,0.0,0.015587969419085844,0.34660933005943,0.21670565347686366,0.0,0.03229435509571752,0.126256329147773,0.12386242144848766,0.8829041824149263,0.4037390099525909,0.15130354340309504,0.25454601002754734,0.0,0.21974987256957182
Tom1_mm,0.0044377020569691785,0.0,0.00046721399535932585,0.20718546693672812,0.19252882708279026,0.0,0.003240255912954644,0.2415823861761598,0.07989936456068068,0.1460040838471082,0.07121083205215938,0.0,0.0,0.09580836412385593,0.0
Top2a_mm,0.6367407307250545,0.0,0.09563912798875801,0.0,0.4573522461509077,0.2641261810805749,0.3257843420251041,0.0,1.861973255909002,0.0,0.14282877100560365,1.0345732812798234,1.0773871545657094,0.5128129069825187,16.745965223268417
Top3b_mm,0.6819405930117879,0.05195328319962995,0.028942655537189,0.9503231961159663,0.39452504996638965,0.03948746339784877,0.01774519508538249,0.0,0.0673487065518584,0.38145629167671136,0.3555501598804725,0.0064479256504233985,0.012456753233454205,0.05176605261493653,0.5652454709116977
Topaz1_mm,0.0,0.0,0.0005606241595355443,0.0,0.0,0.0,0.0,0.00010922815483159995,0.0,3.4518574060035934e-05,0.0,0.0,0.0,0.0,0.0
Tox2_mm,0.0,2.9870582191818162e-05,0.0,0.00023335501326634536,0.0,0.0,0.0,5.487444256212908e-05,0.0,0.00033891328539297606,1.4284580425816736e-05,0.0,1.595929454226473e-05,0.0,0.0
Tpcn1_mm,0.06465154594824982,0.04294616628276708,0.004975317204155946,0.8204055302139488,0.22804041130346678,0.0,0.12237484572165509,0.18033507739294852,0.047279818891321816,0.21313236441385117,0.231862710046433,0.11082778021469714,0.0,0.029913504703626245,0.08155751983293925
Tph2_mm,0.0,0.0,0.00021159381665557784,0.0,0.0,0.0,0.0,0.00021811949120470236,0.0,0.002269422442974891,0.0,0.0,0.0,0.0004272900633746985,0.0
Tpm3-rs7_mm,0.6827269110400052,0.013659868174068175,0.0,0.0,0.1559766728585297,0.0,0.0,0.09183584642349218,0.3744450429251402,0.5708423390744086,1.2580585329926468,0.3377441671875427,0.10153097343250063,0.009572474938140455,0.0
Tpm3_mm,0.6814086719909445,0.4429521887873928,0.05755520789635979,0.0,0.5068216710906968,0.0,0.7836629494653998,0.540159682646452,0.1662828649237662,0.0,3.8308027007179835,1.3852250894055076,1.7786882876664627,0.0,0.0
Tppp_mm,0.0,0.00019549025426740513,0.0,0.00032933499970855913,0.0,0.0,0.0003035766151530719,0.0002345423128123616,0.0,0.0014314684212199385,0.0,0.0,0.0,0.00017146371651828967,0.0
Tpr_mm,0.8323759298111616,0.32191568074593907,0.29475135824493115,1.4064156157124275,0.7716025688578507,1.5886455332151042,0.22233753370843626,0.9021090364462974,1.0663055970015116,1.7777886626955381,1.5121086338818872,1.0006959803290385,1.0713603127279223,0.27824653511837166,1.8441970691272485
Tpsab1_mm,0.0,0.0,5.297532232879115e-06,0.0,0.0,0.0,0.0,0.0005322949604222007,0.0,0.00037647315938440075,0.0,0.0,0.0,0.0,0.0
Tpt1_mm,2.8187495008203522,1.67984768158095,0.4609779915905638,0.057737293342550365,2.858269487130174,1.9331149251539097,4.217575520899333,1.8729257054702544,0.4964020630837687,0.3292869839739376,0.0,0.6388310933247219,0.4741602181151662,1.643475117598515,0.23068052064442293
Trabd_mm,0.22446300905274774,0.03015748682537733,0.12080327113412717,0.521149158445198,0.5098353556202514,0.0,0.038302190195642426,0.14164939711552418,0.01704684253329404,0.13182981951561293,0.4888303124657716,0.035388886127469196,0.059869456893779885,0.09825953781817892,0.046115260281822675
Traf1_mm,0.0,0.0019244475963543976,0.01795236043994312,0.03521306113431743,0.0,0.0,0.0,0.17639221903903293,0.0,0.024886077937095376,0.0,0.0,0.0,0.0,0.0
Traf3ip3_mm,0.369294900776404,0.0,0.003824747166173791,0.5554029776073115,0.18089834147598766,0.0,0.0,0.0,0.07427477778438203,0.41570088289497287,0.26229264924007933,0.04623185129016174,0.024327544484504443,0.11126410335926697,0.1001137122719474
Trafd1_mm,0.07794617684502793,0.0,0.025226570883190365,0.36358586494466155,0.17726120260707398,0.0,0.0,0.08108858413339558,0.0,0.11683207005980743,0.0,0.0,0.018849293341339883,0.0,0.0
Trank1_mm,0.0,0.0,0.0,0.0,0.0,0.0,0.0,0.034063639155948594,0.0,0.0,0.0,0.0,0.0,0.0,0.0
Trap1_mm,0.7338721775541358,0.0,0.0,0.7455824047780667,0.2506614902832155,0.0375816845842233,0.0,0.0,0.12893862966402297,0.13732250226103285,0.9627440925164099,0.17909949161856187,0.07078198706984096,0.1878138346038025,0.45047637760075493
Trap1a_mm,0.0,0.0,0.1055213031363061,0.02243557468342486,0.0,0.0,0.0,0.0,0.0,0.0,0.0,0.0,0.0,0.03415504837957726,0.0
Trappc10_mm,0.490482297305078,0.03467580446002907,0.06184468686906635,1.1980556248905274,0.17774986794378855,0.21571534181989843,0.025972826878040808,0.3107498949514692,0.21238247769913643,0.7517503614332416,0.8982035780915648,0.23614352268410646,0.0,0.0,0.012097476769492839
Trappc2l_mm,0.4861695100080038,0.0,0.0,0.49945326758826597,0.11183126702557714,0.0,1.389183029860373,0.09559033212132272,0.0,0.0,0.0,0.0,0.0,0.5667002079945698,0.0
Trappc6a_mm,0.06917904649764048,0.0,0.0,0.4425744954289635,0.3398300141483643,0.0,0.2708352321436179,0.129668618697715,0.0,0.0,0.055754063090625715,0.0,0.0,0.22503620005872038,0.0
Trappc9_mm,0.09698643739087466,0.0,0.0,0.20677230171286973,0.16434449772671214,0.0,0.0,0.058335758503874256,0.10959194501576545,0.24662669120762803,0.14784714317550382,0.0021870940432594118,0.0,0.01320086992414442,0.0503149580074494
Trarg1_mm,0.0,0.0,0.0026326296826603706,0.04609210857023265,0.014549849710523352,0.0,0.0009807273070334902,0.047204674599160126,0.0,0.01785893206183669,0.0,0.0,0.0,0.0,0.0
Trav6-7-dv9_mm,0.00034827711393988387,0.0,0.0,0.0,2.7644690878935013e-05,0.0,0.0,0.0,0.0,0.0,1.5775147105496665e-05,0.0,4.1926170634986844e-05,0.0,0.0
Trav8n-2_mm,0.0,0.0,0.00011805155394419741,0.0,0.0,0.0,2.0056003007079028e-05,0.0,0.0,0.0,4.568188190044753e-05,0.0,5.3700554436054994e-05,0.0,0.0
Trbc2_mm,0.0,0.0009237482200034054,0.0013122469559770267,0.0019122262087455202,0.0,0.0,1.0652152340726513e-05,0.0,0.0,0.0,0.0,0.0,0.0,0.0008634759192458183,0.0
Trbv16_mm,6.012681185381837e-05,0.0,1.2325661297756551e-05,2.861907124644067e-05,0.0,1.113956259577145e-05,0.0,0.0,0.0,4.785473604424674e-05,4.051868373637911e-05,0.0,0.0,0.0,0.0
Trbv31_mm,0.0,0.0,0.0,0.0,9.176457063427406e-05,0.0,0.0,3.996416000281346e-05,0.0,0.0,0.0,0.00026888015719160163,0.0,0.0,0.0
Trdn_mm,0.0,0.0,0.0,0.0020646175198715928,0.0,0.0,0.0029099895612392035,0.0,0.0007312843629415514,0.0038169137174088458,0.0,0.0,0.001878229708169643,0.0,0.0009100471460577045
Treml2_mm,0.5147350542207056,0.0,0.0,0.8068374610366532,0.569062503360131,0.0,0.0,0.0,0.0,0.285012237318517,0.5674239550057109,0.0,0.41743424588467637,0.20694149593838776,0.0
Trerf1_mm,0.12776334916812163,0.0,0.0,0.1472165671492196,0.06467230713413052,0.0,0.0,0.07018908675696738,0.0,0.17178923898932588,0.1917331611000506,0.001435430289147401,0.11298431381972435,0.0,0.0
Trgc4_mm,0.024974681361763975,0.0,0.0,0.05119383491091099,0.0,0.0,0.0025615152410122196,0.0,0.029114219865168035,0.0,0.0,0.000621120898715401,0.0,0.03927876402312242,0.0
Trgv2_mm,0.00012310026310017184,0.0,0.0,0.009209596760505269,0.0,0.0,0.0008302910003654337,0.0,0.002893573882600698,0.0,0.0,0.0,0.00012959251625465406,0.0,0.0
Trh_mm,0.0018565076836783087,0.0,0.0,0.0,0.0,0.0,0.0,0.0012832704156201667,0.0,0.0008954904205864899,0.0,4.871510760918813e-05,0.00018813537924651066,0.0,0.0
Trib2_mm,0.0,0.0,0.0002837735187510168,0.0,0.0,0.0,0.0,0.0001606891431188708,0.00027358972162322,0.0,0.0,0.0,0.0,0.0,0.00034043651070875985
Trib3_mm,0.15745566431750557,0.0,0.0,0.11902785821238776,1.712959313671516,0.0,0.0,0.11237333251940368,0.0,0.0,0.3889950508832,0.07221904736434252,0.0,0.21350533037633043,0.0
Tril_mm,0.0,0.00012818555376765582,7.946175552367385e-05,0.0,0.0,0.0,0.0,0.0,0.0,0.0,0.0,9.415159778385741e-05,0.0,0.0,0.0
Trim12c_mm,0.0,0.0,0.0,0.2599069975159063,0.14875117533023147,0.0,0.0,0.05497746582287844,0.0,0.46757509796769287,0.11387130320747507,0.0,0.4195210059635302,0.0,0.0
Trim24_mm,0.0,0.017983294512625165,0.0,0.03619014259661812,0.0034173189252037425,0.0,0.0,0.013964844927377004,0.04310159466962634,0.08417428850108545,0.02233541518327877,0.0037956904914644885,0.01997385523073561,0.006856722854863906,0.0
Trim30a_mm,0.13183481868267846,0.0,0.1248817608787781,0.7160231746425351,0.12704998145156834,0.0697556805361368,0.06612970965979431,0.0,0.1443924134480545,0.406780873514693,0.20510942477193406,0.03891861585251661,0.05542381055193495,0.04511511432042186,0.08228811789446874
Trim30d_mm,0.0,0.0,0.0,0.07974444212778664,0.009738924800212613,0.0,0.00691671294327933,0.020989314640748154,0.0,0.02607624363918345,0.0,0.0,0.0,0.0,0.0
Trim43b_mm,0.0,0.000552201733836878,0.0021274977690975633,0.0,0.0,0.0,0.0,0.0,0.01079367291602958,0.0009632391652474077,0.0,0.0,0.000760259579859005,0.0019092473985947405,0.0
Trim50_mm,0.0,0.0,0.0,0.0,0.0,0.0,8.487771789056363e-05,0.0,0.00018031104556568258,7.464266520575603e-06,0.0,6.507557757666696e-06,0.0,0.0,0.0
Trim56_mm,0.012124387272857886,0.0,0.05985329359280546,1.0360585995995497,0.4513313065678835,0.03292318457430228,0.12299848887878254,0.15406403694025025,0.27148362351991506,0.8908178561423497,0.7433438140637963,0.09197876475638152,0.09892807614865197,0.0,0.04059892372533664
Trim66_mm,0.0,0.0,0.0,0.0,0.30572998298548093,0.0,0.0,0.0,0.0,0.060030207240109115,0.0,0.0,0.0,0.0,0.0
Trim69_mm,0.0,0.0025416937962939924,0.0006651795492193849,0.0,0.0,0.0,0.0,0.004465289255738744,0.0003023655786996075,0.022835364874305476,0.0,0.0,0.0,0.0007063380317637642,0.0
Trio_mm,0.0,0.0,0.0,1.1993635942342438,0.0,0.0,0.0,0.08993314056772435,0.0,0.4398578277361252,0.06304656707629729,0.3182219324710683,0.1087641532384805,0.0,0.0
Trip11_mm,0.5415367899312528,0.14712544637031438,0.15272060894107206,0.7318554157285087,0.310492392595583,0.3375425999068933,0.0,0.44173033159165037,0.08760431673790393,1.797073415234576,1.3406868620410775,0.6392214681007793,0.29241745604088065,0.0,0.515962653229276
Triqk_mm,0.0,0.0007598225237214662,0.00039701775936947415,0.0,0.0,0.0,0.00335485720445577,0.0,0.0,0.0,0.0,0.0,0.0,0.0,4.1391565637065104e-05
Trmt1_mm,0.9617167716337458,0.0165465614880255,0.016012723901451774,0.3677509542749926,0.4761528050632915,0.18180145233838377,0.0,0.16860265859576154,0.3071040610078075,0.7198530607601453,1.3849502377981506,0.0,0.0,0.05661935553539637,0.0
Trmt1l_mm,0.03618412614067215,0.0,0.04632185415185165,0.02716256012527272,0.03453363638495999,0.0,0.0,0.04656406354708723,0.2656038384402059,0.37830474124107394,0.07834748774123379,0.01718791414094498,0.07690025439675781,0.0026651660619051248,0.022697512854398163
Tro_mm,0.0,0.00021723486629374351,0.0009824609978704194,0.0,0.0,0.0,0.0018363986577846023,0.0,0.0,0.0,0.0,0.0,0.0,0.0009813640718977315,0.0
Trp53cor1_mm,0.0,0.0,0.0,0.07184911929368999,0.11961727948454703,0.0,0.0,0.019735694657107995,0.0,0.05414648272015086,0.0,0.0,0.0,0.016063610138634284,0.0
Trp53i13_mm,0.14772769408263,0.0,0.0,0.10113297861859043,0.1308512552992765,0.0,0.0,0.05457667642318307,0.0,0.05323698841942567,0.035904337359208234,0.0,0.009741049629134526,0.0743244914790701,0.0
Trp53inp1_mm,0.0,0.08307411027626208,0.0,0.3291946042467396,0.22337035991533047,0.0,0.0,0.8840345869638633,0.0,0.5750881317338171,0.0,0.10963012413122918,0.0,0.0,0.0
Trp73_mm,0.0,0.0,1.0513302100038588e-05,0.0,3.2218389875384414e-05,0.0,0.0,0.0,0.0,0.00040001554128271693,0.0,0.0,0.0,0.0001641080570329706,0.0
Trpa1_mm,0.0,0.0,0.0,0.010419806642189888,0.0,0.0037636961279926807,0.0,0.0013462536326142845,0.00511709395725709,0.0018267604291272092,0.0,0.0,0.0,0.002311548379117082,0.0031026505781262814
Trpc6_mm,0.0,0.0,0.4336590175423826,0.0,0.0,0.0,0.0,0.0,0.0,0.0,0.0,0.0,0.0,0.0,0.0
Trpv1_mm,0.0,0.0,0.00044281891402640566,0.0,0.0,0.0,0.0,0.0002390830317005844,0.0,0.0043261279884478695,0.0,0.0,0.0,0.0,0.0
Trpv2_mm,0.6658148673192544,0.0,0.0188211038979075,0.8099521803574841,0.5271297683435743,0.0,0.000329736320924354,0.5571337729282393,0.11229318871689023,0.26076751428148515,0.2885905207455466,0.0,0.17310621354427938,0.24059123116215966,0.0
Trpv4_mm,0.0,0.0006787717697982833,0.0006441403685869328,0.0016667823601636638,0.0,0.0,0.0,0.0,0.0,0.005358441047849502,0.0,0.0,0.0,0.0,0.0
Trub2_mm,0.2663509136317727,0.0,0.0,0.10052014386101694,0.16199537471205405,0.0,0.0,0.033281262734390984,0.0,0.305441665668487,0.3382381582168556,0.0,0.04047490827738829,0.02430245756361096,0.0
Try5_mm,0.0,0.0,0.0,0.0,0.0,0.0,0.0,0.006987601547465682,0.0,0.0,0.0,0.0,0.0,0.00016220951345455352,0.0
Tsc22d1_mm,0.0,0.001077121393573639,0.006182600782059902,0.0,0.0,0.0,0.0,0.0003491733278593142,0.0,0.0,0.0,0.0,0.0,0.004350363150577726,0.0
Tsc22d3_mm,0.0,0.0,0.0,0.05753090412943868,0.5449637700574969,0.0,0.0,0.44751656947563456,0.0,0.2063359523455519,0.04614349883957301,0.0,0.1097457303452126,0.20076562542653373,0.0
Tsc22d4_mm,0.6481171703699573,0.0,0.0,0.7939031665564107,0.1631631097878954,0.10284780487727466,0.19790559662176266,0.45668045966435067,1.7018099395714588,0.0,1.8737698818341597,0.0025219095671314634,0.0,0.0,0.0
Tsc2_mm,0.505668838651214,0.0,0.007507448694460869,0.43130399811102477,0.11515458926528237,0.0,0.0,0.0933867187678303,0.6599363304064874,0.4807579658295366,0.20063312445851245,0.0,0.0,0.19301507417167937,0.0
Tsga13_mm,0.0,0.0,0.0004945225225059135,0.0,0.0,0.0,0.0,0.0,0.00011635481512325319,0.0006862026182671559,0.0,0.0,0.00031362274322438536,0.00010207697197012829,0.0008361468126074714
Tshb_mm,0.0,0.0,6.249229765695182e-05,0.0,0.0,0.0,0.0012309990057360024,0.0,0.0,0.00020471902384083,0.0,0.0,0.0003078265395562704,0.0003138421593233466,0.0
Tsix_mm,0.0,0.0,0.025644348697984907,0.0077415845297949685,0.0,0.0,0.0,0.0,0.0,0.0018781318259889748,0.0,0.0,0.0,0.0,0.0
Tspan11_mm,0.0,0.0,0.0,0.0,0.0,0.0,8.108501349948563e-05,9.624246895559445e-05,2.0069134547359657e-05,0.0,0.0,0.0,0.0,0.0,0.0001401029316341147
Tspan13_mm,0.0,0.07202947721117219,0.0862157922294987,0.4474482269352231,0.007243948451765353,0.0,0.023886010086905204,0.12277033413171377,0.0,0.15981620998618012,0.0,0.03852636047839321,0.0,0.12712188133487037,0.0
Tspan17_mm,0.0,0.0,0.0,0.1610839291485076,0.1302287315727651,0.0,0.0,0.0925249055635754,0.0,0.03986953662719113,0.0,0.0,0.0017277905660949774,0.03495948590723365,0.0
Tspan32_mm,1.003642741395835,0.039934356239359405,0.12776347849248842,1.2813990057513183,0.6378720327144232,0.0,0.004858589435780453,0.0,0.0,0.11421878591462388,0.4388957274373718,0.0,0.0370090562655552,0.41200388879672173,0.0
Tspan8_mm,0.0,0.0,0.0,0.0,0.0,0.0,0.0,0.0,0.0,0.0,0.0,0.0,0.0,0.0007116333559146345,0.0
Tspo_mm,0.42241993212698964,0.0,0.0,0.6148713810674559,0.5699203303164367,0.0,0.5159714542364108,0.4578416538655339,0.0,0.0,0.0,0.0,0.0,1.0974891736102501,0.0
Tspoap1_mm,0.10626475540312946,0.0,0.0111406877583317,0.17747553854971224,0.1736976025438137,0.0,0.0,0.004087546113511868,0.0036200827288256315,0.16427827603088524,0.1621013443444966,0.0,0.1200915650713524,0.0,0.06171001978896217
Tspyl2_mm,0.0,0.0,0.07947296046748735,0.3234346293820186,0.20080182015976816,0.0,0.0,0.0,0.38057481295521334,0.2790913714256329,0.44830178739146914,0.07360699135406149,0.05842324861946796,0.08691925861477584,0.0
Tspyl4_mm,0.0,0.00851453592142442,0.052945246560194066,0.12092175687764217,0.03854041412263964,0.0,0.014446369250053345,0.01582242570634672,0.0,0.021898415909726843,0.05598871392948358,0.015539697928098534,0.0,0.0,0.0
Tspyl5_mm,0.0,0.0,0.0005031748265203087,0.0,0.0,0.0,0.0,0.0,0.0005942372395400645,0.00019205595007926556,0.0,0.0,0.0,0.0007267190985405846,0.0
Tsr3_mm,0.26613090492429453,0.0,0.0,0.2594749133481703,0.22562565623988295,0.0,0.0,0.08663846296864773,0.0,0.1616184600803804,0.25226088423558085,0.0,0.0,0.2600477503338451,0.0
Tssc4_mm,1.499305315579091,0.0,0.03071571907084639,0.21399550152002214,0.3892770974779813,0.0,0.0,0.2549374719445439,0.0,0.3635240754090337,0.0,0.0,0.038857652577555774,0.5127408823252311,0.0
Tssk3_mm,0.0,0.0,0.0,0.0,0.0,0.0,0.0,0.00023859431445345916,4.0299668613584394e-05,0.0012480547342126383,0.0,0.0,0.0,0.0,0.0
Tssk5_mm,3.154701532188265e-05,0.0,0.0,1.99758225743493e-05,0.0,3.229790061507214e-05,0.0,0.0,0.00029108809027791595,0.0001572217551146505,0.00015739481906323913,0.0,0.0,0.0,0.0
Ttc16_mm,0.0,0.0,0.0,0.05573397782339505,0.06397064476815599,0.0,0.0,0.041007400881192736,0.0,0.039735461293363875,0.013405427632176564,0.0,0.01583934165220028,0.0,0.0
Ttc24_mm,0.0,0.00020865351659962972,7.060235352097387e-05,0.0,0.0,0.0,0.0,0.0,1.8619945742065257e-05,0.00019703691887596998,0.0,0.0,0.0,0.0004858416153267406,0.0
Ttc25_mm,0.5703387559056169,0.000847436356110703,0.020767772133325518,0.8472146591535517,0.7282126026310306,0.0,0.0,0.0,0.0,0.8328310927455149,0.28663575261165225,0.08398483493080501,0.23328613312432891,0.46342576774115296,0.293148100676293
Ttc28_mm,0.0,0.0,0.0,0.0,0.04934698329187939,0.0,0.0,0.0007109041654297264,0.0,0.02826716952494963,0.0,0.0,0.0,0.0,0.0
Ttc39b_mm,0.22010225731404703,0.0,0.0,0.2866378513028299,0.3115952885335488,0.0,0.013563093359889372,0.20713690196561643,0.1644211283594603,0.4720019530222199,0.07135517381246048,0.11400379315548224,0.013539640433324665,0.0,0.029356358356850132
Ttc3_mm,0.3840537905936199,0.45246016631429375,0.0,2.0920655981847665,0.9496089655224536,0.7554359919995489,0.5386828682181195,0.2354065408307898,0.09936325871091836,2.108917936001047,1.0388078730881345,0.712404149501466,0.7485130388628705,0.0,0.0
Ttc6_mm,0.0,0.0,0.0,0.0,0.0,0.0,0.0013558163895286092,0.0,0.0,0.0,0.0,0.0,9.304269356039585e-05,0.0,0.0
Ttc7_mm,0.1302017203111366,0.0,0.0,0.23383241947983668,0.11448570599367949,0.0,0.020388050650341234,0.0639078442871943,0.05916815661561186,0.12335869442117421,0.3697648263240199,0.04365803819907872,0.05249305743793753,0.0,0.0
Ttll11_mm,0.821662666890108,0.0,0.0,0.3749183917651501,0.2383132898443948,0.0,0.0,0.0,0.0,0.14228581046730399,0.5437175052866933,0.021042203135062113,0.0,0.08305859299848728,0.38818078751381624
Ttll2_mm,0.0,0.0,0.0005551616009534721,6.4827462043338175e-06,4.63046383994254e-05,0.0,0.0,0.0,0.0,0.0013779147491667415,0.0,0.0,0.0,0.000582690923664026,0.0
Ttll3_mm,0.022012923655077787,0.0,0.0,0.42521941769537297,0.18397667258182776,0.00917976104835367,0.0,0.09387150927454244,0.0,0.49129907436610953,0.15031660708367656,0.007044588494871363,0.0,0.04740049788492598,0.0
Ttll6_mm,0.0,0.0004415797707657955,0.0,0.0,0.0,0.0,0.00048293171126036075,0.0,0.0,0.0030573435615877166,0.0,0.0,0.0,0.0,0.0
Ttll7_mm,0.0,0.0,0.0,0.0004365866997873918,0.0,0.0,0.0,0.0,0.0,9.813799040320804e-05,0.0,0.0,0.0,0.0001933210289205871,0.0
Ttn_mm,0.0,0.004003796437518758,0.011150042649767615,0.005821925425483368,0.0,0.0,0.0018538828011456844,0.0064521491263347525,0.0,0.0350673036846765,0.0,0.0,0.0,0.0,0.0
Tuba3a_mm,0.0,0.005785244559733532,0.011326469275867503,0.003117542603067621,0.0,0.0,0.0,0.0,0.0,0.0,0.0,0.0,0.0,0.001725680404096904,0.0
Tuba3b_mm,0.0,0.0008614358065090328,0.035782930007888784,0.011026079162660197,0.0,0.0,0.0,0.0,0.0,0.0,0.0,0.0,0.0,0.00851431534438484,0.0
Tubb2a_mm,0.11914160840718732,0.0,0.01438000517133636,0.322152686367668,0.01919066945257942,0.0,0.0,0.32928354287872563,0.0,0.0,0.08914184051062772,0.0,0.0,0.13974332023700856,0.0
Tubb2b_mm,0.10753530922965603,0.0,0.0,0.8675474846768083,0.10442743689184104,0.0,0.0,0.806322695112515,0.0,0.0,0.35287759047279543,0.0,0.07522658085680291,0.4529123417329827,0.16925964950794142
Tubb3_mm,0.0,0.0,0.0012343463883427658,0.008993187594230715,0.0,0.0,0.0,0.006261246904379662,0.0,0.0016600571193430276,0.0,0.0,0.0,0.0014809665741625493,0.0
Tubb6_mm,0.1700379886427404,0.0,0.04504360961908427,0.41800134783986537,0.0,0.0,0.0,0.19599242241717363,0.020535846470209198,0.0,0.0,0.0,0.0,0.2575960898985671,0.07868921050168738
Tubgcp2_mm,0.44735873392325826,0.0,0.0,0.5293605353316416,0.30468478376784053,0.003302317267998594,0.1760461607545159,0.007248988263924694,0.22794443961247338,0.12959688339029485,0.6004861342164477,0.0692750641815806,0.0,0.03936254471530258,0.13536508022636448
Tug1_mm,0.06709523104886687,0.0,0.0,0.0,0.12338567316345128,0.08911689480566802,0.0,0.0,0.16695624541278364,0.36500539544925464,0.0,0.0,0.0,0.040370095785697356,0.027922122460812087
Tut7_mm,0.0,0.0724646052293518,0.09006976431101782,0.7496171739134582,0.3472727179485912,0.14864650354271292,0.17241430645337882,0.7348805668531467,0.19715437543768433,1.6116865222587822,0.3558148789828329,0.3011580197818386,0.11762563338438295,0.0,0.0
Txndc8_mm,0.0,0.0,7.850951686506923e-06,0.0,0.0,0.0,0.0008063510845384371,0.0,0.0,0.0,0.0,0.00011559305366214069,0.0,0.00023004936968210458,0.0
Txnip_mm,0.0602687764594254,0.48367708685388244,0.14023706340099568,1.342497231536859,1.494575244760501,0.2854012305365049,0.6506413547877411,0.6520317114031177,0.0,1.5257003854288547,0.0,0.516150840589353,0.0687695012169985,0.0,0.0
Tyk2_mm,0.3376839205883192,0.0,0.02986869550325231,0.449245514735271,0.19798730264793793,0.0,0.0,0.10230044822179585,0.0,0.05595905128152443,0.0,0.0,0.0,0.08391101763820974,0.0
Tyrobp_mm,0.0,0.0,0.05038831340164283,0.0,0.06258995369505026,0.0,0.2191064685284648,0.0,0.0,0.0,0.0,0.0,0.0,0.1749239932289029,0.0
Uaca_mm,0.0,0.0,0.0815493470548019,0.3753998287438171,0.0,0.021532454196302436,0.0,0.0,0.0,0.10816225592905074,0.12063219296262614,0.0,0.14235929830664817,0.008942492194240578,0.28141552842154
Uap1l1_mm,0.0,0.0,0.0,0.22313385917983633,0.4715930679170141,0.0,0.0,0.592195322916935,0.0,0.07411915434231511,0.14921191090725336,0.0,0.0,0.037004361758543255,0.0
Uba52_mm,0.0,0.0,0.0,0.0,0.030307783206049155,0.0,3.9328308898389115,0.18947461743878208,0.4467567364848989,0.45141732490998904,0.0,0.0,0.0,0.5834126458140697,0.0
Uba5_mm,0.27740438648431637,0.0,0.06761728191077175,0.585712190382407,0.45416609725043383,0.18502202677908694,0.0825074485127099,0.22253230096539706,0.014797070000743354,0.7297876632746851,0.310906475248535,0.0,0.0,0.07002809360380435,0.0
Uba7_mm,0.0,0.01565019917268783,0.04291041273302721,0.3794767643473872,0.060366364284104204,0.0,0.0,0.0,0.0,0.08834747753316864,0.0,0.0,0.0,0.035404422229307383,0.0
Ubald2_mm,0.0,0.0,0.0,0.4565335152330627,0.1183979438291361,0.043227226327463536,0.28355290010847023,0.1831818382686141,0.0,0.11357266385658198,0.5093964439485339,0.04094001506008642,0.11994499536318831,0.0,0.4575206441474458
Ubb_mm,1.0090881028006307,0.19441053705944805,0.0,0.0,1.153390698876002,0.0,0.17067324372575549,1.5887557184601118,1.948166199605901,0.21336921896475555,0.8178488031134563,0.0,0.0,4.365819053297821,0.0
Ubc_mm,0.5091483078759516,1.718674149224819,0.0,1.8369590914294545,1.62141348451937,1.324439086225403,0.0,3.4513408023819077,0.0,0.30363158884268704,2.3159430825416294,0.20736035334960165,0.5231819066330312,1.5353939715484743,0.0
Ube2h_mm,0.015325103329432132,0.0,0.022238174592729896,0.579223687943389,0.26563075274521997,0.011346014593115083,0.0,0.17165798733705237,0.37034102428986104,0.29471598464095433,0.0,0.1120081739788459,0.05967358486177975,0.07127122546327448,0.0
Ube2o_mm,0.17068542082442584,0.008007714267691424,0.0,0.6837819731404243,0.15245439313002232,0.13866159950784565,0.0,0.19049134482038108,0.0,0.25676480005418845,1.230921571437121,0.017720713191784865,0.051539199257159406,0.0,4.1394166593543114e-06
Ube4a_mm,0.7674939445746682,0.012906589209874421,0.06255314254783598,0.8863173107148076,0.49024845492425584,0.25621129750203847,0.0,0.3704889370427145,0.6210407454730971,0.8419940791044485,0.4648290158514575,0.09193999986239225,0.0,0.0,0.0007934598642913238
Ubl3_mm,0.6993748188095221,0.0,0.0,0.6011426497825256,0.7878741394013011,0.10409138307738988,0.22344754925076443,0.6215860244963771,0.5950260221742483,0.5786387687716359,0.4721879363048164,0.3061076428106467,0.0,0.0,0.0
Ublcp1_mm,0.15457514056720176,0.02718546949534903,0.056253064355771716,0.22675184120350184,0.09281961559370776,0.0,0.0,0.08984720695315881,0.02286203455226001,0.1666242617455638,0.0,0.015601012430940347,0.0,0.03465613754018736,0.08196407402564616
Ubn1_mm,0.0,0.0,0.2408992096933133,1.0939480509717323,0.555831934688994,0.45344113774006406,0.08014367036905669,0.1349838444405969,0.12480670557000917,1.72935733250125,0.8453075966203001,0.22041758863919803,0.6773073544190833,0.0,0.6458163311999296
Ubn2_mm,0.5470451755387746,0.0,0.10098052046672029,0.7862274706828105,0.370940969333959,0.34183277213408064,0.007838775638801414,0.31888954506317185,0.6725839627895301,1.9775361255199206,0.3133927575189137,0.23925070942617552,0.11913869604456281,0.0,0.0
Ubr2_mm,0.0,0.032886270215068694,0.27184986903616176,2.028815371456453,1.1937986798390847,0.6519553246799499,0.31590888468775596,0.4994294711495332,0.4801170279446859,0.7766045690447964,1.340179995261846,0.4118945849390158,0.16278206553872263,0.0,0.08176736806206132
Ubr4_mm,0.3797978545439649,0.2089679829603699,0.10547831261880983,2.1958744506865377,0.7871338560806783,0.673482824665793,0.0,0.517849162752346,0.0,1.2431325488855853,1.7703915258793081,0.40328349692450227,0.30738818630709025,0.0,0.027577338556862972
Ubtf_mm,1.2971523008558203,0.16117139725519652,0.14154941610078037,0.264208587258205,0.377550492874761,0.5353862303246327,0.0,0.015668725331631064,0.04109789891083127,0.7931931277530543,3.3598142355246137,0.328681759465805,0.928867689511656,0.0,0.3536152829499467
Ubxn11_mm,0.1738420324050059,0.0,0.0,0.2758790531116716,0.12840337170007507,0.0,0.0,0.0,0.0,0.06291892011653583,0.03256920471909474,0.0,0.0,0.24255963302148664,0.0
Ubxn1_mm,0.221096289464215,0.2663057439593726,0.21234084955841911,1.3862237083489346,1.2060514702041107,0.37828010159928216,0.29690883335936896,0.7659618612515279,0.03072552357140722,0.0,1.7539752595700822,0.10841259411115825,1.026328565491163,1.504414010569714,0.6958311404522624
Ubxn4_mm,1.1159673833760047,0.27830416855270607,0.15932775083388467,0.8432073900080376,1.0341458627783475,0.6121205135416404,0.11184661326161609,1.2783881152911343,0.29980174064793513,1.8101826464100743,1.1816938251341358,0.13350381867753516,0.585268304324391,0.004036155133402807,0.0
Ubxn6_mm,0.16956134892890962,0.0,0.01814388696106285,0.3951221037834962,0.29199880666125005,0.0,0.0,0.30152675895615644,0.02205361311051039,0.1256828238129309,0.3587528568021725,0.0,0.0,0.08896178601455196,0.0
Uckl1_mm,0.04755040210401549,0.02431207276499237,0.0,0.18427342910295283,0.11149473159768236,0.0,0.0,0.03803035016284586,0.04869617250129599,0.10182953067408827,0.025102531143545787,0.020849774412905073,0.0,0.004540658665664866,0.0
Ucn2_mm,0.0,0.0,0.0009355523702771869,0.0,0.0007886449983966735,0.0,0.0,0.0010101952007799519,0.0,0.003672460698301912,0.0,0.0,0.0,0.0005866249646972029,0.0
Ucp2_mm,0.7465023414470636,0.0,0.0,1.6646481056290907,0.6454201142084823,0.1533968683163549,0.0,0.0,3.0147015109259527,0.0,1.2742979994697432,0.23902112808521092,0.0,3.1470858467803557,0.3100426845252631
Ufl1_mm,0.47547997883487275,0.004136716142938843,0.05534801772465694,0.2906038792697443,0.3735456562698381,0.01543781282350945,0.0,0.28799132212692913,0.06637269602838111,0.7135709658819169,0.40277666650129546,0.1463009795106701,0.0631456108628636,0.04062460943158833,0.11555153719955481
Ulk2_mm,0.0,0.009178931047921076,0.0,0.11167438618907609,0.07023995578360005,0.0,0.011982578786082023,0.011467014907454755,0.037915320773354085,0.07467664599266935,0.0,0.008877072003263509,0.0,0.007204264744826812,0.0
Unc13c_mm,0.0,0.0,0.0002572323270192738,0.00023465516020649725,0.0,0.0,0.0003249445840521078,6.843797116317754e-06,0.0002795805102473285,0.0,0.0,0.00015487916438126526,0.0,0.0005994445191446748,0.0
Unc13d_mm,0.0,0.0,0.3701837724262814,0.0,0.17648972460642703,0.0,0.0,0.0,1.6646057304349615,0.09681718991128695,0.0,0.0,0.4686904625076461,0.05464235881345619,0.0
Unc93a_mm,0.0,9.8846508934377e-05,0.0008521515450455324,0.0,0.0,0.0,0.0,6.465348393088521e-05,0.0,0.0012711637066528966,0.0,0.0,0.0,0.0,0.0
Unc93b1_mm,0.5672675374986728,0.07695397737925808,0.03675684438717713,0.9567139580200018,0.42138660004376577,0.0,0.007563922663037079,0.08199425464790608,0.0,0.2873955394530806,0.0,0.03742555455683803,0.08969812688563482,0.02396222935423196,0.0
Upf1_mm,0.006744300929127648,0.0,0.0,0.13632609988020866,0.025791810991060916,0.04017936677548957,0.0,0.09829277648739027,0.1786184150846954,0.34512946766473207,1.1944615151561364,0.04315760738723363,0.04194996321802388,0.0,0.0
Upf3a_mm,0.31122379963232544,0.0,0.056590174113348685,0.32397478431267074,0.2643147695262587,0.0,0.0,0.0,0.0,0.4621032856087135,0.36536139206664175,0.0,0.15775799860395362,0.10794972532886067,0.18040654548451163
Uqcr11_mm,0.9833824832338791,0.0,0.19355115482068516,0.4082228604136227,0.0,0.6395557827755353,5.96095368370604,0.06464710115055913,0.5572145742737142,0.0,2.2161516624258133,0.0,0.09674312459309585,0.0,0.0
Use1_mm,0.6270431961249264,0.0,0.06636581512450036,0.7007525332886322,0.42445956418392783,0.0,0.22003369352147298,0.20992535705143672,0.0,0.16206884127756707,0.2769591648576711,0.0,0.0,0.849766337794932,0.0
Usf1_mm,0.19130431095582856,0.0,0.0,0.01280123886602114,0.08643754011969648,0.0,0.0,0.08784785117941461,0.0,0.33481083537082196,0.13661486830124858,0.0,0.10537056622636935,0.04081530231700169,0.0
Usf2_mm,0.12915745183413999,0.0,0.07044347860554324,0.4743527263685101,0.5250082562806889,0.0,0.0,0.3107618258030245,0.839406689294052,0.12691051315910695,1.114456363221263,0.13420526342580746,0.0,0.0,0.0
Ush1c_mm,0.0,0.0,0.00017979187586685853,0.0011501779345653,0.0,0.0,0.0,0.0,0.0,0.0,0.0,0.0,0.0,0.0004857793677963874,0.0
Ush1g_mm,1.8254523440076997e-05,0.0,0.0,7.216007037613611e-05,0.0,0.0,0.0,0.00036819707155196895,0.0,0.0,0.0,0.0,0.0,0.0,0.0
Usp11_mm,0.04939920689237644,0.0,0.006627249772894045,0.5834482713942202,0.30062212183311854,0.0,0.011140392264859576,0.03729989375338689,0.195377873053461,0.013222171265498812,0.2072082917920287,0.04971296767466908,0.08145485055041661,0.09342223866489147,0.0056041840076961535
Usp13_mm,0.0,0.0,0.0032901303008669096,0.0,0.0,0.0,0.0,0.016965893271061565,0.0,0.04382587693746366,0.0,0.0,0.0,0.0,0.0
Usp17la_mm,0.00647419220182583,0.0,0.004603748904334188,0.0,0.0,0.0,0.0,0.007423697003408732,0.0,0.043946447537392616,0.01056413006379939,0.0,0.013989880396933087,0.0,0.0
Usp17lb_mm,0.0,0.0008955223981729971,0.0015484686589147395,0.0,0.0,0.0,0.0,0.0031604989446333592,0.0,0.001594842238516593,0.0,0.0,0.0,0.0,0.0
Usp17lc_mm,0.0,0.0017912677996533184,0.00255087357801447,0.0,0.0,0.0,0.0,0.00304074176297924,0.0,0.00540804353580121,0.0,0.0,0.0,0.0006651584905336083,0.0
Usp17ld_mm,0.0,6.033767614417211e-05,0.0011785555352517064,0.0,0.0,0.0,0.0,0.003958723735479745,0.0,0.002883265777492325,0.0,0.0,0.0,0.0,0.0
Usp17le_mm,0.0,0.004041700573383794,0.0011851255508907395,0.0,0.0,0.0,0.0,0.00098676791829282,0.0,0.006752433993249976,0.0,0.0,0.0,0.0,0.0
Usp20_mm,0.37309614469818836,0.0,0.0,0.5066069979523198,0.2961535686945855,0.0,0.0,0.10184736706973199,0.0,0.1773745376140946,0.2824000743263459,0.0,0.0,0.004182109770525541,0.0
Usp26_mm,0.0,0.0005039052352772884,0.023770101725302268,0.013108603675926096,0.0,0.0,0.0,0.0,0.0,0.0,0.0,0.0,0.0,0.0,0.0
Usp2_mm,0.015554312309849227,0.0,0.0,0.04790168699808165,0.08966281175108479,0.005707335122088811,0.0,0.17457635652799652,0.05125901601752302,0.2279777860164761,0.0,0.0,0.0,0.018296312973945447,0.030471564386935643
Usp36_mm,0.0,0.07664816565231831,0.0,0.5084467553018103,0.08181485199921332,0.2052176263476163,0.0012963217501580887,0.1732089895485179,0.0,0.9296220682808355,1.9394493385289506,0.09366518964144753,0.5285007084230449,0.026890870806920902,0.0
Usp3_mm,0.0,0.0,0.0,0.802708969913009,0.2365712046506848,0.027929621826560513,0.42131678317527227,0.3380737074558649,0.5880361745057329,0.3031570684814218,0.7402930779652406,0.18560468478759123,0.06160029043284903,0.11331089550634428,0.0
Usp42_mm,0.26480997492221786,0.08558947506483604,0.0,0.43958838520400306,0.10838739806760131,0.020271468235357845,0.0,0.1320641180500116,0.1836180752479957,0.45440198966294215,0.748569521467746,0.0,0.0,0.002804057526161446,0.0
Usp46os1_mm,0.0,0.0,0.0,0.00018498003087106006,0.0,0.0,0.0,0.0,0.0,0.0,0.0,0.0,0.0,0.0,4.029056073716788e-05
Usp50_mm,1.4097548758766076,0.0,0.45065585451086937,0.41629304624630387,0.0,0.7424401766763633,4.780779923129113,0.059258474072140396,2.5050303876757787,0.0,2.062194998289474,0.0,0.0,0.0,0.0
Usp8_mm,0.17107397492570373,0.0,0.0531912041348103,0.7541683104534064,0.19177279895182356,0.04693912690805616,0.0,0.18201362123986625,0.6648404227096989,0.6185824335811109,0.52770043371381,0.22903063436689688,0.10203847752469933,0.0,0.19495329917889503
Utrn_mm,0.0,0.0,0.130629886748564,1.1364244036706685,0.4381570650188976,0.0,0.0,0.18729479990275258,0.0,1.425325420882286,0.28214839259402436,0.1426517203731983,0.6281407208550179,0.0,0.23765865797467495
Uts2b_mm,0.0,0.0,1.99913806043867e-05,9.12046991499551e-06,0.0,0.0,0.0,1.662230349431779e-05,0.0,0.00017081412569672588,0.0,0.00015737891466707945,0.0,0.0,0.0
Uts2r_mm,0.0,0.0,0.0,0.0,3.747166966544144e-05,0.0,0.0007856739341571328,0.0,0.0,0.0,0.0,0.0,0.0,0.00039458034464451194,0.0
Uvrag_mm,0.12098994053252189,0.0,0.0,0.7993067800644927,0.2089071934046104,0.11477404476393908,0.198616699608428,0.2482191008882303,0.5446949782057994,0.6226364029154601,0.8048587123339411,0.15996273944597753,0.23107501650245957,0.005352889940526251,0.0
Uvssa_mm,0.007903595135527785,0.09595403825023965,0.0,0.452303202585916,0.38281636826672244,0.0,0.0,0.16496437301999511,0.1741705086736177,0.4065813227241166,0.01546374017152134,0.02356383193590602,0.0,0.0,0.0
Vac14_mm,0.28268289580881883,0.0,0.0,0.5057545541960438,0.1839999879708979,0.07229845451488759,0.009900619370053059,0.05996175101846095,0.19274218657881229,0.2134189892991922,1.0948311442364074,0.09696296570288691,0.0,0.15740524772347814,0.0
Vars_mm,0.0,0.05054849416577713,0.02860063711200507,0.6891777690200709,0.6181194760372607,0.0,0.07749606416926365,0.00852867378917614,0.0,0.0,2.1739438606781922,0.47550075029181393,0.4979658951951399,0.11629924467601084,0.9981183511999208
Vat1_mm,0.12835922090086763,0.03316467112334676,0.05678047618441461,0.7246964418352032,0.6685633115541603,0.0,0.20461710533311045,0.76249881473291,0.0,0.0,0.3292481614804215,0.04341411867660056,0.0,0.0,0.0
Vat1l_mm,0.0,0.0001998305951545475,0.0004019098208480365,0.0006325912672543883,0.0,0.0,0.0,0.0,0.0,0.00012062307874565227,0.0,0.0,0.0,0.00014389360781540052,0.0
Vav2_mm,0.47668721754505267,0.0,0.0,0.30062194240940604,0.18376962832961835,0.0,0.0,0.044874518894043126,0.0,0.14508377644774134,0.07969364056345701,0.011858917414964112,0.08948620858426612,0.03893366752568737,0.0
Vcan_mm,0.004285525384649301,0.004882764421188987,0.003974628645316404,0.02171085479566435,0.0,0.0,0.0005136216896201114,0.0,0.012530277585734242,0.022186670085790672,0.0041614592198885225,0.0,0.0,0.0,0.00326142182984174
Vcp_mm,2.802479511623117,1.3832471288664958,0.011042077531436678,0.0,1.6519619057155828,0.950352872097467,0.0,1.1614860875852806,0.0,0.0,4.446492432897225,1.6853218063530027,1.6250545002902557,0.16594272746953811,0.0
Vdr_mm,0.1090285965915831,0.0,0.0,0.1031286378824748,0.08182841670130651,0.0,0.0,0.005747890543238972,0.023770727553413487,0.05943501185918784,0.0,0.0,0.0,0.0032394227303986427,0.0
Vegfa_mm,0.0,0.0,0.0,0.0,0.0520178709541055,0.0005004577085276592,0.0,0.0,0.035153966326829926,0.15342299749032595,0.34403338736376105,0.1312253192735997,0.17143904497455745,0.0,0.0
Vegfb_mm,0.0,0.0,0.012340641554486614,0.30355272936222544,0.040253093870693875,0.02037053516499011,0.07395530069820459,0.09881570738523733,0.368911946055898,0.0038604778687643068,0.5467394199883685,0.023871111410049724,0.0,0.051128115652946456,0.0
Vezf1_mm,0.0,0.0,0.005684027072552558,0.6323637084961893,0.054331924898286275,0.0679001411144539,0.2349040487214789,0.2365558792899373,0.4894863321893582,0.5544627059641446,0.10968097323623395,0.0,0.0,0.0,0.04654408690446756
Vgll4_mm,0.0,0.09675033393553659,0.06878317695906223,1.9067654610995353,0.21524247208964728,0.2856109808380702,0.0,0.7322592264541822,0.0,0.7251471407468897,0.7865009070756077,0.0025500756270944486,0.0,0.1728825420783522,0.0
Vil1_mm,5.6164892192375554e-05,0.0,0.0008833951212288204,0.0,5.182089609777041e-05,0.0,0.00028512352561449217,0.0006537860430633671,0.0,0.002229533615715196,0.0016914984623495775,1.228320931419073e-05,0.0,0.0,0.0
Vill_mm,1.4494423084502246,0.04176313217580262,0.02492685375114159,1.2230779659727073,0.9752050806814967,0.0,0.0,0.5937923928010443,0.0,0.0,0.3717757813017084,0.0,0.15538025922819448,1.1025950588237976,0.0
Vmn1r12_mm,0.0,0.0,0.0,0.0,0.013886864906760868,0.0,0.0,0.0080670078332295,0.01813010530901025,0.029759370983331087,0.021368393536510853,0.0030873555502968237,0.00031083646083978467,0.005910381673393539,0.0
Vmn1r171_mm,0.0,6.553110804790666e-05,0.0,0.0,0.0,0.0,0.0,0.0001812369715219389,0.00021110208522468865,5.234565495991718e-05,0.0,0.0,0.0,0.0,0.0
Vmn1r173_mm,7.524857322870308e-05,0.0,0.0,2.726147031674559e-05,0.0,0.0,0.00017545397400657058,0.0,0.0,0.0,0.0,0.0,0.0,9.919148656074325e-06,0.0
Vmn1r179_mm,0.0,0.030169544793623618,0.0008664084428351642,0.0,0.0,0.0,0.016171404504895605,0.03555709946134689,0.014829426907282112,0.12219607326436499,0.0,0.0,0.007880322738424407,0.0,0.0
Vmn1r188_mm,0.02798608243452013,0.0,0.0,0.02367802302322948,0.05081074106609656,0.0,0.0,0.0,0.0,0.11479222948921255,0.03380851234071542,0.0,0.021566580909038645,0.0,0.16153473972653748
Vmn1r195_mm,0.0,0.0006150067026239001,0.0,0.0,0.0,0.0,0.0,0.0,0.0,0.00017304725154422546,0.0,0.0,0.0,0.0003469603777349814,0.0
Vmn1r197_mm,0.0181228086759117,0.0060127300633040425,0.0,0.01327546378804371,0.013217990801847464,0.0,0.0,0.011564956390623403,0.0369306169339822,0.11241035426276066,0.014353791395297697,0.006696558221838966,0.0,0.004579111005364876,0.0
Vmn1r201_mm,0.023660264989389623,0.000472894750481627,0.0,0.026580520468113652,0.0,0.0,0.0,0.001972889583618116,0.0699687232996349,0.12671184415553624,0.029473128594055476,0.0051185959812379694,0.0,0.004323836932396602,0.0
Vmn1r204_mm,8.936464476694297e-05,0.0,0.0,8.399298653821322e-06,0.0,0.0,0.0,1.9945205660403852e-06,5.299727679490551e-05,0.0,0.0,0.0,0.0,0.0,0.0
Vmn1r218_mm,0.011309823054670655,0.010928995524745822,0.02082062941837999,0.013128667121923553,0.0,0.0,0.0,0.0,0.07597800075388741,0.33326167962246706,0.054798130827926415,0.006153279588608767,0.02703788850119362,0.011785140923755655,0.005327221841471204
Vmn1r224_mm,0.0,0.0,0.0,0.0,0.0,0.0,0.0,0.0,0.0,0.036999868212003545,0.0026828433861534125,0.0,0.05646068455998036,0.0,0.0
Vmn1r226_mm,0.0,0.0,6.048667761894399e-06,0.0,0.0,0.0,0.0011048123492026483,0.0,0.00014739481001433216,1.3118572882644247e-05,0.0,0.0,0.0,0.00021430457115820457,0.0
Vmn1r227_mm,0.0,0.0057727115853729105,0.0,0.0,0.007169516651700979,0.0,0.0167705517208074,0.002778890295375198,0.03737905809633615,0.07498970234721523,0.02362202338538371,0.009035116395569857,0.012509640776168372,0.013209226528252677,0.0
Vmn1r32_mm,0.0,0.0,0.0001783428848683158,0.0,0.0,0.0,0.0,0.00028091398899577854,0.0,0.001702500389388802,0.0,0.0,0.0,0.0012030984598136694,0.0
Vmn1r36_mm,0.0,0.0,0.0001417654341361755,0.0,0.0,0.0,9.99361071022234e-05,0.0,0.0004354085606339497,0.0,0.0,0.0,0.0,9.769493884914296e-06,0.0
Vmn1r43_mm,0.0,0.203403307652612,0.24880352484017007,0.6720609693752915,0.0,0.0,0.0,0.0,0.0,0.02314809031604451,0.0,0.0,0.0,0.0,0.0
Vmn1r44_mm,0.0,0.0,0.0,0.0,0.0,2.3963696083930694e-05,0.0,0.0,2.270276715691458e-05,0.0,0.0002274503610800242,0.0,7.969584399029867e-05,0.0,0.0
Vmn1r45_mm,0.0,0.0,0.00028034919964853213,0.0,0.0,0.0,0.00017825053950280454,0.0,0.0,0.0,0.0,0.0,0.0,0.000957645391456472,0.0003627159606068757
Vmn1r55_mm,0.059433216798071946,0.05340948897596422,0.0,0.06221321332893551,0.0,0.0,0.0,0.0017301937611799785,0.07385374355807989,0.4454159204729463,0.014588604161477605,0.021106642858153075,0.0,0.01681075596817899,0.0
Vmn1r57_mm,0.0,0.0,9.651052558015157e-05,0.0,0.0,0.0,9.512863308369781e-05,0.0,0.0,0.0010571548900644473,0.0001484726129079324,0.0,0.0,0.0,0.0
Vmn1r60_mm,0.0,0.0,0.005127433306747487,0.0,0.0,0.0,0.0,0.0,0.0,0.0912278133033004,0.023090463202784916,0.0,0.17665138252798096,0.0,0.0
Vmn1r66_mm,9.754665915731923e-06,0.0,0.0,0.00023295680755636012,0.0,0.0,0.0,0.0,0.0,0.0,8.366174470782312e-05,0.0,0.0,0.0,1.6540570774048695e-06
Vmn1r67_mm,0.0,0.0,0.0,0.0002934212303512828,0.0,0.0,0.0,0.0,0.0,0.0,0.0,0.0,0.0,0.0,0.0
Vmn1r6_mm,0.0022061105659367895,0.0051610800001943066,0.0006142228082961506,0.007105016637550149,0.0,0.0,0.004649423277390609,0.0,0.0,0.09524492563123141,0.02156225937851902,0.0,0.0007591873195012805,0.0016417535197723251,0.019358205416525713
Vmn1r73_mm,0.0,0.002188962427737185,0.0,0.0010343143141996573,0.0,0.0,0.0,0.0,0.0,0.02422658556148653,0.0,0.0,0.01224679419183332,0.0009288491601488754,0.0
Vmn1r81_mm,0.09929558279127397,0.04680983883295672,0.0,0.08329394318076218,0.0,0.0,0.0,0.0,0.08134006243528498,0.5406792917477152,0.03614886197026943,0.01573721904356172,0.0,0.03767268152911751,0.0
Vmn1r85_mm,0.0,0.0,0.0024100415025176468,0.0,0.0,0.0,0.0,0.0,0.0,0.04964562987377638,0.0,0.0,0.10116231151045223,0.0,0.0
Vmn1r87_mm,0.013516164002957997,0.0,0.0,0.0,0.0,0.0,0.0,0.0,0.003836952634626895,0.06671877448446946,0.01665220186895468,0.005504157961690966,0.007198655283388571,0.0008819629020679597,0.0
Vmn2r-ps159_mm,0.0,0.0,0.0,0.0,0.0,0.00010680460512543639,0.0,0.0,0.00018117215768414046,0.0012026728178493983,0.0,0.0,0.0,0.0,0.0
Vmn2r101_mm,0.0,0.00040156655042021636,0.00028958715276992833,0.0,0.0,0.0,7.848512037790136e-05,0.0,0.00045134347638004494,0.00027118354322390134,0.0,0.0,0.0,0.0,0.0
Vmn2r108_mm,0.023153879369809324,0.017087974891155516,0.0,0.021148989379014355,0.0,0.0,0.0,0.0013313157724580693,0.05375097564058425,0.10880516555364739,0.02040317795387678,0.00902056998669222,0.0,0.006208207403987532,0.0007014638875499752
Vmn2r10_mm,0.004476216699703954,0.0,0.0,0.0,0.0,0.0008145469287615184,0.0,0.0,0.002255689473584039,0.004518917768779719,0.0,0.0003164082324956673,0.0,0.0,0.0
Vmn2r113_mm,0.0,0.0035030463813663358,0.0018055511977548705,0.0,0.0,0.0,0.006520477261904553,6.258182248506615e-05,0.014016538045803415,0.021511878348614198,0.0008623950860006962,0.0,0.011535161794137036,0.005372760032114469,0.0
Vmn2r117_mm,0.009562787850151157,0.00483003500725164,0.0,0.00850925716655491,0.0,0.0,0.0,0.00542520038004066,0.031105401836597137,0.06536285031248779,0.01421302052066712,0.0003270384328786456,0.0,0.0,0.0
Vmn2r120_mm,0.0,0.0,0.0,0.0,0.0003718943057083824,0.0,0.004016290413918209,0.0,0.017436941637369897,0.11519779006669638,0.012777973126283114,0.0,0.16378407515170335,0.0023584562068652247,0.0
Vmn2r124_mm,0.0020264448879947407,0.003973168129409847,0.0,0.0,0.008429014697672235,0.0,0.0008838027756945051,0.005061719803817728,0.03126354280462112,0.04131199066011057,0.02734934440458979,0.007960382010923472,0.0,0.01335485769680668,0.0
Vmn2r17_mm,0.014774709757437237,0.009313248373254441,0.0004379782294249403,0.0,0.0,0.0,0.0,0.0,0.021522181521483427,0.09506816954981787,0.01758008774470464,0.0,0.01684366335166989,0.002876947394733194,0.0
Vmn2r26_mm,0.001252665915168761,0.003365719300545361,0.0,0.0,0.008551585089509558,0.0,0.0034765574108221934,0.0,0.017719689102815257,0.027578324393715374,0.00910280446843413,0.0,0.0,0.01046296603531682,0.0
Vmn2r27_mm,0.0029971593167646853,0.0,0.0,0.0,0.011060482730555439,0.0,0.0,0.0012981307878569505,0.02131952273212395,0.021487022797388868,0.02153234709446356,0.0012440777720989428,0.0,0.00438975973477395,0.0
Vmn2r3_mm,0.0,0.0,0.08986202906659933,0.0,0.0,0.0,0.0,0.0,0.367948003233698,0.0,0.0,0.0,0.10206979993401705,0.0,0.0
Vmn2r59_mm,0.04108930246876275,0.04397047039757408,0.07794269938993706,0.07946583371786574,0.0,0.0,0.0,0.0,0.10960394215289183,0.8041513266430987,0.15450335657243075,0.035655247949586355,0.004301812308627314,0.019455572116187307,0.042128573787273554
Vmn2r65_mm,0.0,0.0,0.011967638643382216,0.00816604927611285,0.0006816425411908597,0.0,0.002650376481805502,0.0,0.04929294781999442,0.03976769529720578,0.0,0.0,0.013506388221687341,0.0,0.0
Vmn2r76_mm,0.05473442439812079,0.03276969512102747,0.009276780209574793,0.04528046901324269,0.0,0.0,0.0,0.0,0.01791873006419805,0.35065220662130286,0.06113278623349103,0.0008675065921575567,0.0,0.004474447604788517,0.0
Vmn2r78_mm,0.0,0.00028201697826339575,0.0,0.0,0.0,0.0,0.0,0.0,0.0,0.00011239587684898666,0.0,0.00016516696643521252,0.0,0.0,0.0
Vmn2r79_mm,0.1183539108168125,0.13144130844442178,0.09862848865820656,0.21595846140378253,0.0,0.0,0.0,0.0,0.16747902674539744,1.2458600009289478,0.15458536304897444,0.03126436676465327,0.0,0.003964687305979112,0.007084948280622909
Vmn2r90_mm,0.00752928052512169,0.0396192423470881,0.017209765060201287,0.01830610049236545,0.0,0.0,0.0,0.0,0.061993036548653874,0.18427483145444873,0.012686059127221642,0.0033549818031218706,0.006642013014823056,0.0,0.009380343378694589
Vmn2r91_mm,0.0,0.0,0.0014784414735837842,0.0008348284960998197,0.0,0.0,0.0,0.0,0.0,0.0,0.0,0.0,0.0,0.0,0.0
Vmn2r94_mm,0.0,0.00020868221564277796,0.0,0.0,0.0,0.0,0.0,0.0,0.0,0.0005680199659499899,0.0,0.0002218989979507039,0.0,0.0,0.0
Vpreb1_mm,1.9453908068475319,0.0,0.10298007143685398,1.9602894628170218,0.6712857176578311,0.2969965854358189,2.632178495777702,0.0,0.0,0.0,0.7361057667641839,0.0,0.772064553061063,1.813896530802309,0.12490787699851803
Vpreb2_mm,2.380602886364695,0.0,0.0,1.140933472921602,0.9494077335818464,0.17625414022166846,4.21555562295676,0.4863315138220205,0.0,0.0,1.4296037225740583,0.40014380309171865,1.724981615074783,2.4871679019100594,0.0
Vps13b_mm,0.371665073033789,0.0,0.03985214708224049,1.1417857573990098,0.7052789130319185,0.26337660472700203,0.0,0.19120478050797216,0.803488186543993,1.1894656770444436,0.43479658297147805,0.5035585019677795,0.062557496526459,0.0,0.8806859399879606
Vps16_mm,0.5486831879069095,0.0,0.0,0.394668118157395,0.22626648703825242,0.0,0.0,0.027509602503266957,0.0,0.343612167422209,0.5497573722796132,0.03407032181945726,0.1705081500679642,0.12670346449870068,0.39914080635807736
Vps28_mm,0.3260007983198429,0.0,0.0,0.36790835455221627,0.27635237591228623,0.0,0.10256211401878904,0.13548634101100535,0.0,0.0,0.0,0.0,0.0,1.245619869149114,0.0
Vps35l_mm,0.42775984974429365,0.0,0.019601498869402115,0.501234192574432,0.35836218140844994,0.0,0.0,0.6072825339872662,0.28353568771374454,0.3774618106026594,0.2964174519174872,0.0,0.030710450201185218,0.1310068457739798,0.11440564542096936
Vps37a_mm,0.373835620749465,0.030454825714853334,0.04917558683463471,0.47197512855021034,0.24917157180775112,0.0,0.11738906756590746,0.39431638937935787,0.31664142715437393,0.640641915451736,0.06424257078273683,0.04131421706769447,0.0,0.0,0.0
Vps37b_mm,0.0,0.0,0.0,0.002718880224060635,0.0363283032640315,0.0,0.0,0.15728779944425483,0.0,0.20194009182128983,0.31830462202174303,0.09732653704666357,0.0038897973245811917,0.0,0.0
Vps39_mm,0.14049206347002968,0.0,0.0,0.4276497677180206,0.20306315177394704,0.0,0.040404692473332664,0.23173635964124153,0.16834135404584344,0.23807587578042866,0.12044054160512462,0.02795820252023857,0.0,0.015738349589849474,0.0
Vps52_mm,0.008358622569692225,0.007461515466104315,0.0008258025695381435,0.1383499074987005,0.0694214227758935,0.0,0.0,0.010870846853059639,0.09023205630810108,0.07758036691898414,0.14085385299760306,0.0072692556798579526,0.0036635190795979017,0.05541132202753508,0.0
Vps8_mm,0.10573272080096624,0.0029968251241599864,0.009633769939068955,0.2666450722510455,0.1693589451656085,0.0,0.028075138714895587,0.1329779546295308,0.09221410168321174,0.3175340399152935,0.1667949667788229,0.07563947911332168,0.0,0.031813385740813285,0.0
Vsir_mm,0.0,0.0,0.0,0.16509171672215667,0.14120943945233627,0.0,0.0,0.39492552888776566,0.0,0.05472046760233674,0.0,0.0,0.0,0.0,0.0
Vstm2a_mm,0.0,0.0,0.0,0.0005531888749405645,0.0,0.0,0.0,0.0,0.00026907556121823814,0.00031945139540109023,0.0,0.0,0.0,0.0007945389832261827,0.0
Vstm4_mm,0.0,0.0,0.0,0.00021700441730174988,0.0,0.0,9.942929211978955e-06,0.0,0.0,0.0,0.0,4.539859914198442e-05,0.0,0.000147206581073857,0.0
Vti1b_mm,0.439742101762726,0.0,0.052706932216793734,0.28366993203367485,0.35891627498870177,0.0,0.08244588955082534,0.25859640779484944,0.05453609220574276,0.0,0.2441741433547944,0.044557316033869185,0.035689536024795805,0.5401707023858092,0.0
Vwa5a_mm,0.0184894661873065,0.0,0.0,0.4346361185961705,0.12494237240651344,0.0027050999689375013,0.0,0.4058838897188456,0.26117772895745917,0.17240116828363883,0.008343602830140654,0.012343750964492186,0.0,0.0,0.0
Vwa8_mm,0.3975201243927687,0.0,0.0,0.12985457417143573,0.2063016011972609,0.0,0.010334220603558776,0.004326918678126128,0.11923362143618414,0.5746557581901647,0.4024236827823465,0.16267849964115413,0.09436686561887048,0.0,0.03879686302099398
Vwde_mm,0.0,0.0,0.0,0.0,0.0,0.0,0.0003267026202868294,0.0,0.0,0.0,0.0,0.0,0.0,0.00018550781864809488,0.0
Vwf_mm,0.0,0.0,0.0,0.0015719528987403752,0.02588695261075493,0.0,0.0,0.03006360623264764,0.0,0.017624419003181537,0.0,0.0,0.0,0.0,0.0
Wars_mm,0.49497671456531545,0.0,0.007971978939557556,1.2708195547662178,0.7357517137954765,0.39496306574973056,0.27256242619613047,0.31799941916550534,0.19307699646877666,0.0,1.4405834526650176,0.0924588381461558,0.16373886576525742,0.3288516276573203,0.24232394933270365
Washc1_mm,0.054989153665371,0.0,0.0,0.4422783894729292,0.2579075551582839,0.0,0.0,0.11042929129953628,0.0,0.1874683946427105,0.6609130890853591,0.06781634799229863,0.03201635878003476,0.033185976088444515,0.0
Washc2_mm,0.06347037325228938,0.13217890329028043,0.08200989386977196,0.7103629833209886,1.0051812459978207,0.6079432398460994,0.03568940875348459,0.9597062633204844,0.0,1.9810384526483586,1.7474731107185224,0.4690300906994288,0.7733935848738409,0.0,0.0
Washc3_mm,0.053751060046207534,0.0,0.0,0.0002494567130450682,0.05351973487356489,0.0,0.005791089679714395,0.009286624612211474,0.0695785593975688,0.05724212885898646,0.0,0.03618999974345315,0.00835549469086641,0.027532057467808315,0.0
Wdfy3_mm,0.0,0.021987110951691258,0.013381053855541036,0.19749752538394658,0.018902778741568503,0.0,0.0,0.18393425153338394,0.0,0.16349699877323423,0.05540126892485181,0.016678861672762845,0.0,0.0,0.0
Wdr17_mm,0.005771259344083622,0.011363241209619825,0.003996602130276294,0.0,0.0,0.0,0.0,0.00017146904862991392,0.0245982201590045,0.05417718637550663,0.003959790849825995,0.0,0.015026176430897827,0.0009878355119829869,0.0
Wdr26_mm,1.3617920309423608,0.0,0.11579411112571887,1.077387463393323,0.6776044958417621,0.32288575278122716,0.01866886967655364,0.790601222081551,1.1529535844823031,1.0175808592161646,0.0,0.11171080330676328,0.0,0.17128815020983443,0.0
Wdr31_mm,0.0,0.5126459193394586,9.340102462647906,0.7182994194946942,0.0,0.13966376705696468,0.0,0.0,0.0,0.11020306292693449,0.0,0.0,0.9140018995612219,2.535852268094547,0.03404208811349441
Wdr66_mm,0.0,0.0,0.06871849946247212,0.2243836630159444,0.08679425631965332,0.0,0.0,0.0,0.2270046239395567,0.2561369450353921,0.12625758839980863,0.0,0.4029321822376871,0.0,0.0
Wdr70_mm,0.09189832184382621,0.0,0.0,0.0,0.04046243966244682,0.0,0.08709229657420893,0.3599075617550383,0.906286115593672,0.25231216709176607,1.3548506331585677,0.0,0.4437557092033318,0.07966266210832873,0.0
Wdr7_mm,0.17109267194807767,0.0,0.0,0.5161119125990536,0.1684764059479143,0.002985391656897945,0.0,0.20523061500577525,0.16092380089674518,0.14592479030564057,0.054390457819334555,0.0,0.0015976292085466402,0.07808674080405077,0.0005341062247982588
Wdr81_mm,0.012116065249848719,0.022459085418354122,0.031021784707997657,0.43488355544479373,0.20562944423479207,0.0,0.0,0.585487104050043,0.0,0.5371559098753539,0.1718937508355985,0.0,0.0,0.028731137318388892,0.0
Wdr89_mm,0.0,0.0,0.05034973256800585,0.18767311164767692,0.0,0.0,1.3055826462665228,0.0,0.24562582273750924,0.3372057158510236,0.15528535926511483,0.0,0.31861772130991217,0.0,0.0
Wdr95_mm,0.0,0.0,0.00286809940758327,0.0038708172180741875,2.52433021464822e-05,0.0,0.0,0.0,0.0,0.0,0.0,0.0,0.0,0.0032600146609113906,0.0
Wfdc10_mm,0.0,0.0,0.0,7.364203555828472e-05,0.0,0.0,7.323290745093371e-05,0.0,0.0,0.0,0.0,0.0,0.0,4.143165058831736e-05,0.0
Wfdc12_mm,0.0,0.0024652948124493086,0.013066225432043796,0.003005749146905984,0.0,0.0,0.00640650959622738,0.002158779396463975,0.0,0.007920192426028977,0.0,0.0,0.0,0.00571703344682511,0.0
Wfdc13_mm,0.0,0.0,0.0030270423514472296,0.0,0.0,0.0,0.0,0.0,0.0,0.0,0.0,0.0,0.0,0.044028476233233985,0.0
Wfdc17_mm,0.0,0.0,0.0,0.0,0.038005644021544605,0.0,0.06250354815858071,0.4669161979774964,0.0,0.0,0.0,0.0,0.0,0.0,0.0
Wfdc2_mm,0.0,0.0,0.0006677582433817023,0.0011851632757741621,0.0,0.0,0.0,7.277457188422085e-05,0.0,0.0020168870421823893,0.0,0.0,0.0,0.0006301852619025676,0.0
Wfdc8_mm,0.0,0.0,0.0,0.0,0.0,0.0,4.211114379229764e-05,9.127594816024115e-06,0.0,8.715887457076964e-05,0.0,0.0,0.0,0.0001856191907851735,0.0
Whamm_mm,0.0,0.0,0.007908277474351664,0.3348523265949638,0.1705692128090088,0.0,0.0,0.06820575436138443,0.0,0.41333975837824566,0.35559877777713655,0.0,0.03530698489012502,0.0,0.0011665092711954559
Wipi2_mm,0.1717542929748729,0.052541809583898626,0.03808728270243631,0.6857945689155831,0.3722813397915525,0.14297068402625884,0.0,0.2859886423852378,0.0,0.8773450160675865,0.6592812789131813,0.0,0.10396719972784972,0.1339169174090688,0.1252419892375308
Wnk1_mm,1.0931916776276407,0.32063975461143707,0.18579709127507638,1.8746802271170189,1.0640857844605807,0.9656451050762327,0.3579439766253903,0.8852633636821937,0.8225550595071809,1.5430465238932196,0.6058276678813727,1.2489036530573725,0.45374568503291524,0.20348068599080552,0.752256045323555
Wnk2_mm,0.0,0.0,9.220562998255602e-05,0.0,0.0,0.00017061233473337987,0.0,0.0,0.0,7.111626678458444e-05,0.0,0.0,0.0,0.0010842459373759982,0.0
Wnt1_mm,0.0,0.0,6.8293336831846586e-06,3.6388346645836125e-05,0.0,0.0,0.0,0.0,0.0,4.2880732475378775e-05,0.0,0.0,0.0,8.685018287269518e-06,0.0
Wnt3_mm,0.0,0.0,7.058257376705666e-05,0.0003569014231172684,7.652536622761951e-05,0.0,0.0,9.180474105470358e-05,0.0,0.00024259798761984758,0.0,0.0,0.0,0.0003842987282715278,0.0
Wnt4_mm,0.04343924118822742,0.0,0.06601807556550332,0.0,0.0,0.0,0.0,0.03504637810247042,0.1275385857983179,0.32162124883043475,0.030734327913517604,0.0,0.16851657708488074,0.011377095617962511,0.0
Wnt7a_mm,0.0,9.993941525615906e-05,0.00022685887085710342,0.0,0.0,0.0,0.0,0.0,0.0,0.0,0.0,0.0,7.10059804918805e-05,0.0,0.0
Wscd1_mm,0.0,0.0,0.0,0.0,0.0,0.0,0.0,0.0,0.00042542616283225556,0.0,0.0,0.0,0.0,0.0,0.00011790468164823309
Wwc1_mm,0.0,0.0,0.033675744874469574,0.0023278808297515856,0.0,0.0,0.0,0.07272094054963575,0.0,0.012995663626659095,0.0,0.0,0.0,0.013440329454914399,0.0
Wwc2_mm,0.028184439254182302,0.0,0.0,0.13161765033126416,0.1547944397752132,0.00986602018482505,0.010370960473625745,0.02313533214114585,0.0,0.19076075336938528,0.11669092787131352,0.0,0.019849943030873105,0.0,0.0
Wwp2_mm,0.18542348891203947,0.03599972655314326,0.02906059380020967,0.7325351862386659,0.332111842659788,0.004820734161299657,0.0,0.38156851222015736,0.0,0.3217935179709604,0.3863263153208346,0.0,0.008895310695891905,0.08068122930994202,0.0
Xab2_mm,0.2903063075553695,0.0023491435999171526,0.0,0.6156524945559286,0.19082798808980903,0.0,0.0,0.17024942692267886,0.0,0.05921123953331591,0.5839417463915713,0.0,0.0,0.130296129421649,0.016854952079192895
Xbp1_mm,0.4634179145776709,0.0,0.10637161814556177,0.39029364403677563,0.42096387988869927,0.058261991750118355,0.10747107181310332,0.11372732621998662,0.4378508065682693,0.15870331639381338,0.0,0.0,0.0,0.43110386232103537,0.0
Xcr1_mm,0.006993164022550873,0.0,0.012546950426716436,0.0,0.0,0.0,0.0,0.01005850360126518,0.038246498081112745,0.10975959024899204,0.018976970622192585,0.0,0.03534451883231625,0.008302471105717827,0.0
Xdh_mm,0.21638872540634274,0.0,0.5678178188484442,0.7662110556691315,0.0,0.0,0.0,0.005761091576846236,0.0,0.6867382556125576,0.0,0.0,0.08321076449462043,0.07021439554658415,0.3353998415806553
Xirp1_mm,0.0,0.0,0.0055212947125911115,0.0,0.0,0.0,0.0,0.02139794946334878,0.0,0.0019513287074539565,0.0,0.0,0.0,0.0,0.0
Xirp2_mm,0.0,0.001547746725021893,0.0015175048326983597,0.0017777649844896019,0.0,0.0,0.0,0.004113877204314506,0.0,0.0011580792257695133,0.0,0.0,0.0,0.0,0.0
Xist_mm,0.0,0.09225084538426447,0.7035313958313888,0.11928638105643316,0.0,0.0,0.0,0.0,0.0,0.0,0.0,0.0,0.0,0.0,0.0
Xk_mm,0.0,0.0,0.0,0.0,2.8020259809955508e-05,0.0,0.0,0.0002903307826635511,0.0,0.0,0.0,0.0,0.0,7.5012129826304815e-06,0.0
Xkr7_mm,0.0,0.0,0.0,0.0011116221855001906,0.0,0.0,0.0,0.0,0.00014812910098945626,0.0,0.0,0.0,0.0,0.00024535359411369717,0.00015045812229722667
Xlr_mm,0.0,0.030671914474594622,0.09315642867673188,0.029758110219142157,0.0,0.0,0.0,0.0,0.08101883613752157,0.0,0.0,0.0,0.0,0.043128547227935805,0.0
Xntrpc_mm,0.0,0.0,0.0,0.012795032626724318,0.013849367880941803,0.0,0.0,0.0,0.0,0.022576972036007507,0.00648299316830012,0.0,1.7778286260895747e-05,0.0,0.0
Yars_mm,0.6928569739292912,0.0,0.09304690085848125,0.508411649659891,0.593366420030584,0.19517048979969853,0.0,0.09731043258535749,0.002645325323234922,0.3695051910573099,1.449378415482487,0.07286496119009767,0.047091559550556,0.37348361179119255,0.30535017157714023
Yif1b_mm,0.4973891298265452,0.0,0.0,0.22738407744334674,0.2961302480284321,0.0,0.0,0.1714541010801248,0.23046425545240226,0.0,0.20048933422686227,0.0,0.0,1.181659211060016,0.0
Yipf2_mm,0.0,0.0,0.016028520165249097,0.15890882391173938,0.15786586015728854,0.0,0.0,0.0485215711349653,0.0,0.08815383949401047,0.03994771321427011,0.0,0.0,0.014320765172783263,0.0
Yjefn3_mm,0.0,0.0,0.0,0.016543295570017547,0.05274456929176728,0.0,0.0,0.009786236237335207,0.0,0.019223482794197867,0.0,0.0,0.0,0.01892907885712535,0.0
Ypel3_mm,0.0,0.0,0.006910299663610769,0.5398226608765015,0.8711193018800428,0.0,0.0,0.16932311026781569,0.0,0.020652356187805056,0.0,0.0,0.0,0.13926513025871878,0.0
Ypel5_mm,0.0,0.0,0.03491637118343828,0.19776202376254312,0.2630478262501307,0.0,0.07411679156218008,0.5070796453246837,0.0,0.2528176175760493,0.0,0.02086077658266146,0.007015143068826706,0.15381189214326155,0.0
Zbbx_mm,0.0,0.0,0.0,0.0001667885695891283,2.7350142401744683e-05,0.0,0.0,0.0001527748098286972,0.0,0.0002821298030405902,0.0,0.0,0.0,0.0,4.072496213886244e-05
Zbtb18_mm,0.14456216122791452,0.0,0.07075853099657342,0.6701463584405916,0.22851001723361752,0.0010784028634321311,0.02511781379962278,0.0006328069902139816,0.09342397163302377,0.5401406095546755,0.27349812322655565,0.2610375322918428,0.09818733104029174,0.0,0.175911099745254
Zbtb38_mm,0.03712310593373715,0.056654629332869855,0.06213666635486532,1.0741546166100366,0.43842265170331496,0.13173664973132526,0.0,0.502837651297325,0.47756465283147037,0.8950606413702669,0.22401541806098338,0.05621865249214012,0.0,0.014912077851271943,0.0
Zbtb7a_mm,0.021128655010224397,0.0,0.0,0.0,0.15403379439270354,0.0,0.0,0.25995188560433113,0.1851676782924818,0.5420882356956475,0.8975873996286324,0.2851147122853992,0.3067570794902028,0.0,0.0
Zbtb8a_mm,0.303836555455883,0.0,0.0,0.0,0.39140029920850866,0.03416760886832074,0.016366065045777735,0.03168074082500347,0.49098329035434884,0.19927014197877602,0.7708979082072376,0.12573667937320826,0.1854097707300262,0.24723982855069213,0.0
Zc3h11a_mm,0.0,0.0,0.10902416136245927,0.6615775968747171,0.0,0.12000760267638241,0.0,0.2548962435895649,0.0,1.0754033920219799,0.843498154543439,0.17620001012895883,0.36497972343354007,0.035884574182739985,0.18350626311793622
Zc3h13_mm,0.8397427439859213,0.0,0.0,0.615414591407684,0.4004590343601965,0.3692160731146414,0.0,0.374711830218047,0.0,1.8819804368061703,2.1741411349490467,0.0,2.918886173820621,0.0,0.2491982300895956
Zc3h6_mm,0.0,0.004671126631319332,0.0,0.07544724237158416,0.12089412007094767,0.0,0.02536645936136074,0.07926318129532402,0.0,0.21901680253585273,0.0,0.04566206677307204,0.017523180229355513,0.0,0.0
Zcchc14_mm,0.038479662657460896,0.0,0.0,0.004624264996794791,0.024584987814708196,0.0,0.0,0.0,0.0,0.04766186147139073,0.012022506538512084,0.014931658225744122,0.0,0.0,0.0
Zcchc18_mm,0.0,0.003294183309846155,0.023781100737246635,0.056606644240590996,0.0,0.0,0.0,0.0,0.0,0.001867290721772212,0.0,0.0,0.0,0.006962086750143515,0.0
Zcchc2_mm,0.0,0.0,0.028134002559058697,0.30522052718846715,0.06009072637895454,0.12447418149876309,0.07892012833980011,0.10733116750205356,0.12061756321238937,0.5854061381980674,0.23241060819361253,0.1742376577892505,0.031649944075426144,0.004033034992723695,0.15370211995523775
Zcchc7_mm,0.4718782079880223,0.0,0.12826892121470876,0.6476554190653258,0.4420987258737144,0.11528675644974512,0.4024133783171768,0.11200217254994523,0.6644123100925328,1.4114708073245776,0.48007304128754297,0.08661911141515609,0.116420944644856,0.0,0.45492474217560835
Zcwpw1_mm,0.49017202513312136,0.0,0.2956766104713687,0.8793567090745232,0.2348108069151454,0.0,0.09333311968051082,0.0,0.9883368694536196,0.03809229427671747,1.3774393108719785,0.16844567260363483,0.45744470996746,0.1859780509126875,1.5945400586087388
Zdbf2_mm,0.0,0.000625683183812474,5.327990917896952e-05,0.0006042067031805763,0.0,0.0,0.0,0.0,0.0,0.0013942864340828994,0.0,0.0,0.00013992025831075725,0.0005478596362041198,0.0
Zdhhc18_mm,0.12389458864779465,0.0,0.013811769486619658,0.36186718953055236,0.24932368232921592,0.0,0.025338413529796325,0.35218472193148875,0.04540283983792681,0.0,0.24790797935493358,0.0,0.0,0.06676642003857247,0.0
Zdhhc20_mm,0.5417143838424331,0.0,0.0,0.08048719348185844,0.3723460816017074,0.0,0.0,0.2522564406182851,0.11284398024335698,0.9725508364943385,0.4153095166060328,0.14297833141463157,0.6802581277709017,0.0,0.0
Zeb1_mm,0.251057102559779,0.0,0.0,0.5560926565757647,0.3173404869318706,0.049218732720452754,0.18322879548529197,0.04289647362566749,0.0,0.6126305419947433,0.5888369141661368,0.0,0.25310429986229155,0.0,0.1353789362357228
Zer1_mm,0.11242046262258384,0.0,0.0,0.7892295689562792,0.22644887220952714,0.008013276363336676,0.0,0.0,0.07703961943661655,0.25677630921643874,0.0784394683809984,0.0,0.0,0.14546597459294153,0.1898722220889823
Zfand3_mm,0.034183810329137546,0.009675558163814959,0.0,0.35595611315850284,0.33267695667852576,0.0,0.10561803933109432,0.218573955425307,0.06625608165214675,0.19641942301951873,0.15285212161274048,0.025481587650386585,0.0,0.004570616251901679,0.0
Zfas1_mm,0.0,0.0,0.08222518731398024,0.0,1.4728093187162847,0.19569806101506465,2.3230494816373524,0.16109453087268882,0.0,1.157425502531153,0.13330367804190887,0.0,0.10856237850115502,0.0,0.0
Zfhx3_mm,0.07062170882387404,0.0,0.0,0.13513133252942733,0.10539532044913093,0.0,0.0,0.0,0.07188201214331891,0.1461429851309803,0.07903482353215538,0.031974188804349477,0.017931716438282248,0.0,0.0
Zfp185_mm,0.0,0.0,0.0,9.344642696493342e-05,0.0,2.6594035599014165e-06,0.0,0.0002762387379746131,0.0,7.809775768172489e-05,0.00013481761666531077,0.00037181834032653946,4.4718097906055334e-05,0.0,0.0
Zfp260_mm,0.09630590473603229,0.0035497114253509234,0.04472237788061816,0.27713860456775025,0.16727421169184228,0.0,0.0770730174346243,0.29041383788776576,0.31012567626073084,0.5205509855266595,0.0,0.0,0.0,0.02400938054023206,0.0
Zfp30_mm,0.0,0.0,0.0,0.0783253451097325,0.1670058343177101,0.0,0.0,0.17978264912481223,0.0,0.2445295611653059,0.05913570695660612,0.0,0.027233193512168054,0.0002095929239222446,0.0
Zfp318_mm,0.0,0.029967616104220357,0.14513260582435078,0.50178898173463,0.09510921077729996,0.06946771617304848,0.033955111272863464,0.1387004120631371,0.2413395981661836,0.563365622055211,0.0,0.0,0.0,0.013193885556068903,0.07426595837264315
Zfp352_mm,0.0,0.003844744358261643,0.001863467661265184,0.0003852140299888013,0.0,0.0,0.0,0.0,0.0,0.0009192831693699323,0.0,0.0,0.0,0.0008851297969826823,0.0
Zfp354b_mm,0.0,0.00028531983890808555,5.1473490637050085e-05,0.0,0.0,2.1644047451816085e-05,7.345037135908778e-05,0.0,4.2270380223492983e-05,0.0,0.0,0.0,0.0,0.00021133589547954105,0.0
Zfp362_mm,0.0,0.0,0.0011343379176192718,0.0037454497641996164,0.002626753366755381,0.0015651299621924739,0.0,6.966156393861233e-05,0.001939162421627835,0.0010751175013770844,0.0,0.0,0.0,0.0,0.0
Zfp365_mm,0.0,0.00024704894668964506,0.0002842652733609856,0.0,0.0,0.0,0.0,0.00012949713812089033,0.0,0.0016807210155132773,0.0,0.0,0.0,0.0,0.0
Zfp385a_mm,0.0,0.0,0.0,0.0421050748337424,0.08673969514295833,0.0,0.015207360061293435,0.02285955932439274,0.13835083894509628,0.0,0.24062419920881128,0.06841292615746938,0.01961539733455651,0.0,0.0
Zfp385b_mm,0.0,0.00024278074892410798,0.0,0.0,0.0,0.0,0.0,4.946224193443414e-05,0.000810086836462687,0.00041215017541141387,0.0,0.0,0.0,0.0,0.0
Zfp469_mm,0.0,0.0,0.0,0.0,0.0,0.0,0.0,0.016521609080798437,0.0,0.007488528490790056,0.0,0.0,0.0,0.0,0.0
Zfp512_mm,0.008544645625568989,0.0,0.05979897205973559,0.4173232838958937,0.16756349664707593,0.0,0.127103522313944,0.17472171721810564,0.23727317008542134,0.3330087935670842,0.3364417702284391,0.047401998603071316,0.037842474120352736,0.0,0.10999033513150268
Zfp512b_mm,0.08655930078076851,0.0,0.0018785075400039096,0.38813213238162736,0.056196739487319944,0.0,0.0,0.0,0.0,0.1582494724738965,0.2950076931915483,0.0,0.04526907634958973,0.004086381248872048,0.07507770542346084
Zfp516_mm,0.0,0.0,0.0007686933316633042,0.000819521943087299,0.0,0.0,0.0002877638898081108,0.0,0.0,0.00024208653080326045,5.506805958140415e-05,0.0,0.0,0.00026864528708814126,0.0
Zfp575_mm,0.0,0.0,0.6579738376142484,0.0,0.0,0.0,0.0,0.0,0.0,0.0,0.0,0.0,0.0,0.0,0.0
Zfp618_mm,0.0,0.0,0.0007058901692198014,0.0018758346228853826,0.0,0.0,0.0,0.0,0.0009625837426371329,8.7981734890256e-05,0.0,2.2304584718183796e-05,0.0,0.0,0.0
Zfp61_mm,0.029779244602037236,0.0,0.0,0.08735569518439734,0.06651486083198666,0.0,0.0,0.0,0.01531769699326763,0.09137272307505204,0.03888830506800377,0.0,0.006575383465982022,0.0,0.02679255154584476
Zfp729a_mm,0.36459830300401147,0.0,0.0,0.26903683458850025,0.17872042069909377,0.0,0.0,0.3258773932596289,0.8110648370009629,0.733450977885106,0.05302003743795727,0.013635587276269668,0.0,0.018059273809339044,0.0
Zfp738_mm,0.15285499498119828,0.0,0.0,0.14581933035135802,0.025433529920932885,0.0,0.0,0.09011160597076846,0.3129444884866088,0.2427823256765395,0.012022782237434977,0.04789565499504239,0.0,0.01698151833523029,0.0
Zfp768_mm,0.0,0.0,0.022008560785451017,0.1908853112357734,0.11447959786788127,0.0,0.0,0.04627390421503395,0.0,0.0753194652606561,0.06660521287945485,0.0,0.0,0.016477741340353087,0.0
Zfp813-ps_mm,0.0,0.0,0.0,0.0,3.076064880557022e-05,0.0,0.0,0.0,0.0,1.19579504699478e-05,0.0,0.0,0.0,0.0,0.0
Zfp91_mm,0.4980330243888744,0.0,0.034664765754941845,0.48106282974791503,0.12582073436567426,0.7966483266614931,0.6309423135251495,0.9927510954769717,0.9934359801850624,1.961208254854853,2.1219984099816904,0.7438148836868761,0.8047440951374882,0.0,0.7793733367179287
Zfp934_mm,0.0,0.0,3.6524993994921133,0.0,0.0,0.0,0.0215940793251526,0.0,0.34610219015779525,0.0,0.0,0.0,0.0,0.4018436542236801,0.0
Zfp940_mm,0.042980586116021326,0.010087934142546082,0.020748219706754147,0.042412962476996725,0.008357202536948365,0.0,0.009624002986328758,0.06510866338379749,0.24043731300980387,0.15516713737352855,0.08662937100728599,0.0,0.029625648354703812,0.024445337483223587,0.061155546684719904
Zfp950_mm,0.2521021784696222,0.0,0.0,0.27165708960469037,0.11055498345811508,0.0,0.07133305435106621,0.058234231584529006,0.15308628225095172,0.43808556877647487,0.0,0.025440246337270662,0.003100128183969421,0.033042848986061475,0.0
Zfp983_mm,0.0,0.0,0.0,0.12980063763592462,0.0750232894755527,0.0,0.05420453137033428,0.08814171279457923,0.014398650912901047,0.062436545429823166,0.0,0.009766944477967459,0.0,0.0,0.0
Zfp987_mm,0.006144007193188181,4.59904115573318e-05,0.0,0.0,0.005489635845299694,0.0,0.0,0.0009003299876440049,0.0,0.009855627128277752,0.0004420446998927678,0.0,0.0,0.000790876477066486,0.0
Zfpm1_mm,0.0,0.0,0.0,0.04486909702275703,0.019866431275276476,0.0,0.0,0.04701249863008796,0.07764040419202127,0.0,0.5474777587606036,0.097423869720536,0.1957666439217443,0.0,0.0
Zfyve16_mm,0.03738805914516103,0.020186978105044134,0.03640625773390562,0.2819484638416061,0.1374179852747899,0.0,0.169827972055364,0.30057141736720305,0.14435327932639355,0.1038427192063979,0.06816765610401987,0.0,0.0,0.0032256790476235158,0.0
Zfyve9_mm,0.0,0.0,0.0,0.011489929017767282,0.022876405948318156,0.0,0.004531154122888,0.004329454161810715,0.004968966115381386,0.0,0.0,0.0,0.0,0.0026279501759218175,0.0
Zhx2_mm,0.0,0.0,0.0,0.02935274521745271,0.04946837020838416,0.0,0.0,0.017938636654347653,0.06482112960031687,0.047762365205176426,0.0805767400060382,0.04576188486825269,0.0,0.0,0.0
Zic2_mm,0.0,0.0,1.1606678058865434e-06,0.0,6.007424514871915e-05,0.0,0.0,0.0,0.0,0.0,0.0,0.0,0.0,0.00024000220961775762,0.0
Zkscan7_mm,0.0,0.00718262348690589,0.012978677451081153,0.0,0.0,0.0,0.0,0.02261999915952798,0.06582109144187609,0.10948314987394384,0.0,0.0,0.027706122484047198,0.0021203975497561247,0.0
Zmat1_mm,0.0,0.0,0.0,0.21297875498593738,0.048727789761286305,0.0,0.0,0.0,0.0,0.1920881099078554,0.05609003290745257,0.007212274786802029,0.005987585176918273,0.007769404234356397,0.10923083155590996
Zmat3_mm,0.0,0.0,0.0,0.10877217307694907,0.09248372803696955,0.016061642683931263,0.0,0.007984239718566006,0.0,0.17180280054095923,0.0,0.00842467599728459,0.0019035856673463329,0.0,0.0
Zmat5_mm,0.03760093890521116,0.0,0.0,0.01806314515721546,0.147374016154792,0.0,0.12984991563873727,0.016713623489449807,0.0,0.0,0.08429597232284426,0.0,0.0,0.3777036633096292,0.0
Zmym2_mm,0.0,0.0,0.0,0.0020085429722350324,0.004111557673452718,0.004079319922773838,0.0,9.401110218538631e-05,0.010860381712717613,0.014781420089451904,0.0,0.0,0.0,0.00126795890992594,0.0
Zmynd8_mm,0.8997156460033011,0.3285741792379563,0.24734657905652566,1.7921632867367292,0.761505207094598,0.5631153734602303,0.0,0.5051058449926868,0.692019199975562,1.5234149807724469,1.0555459238387925,0.24882188020168575,0.014429489706314323,0.14183193675110745,0.0
Zranb1_mm,0.21652263444407352,0.009875846457358504,0.0,0.2459332405916318,0.25283708639866953,0.08544944969118326,0.0,0.23886905108443424,0.0,1.0522528220857028,0.39560691002982334,0.03628755787593013,0.0704664940930034,0.005255698408982707,0.3013863820290222
Zrsr2_mm,0.07115305030557016,0.0,0.06921696614206202,0.025071818727082792,0.10748397501805959,0.0,0.2272255972698693,0.14231773056262378,0.0,0.4506174034341639,1.764542167896566,0.0,1.172684751430883,0.02304214620026356,0.03312771121940286
Zscan10_mm,0.0030191512941055046,0.0,0.00101396822129378,0.00022617831920643933,0.0,0.0,0.000663055023534402,0.0,0.0,0.000963954608832015,0.0,0.0,0.0,0.0032721396718024117,0.0
Zscan4-ps1_mm,0.0,0.0,0.000796067971138732,0.0,0.0,0.0,0.0,0.0,0.0,0.0014928618917793813,0.0,0.0,0.0,0.001037320698057138,0.0
Zscan4-ps2_mm,0.0,0.00031948987119830865,0.000691892099558317,0.0,0.0,0.0,0.0,0.0,0.0,0.0008877012593049692,0.0,0.0,0.0,0.0,0.0
Zscan4-ps3_mm,0.0,0.00014013125668552374,0.00018106402907580317,0.0,0.0,0.0,0.0,0.0,0.0,0.002299850393972109,0.0,0.0,0.0,0.0006737089976205941,0.0
Zscan4b_mm,0.0,3.300939553948727e-06,0.00017793295350575716,0.0,0.0,0.0,0.0,0.0,0.0,0.001954614949130586,0.0,0.0,0.0,0.0,0.0
Zscan4c_mm,0.0,0.0005782156057323086,0.00036981988890470545,0.0,0.0,0.0,0.0,0.0,0.0,0.0018568060276517343,0.0,0.0,0.0,0.0,0.0
Zscan4d_mm,0.0,0.0022950166406342713,0.0012589695676413703,0.0,0.0,0.0,0.0,0.0,0.0,0.0017844031688019966,0.0,0.0,0.0,0.0,0.0
Zscan4e_mm,0.0,0.0005883592986606552,0.0004678940500188618,0.0,0.0,0.0,0.0,0.0,0.0,0.0018018992905786569,0.0,0.0,0.0,0.0,0.0
Zscan4f_mm,0.0,0.002446545451070624,0.0008457619694878696,0.0,0.0,0.0,0.0,0.0,0.0,0.006720006297976778,0.0,0.0,0.0,0.0005521274081541183,0.0
Zswim8_mm,0.08627115344458976,0.040445518723714144,0.025760994953140805,0.4204838757873616,0.22112629014217117,0.0,0.0,0.44540214085989516,0.06496260506247414,0.5707389342811358,0.20896722679712876,0.0,0.0,0.0,0.0
Zzef1_mm,0.2624307831956317,0.021306831531092647,0.05209352273089175,1.2365089427670481,0.30881151081577024,0.19986425986122688,0.0,0.3500425390456577,0.11624543600470326,0.6204291644992335,0.41829922631489347,0.06813648618618391,0.0,0.0,0.10830147114128433
mt-Atp8_mm,1.2971050806403241,0.0,0.0,0.0,0.0,0.0,0.0,0.632855721329132,13.705770100250021,0.0,0.0,0.0,0.0,1.076340605228161,0.0
mt-Cytb_mm,1.3760259964740618,1.4886019379744595,0.0,0.0,0.5761281477915738,0.14552745088233465,0.0,0.8674722152629156,13.395795664641184,0.36339664432555846,0.0,0.2258957848015326,0.0,5.967496087649751,0.0
mt-Nd2_mm,3.8535685117171785,2.2532143474925257,0.0,0.0,1.1891012505224385,1.2539991304107125,0.3466927192566095,1.29781605668794,12.53411769497743,0.8263776323337947,0.0,2.1312208063206866,0.0,4.385392624678746,0.0
mt-Nd3_mm,0.0,0.0,0.0,0.0,0.0,0.0,5.49248999922274,0.0,9.72055532269005,0.0,0.0,0.0,0.0,1.0652347321955316,0.0
mt-Nd4_mm,2.9233544118190484,2.5336500010763734,0.0,0.3498312597960919,1.24993339724493,0.7574636230853476,1.0599891779163553,1.160783231041518,13.01345235865022,0.5162823653209673,0.0,0.5258403139407783,0.0,4.410016416991561,0.0
mt-Nd4l_mm,2.2230727589500576,1.1287232932103397,0.0,0.0048446288364382166,0.8553720194262479,0.1406833726602657,1.4978647168450356,0.8453159477853787,13.52139681421188,0.0,0.0,0.41945063351768797,0.0,1.7520571197223953,0.0
mt-Nd5_mm,4.928637188850291,2.719906996606737,0.0,0.0,2.3150323424195807,1.6494108261882032,0.0,1.4295752168944094,12.984550448868957,0.5003897814244711,0.0,2.229601967345572,0.0,2.7586068736976435,0.0
mt-Td_mm,0.0,5.249177397657535e-06,0.0,2.553796915920376e-05,0.00034894291268864247,0.0,0.0,4.866682637630734e-05,0.0,0.0,0.0,0.0,0.0,4.629429424603314e-05,0.0
mt-Tf_mm,0.0,0.0,1.604517360047133e-05,0.0,0.0,0.0,0.0,1.95353015955411e-05,0.0,0.0,0.0,0.0,0.0,0.0002074536829679363,0.0
n-R5s173_mm,0.0,0.0,0.0,0.0,2.7358039742437258e-05,0.0,0.0,0.0,0.0,0.00014841038841830714,0.0,0.0,0.0,0.00010595512138678125,4.704312841908623e-05
n-R5s189_mm,0.0,7.407297643160188e-06,0.0,0.00027242314862483324,0.0,0.0,0.0,0.0,0.0,3.568483618770519e-05,0.0,0.0,3.0480114011784747e-05,0.0,0.0
n-R5s24_mm,0.0,0.0,0.0,0.0,0.0,0.0,0.0,0.00017557844905215315,0.0,0.00014532153100032036,0.0,0.0,0.0,0.0,0.0
n-R5s31_mm,0.00041005772783607805,0.0,0.0,0.0,0.0,0.0,0.0,0.0,0.0,0.0,0.0002495336646532046,0.0,0.0,0.0,0.0
n-R5s40_mm,0.00010842591812986327,0.0,0.0,0.0,2.523019392897812e-06,0.0,0.0,0.0,5.9744803064532966e-05,3.8370630872279574e-05,0.0001361448635339646,0.0,0.0,0.0,0.0
n-R5s74_mm,0.0,0.0,0.0,0.0,0.0,0.0,0.0,0.0,0.0,0.0,0.0,0.0,2.4337226510941332e-05,0.000401969630787123,0.0
n-R5s80_mm,0.0,0.0,0.0,0.0003371485955175494,0.0,6.269082519190413e-05,0.0,0.0,0.0,0.0,0.00012163710329907909,0.0,0.0,0.0,0.0
