,Factor_0,Factor_1,Factor_2,Factor_3,Factor_4,Factor_5,Factor_6,Factor_7,Factor_8,Factor_9,Factor_10,Factor_11,Factor_12,Factor_13,Factor_14
A2M_hg,0.0,0.0,0.0,0.0,0.022257812212829284,0.0,0.0,0.0,0.0,0.0,0.0,0.0,0.0,0.0,0.0
AADACL4_hg,0.0,3.8316250892701516e-05,0.00010000687210574585,0.0,0.0,0.00035387986738515896,2.0597579832755414e-05,3.524473971914784e-05,0.0,0.0,0.0,0.0,0.0,0.0,0.0
AAK1_hg,0.01704558869569231,0.502765167020442,1.8183154761470204,0.13623521940664973,1.632886703626961,0.17505881723420322,0.0,0.04515608555161496,0.0,0.2802089737570529,0.017025187361791493,0.1708048286236581,0.0,0.0,0.8813513479888496
AARS1_hg,0.0,0.925945101377692,1.7962886410315966,0.9063510028513622,0.0,0.16340002969996273,0.19148489187463644,0.21783714210535232,0.030603501119502767,0.06387482005029523,0.4503476247915865,1.4454085612510894,0.3953474699461597,0.4098263533187092,0.0
ABCA1_hg,0.0,0.0,0.0,0.0,0.03892882303922674,0.0,0.0,0.0,0.0,0.0,0.0,0.0,0.0,0.0,0.0
ABCA4_hg,0.0,0.0008608738220589548,0.011704151140728982,0.012368773363491476,0.010295504213161956,0.0,0.0,0.003693434119485054,0.0,0.0,0.0,0.005314787097184736,0.0,0.0,0.0
ABCB11_hg,0.0,0.7403583475220372,0.011824315663317209,0.0,0.006343545914822347,0.019394147486620425,0.02435090803153189,0.0,0.0,0.0634553826878539,0.18016007864020542,0.0,0.0,0.0,0.01771729796883815
ABCB1_hg,0.0,0.0,0.015072698277070968,0.0,0.46392362246567964,0.0,0.0,0.008121097965125636,0.0,0.0,0.0,0.009163643265424239,0.0,0.0170617555609792,0.0
ABCB4_hg,0.0,0.00032857441675846876,0.0064459812898505576,0.021204341772672775,0.041406021408130454,0.0,0.0,0.0,0.0,0.0,0.0,0.003229357309203162,0.0,0.0065104424474111,0.0
ABCC5-AS1_hg,0.0,0.0,0.0,0.0005234195429051226,0.0,0.0,0.0,0.0,5.725018776806289e-05,0.0,0.0,0.0,0.0,0.0,0.00019879357073646813
ABCG1_hg,0.0,0.1820462138946297,0.016162016549070086,0.0,0.015397409948996844,0.012945996181986469,0.0,0.012881216430082316,0.0,0.0,0.027036482284962974,0.0,0.005563088821880302,0.0,0.0
ABCG5_hg,0.0,0.0,0.0,0.0,0.00031650835829554104,0.0,0.0,0.0,0.0,0.0,0.0,0.0,0.00029148135428641396,0.0,0.001375353595110755
ABHD16B_hg,0.0,0.0,0.0,0.00014435850266676634,0.0002122271140378937,7.742730256706189e-05,0.0,0.0,0.0,0.0,0.0,0.0,0.0001061715676708443,0.0,0.0
ABLIM1_hg,0.0,0.0007317019805450131,0.0,0.0013566755823623486,0.02168671580588386,0.0012703859616523317,0.0,0.0,0.0,0.0,0.0,0.0,0.0,0.0,0.0
ABLIM3_hg,0.0,0.0,0.15776642199841787,0.0,0.038707220555419655,0.0,0.0,0.0,0.0,0.0,0.0,0.06748989296432532,0.0,0.0,0.015032983946637324
ABRAXAS1_hg,0.0006613393042137676,0.3426508330949644,0.5721107297289085,1.029067263309698,0.0,0.06095489839171453,0.0,0.41058357173555293,0.023901516731209282,0.0,0.0,0.0,0.22460058414714723,0.09128586748638878,0.20500043281602376
AC002115.1_hg,0.0,0.0,0.0,0.0,8.24805514609762e-05,0.0,0.0,0.000898665772051307,0.00011944489895301595,0.0,0.0,0.0,0.0,0.0,0.0
AC002331.1_hg,0.0,0.0,0.0,0.0,0.024813163349882483,0.0,0.0,0.0,0.0,0.0,0.0,0.0,0.0,0.0,0.0
AC002347.2_hg,0.0,0.0,6.97060274153737e-05,0.0,0.00011930883639969372,0.00032135571384417003,0.00020522043683081088,0.00017904459653170975,0.0,0.0,8.185122883187635e-05,0.0,0.0,0.0007734304870569721,0.00023864861290941392
AC002463.1_hg,0.0,0.0016941580606465965,0.0,0.0052333428780497165,0.01829069113641189,0.0,0.00019289352063771,0.0,0.0013056430732899462,0.0,0.0,0.0,0.0,0.0,0.0
AC002985.1_hg,0.0,0.00042972743342349564,0.0,0.0,0.0,0.0,0.0,0.0,0.0,0.0,0.0,0.0,0.0,0.0,0.00042802496337757985
AC003005.1_hg,0.0,0.00027077816726206314,0.00018290007190470853,0.0,0.0,0.00019238704958720793,0.0,0.0,0.0,0.0,0.0,0.0,0.0,0.0,0.0
AC003092.1_hg,0.0,0.0,0.0016443879787256515,0.0,0.019199507534173783,0.0,0.0,0.0,0.0,0.0,0.0,0.0,0.0,0.0,0.0
AC003093.1_hg,0.0,0.001683687405440259,0.013194922191733932,0.0,0.0007263506333513939,0.0,0.0015808883072543972,0.00881192559736907,0.0,0.0,0.0,0.0,0.0,0.0,0.002757732564393677
AC003681.1_hg,0.0,0.4683372850873066,0.017651409229518276,0.0,0.05587593213478579,0.020137351297044512,0.02027479836778039,0.05586179646744745,0.0,0.0,0.07686428552910596,0.007440589952474492,0.04306962175157371,0.0,0.0045055233155717024
AC003684.1_hg,0.0,0.0015052052234720851,0.0,0.0018911878111281862,0.0005132646441458205,0.0,0.000202606935300757,0.0,0.0,0.0006178542195976775,0.0003994507583156508,0.0,0.0,0.0,0.0
AC003991.1_hg,0.0066366517402149765,0.09365182623231155,0.008043525386275684,0.004054063141093842,0.0,0.018961479174448855,0.0,0.01273090019673344,0.0,0.0011732879142245674,0.0,0.025139182770668646,0.0011335358071463567,0.0,0.015067687688917215
AC004039.1_hg,0.0,0.382196545467756,0.0,0.0,0.042713471121229814,0.03929900573092684,0.0,0.07240474644860562,0.04078604119599639,0.0,0.0,0.06960321506979941,0.03163582681196085,0.0304479387861365,0.08417398531229399
AC004231.3_hg,1.5897297043964794e-05,0.0,0.0,0.0,0.0,0.0,0.0,0.0,0.0,0.0,0.0,0.0009474938174158684,0.0,4.1929260346988296e-05,0.000216046539499578
AC004466.2_hg,0.0,0.0,4.317253776668669e-05,0.0013199659798266527,0.0,0.0007945110041680043,0.0003229400086624041,0.0,0.0,5.4938983600495846e-05,0.0,0.0,0.0001997107079397186,0.001864407244628924,0.0018021738087755437
AC004471.2_hg,0.0,0.006762863694435621,0.0,0.0,0.0022095707831847585,0.0007385891652909772,0.0,0.0,0.0,0.0,0.0008990587418156445,0.010975829754346694,0.0,0.0056222054280548285,0.0
AC004494.1_hg,0.0,0.2518108179378927,0.01903047349258357,0.0,0.0019318850385010872,0.014533558032998797,0.003210223007756733,0.01074065112195941,0.0,0.0,0.03375720122276356,0.013487455286024764,0.010747850749685517,0.0,0.004968838638762199
AC004528.1_hg,0.0,0.2306376027895002,0.010184127022154658,0.001293109701511044,0.01565312853809021,0.0,0.010664680301201261,0.001707691661246849,0.0,0.0022421049278389506,0.02503769349777748,0.0,0.015742753953987217,0.0,0.0
AC004596.1_hg,0.0,0.0,3.2829690960030776e-05,0.0,0.0,0.0001587032919147272,0.0,0.0002369344183382112,0.0,0.0,0.0,0.0005980957575790585,0.0,0.0,0.0
AC004707.1_hg,0.0,0.0,7.285652450629885e-05,0.0,0.0,0.0,0.0,0.0005055595650576666,0.0,0.0,0.0,0.0,0.0,0.00011821356061607975,0.0
AC004817.2_hg,0.0,0.00039676073534461004,0.0007325681456928708,0.0,0.0013547278016522155,0.0,0.0,1.6004497061584327e-05,0.0,0.0,0.0,0.0,0.0,0.0,0.0
AC004832.4_hg,0.0,0.0028852497815749878,0.0007401965246898228,0.002086333457390896,0.0018561060769259534,0.0,0.0003115626762116254,0.0006339413810770057,0.0,0.0,0.0,0.0,0.0008728151992917584,0.0017399674353163754,0.00041181584509657594
AC004847.1_hg,0.0,0.0005831548668408444,0.0,0.0010090464560695998,0.0005647773974661241,0.0,0.0,0.002182652387653666,8.11304121251973e-05,0.0,0.0,0.0,0.0,0.0,0.001700554710248212
AC004921.2_hg,0.0,0.34121478388348403,0.0018251901029617695,0.0,0.0,0.03613242655891356,0.016364822369435515,0.0,0.0,0.0,0.055700660443567473,0.004837767361361619,0.029203311040682998,0.0,0.029823360368888538
AC005005.4_hg,0.0,0.3063582225437031,0.02563601351734254,0.0,0.0,0.024800870357579923,0.012782647367155796,0.0,0.0,0.0,0.07911896825540733,0.042755217924573034,0.024651320587233093,0.0,0.0
AC005050.1_hg,4.549896203432134e-06,0.006851759848513164,0.05159001767128104,0.020337906510795912,0.0,0.0,0.0,0.01579964902107072,0.0,0.0,0.0,0.003870467461461792,0.0,0.015361843703791544,0.0
AC005089.1_hg,0.0,0.3210162347465605,0.09874749409284102,0.09121506445617758,0.013235774932322543,0.0,0.0,0.0,0.0,0.03074798987874022,0.041743618135664774,0.19853693920996024,0.0,0.0,0.0
AC005165.1_hg,0.0,0.0036969643083109736,0.028439188275096502,0.0011321164099887574,0.0010234590010113826,0.0,0.0013831638956881625,0.003762830462231762,0.0,0.0,0.0,0.0,0.0,0.0,0.0048375830830895234
AC005208.1_hg,0.0,0.1666380655725871,0.09862496911858155,0.028395120943674218,0.07401501216996732,0.03669587514421828,0.0,0.11247629659339442,0.03517117141006961,0.0027591395350035465,0.0,0.015533371192062714,0.0,0.045834365599243955,0.0
AC005224.2_hg,0.0,0.037949095383329495,0.03853842187497688,0.0,0.0,0.0,0.0,0.0,0.0,0.0,0.0323963759099791,0.11392876726735547,0.0,0.0,0.1626471447935083
AC005262.2_hg,0.0,0.0,0.00010172572879354009,0.0,0.0010326554701892386,3.186251873205588e-05,0.0,0.0,0.0,0.0,0.0,0.0,0.0,0.0,0.0
AC005277.1_hg,0.0,0.0,0.0,0.0,0.0,0.0,0.0,0.0,0.0,0.0,0.0003109062829332,0.0,0.0,0.0,0.0
AC005498.3_hg,0.0,0.000753773586440936,0.0006061570222845815,0.0,0.0,0.0,0.0,0.0,0.0,0.0,0.0,0.0,0.0,0.0,0.0008610521209106085
AC005540.1_hg,0.0,0.0,3.097697055970988e-05,0.0,0.0,8.183849267959836e-05,1.192164532576233e-05,0.0,0.0,0.0,0.0,8.633371403566382e-05,0.0,0.0,0.0
AC005670.3_hg,0.0,0.7189797097710828,0.49620595698438064,0.5013660811832887,0.2466192571462587,0.141224305554571,0.06525761012362434,0.28005934304813007,0.0,0.002700151724307094,0.010072645700391332,0.11215256466904733,0.2638033080550929,0.1527403868317598,0.5725704390512562
AC005796.1_hg,0.0,0.0,0.0,0.0,0.00040436429227191993,0.0,0.0,4.4194918156486676e-05,0.0,0.0,0.0,0.0,0.0,0.0,2.861877244157315e-05
AC005808.1_hg,0.0,0.0,0.0,0.0,0.0,0.0,0.0,0.0005353215606558908,0.0,0.0,0.0,0.002572948015180001,0.0,0.0,0.0
AC005838.2_hg,0.006955894192031705,0.3599684808124344,0.14938201874825302,0.02862181854363059,0.14823636725526426,0.024357698304811357,0.0,0.04593406907636107,0.022757804329713655,0.007047636427498242,0.0,0.2618413768655769,0.0,0.04980441420366754,0.09948536870906574
AC005921.4_hg,0.0,0.0011618700756792107,0.0,0.00018357267261587634,0.0,0.0,0.00017030257754540402,0.0,0.0,0.0,0.0,0.0,0.0,0.0009275245141277373,0.0
AC005954.1_hg,0.0,0.0,0.0,0.0,0.0,0.0,0.0,9.773557658256705e-05,0.0,0.0,0.0,7.791892495061033e-05,0.0,0.0,8.081424172529834e-05
AC006128.1_hg,0.0,0.0,0.0,7.673116324458882e-05,0.0008752785503542315,0.0,0.0,0.00022908484054148988,9.336908911399238e-05,0.0,0.0,0.0,4.245007559438893e-06,0.0,0.0
AC006148.1_hg,0.01418981339600197,0.04620182497408494,0.0008625825432020715,0.0,0.018995943095804865,0.0053553132381265935,0.0023476209041595813,0.019470353398998042,0.0,0.01064381912471051,0.00012249232996766092,0.0,0.006049757454719028,0.0,0.00017317306893293414
AC006213.1_hg,0.0,0.0005381480483407054,0.0059065689355037,0.0044740141095342065,0.0032027584680867282,0.0,0.0010507939653824445,0.003495943762318033,0.0,0.0,0.0,0.0,0.0,0.0,0.0007741793986161653
AC006369.1_hg,0.0,0.0,0.09381509753345674,0.0,0.10477675287175019,0.0,0.013524887352460047,0.06419693817689347,0.0,0.0,0.0,0.0,0.0,0.0,0.0
AC006398.1_hg,0.0,0.0,0.0003940340305478216,0.0,0.0,8.358162728287047e-05,2.292924127675402e-05,7.304559726615376e-06,0.0,0.0,0.0,0.0,0.0,0.0,0.0
AC006435.2_hg,0.0,0.10358664367550297,0.012508946140745604,0.0,0.00753547333904303,0.0,0.0,0.0,0.0,0.0,0.02469228075453362,0.055598306816531745,0.0,0.0,0.0
AC006450.3_hg,0.0,0.0001788046854664183,0.0,0.0,0.00013410033615316447,0.0,0.0,0.0,0.0,0.0,2.4978532018744343e-05,0.0,0.000281405069509961,0.0,0.0
AC006460.1_hg,0.0,0.009323599029325638,0.0012554701753848224,0.02471748075504295,0.112162050809531,0.015270544295015035,0.0,0.016109961271675785,0.0,0.0,0.0,0.0,0.0,0.0,0.0
AC006483.2_hg,0.0,0.0002494004179339393,0.0,0.0,0.0,0.00014239060766232323,0.0,0.00022647352144611216,0.0,0.0,0.0,0.00011806565319123029,0.0,0.0002661456727347933,0.0
AC006511.3_hg,0.0,0.050388564595521004,0.01232259197401303,0.0063431321659931615,0.013466173884786409,0.005509751686467028,0.01389082527777197,0.0,0.0,0.0,5.5507156556188785e-05,0.03995958430265469,0.0,0.0,0.0
AC006557.6_hg,0.0,0.3028713922585021,0.005718941991255227,0.028857910489592346,0.10697338773183414,0.057243772952976675,0.0,0.03609132007315509,0.002532161932610994,0.0,0.022333722160676264,0.04391063138203921,0.0390894594226564,0.03145863646920371,0.09846029607357877
AC006566.2_hg,0.0,0.0,0.0,0.0,0.020426844607691324,0.0,0.0,0.0,0.0,0.0,0.0,0.0,0.0,0.0,0.0
AC006942.1_hg,0.0,0.0007770772846059287,0.0007013134873972426,0.0,1.32336140718915e-05,0.0,0.0,0.0,0.0,0.0,0.0,0.0,0.0,0.0,0.0
AC006974.1_hg,0.0,0.0001879739504860625,0.0,4.367002638036246e-05,0.00027564778461524204,0.0,0.0,7.543309834657715e-05,0.0,0.0,0.0,0.0,0.0,0.0,0.0
AC007066.3_hg,0.0,0.0,0.0003430842419120639,0.0006173447565047655,0.0,0.0001911996831718881,0.0,8.591947842726383e-05,0.0,0.0,0.0,0.0,0.0,0.0,0.0
AC007106.1_hg,0.0,0.0,0.002234611818194054,0.016600194082442697,0.022441001433148994,0.013991006644866097,0.0025589796048860482,0.016403238918474984,0.0,0.0,0.0,0.0,0.0,0.0,0.0
AC007216.4_hg,0.0,0.005457108176786323,0.0,0.007532196637833276,0.004021358664559024,0.003061185564535018,0.0005315724279386911,0.008630649004496048,0.0,0.0,0.0,0.005567788578369546,0.0,0.0,0.0
AC007262.2_hg,0.0,0.4758701751612683,0.00734079873947258,0.0,0.0011062972516587256,0.046947171225725066,0.01761669191566855,0.03339008077093718,0.05967782620123412,0.025499907420900872,0.0,0.08945221393881571,0.0,0.015977165033901244,0.022956477456847185
AC007292.2_hg,0.0,0.039316083031751006,0.010067403154237565,0.0,0.02472972006917269,0.00538834392992837,0.0,0.0,0.0,0.005085732459475622,0.01383574726049131,0.02596932648285646,0.0,0.0,0.0
AC007326.2_hg,0.0,0.0,0.00012078811838861712,0.0,0.00023064773360361354,0.0,1.010646556832388e-05,0.0,0.0,0.0,0.0,0.0,0.0001745690489887033,0.0,0.0
AC007333.2_hg,0.0,0.13838069363754663,0.0,0.0,0.039027236325274245,0.0,0.010705670532777462,0.0,0.007231309365828309,0.0,0.0,0.10354092504233738,0.0015099477412527404,0.0035242425903873375,0.011926302304532406
AC007375.3_hg,0.0002011431506744913,0.0,0.0005918514084300458,0.0,0.0,0.0,0.0,0.0,0.0,0.0,0.0,0.0,0.0,0.0,0.00018446207799289256
AC007384.1_hg,0.0,0.0,0.0,0.0011556276597793108,0.11405933180121407,0.0,0.0,0.0,0.0,0.0,0.0,0.0,0.0,0.0,0.0
AC007402.2_hg,0.0,0.03635737383779514,0.0,0.0,0.0,0.0,0.0,0.0,0.0,0.0040596732677418736,0.006231071456245218,0.014532924912902768,0.0,0.0,0.01489783985505311
AC007406.2_hg,0.0,0.0007225906094077588,6.560089362283713e-05,0.0,0.0,0.0,0.0,0.0,0.0,0.0,4.8320891515237445e-05,0.0015099349902869858,0.0,0.0,0.0
AC007556.1_hg,0.0,0.0,0.0,0.0,0.0005324985513981268,0.0,0.0,0.0,0.0004534012238631466,0.0,0.0,0.0,0.0,0.0,0.0
AC007666.2_hg,0.0,0.3320615740012367,0.0,0.028344071437917583,0.07014791804755942,0.04693448195215143,0.01408773257736114,0.0574859850895336,0.04924231138462345,0.0,0.0,0.06615517446090875,0.00010545979140633225,0.0335737013950582,0.02947196356530758
AC007682.1_hg,0.0,0.1045316920736425,0.0003101711143241331,0.0018915077048574864,0.011616329765039072,0.007113847216781458,0.0,0.022353350539469102,0.004172828888701794,0.004241020261217863,0.0017576821018407147,0.008452199351835242,0.0007219605014226756,0.0,0.022407030828092218
AC007683.2_hg,0.0,0.0,0.0006806426104822134,0.00030616298139824594,0.0,0.0,0.0,0.0,0.0,0.0,0.0,0.0005185179852656485,0.0,0.0,0.0
AC007743.1_hg,0.0,0.29151708406607857,0.006044135620162668,0.045899013385682925,0.04738312418140238,0.05243079527739479,0.0,0.030647215687003442,0.03773845134709308,0.0,0.0,0.032733390978844215,0.03018269302385873,0.0,0.05685353459585285
AC007787.1_hg,0.0,0.00016941795396074348,0.0,0.00013770186315053827,0.0,0.0,0.0,0.0,0.0,0.0,0.0,0.0,0.00020735338968825274,0.0,0.0
AC007849.1_hg,0.0,0.0,0.0,0.0,0.00032136129285718684,0.0,0.0,0.0,0.0,0.0,0.0,0.0,0.0,0.0,0.0032217580000730908
AC007879.5_hg,0.0,0.0,0.0,0.0,0.0013147406414180047,0.0,6.912840136638141e-06,0.0,0.0001709923723392516,0.0,0.0,0.0,0.0,0.0,9.998247371915922e-05
AC007906.2_hg,0.0,0.0005372420593071768,0.00010901865621634391,0.0,0.002656379689154067,0.0,0.0,0.0,0.0,0.0,0.0,0.0029694345638985264,0.0,0.0,0.0009728364493201789
AC007923.1_hg,0.0,0.0,0.0,0.008559044652664827,0.006354638753378786,0.007926973341898213,0.0,0.0,0.0,0.0,0.0,0.0,0.0,0.0,0.0
AC007952.7_hg,0.0,4.0989206445736045e-05,0.0,0.0,0.0020011815418906924,0.0,0.0,0.0,0.0,0.0,0.0,0.0,0.00017068805697938923,0.0,0.0
AC007952.9_hg,0.0,0.0002409662290484934,0.0,0.0,0.0,0.0,0.0,0.0,0.0,0.0,0.0,0.0,0.0,0.0,0.0
AC007953.2_hg,0.0,4.318737129643546e-05,1.9023093783629162e-05,6.367313894610169e-05,0.0,0.0,0.0,0.0,0.0,0.0,0.0,0.0,2.5230548750784546e-05,6.339260206164191e-05,0.0
AC007998.4_hg,0.0,0.14454668953407665,0.0034306273669605586,0.0,0.010020166058210886,0.009984844282553512,0.001117001158301839,0.027197209943454582,0.0,0.0,0.00575609670102179,0.033566288100046186,0.0059482935734843,0.0,0.02234021374877165
AC008040.1_hg,0.0,0.005347567324687445,0.0,0.05294688796291217,0.0,0.0,0.0,0.0,0.0,0.0,0.0,0.0,0.0,0.0,0.0
AC008067.1_hg,0.0,0.00012348838693097982,0.0,0.0,0.0,3.934033645373598e-05,0.0,8.30495341321663e-05,4.775238896131436e-05,0.0,0.0,0.0,0.0,0.0,0.0
AC008073.1_hg,0.0,1.1009199465228137e-05,0.0,0.00015184648996631402,0.0,0.0,0.0,0.0008078405990774079,0.0,0.0,0.0,8.080703748752524e-05,3.374562215035969e-05,0.0,0.0
AC008079.1_hg,0.0,0.4650515204873127,0.0,0.0,0.022868451598682844,0.02615187260859356,0.01976503527494654,0.026292881466724132,0.0,0.006204082385116661,0.10135969345992822,0.03509297599070737,0.0,0.0,0.008807374271008424
AC008105.3_hg,0.0,0.3152231138684604,0.036898403804181815,0.0,0.14024366648793574,0.0,0.0264888301893528,0.0,0.0,0.005442203697755931,0.0521044430495178,0.0,0.0,0.0,0.19798431076534143
AC008278.1_hg,0.0,0.0,0.0,0.0005107484313419306,0.0,0.0,0.0,0.0,0.0,0.0002146142623514842,0.0,0.001228705820750126,0.0,0.0,0.0
AC008394.1_hg,0.0,0.09278918714414403,0.0,0.0037503225875678775,0.013804257062310138,0.0,0.0,0.009659887042052727,0.00023683096137191718,0.0,0.0,0.035708168067952815,0.002169698229386774,5.85169947794062e-06,0.010543794833887446
AC008429.3_hg,0.0003693253550062042,6.09053649200339e-06,0.0002274876567299205,0.0,0.00020134239937607726,0.0001633808677316934,0.0,0.0,0.0,0.0,0.0,0.000405912845035196,0.0,0.0,0.0
AC008453.2_hg,0.0,0.2872287429402397,0.01989275389280257,0.0,0.0,0.007634205554829444,0.010719975979013282,0.005458337319466425,0.0,0.00729085297343739,0.05624527354610508,0.0,0.005815775489104664,0.0,0.0030605759883478344
AC008462.1_hg,0.0,0.0,0.0,6.88117092980288e-05,9.641002058102181e-05,5.4081396737255827e-05,0.0,4.714586650610987e-05,0.0,0.0,4.000774214250334e-05,0.0,0.0,0.0,0.0
AC008481.3_hg,0.0,0.0,0.0,2.194261732009989e-05,4.859910091232347e-05,9.870812863591557e-06,0.0,5.414183669296512e-05,0.0,0.0,0.0,4.303111739692713e-05,0.0,0.0,0.0
AC008522.1_hg,0.0,0.0,0.00047707327170412996,0.0,0.0013432981126408618,0.0,0.0003773373510743068,0.0,1.9156139678853052e-05,0.0,0.0,0.0,0.0,0.0,0.0007031882793813978
AC008592.2_hg,0.0,0.0,0.0001865183752696551,0.00038093840442711847,0.0,0.0,0.0,0.0,0.0,0.0,0.00012126265523052624,0.0,0.0,0.0,0.0
AC008674.1_hg,0.0,0.0,0.0,0.0,0.0,0.0012803563707463619,0.00032269530742117257,0.0,0.0,0.0,0.0,0.0,0.0,0.0,0.0
AC008750.1_hg,0.0,0.0004932991386875663,0.0,0.0007178345861417298,0.0,0.0,0.0,5.031544005617923e-05,0.0,0.0,0.0,0.0,0.0,0.00032744693576056437,0.0
AC008750.7_hg,0.0,0.0,0.0,0.00013210898187199712,0.0008339895454206114,0.0,5.6891209606681764e-05,0.0016215257173215962,0.0,0.0,0.0,0.0,0.0,0.0,0.0
AC008751.3_hg,0.0,0.0,0.0004607344276013033,0.0,0.0,0.0,0.0,0.0,0.0,0.0,0.0,0.0,0.0,0.0006222326064440777,0.0
AC008758.6_hg,0.0,0.0007499369530937348,0.00021917830098654834,0.0,3.2199685343185226e-05,0.000538291890523429,2.1196581151592698e-05,0.0,0.0,0.00029640948083047144,0.0,0.00010299228558644279,0.0,0.0003032989894542344,0.0
AC008761.1_hg,0.0,0.0002740031803600689,0.0,0.0,0.0,0.0,0.0,0.0,0.0,0.0,0.0,0.00016846887428811723,8.071393644082164e-05,0.0,0.0
AC008780.1_hg,0.0,0.0,0.0,7.577326389942713e-05,0.0005551926122921039,0.0,0.0,0.0003251378519728631,0.0,0.0,0.0,0.0,0.0,0.0,0.0
AC008870.5_hg,1.1392092465269613e-05,0.00012936859121187328,0.00013164256985728474,0.0,0.0,0.0,0.0,0.0,0.0,0.0,0.0,0.0,0.0,0.0,0.0
AC008875.3_hg,0.0,0.3910375211064342,0.1989473157395498,0.7092263791271125,0.4852104655643432,0.0,0.0,0.03305039707276948,0.0,0.0,0.0,0.23378446029599934,0.0,0.11981932805928433,0.0979177045300001
AC008892.1_hg,0.0007002539989601441,0.0,0.0,0.00020381125540695723,0.0001861336421010705,0.0,0.0,0.0,0.0,0.0,0.0,0.0,0.0,0.0,0.0
AC008915.2_hg,0.0,0.4752634684294983,0.004247811597384444,0.0,0.0,0.0,0.003972743709483357,0.027112963771724726,0.0,0.07324613025830559,0.1281862276397789,0.0,0.0,0.0,0.0
AC008957.3_hg,0.0,0.0,0.0010523316304751726,0.0,0.0,0.0,0.0,0.0,0.0,0.0,0.0,0.0,0.0,0.0,0.001070703643304661
AC008969.1_hg,0.0,0.32509190728146964,0.04634670984116673,0.0,0.020371955296196346,0.0,0.011695530338706475,0.01139490488353516,0.0,0.01943179777484395,0.06722855872685762,0.0,0.007563579085631673,0.0,0.0
AC009052.1_hg,0.0,5.411589090176622e-05,0.0,0.0,1.2438051138205922e-05,0.00014967717409662405,0.0,0.00013260142766473494,0.0,0.0,0.0,0.00018903495976328713,0.0,0.00011368036757570319,0.0
AC009065.2_hg,0.0,0.010542780583298291,0.004470503669894329,0.0,0.002251894060888412,0.0,0.0,0.0,0.0,0.0,0.0,0.02517412057292541,0.0,0.0,0.0
AC009065.3_hg,0.0,0.0011392019118133018,0.0,0.0,0.0,0.0,0.0,0.0,0.0,0.0,1.4214383508637126e-05,0.0,0.0,0.0,0.0
AC009065.6_hg,0.0,0.00021720328950292658,0.0,0.0,0.0,6.725788235930232e-06,0.0,0.0,0.0,0.0,1.894793398961556e-05,5.088777908170583e-05,0.0,0.0,0.0
AC009084.2_hg,0.0,0.20737654972058356,0.00014049038185249798,0.0,0.0007277962361465869,0.0,0.007255734668975303,0.0,0.0,0.0,0.04314486824079595,0.03458866640753893,0.0,0.0,0.006461979544145056
AC009093.10_hg,0.0,7.383335343210732e-05,0.0008211489363149126,0.0,0.0002518835332381811,1.5514947026387704e-05,0.0,0.0,0.0,3.293640766732461e-05,2.1080866775818846e-05,0.0009708297080012697,0.0,0.0,0.0
AC009097.1_hg,0.0,0.0,0.0,0.0,9.593263089981113e-05,0.0,0.0,0.0,0.0003499640392440014,0.0,0.0,0.0012740210629331985,0.0,0.0,0.0
AC009268.3_hg,0.0,0.0,0.0,0.0,0.0001475872789283092,0.0,0.0,0.0,0.0,0.0,0.0,0.0004144154959170262,0.0008387624064551596,0.0,0.0003519054477125984
AC009411.1_hg,0.0,0.0,0.0002558777738255602,0.0,0.00041164854652366934,0.0,0.00036205263897432736,0.0,0.0,0.0,0.0,0.0,0.0,0.0,0.0
AC009495.2_hg,0.0006245361338585792,0.0002546643852907781,0.0,7.654780551452478e-05,0.0,0.0,0.00010420295240213887,0.0,7.08681439942858e-07,0.0,0.0,0.0,0.0,0.0,0.0
AC009560.1_hg,0.0,9.793116592474714e-05,0.0,0.0,0.0,0.0,0.0,0.00014213213329716646,0.0,0.0,0.0,0.0,8.347064089294441e-05,0.0,0.00010562986280727677
AC009630.3_hg,0.0,0.002096597393492454,0.0002538617673610852,0.0031218102342251927,0.0,0.0001730669378083102,0.00021951528271737034,0.0,0.0,0.0,0.0,0.001009815523534803,0.0,0.0,0.001044828631337482
AC009812.3_hg,0.0,0.5076570914171985,0.006972385426284416,0.0,0.0066102624689338765,0.023200815833402257,0.018179325761632604,0.0,0.0,0.012586356745363458,0.11880529094344039,0.025279772044581674,0.005246024105274736,0.0,0.011899898602763375
AC009878.2_hg,0.0,0.0,0.0,0.0004879480316843018,0.0002929819453257765,0.0,0.0,9.256226522159822e-05,0.0,0.0,0.0,0.00032709958800211295,0.0,0.0,0.0
AC009961.3_hg,0.0,0.00013229883297465278,0.0,0.0,0.0,0.0,0.0,0.00028140562997280714,0.0,0.0,0.0,0.0,0.0,0.0,0.0
AC009971.1_hg,0.0,0.0,0.00028881796951011013,0.000521279880971368,0.0,0.0,0.0,0.00011743616796518838,0.0,0.0,0.0,0.0,0.0,0.0,0.0
AC010320.1_hg,0.0,7.417570052238695e-05,0.00014449960242293996,0.0,0.0,0.0,0.0,0.0,0.0,0.0,0.0,0.0,0.0,0.0,0.0
AC010327.1_hg,0.0,0.0,0.0,0.0,0.0,0.0003288115541498288,0.0,0.0,0.0,0.0,0.0,0.0,0.0,0.0,0.0
AC010327.7_hg,0.0,0.07041489032807897,0.2185724342363278,0.0,0.0,0.0,0.0,0.0,0.0,0.0,0.0,0.16385732062458883,0.0,0.0,0.0
AC010336.2_hg,0.0,0.002344817013770107,0.0002590516071893364,0.0007814454378091408,0.0,6.863464957934072e-05,0.0,0.0009753867712775623,0.0,0.0,0.0,6.587266147576688e-05,0.0006034276547651482,0.0008072965271427655,0.0
AC010542.4_hg,0.0,0.01300099149628091,0.0,0.0,0.0,0.012965913761528421,0.0,0.0,0.0006591027631947251,0.0247659373810343,0.008567141351918823,0.0,0.0,0.0,0.0
AC010547.2_hg,0.0,0.00023308136043152425,0.00012730086268162877,0.0,0.0,0.0,1.9407557190870705e-05,0.0,0.0,0.0,0.0,0.0,0.0,0.0,0.0
AC010624.5_hg,0.0,0.18549885461063578,0.0,0.0,0.0,0.26219423695536614,0.0,0.0,0.16046919230276935,0.5671340678351805,0.0,0.0,0.0,0.0,0.0
AC010894.4_hg,0.0,0.0,0.0,0.0011163732073127925,0.00017977299472143006,9.615841601355443e-06,0.0,0.0,0.0,0.0,0.0,0.0,0.0,0.0,0.0
AC010997.6_hg,0.0,0.0005061085860197489,0.0015788443048213815,0.008708218674817659,0.012550383897221974,0.0,0.0,0.0,0.0,0.0,0.0,0.0,0.0,0.0,0.0073501770357411855
AC011287.1_hg,0.0,0.360163445683204,0.0009934702370097887,0.0,0.006915223580301772,0.016260507269636817,0.018092646574991537,0.0,0.0,0.013287334435031387,0.0909550975885498,0.026577621505737024,0.0,0.0,0.0
AC011330.3_hg,0.0,0.0,0.0003426356779434926,0.0,7.665152940301235e-06,4.2990538905128584e-05,0.0,0.0001546511062876481,0.0,0.0,0.0,0.0,0.0,0.0,0.0
AC011346.1_hg,0.0,1.3080060502791113,0.03273410154711423,0.005213930658534386,0.1575510932764397,0.1733153341153026,0.014694049052915619,0.13248396059637318,0.16627781118530433,0.1185402368950537,0.0,0.30372047714513123,0.0,0.12787657465268187,0.17767463626685742
AC011369.2_hg,0.0,0.0,0.0008433115750520585,0.0,0.0,0.0002059433267514879,0.0,0.0,0.0,0.0,0.0,0.0004930764554640305,0.0,0.0,0.0
AC011442.1_hg,0.0,0.0,0.0,0.0,0.0,0.0005663247817636022,0.0,0.0,0.0,0.0,0.0,0.0,0.0,0.0,0.0
AC011447.3_hg,0.06859065854089044,0.8837995836394812,0.0,0.08847394754452868,0.10043782275099168,0.04164535886026142,0.0,0.17513102970533398,0.0,0.06849363945998865,0.06506215842568744,0.30982332059842377,0.0,0.03640831344923814,0.0
AC011455.6_hg,0.0,0.916215033889385,0.010363936899113125,0.0,0.033535534120941665,0.05794880724747712,0.02261589982782703,0.004979180921184741,0.0,0.11647637026690315,0.22032311280412575,0.0,0.0,0.0,0.0011026532599338506
AC011462.3_hg,0.0,0.00026374459369723656,8.634873152636381e-05,0.0,0.0,5.77158089014616e-05,0.0,0.0,0.0,0.0,0.0008988370743472248,0.0,0.0,0.0,0.0
AC011465.1_hg,0.0,0.0,0.0,0.0005133172355044145,0.0,0.0,3.8546567050331264e-05,0.0,0.0,0.0,0.0,0.0,0.0,0.0,0.0
AC011676.3_hg,0.00028588822029335456,0.00021360523668118833,0.0,0.0,0.00029983510850100644,0.0,0.0,0.0,0.0,0.0,0.0,0.0,0.00046378406994944166,0.0,0.0
AC011825.2_hg,0.0,0.00026116975398962107,0.0,0.0,0.0,0.0,0.0,0.0,0.0,0.0,3.97016895368963e-05,0.00032451513645268427,0.0,0.0,0.0
AC011933.4_hg,0.0,0.0,0.0,0.0,0.0,0.0,5.5784662504720144e-05,0.0,0.0,0.0,0.0,0.0,8.182213033531862e-07,0.0003257244046227352,0.00036767951994825593
AC011998.2_hg,0.0,0.00014458245594363797,0.0,0.0,0.00019227377435972702,0.0,0.0,0.00041437650032211343,0.0,0.00014033704144462663,0.0,0.0,0.0,0.0011041108939596953,8.838010942835962e-05
AC012087.2_hg,0.0,0.0,0.0,0.02375074835830801,0.03409133467112844,0.0,0.0,0.0034913185919043742,0.0,0.0,0.0,0.0,0.0,0.004744216069299206,0.0
AC012313.1_hg,0.03491993067892026,0.1727551056552487,0.013193130681338332,0.021626869492572944,0.047985028099089104,0.04900615990400738,0.0,0.02717946086373848,0.0,0.023935329659882612,4.1108781549051815e-05,0.019107463451893368,0.025691875701451237,0.008551918212728016,0.0
AC012325.1_hg,0.0,0.6204556423337344,0.019581722998448424,0.0,0.011249744806760591,0.018029734159208746,0.020962840712595836,0.01005228907560867,0.0,0.024888607627675197,0.138501717073037,0.0,0.0,0.0,0.02018275018032199
AC012349.1_hg,0.0,0.455470277051108,0.0,0.019365881871271893,0.06313074040628176,0.03935681605794051,0.0,0.03321353106767895,0.037348445471943645,0.11087524233374775,0.0,0.07924808318711542,0.0,0.012939999864312404,0.06748572303301421
AC012358.2_hg,0.0,0.00018852508319060392,1.892864507069155e-05,0.0,0.0,0.00026837937316551456,0.0,3.3358302525398234e-05,0.0,0.0,5.198354583039663e-07,0.0,0.0,0.0,0.0
AC012442.2_hg,0.0,0.00017249500752202057,0.0,0.00012030806950310432,0.0,0.0,8.975335351403111e-05,0.00047062428636917783,0.0,0.0,4.949414119717382e-05,0.00013710783372863393,0.0,0.0,0.0
AC012485.3_hg,0.0,0.025038985375393834,0.0,0.0,0.0003022458631479251,0.002194389804845678,0.0,0.0020892964966314287,0.0,0.0026092492911424544,0.004655855047966143,0.0,0.0,0.0,0.0
AC012629.2_hg,0.0,1.580689491938884e-05,0.00022774212134847927,0.0,0.0,0.0,0.0,0.0006347865475142383,0.0,0.0,0.0,0.0,0.0,0.000471821424166778,0.0
AC012645.2_hg,0.0038446750710626593,0.4441893185101934,0.0029325957322951244,0.0,0.030366278949418353,0.0051722431988877795,0.006955721624835449,0.011644938196959132,0.0,0.0018926185081454844,0.09932671071112453,0.0,0.00034343542424066615,0.0,0.0
AC012653.2_hg,0.0,0.0,0.0,0.2077857895889016,0.7317329279583689,0.07147350920733266,0.011470728519066263,0.056636566453698904,0.0,0.029787836160488444,0.0,0.0,0.15900922814852364,0.0,0.0
AC012668.3_hg,0.0,0.00041248727365886256,0.0010065915263023203,0.0,0.0,0.0,0.0,0.0,0.0,0.0,0.0,0.0,0.0,0.0,0.0
AC013460.1_hg,0.0,0.0002965580543285008,0.0,0.0,0.0,0.0,0.0,0.0,0.0,0.0,0.00010412908801269832,0.006002805455692747,0.0,0.0,0.001117355639100246
AC013474.2_hg,0.0,0.008632146781152575,0.0,0.11260376135682135,0.0,0.0,0.0,0.0,0.0,0.0,0.0,0.0,0.00015899599099557747,0.0,0.0
AC013549.3_hg,0.0,0.0,0.0,0.0,0.0,0.0,0.0002848951317827231,0.0,0.0,0.0,5.011955776356364e-05,0.0,0.0010404255822856281,0.0,0.0
AC013640.1_hg,0.0,0.0,0.0,0.0,0.0,0.0,0.0,0.0,0.0,0.0,0.0,0.0007450444221103184,0.0,0.00015432391322362557,2.5868323576644934e-05
AC013652.1_hg,0.0,0.08364090894833472,0.04151459692628503,0.06097951416157426,0.09830509221883446,0.0,0.0,0.03187869133986075,0.0,0.0,0.0,0.0,0.0,0.0,0.0
AC015802.5_hg,0.0,0.0,0.0,0.0,0.00019615844007268949,0.00025798461617614684,0.0,0.000177646804649789,8.385908354253941e-05,0.0,0.0,0.0,0.0,0.00021627690904068986,0.0
AC015818.2_hg,0.0,0.0,0.0,0.0,0.0,0.0,0.0,0.0,0.0,0.0,0.0,0.0025442052561705994,0.0,0.0,0.0
AC015818.9_hg,0.0,0.016660998325975063,0.028718507847202604,0.0,0.0,0.0,0.0,0.0,0.0,0.0,0.0,0.028252380775730862,0.0,0.0,0.0
AC015911.3_hg,0.0,0.0007992401419130338,0.0019524542755584074,0.0,0.0,0.0,0.0,0.0,0.0,0.0,0.0,0.0,0.0,0.0,0.0026140378086995583
AC016074.2_hg,0.0,0.5403522827879709,0.35059495905002475,0.6565269202922345,0.5211472038971426,0.0,0.0,0.19124748782288614,0.2951991199341008,0.0,0.0,0.7635583704425645,0.5551798103273149,0.0,0.0
AC016573.1_hg,0.0,0.0,1.747116554332304e-05,0.0,0.0,0.0,0.0,0.0,0.0,0.0,0.0,0.001320839733998793,0.0,0.0,0.0006685992794166172
AC016590.2_hg,0.0,0.00029256005746456444,0.0009672387144522599,8.311806983052756e-05,0.0019305995043645754,0.0,0.0,0.0,0.0,0.0,0.0,0.0,0.0002828783057097679,0.0006772894736655768,0.0
AC016629.2_hg,0.0,0.0,0.02040735753468388,1.059427616776384,0.0747209020683745,0.0,0.0,0.13100566877674252,0.0,0.0,0.0,0.0,0.0,0.0,0.0
AC016687.3_hg,0.013865328410981275,0.016663595718683116,0.02216363255852456,0.039395144363285964,0.05689160660564652,0.018115224129897085,0.0037068268004634515,0.015389417268235882,0.003229540172310403,0.0,0.0,0.0,0.0,0.0,0.01390270295338677
AC016705.1_hg,0.0,0.0,0.00022473713701679323,0.0,0.0028027850018776624,0.0,0.0,0.0,0.0,0.0,0.0,0.0,0.0,0.0,0.0
AC016925.3_hg,0.0,0.0,0.34509965191257075,0.0,0.0,0.0,0.0,0.0,0.0,0.0,0.0,0.06203764000266987,0.0,0.015991411933379468,0.0
AC016999.1_hg,0.0,0.0002447680640147218,8.74746228417513e-05,0.0,0.0,0.0,0.0,0.0,0.0,0.0,0.0,0.00010648584871374003,0.0,0.0,0.0
AC017028.1_hg,0.0,0.0,0.0,0.0004567082842265189,6.803084411027545e-05,0.0,0.0003116742238184794,0.0,0.0002349420506242209,0.0002708288164209531,0.0,0.0,0.00015162431659055252,0.0,7.136135631319225e-05
AC017099.2_hg,0.0,0.00028123470784426443,0.00011926437810200531,0.0,9.68228248785877e-05,0.0,0.0,0.0,0.0,0.0,0.0,0.0,0.0,0.0,0.0
AC018557.3_hg,0.0,0.00021391150899509513,0.00018674037609389053,8.161270299449557e-05,0.0,0.00032397589461136654,0.0,0.0,0.0,0.0,0.0,0.0,0.0,0.0,0.0003099776240547555
AC018638.6_hg,0.0,0.01540013003829465,0.006005838250042122,0.0026116496644252468,0.007246177632658829,0.0,0.0,0.0006456239571455013,0.0,0.0,0.0,0.00170432965183574,0.0,0.0023045254036443814,0.0
AC018678.1_hg,0.0,0.8553142370489759,0.0,0.12333478825632642,0.13825861468078846,0.0,0.01975982168552093,0.0,0.06254504178143264,0.0898770920384927,1.74478435241505e-05,0.4671084989134287,0.0,0.0,0.0
AC018693.1_hg,0.0,0.0,0.0,0.0006705492744715258,0.00033691413810328023,0.0,0.00017845453281052512,5.877251043169727e-05,0.0,0.0,0.0,0.00035547614793316655,0.0001509392718049308,0.0,0.0001230766708940308
AC018709.1_hg,0.000679627411990761,0.0013857762437950562,0.010447192562660168,0.0,0.0014451015205361106,0.0022838325345375917,0.0,0.0026544128704503,0.0,0.0,0.0,0.00035272456404436184,0.0007169973503797382,0.0,0.0
AC018730.1_hg,0.0,0.09433515461639334,0.0,0.012634768257761216,0.0017943006689796065,0.0018391929246734044,0.0,0.02101909679157083,0.003488385087547326,0.0,6.729572171255201e-05,0.02289455588166797,0.006367546930770491,0.007889110786112534,0.003297516273765823
AC018802.2_hg,0.0,0.0,0.00595531860860897,0.0010453703828602675,0.0,0.0,0.00047616833941255043,0.0002693402332881093,0.0,0.0,0.0,0.0,0.0,0.0,0.0
AC018816.2_hg,0.0,2.5645972974929933e-05,0.0007362656352859546,0.0,0.0,0.0,0.0,0.0,0.0,0.0001566161605029459,0.0,0.0032840733159816165,0.0,0.0,0.0033888322587375076
AC018865.2_hg,0.0,0.5532846663388092,0.18607419272835252,0.15204664558619507,0.11578660812319198,0.08290117823946581,0.0,0.0,0.0,0.0,0.06279288491966499,0.4831703514650175,0.13547936139701378,0.022456025303849415,0.0
AC019068.1_hg,0.0,0.0019532632535045435,0.0,0.0,0.0019715453973200374,0.0,4.3729516178876464e-05,0.0007864368373234445,0.0,0.000348652145876093,0.0,0.0,0.00011095596519736596,0.0,0.0
AC019080.1_hg,0.009761195238050134,0.11360865077788393,0.13269934076716727,0.08062137164657307,0.0,0.0,0.0,0.02302249799436199,0.0,0.0,0.0,0.04390996495037831,0.0,0.07010977037534998,0.001992767070840262
AC019131.3_hg,0.0,0.19846412272119973,0.003465070006855581,0.0,0.019787180172315056,0.00034533467031724766,0.008472484401043097,0.014919888620221616,0.0,0.003922955996063513,0.028959162880093942,0.022893659376563038,0.012196669714846007,0.0,0.0
AC019193.2_hg,0.0,0.0,0.0009464366186755128,0.0,0.0,0.0,0.0,0.0,0.0,0.0,0.0,0.0012525864269023537,0.00013477333686432688,0.0,0.00037629764567128607
AC019294.2_hg,0.0,0.18181040109607874,0.020016365277228967,0.0,0.03126739183446528,0.02014456023566479,0.0,0.0,0.0,0.019224176908400763,0.030604004886804124,0.16259009593506848,0.0,0.0215459555236911,0.021018680033954427
AC019322.4_hg,0.0,0.7433647828520138,0.0,0.022060394034450276,0.12114231576845538,0.020861738970793617,0.0,0.0,0.037420372172338685,0.044094540937045526,0.01814726241451303,0.28983689539082097,0.0,0.11605563128579523,0.0
AC020663.1_hg,0.0,0.00027629454796176484,0.0003346846578338941,0.0,0.0,0.0,0.0,0.0,0.0,0.0,4.6766210995645115e-05,0.0,0.0,0.0,0.0
AC020741.1_hg,0.0,0.7717040760395734,0.0,0.0,0.0,0.0,0.0,0.0,0.0,0.04184266909468389,0.25565751679702275,0.0,0.0,0.0,0.0
AC020892.1_hg,0.0,0.000552717185538947,0.0,0.03387005760490993,0.024411382808790325,0.00283478151011491,0.0,0.0,0.0,0.0,0.0,0.0,0.0028015402527051714,0.0,0.0
AC020907.1_hg,0.0,0.0011720721478203561,0.0,0.0025759166084606796,0.0,0.0,0.0,0.0,0.0,0.0,2.271860073662021e-05,0.0,0.0,0.0,0.0
AC020907.3_hg,0.0,0.0031706814673502985,0.0,0.0,0.0,0.0,0.0,0.0,0.0,0.0,0.0,0.0,0.0,0.0,0.0
AC020911.3_hg,7.885764013078908e-05,0.0,0.0,0.0,0.0,0.0,0.000585996137001577,0.0,0.0,0.0006344127788117162,0.0,0.0,0.0,0.0,0.0
AC021016.1_hg,0.0,0.19887685006422148,0.0,0.0,0.004662853566253298,0.0,0.008709556174532593,0.007404627180864675,0.0,0.011743552292974023,0.04305347249175803,0.0,0.0,0.0,0.0
AC021134.1_hg,0.0,0.010412287353242313,0.0006539097968439515,0.030995120089176858,0.018619591548340208,0.01565536355498741,0.0015834553166786962,0.009620873438908332,0.005793466918310357,0.0,0.0,0.0,0.0,0.0,0.0
AC021151.1_hg,0.0,0.0,0.00020945629856176676,3.9789374883552554e-05,2.9821191154646275e-05,0.0001062923589596967,4.328042709818796e-05,8.505257301452084e-05,0.00020362179002861324,0.0,0.0,0.0,0.0,0.0,0.0
AC021218.1_hg,0.0,0.0005585295817740937,0.00023012501755787713,0.0,0.005221022595561032,0.0,0.0,0.0,0.0,0.0,0.0,0.0,0.0,0.0,0.0
AC021744.1_hg,0.00021666219292082768,0.0,0.0,0.00017792980405672478,0.0002059738271234178,0.0,0.0,0.0,0.0005024145890906479,0.0,0.0,0.0,0.0,0.0,0.0
AC022031.2_hg,0.0,0.020018777879059854,0.0367095151581826,0.001177938370567044,0.0,0.0,0.0,0.005128281817135098,0.0,0.0,0.0,0.023650164576177277,0.0,0.0,0.0
AC022035.1_hg,0.0,0.0,0.0004812293988550219,0.0004963466575926045,0.0,0.0,0.0,0.0,0.0,0.000132063060889234,0.0,0.0,0.0,0.0011213081739491358,0.0
AC022081.1_hg,0.0,0.0,0.0,0.0,0.006841403434139934,0.0,0.0,0.0,0.0,0.0,0.0,0.0,0.0,0.0,0.0
AC022092.1_hg,0.0,0.0,0.0,0.005832816902296029,0.05921254979687999,0.0,0.0,0.0725298075502294,0.0005058733211225019,0.0,0.0,0.0,0.0,0.0,0.0
AC022133.2_hg,4.3039443959239386e-05,0.0,0.0,0.0,0.0010012287798009994,0.0,0.0,0.0,0.0,0.0,0.0,0.0009063422430804812,0.0,0.00011211468694665611,0.0001369330801452492
AC022188.1_hg,0.00017662530251649278,0.0,3.3361522621894256e-05,0.001136951383997675,0.00037941660525886493,0.00011556895887533984,0.0,0.0002846156569451736,0.0,0.0,0.0,4.2576081756614676e-05,0.0,0.0,0.0
AC022201.2_hg,1.1494222185285956e-05,0.0,0.0,0.0,0.0,0.0,0.0006401378860600411,0.0001692682829966423,0.0,0.0,0.0,0.0008931359473372013,0.0,0.0,0.0
AC022382.1_hg,0.0,0.002371913014776304,0.0,0.0020792084778602504,0.0,0.0013398154978919068,0.00024384284840963007,0.0,0.0,0.0,0.00035681422556179434,0.0,0.0006285557037787257,0.0,0.0
AC022400.2_hg,0.0,0.001177510043701612,0.0,0.0,5.874947633864639e-05,0.0,0.0,0.0003345916904470037,0.00029114180107149535,0.0,0.0,0.0,0.0,0.0006486350768772374,0.0
AC022440.1_hg,0.0,0.00028745557032422913,1.8644420983223037e-05,0.0,0.0,0.0,0.0,0.0,0.0,0.0,0.0,9.608537308851674e-05,0.0,0.0,0.0
AC022506.2_hg,0.014024832034426924,0.8481313947153284,0.04099895759305472,0.002274831049563028,0.01759037981244164,0.0,0.016929101658025938,0.0,0.0,0.14305539131938252,0.19443095614346184,0.0,0.0,0.0,0.0
AC022509.1_hg,0.0,6.985283736464158e-05,0.0006371007715191177,0.0,0.0,1.9849625013501236e-05,0.0,0.00012956203219229427,0.0,0.0,0.0,0.0,0.0,0.0,0.00033285295099001787
AC022706.1_hg,0.0,0.0013082607911714557,0.0061686125143294015,0.0026991685436396147,0.0,0.0,0.0,0.0008552072056430517,0.0,0.0,0.0,0.0,0.0,0.0,0.005070902962865231
AC022726.2_hg,0.0,0.0,0.001553601094560031,0.0,0.0,0.0,0.0,0.0,0.0,0.0,0.0,0.004318184170938004,0.0,0.0,0.005553869759976176
AC022730.4_hg,0.0,0.002627428274360265,0.004935113542519101,0.0017617239081167782,0.0,0.0,0.0,0.0005531048533185816,0.0,0.0,0.00018159233374377145,0.0,0.0,0.0,0.0
AC022784.1_hg,0.0,0.07095145478159552,0.030034297555526633,0.05096371225248768,0.04875826380989902,0.0,0.06983132713400603,0.19006097342156603,0.0,0.0,0.0,0.0,0.038177398652689556,0.0,0.0
AC022819.1_hg,0.0,0.18756497092142607,0.01132781005751157,0.0,0.0,0.008489854205424583,0.006378232227558725,0.0,0.0,0.0,0.03131824447153354,0.0,0.0,0.0,0.002101856159138073
AC022903.2_hg,0.0,0.0,0.0,0.0,0.00036497412409788323,0.00013851895946838126,0.0,0.0,0.0,0.0,0.0,0.0,0.0,0.0,0.0002309871667281229
AC022929.2_hg,0.0,0.21535560944622786,0.0,0.024798227163455772,0.02196972743377025,0.035549477399877794,0.0,0.038566456681985516,0.0005848410603624915,0.0036348367902548136,0.0,0.027004556586056633,0.03065331645261754,0.0,0.07924992356283841
AC022973.5_hg,0.00020371410990532092,0.0,1.6230889734000508e-05,0.0,0.0,0.000972058357848805,0.0,0.0020557593811002996,0.0,0.0,0.0,0.0,0.0,0.0,0.0010872646871689302
AC023202.1_hg,0.0,0.0,0.0,0.0,0.009117819330216248,0.0,0.0,0.0,0.0,0.0,0.0,0.0,0.0,0.0,0.0
AC023283.1_hg,0.0,0.2084946264874077,0.00360563774714679,0.0,0.0,0.005527704898596019,0.007445497575042054,0.0,0.0,0.0,0.021205929106611142,0.018825593568628778,0.012678126770944825,0.0,0.01108636573357406
AC023480.1_hg,0.0,0.00035603477349310233,0.00010110348129941453,0.0009060368468331658,0.0,2.2323892799986572e-05,0.0003244134291725419,0.0,0.000521233731075865,0.0,0.0,0.0,0.0004348237562570122,0.0,0.0017382291158868617
AC023866.2_hg,0.0,0.0,0.0001743975285734436,0.0,0.0,0.0,0.0,0.00016235815869439224,0.0,0.0,0.0,0.0,0.0,0.0,0.00019763639599146182
AC024361.1_hg,0.0,0.17120284534838273,0.00410475088105156,0.05304275220196947,0.07032113069627122,0.022490558903187637,0.0,0.06554326702529731,0.0,0.0,0.0,0.004382322750141206,0.05385370489611284,0.02651911030370736,0.05625258169520078
AC024560.1_hg,0.0,0.0016536534196183203,0.011748975799231946,0.0,0.011594988599159205,0.0,0.0,0.0,0.0,0.0,0.0,0.0,0.0,0.0,0.0
AC024589.2_hg,0.0002472533874339976,0.0005873621783988055,0.0,0.0,0.0,0.0,0.0,0.0,0.0007072388574216751,0.0,0.0,0.0,0.0,0.0,0.0017230464711581253
AC024619.3_hg,0.0,1.515494158439885e-05,0.0,0.0,0.0,8.675253196779212e-05,0.0,0.0,0.0,0.0,0.0,0.0001688915298924207,2.411904771428402e-05,0.0,0.0
AC025160.1_hg,0.0,0.00026563931343092864,0.00024162816464182185,0.0,0.0,5.5572959515448645e-05,0.0,0.0006707881290785267,0.0,0.0,0.0,4.699693825226974e-05,0.0,0.0,0.0
AC025171.2_hg,0.0,0.5025191646669519,0.3015635001861905,0.40430629304830984,0.0,0.07659611619412837,0.053432710525419806,0.0015471934387606696,0.0,0.0,0.0,0.09030001050331211,0.0,0.0869065929051692,0.26887177756815944
AC025419.1_hg,0.0,0.0656919012074879,0.0318228604173032,0.0,0.1508252767634287,0.0,0.0,0.0,0.0,0.015958749962429776,0.01244750040451998,0.0,0.0,0.0,0.08709381751740179
AC025437.2_hg,0.0,0.0753000865489671,0.001896197896419413,0.006201402089014839,0.01446585161478258,0.027593225839387895,0.0,0.002415261916756317,0.0,0.0,0.0,0.003620678124021666,0.0021269014690419,0.0,0.031824102950098104
AC025569.1_hg,0.015790590771756968,0.24719928686191928,0.047750575736898615,0.013382069040386363,0.06763625595040777,0.0,0.0,0.01905603297179017,0.0,0.008726763104614342,0.040716005160332504,0.006010706555385765,0.0,0.0,0.0
AC025580.3_hg,0.0,0.6248432412494789,0.0,0.0,0.021331479848580717,0.018595397774704554,0.0257851642211132,0.0,0.0,0.018158133942475715,0.14630414081486162,0.056774300023020016,0.0,0.0,0.0
AC025614.2_hg,0.0,0.4604324566287585,0.00203965942898325,0.0,0.02665284446284047,0.0,0.0026971757216543756,0.021687963185646975,0.00015535274910774292,0.07579676417029033,0.11864955926375777,0.0,0.014746618934682005,0.0,0.0
AC025766.1_hg,0.0,0.0,0.0,0.0005490508197898618,0.0006676729737675278,0.0,0.00020638204557122783,0.0,0.0,0.0,5.338747744845878e-05,0.0,0.0,3.331723012313166e-06,0.0
AC025917.1_hg,0.0,7.679720916397098e-05,0.00038853633708566855,0.0,0.0,0.0,0.0,0.0,0.0,0.0,0.0,0.0,0.0,0.0,0.00031956914949710617
AC026202.2_hg,0.0,0.0,0.023227112384534496,0.00022722309562642914,0.0,0.0,0.0017215915974321421,0.0,0.0,0.0,0.0002362489252085375,0.009401944599109691,0.0,0.0,0.0
AC026316.3_hg,0.0,0.0001234827421994926,0.0,0.0,0.0,0.00015560301054388673,0.0,0.0,0.0,0.0,3.385585975450557e-05,0.0003642581464237765,0.0,0.0,0.0
AC026329.1_hg,0.0,8.198017282554981e-05,0.00028609615438122347,0.0,0.0002629907352556481,0.0,0.0,0.0,0.0,0.0,0.0,0.0009990297039339034,0.0,0.00017821260626876769,0.0
AC026782.2_hg,0.0,0.0,0.00072616482818441,0.0002011089785315539,0.0,6.95179851452906e-07,0.0,0.0,0.0,0.0,0.0,3.525364281867118e-05,0.0,0.0,0.0
AC026904.1_hg,0.0,0.0,0.0,0.026250743171032407,0.02833795060776085,0.0,0.0,0.013563362404062496,0.0,0.0,0.0,0.0,0.0,0.0,0.0
AC027129.1_hg,0.0,0.00011658571790398452,3.160096079483848e-05,8.153150798979276e-05,0.0,0.0,0.0,0.0,0.0,0.0,0.0,0.0,0.0,0.0,0.0
AC027251.1_hg,0.0,0.0,0.00019653459957846606,0.0,0.0,0.0,0.0,0.0,0.0,0.0,3.317550853822581e-05,0.00076827175837006,0.0,0.0,0.0
AC027288.3_hg,0.0,0.1269494887058168,0.0,0.009100959884105341,0.012371662307417736,0.012788843166722973,0.0,0.019414112533693108,0.0032423572313585703,0.00040057223380465074,0.0,0.023900070079293616,0.0,0.006262536164987377,0.009870902233470528
AC027307.2_hg,0.0,0.20843021861699973,0.21958062159556052,0.05652827673809495,0.05684605033293924,0.0,0.15404165980818385,0.01836135519907,0.0,0.03560554199505433,0.0,0.1410606195828915,0.0,0.0,0.0
AC027584.1_hg,0.0,0.0,0.012273385424510154,0.0,0.0,0.0,0.0010909023329646302,0.0,0.0,0.0,0.0,0.0002667003125866996,0.0,0.0,0.003286239589412288
AC027682.7_hg,0.00020201382276603143,0.28685625037961576,0.008287017045022362,0.003359551736722961,0.024177143895862906,0.008264733124834436,0.0026245794121298517,0.0,0.0,0.0,0.0531859485561982,0.03799391987609258,0.0044677752579907705,0.0,0.0
AC034223.1_hg,0.0,0.2593592283058309,0.0,0.0,0.005435089217654902,0.02484462944640648,0.016899683724619127,0.023646643124783526,0.03712794786234205,0.0,0.0,0.05536239620787398,0.0,0.019757352235689404,0.0
AC034229.1_hg,0.0,0.16733214579503938,0.002990384533417207,0.0,0.0,0.0,0.007853129068777984,0.0,0.0,0.0,0.023542859297826145,0.0,0.0,0.0,0.003957954262298161
AC036222.1_hg,0.0,0.0013395242124955317,0.0,0.0,0.01078822906647531,0.0,0.0,0.0,0.0,0.0,0.0,0.0,0.0,0.0,0.01736823089285928
AC037198.1_hg,0.0,0.0,0.0,0.0,0.12456705799989622,0.0,0.0,0.0,0.0,0.0,0.0,0.0,0.0,0.0,0.0
AC037450.1_hg,0.0,0.0,0.0,0.0,0.000990935401478316,0.0,0.0,0.0,0.0,0.0,0.0,0.0,0.0,0.0,0.0
AC040160.2_hg,0.0,0.3369224456532815,0.028722628615945895,0.0,0.03830207538168709,0.0,0.007807032199392089,0.016300901479268513,0.0,0.02978423520268144,0.07439332430851034,0.0,0.0,0.0,0.0006888809099300602
AC044893.1_hg,0.0,0.00011320932968466973,0.0025336608220958316,0.003890978353879551,0.0,0.0,0.0,0.0,0.0,0.0,0.0,0.005339915128570945,0.004431130907219308,0.0,0.006301282988949983
AC051619.10_hg,0.0,0.00011698098888972024,0.0,0.0,0.00047418310738607126,0.00028948951258164264,0.0,0.0,0.0,0.0,0.0,0.0,0.0,0.0,0.0
AC053545.1_hg,0.0,0.0,0.2664008233608798,0.047055552040662356,0.1555834928895275,0.0,0.0,0.0,0.0,0.0,0.0,0.04745198798053611,0.0,0.0,0.22012316250325273
AC055839.2_hg,0.0,0.0031387120629431725,0.0005440613413420584,0.001528158108461585,0.0009371436790989334,0.0,0.00010647294516677977,0.001881611640711679,0.0,0.0,0.0,0.0008047713820043304,0.00047928703134637635,0.0,0.0
AC060780.1_hg,0.0,0.7909467357391273,0.32443284692791863,0.3169157652788756,0.3751453992125347,0.10278213930200279,0.0,0.15988139515423552,0.0655335786004239,0.1664696463392397,0.03882141645432982,0.4498680933664227,0.15784859368854173,0.14194181609726822,0.018497956551337427
AC063944.1_hg,0.00020151678124346976,0.0,9.983144558864964e-05,0.0,0.0,0.0,0.00012474301958471254,8.534195067903993e-05,0.0,0.00035174990812395266,0.0,0.0,0.0,0.0,0.0
AC066580.1_hg,0.0,0.40958928309729375,0.00840875503180735,0.0,0.011442215975822673,0.030150168175990987,0.008594147160259325,0.0075726559288219805,0.0,0.0018243182307458305,0.08269179446873771,0.035592668584311885,0.0013855850144053538,0.0,0.03950924324331426
AC066612.1_hg,0.0,2.6101883625043198e-05,1.3207051144367603e-05,0.0,0.0,0.0,0.0,0.0,0.0,0.0,0.0,0.00011143054519869654,0.0,0.0,0.0
AC067968.2_hg,0.0,0.0,0.0,0.001669052350918913,0.0,0.0,0.0,0.0,0.0,0.0,0.00015329950718280172,0.0,0.0,0.0,0.0
AC067969.1_hg,0.0,0.0,0.0,0.0,0.0,0.0,0.0,0.0,0.0,0.0,0.0,0.0012350551368561953,0.0,0.00178812274769903,0.0
AC068075.2_hg,0.0,0.0,0.0,0.0,0.0,0.0,0.0,0.00011821217089976798,0.0,0.0,0.0,8.056927115913067e-05,0.0,0.0,2.7663215255394214e-05
AC068205.2_hg,0.0,0.2783365563695725,0.041485128525319576,0.023965563529264575,0.015308689546991924,0.0,0.01927751908606344,0.02733455768502951,0.0,0.0,0.028218597042028247,0.06432055692841132,0.03369259335542953,0.0,0.0027928752306586434
AC068389.1_hg,0.0,0.08321736489147037,0.0,0.0,0.0,0.0,0.0,0.0,0.0,0.0,0.018875822600739844,0.0,0.0,0.0,0.0
AC068418.1_hg,0.0,0.0,0.0,0.00035067890629362694,6.617850634217342e-05,6.73073781177075e-05,0.0,2.899057455661872e-05,0.0,0.0,0.0,0.0,0.0,0.0,0.0
AC068448.2_hg,0.0,0.6238943438532524,0.0,0.002125981065959865,0.06163145694077692,0.05380886199142276,0.0,0.018595557865668574,0.07896402879805418,0.10455955769887974,0.0,0.2109241626882361,0.0,0.014095789792687372,0.0
AC068473.3_hg,0.0,0.3811745782604412,0.0,0.0,0.02417234093910488,0.0,0.00491628280771333,0.0,0.0,0.06913473025951902,0.128877252682912,0.0,0.0,0.0,0.0
AC068506.1_hg,0.0,8.114398659598639e-05,0.0,0.00010445877355468811,0.0,0.0,0.0,0.0,0.0,0.0,0.0,0.00017488366447609453,4.079215477033031e-06,0.0,0.0
AC068547.1_hg,0.0,0.2833296791141248,0.6114985348835615,0.07241941847771842,0.31416230361849096,0.22042124431319468,0.0,0.5150123347320165,0.0,0.17851739019197138,0.0,0.04171427475121663,0.5353429606127373,0.0955410746012154,0.4121087324720105
AC068587.4_hg,0.07602141126893694,1.5161628578976165,0.040772143367860884,0.1429060038603247,0.07079271389160587,0.10961124033875308,0.011950104678548401,0.04019070235161963,0.08543455922228024,0.27090584468694506,0.0,0.5637393411823104,0.0,0.11936256071544443,0.12326767823474612
AC068631.1_hg,0.0,0.2069635532677013,0.018645354647863936,0.0,0.02295046617268719,0.008136822911386465,0.00029548110822646175,0.005883549416889051,0.0,0.0,0.04466070377391376,0.03353478054480958,0.0,0.0,0.0009953967278678987
AC068672.2_hg,0.0016969057772656887,0.017308136340436337,0.0,0.11445543972888934,0.042716084855504176,0.009139670971152982,0.0,0.0,0.03352910880925235,0.0,0.0,0.0,0.017375370539346215,0.0,0.0
AC068672.3_hg,0.0,0.0021980320731980643,0.0,0.006980359636875452,0.0043730564160433345,0.0,0.0,0.0,0.0009888900793667448,0.0,0.0,0.0,0.00016678840183090347,0.0,0.0
AC068688.1_hg,2.222747557026346e-06,0.0005483751542423936,0.0,2.104461259565132e-05,0.00017948898116126907,0.0,3.072815745127632e-05,0.0,0.0,0.0,0.0,0.0,0.0,0.0,0.0
AC068789.1_hg,0.0,0.0,9.826008340849929e-05,0.0,0.0008019601281111787,0.0,6.717796067360563e-06,0.0004695101521592784,0.0,0.0,0.0,0.0,0.0,0.0,0.0
AC068946.3_hg,0.0,0.0010562765278410444,8.980345128077616e-05,0.0006535279419826377,0.0,0.0005934496907711936,0.0,0.0,0.0,0.0,0.0006574638084795904,0.00027169762148259986,0.0,0.000435934630933142,0.0
AC069120.1_hg,0.0,0.27233350234216797,0.00448114000077395,0.0,0.0072190343930393875,0.03845771727096729,0.004506099103775773,0.007849469016798399,0.0,0.0018721794817106651,0.04531552706873426,0.02109635798533076,0.024183360761216497,0.0,0.015952464742729357
AC069257.1_hg,0.0,0.0,0.00015429328752196848,0.00015164348366278322,0.0,0.00027106945145002697,2.3541815449784402e-05,0.0,0.0,0.0,0.0,0.0,0.0,0.00042545920056572716,0.0
AC069277.1_hg,0.007979825088438546,1.0807014913868602,0.21109357696387362,0.5381295306462585,0.0,0.36084537605157413,0.06789247512503324,0.5887238071171638,0.13515369928423085,0.33518791281853205,0.03242588770502292,0.0,0.22027182257609618,0.013339391515900982,0.5997681578534519
AC072022.1_hg,0.0,0.0,0.0,0.00015330391429019868,0.00018506989682724444,0.0,0.0,8.304474602294561e-05,0.0,0.0,0.0,0.0,0.0,0.0,0.0
AC072026.2_hg,0.0,0.4061283264522082,0.010654072231595903,0.0,0.04152021290221174,0.056848514113887895,6.569370103933885e-05,0.039684363317198455,0.047940940085164384,0.0,0.0,0.08850338843386395,0.0014993791398653503,0.03469194835408349,0.033758731870949486
AC072062.1_hg,0.0,0.0,3.068071006935973e-05,0.00031685489405309906,0.0001259547723936533,0.0,0.0,0.0,0.0,0.0,0.0,0.0,0.0,0.00015050463939469434,0.0
AC073082.1_hg,0.0,0.19530768853939304,0.0,0.0,0.0,0.00461157233468487,0.0,0.005630581469544617,0.0,0.020445805045384364,0.03957090608140034,0.02405089636724774,0.0,0.0,0.021861285354306932
AC073127.1_hg,0.0,0.0,0.00037586862213905426,0.0,0.0,0.0,0.00011129989197585495,0.0,0.0,0.0,0.0,0.001200361966886735,0.0,0.00010946777980155867,7.780425307646964e-05
AC073316.1_hg,0.0010416564547991833,0.00024352726923943877,0.0033407185460160188,0.0,0.0,0.0,0.0,0.0,0.0,0.0,0.0,0.0005210480456175084,0.0,0.0,0.0
AC073320.1_hg,0.0,0.4861677516002697,0.0,0.0,0.0,0.013023216709198334,0.020529059413563068,0.0,0.0,0.0,0.11128793197768853,0.007856183377391588,0.0,0.0,0.02567903860581938
AC073335.2_hg,0.0,0.3842477307125316,0.0,0.023023372703345476,0.0,0.0,0.007062688267843152,0.0,0.0,0.039684960045854256,0.09792557797730213,0.0,0.0,0.0,0.0
AC073429.2_hg,0.0,0.00010455947812066693,0.0,7.59032072582479e-05,0.0003290174716001643,1.8605104206576462e-05,0.0,0.00020506885646631867,0.0,0.0,3.985961736544558e-05,0.0,0.0,0.0,0.0
AC073573.1_hg,0.0,0.0010292484111142333,0.0,0.001088245716423663,0.0,0.0,0.0,0.0,0.0,0.0,2.018720622301095e-05,0.0,0.0,0.0,0.0014485455839191174
AC073578.1_hg,0.0,0.0,0.007616499132528581,0.001664084397643096,0.004151535053260122,0.0,0.0,0.002692465202646674,0.0,0.0,0.0,0.0024081352418145814,0.0,0.004457661633845812,0.0
AC073648.7_hg,0.0,0.012802574944049187,0.008582723782931057,0.01992168840005791,0.0,0.0,0.0,0.0,0.0,0.0,0.0,0.005426316282704711,0.0013542960156337452,0.0,0.0
AC073862.3_hg,0.0,2.9918731443819156e-05,0.00260984567743459,0.0,0.0,0.0,0.0,0.0,0.0,0.0,0.0,0.007222187344602423,0.0,0.0,0.0
AC073896.3_hg,0.0,0.31222517788099047,0.0,0.0,0.0,0.0,0.007564947895471644,0.0,0.0,0.008839071053892403,0.0734183598318165,0.0,0.0,0.0,0.02899500130016197
AC074011.1_hg,0.0,0.00022558836246168348,0.0,0.0,2.119258273471951e-05,0.0,0.0,0.0,0.0,0.0,0.0,0.0,0.0,0.0,0.0
AC074117.1_hg,0.08598344114406659,0.5998031233844098,0.03699723506516965,0.01703686079004118,0.18431403634311208,0.12331847104833725,0.0,0.24648538986016189,0.0,0.08915371476712979,0.02957808504684812,0.05444312367408118,0.07267964164783663,0.01545032601570772,0.13957193837881465
AC074194.1_hg,0.0,0.0002983366773639656,0.00029446127066018284,0.0,0.0,0.0,0.0,0.0,0.0,0.0,0.0,0.0,0.0,0.0,0.0
AC078923.1_hg,0.0,0.0008029103428965747,0.0,0.0,0.0,0.0,0.0,0.0,0.0,0.0,0.0,0.0007056410160943236,0.0,0.0,0.0
AC078925.4_hg,0.0,0.0025579791601755054,0.0031943687097480797,0.008221815390408657,0.0,0.0,0.0,0.008504628396997864,0.0007684252239741454,0.0,0.0,0.0,0.0035413492922222595,0.005258315717919458,0.0
AC078993.1_hg,0.0,0.0,0.00502989971554239,0.0,0.046412350519021026,0.0,0.0,0.0,0.0,0.0,0.0,0.0,0.0,0.0,0.0
AC079171.1_hg,0.0,0.0,0.0,0.0,0.0015694030701219278,0.0,0.0,0.0,0.0,0.0,2.186082702850309e-05,0.0,0.0,0.0,0.0
AC079336.5_hg,0.0,0.4800585099049562,0.0,0.0,0.0,0.01693261597348639,0.015395683772958982,0.0,0.0,0.03570691543431389,0.09420260137546943,0.011369378645637989,0.0,0.0,0.0
AC079340.2_hg,0.0,5.556680152815438e-05,0.0,0.0002391464116036434,0.00017029577258440725,0.0,0.0,9.122217917113552e-05,0.0,0.0,0.0,0.0,0.0,0.0,0.0
AC079384.2_hg,0.0,0.0,0.0,0.0001411204550199797,3.536342017668019e-05,0.0004740626515545693,0.0,0.0,0.0,0.0005844620055047474,9.223751425370331e-06,0.0,0.0,5.7496164247214706e-05,0.0
AC079601.1_hg,0.0,0.00309129992129915,0.0006950308340761442,0.0,0.0,0.0010495768484845062,0.0,0.0,0.0,0.0,0.00019092410657444377,0.00850186527455855,0.0,0.0,0.0
AC079610.1_hg,0.0,0.0,0.0,0.0,0.0,0.0,5.981094023087029e-05,0.0,0.0,0.0,0.0,0.0,0.0007634472482607837,0.0,0.0
AC079801.1_hg,0.7886521940917076,0.0,0.4138196151091601,1.5843562777932774,0.0,0.5550547933924971,0.0,1.6537253501609106,0.0,0.45330360466236347,0.023314048238884576,0.0,0.0,0.0,0.0
AC079906.1_hg,0.0,7.30944054389255e-05,0.0001446112558124594,0.0003064611036750641,0.0,0.00012726122920415453,0.0,0.0,0.0,0.0,0.0,0.0003404463869333118,0.0,0.00018342273397301044,0.0
AC079950.1_hg,0.0,0.0,0.0,0.0,0.00014637657754140254,0.0,0.0,0.0,0.0,0.0,0.0,0.0009302345526443822,0.0,0.0014666646783301064,0.0
AC080005.1_hg,0.0,0.6081934950742671,0.010877647551017604,0.0,0.014942921686130284,0.0,0.01669290408028342,0.051183834175068534,0.0,0.10185960945623446,0.16196356505076567,0.0,0.01100622240904362,0.0,0.0
AC080023.1_hg,0.0,0.0,0.00018528911168453195,0.0,0.0007079145442320436,0.0,0.0,0.0,0.0,0.0,0.0,0.0,0.0,0.0,0.0
AC080038.1_hg,0.0,0.0,0.0013282348311848486,0.0003664543186044648,0.0,0.0,0.0,0.0,0.0,0.0,0.0,0.0006302698119745402,0.0001580194187305657,0.0,0.0
AC083805.2_hg,0.0,0.0,0.0002348721239393969,0.0,0.000728665030333373,2.7969449838769305e-05,0.00011345518433235205,0.0,0.0,0.0,0.0,0.0,0.0,0.0,0.0
AC083836.1_hg,0.0,0.19972697949779725,0.014102800784101088,0.0,0.002328652717277861,0.002280622064759737,0.011038333154580972,0.0,0.0,0.0,0.03291625764681521,0.007765298732497812,0.02124202383931225,0.0,0.030469775721986798
AC084026.2_hg,0.0,0.0,0.00027135693975956275,0.0,0.00027749071425721785,0.0,0.0,0.0,0.0,0.0,0.0,0.0,0.0,0.0,0.00022328442435291015
AC084782.3_hg,0.0,0.0,0.0001309772327329824,5.053920976486167e-05,0.0008142390999026833,0.0,0.0,0.0,0.0,0.0,0.0,0.0,0.0,0.0,0.0005831535666601052
AC084809.2_hg,0.0,0.0,0.0,0.0,0.05225161782516175,0.0,0.0,0.0034297401917740395,0.0,0.0,0.0,0.0,0.0,0.0,0.0
AC084864.2_hg,0.0,0.0,0.06129402914883074,0.4412351749545901,0.0,0.0,0.017478748076957047,0.21211329226574133,0.0,0.0,0.0,0.0,0.10293352803600739,0.0,0.0
AC084880.4_hg,0.0,0.0,0.0,0.0,0.0,0.0,0.0,0.0007263279697013634,0.0,0.0,0.0,0.0,0.0,0.0,0.0
AC087163.3_hg,0.0,0.000359444810794817,0.0,0.00093759773326503,0.0,0.0,0.0,0.0,0.0,0.0,0.0,0.0,0.00029659745549366124,0.0,0.0
AC087235.2_hg,0.0,0.0,0.00039782794884026445,0.0,0.0,0.0003275260260744425,0.0003390890265014966,0.0,0.0,0.0,0.0,0.0,0.0,0.0,0.0
AC087379.2_hg,0.0,2.5340139388963762e-05,6.902278388557045e-05,0.0003382724396278076,0.0,0.0,0.0,0.0,0.0,0.0,0.0,0.0,0.0,0.0,0.0
AC087392.1_hg,0.0,0.0,0.0005637527558663655,0.0,0.0042242320161768035,0.0,0.0,0.0,0.0,0.0,0.0,0.0,0.0,0.0,0.0
AC087473.1_hg,0.0,2.0765819364736537,0.0,0.11311181122330143,0.15098395070325762,0.054359565555099916,0.0,0.11071400944174065,0.17933952720665675,0.6244312984972409,0.15977533519507792,0.9669172024197747,0.0,0.02628154674265811,0.06795590999283194
AC087500.1_hg,0.0,0.222886924019014,0.01236197806918323,0.0,0.02151693817573945,0.0,0.005635604169838669,0.0,0.0,0.0046908308880866416,0.04095713285481952,0.0,0.0,0.0,0.0181350862008073
AC087664.1_hg,0.0,0.00012319353202099617,8.869583032705287e-05,0.0,0.0,0.0,0.0,0.0,0.0,0.0,0.0,0.0,0.0,0.0,0.00030313023658852696
AC087667.1_hg,0.0,0.0,0.02175992073876097,0.0,0.00998306474885821,0.0,0.0,0.0,0.0,0.0,0.0,0.002999478132800471,0.0,0.0025508879831027797,0.0
AC087741.1_hg,0.0,0.06484718263433357,0.17664357615386067,0.0,0.06510764582642282,0.0,0.0,0.0,0.0,0.0,0.0,0.024891348178577518,0.0,0.0,0.013850849160213377
AC087854.1_hg,0.0,0.20250070016995256,0.018536081485293746,0.0,0.012305177562530582,0.012359219318567616,0.0,0.03160933996178904,0.020685653642767973,0.0,0.0031211056147842386,0.028289606647989508,0.008964458029324595,0.0,0.03106817873898713
AC087857.1_hg,0.0,0.0034202778051421975,0.004530332660586119,0.0,0.0,0.0,0.0,0.0,0.0,0.0,0.0,0.0,0.0,0.0,0.006899680804410761
AC087883.2_hg,0.0,0.029387438710337034,0.0016088990786711365,0.003773552060995971,0.013656337312566613,0.002791318886268115,0.002569970490474645,0.0,0.0007672949299872898,0.0005514987419115,0.0,0.015380440335535523,0.0002056322844210711,0.002375252103179848,0.014675448627150867
AC090004.2_hg,0.0,0.0,0.4725688518767504,0.0,0.0,0.0,0.01075972842585539,0.07661485436977589,0.0,0.0,0.0,0.0,0.0,0.0,0.0
AC090023.1_hg,0.0,0.0,0.0,0.0,0.02158984603172525,0.0,0.0025207418433109,0.0047686371451732545,0.0,0.0,0.0,0.0,0.0,0.0,0.019224865083279002
AC090114.2_hg,0.0,0.5972742235741417,0.1631129198621195,0.08071961488244181,0.1299310864863005,0.0,0.0,0.0,0.0,0.0,0.07766422157814562,0.15510550673255813,0.01968464045883583,0.042608914617323156,0.09134980474517905
AC090192.2_hg,0.0,0.028051266427299253,0.036418138622414484,0.0,0.16563293549408686,0.0,0.0,0.0,0.0,0.0,0.0016396899557242102,0.0,0.0,0.0,0.0
AC090200.1_hg,0.0,0.0,0.0,0.0,0.0,0.00034532461787344646,0.0,5.0200313762991466e-05,0.0,0.0,0.0,0.0,0.0,5.586125462665883e-05,0.0
AC090206.1_hg,0.0,0.00020494710336942413,0.0,0.0002506758258518749,0.0,0.0,0.0,0.0,0.0,0.0,0.0,0.0,0.0,0.0,0.0
AC090377.1_hg,0.0,0.39650902140421557,0.0,0.0,0.02413332968550786,0.0,0.00911227200006074,0.0,0.0,0.07061794999403555,0.06869854275093411,0.0,0.0,0.0,0.0
AC090409.1_hg,0.0,0.0,0.0,0.0,0.09071496290834855,0.0,0.0,0.051836115914824635,0.0,0.0,0.0,0.0,0.0,0.0,0.0
AC090409.2_hg,0.0,0.0002755775856465309,0.0,0.00012364606614030378,2.9855599738335726e-05,0.0,0.0,0.0,0.0,0.0,0.0,0.0,0.0,0.0,0.0
AC090510.4_hg,0.0,0.0005090317040901792,0.002560562542751652,0.0,0.00011292350260718213,0.0002893984513641492,0.0,0.0,0.0,0.0,0.0,0.0,0.0,0.0,0.00016686499526205606
AC090559.2_hg,0.0,0.38720231534522137,0.0,0.0,0.005932177533147596,0.012563204831086852,0.012429213890236329,0.0,0.0,0.02023866776609521,0.08110847101754473,0.08141641151617192,0.0,0.0,0.0
AC090578.2_hg,1.8618187268069745e-05,0.0,0.0004374518741907916,0.0,0.0,0.0002478462431354744,0.0,0.0,0.0,0.0,0.0,0.0,0.0,0.0,2.1702279868330345e-06
AC090680.1_hg,0.0,0.00029304692733610465,0.0,0.0007048623583052413,0.0,0.0001618542241633798,0.0,0.0004145943080627456,0.0011028953916914714,0.00317654655411674,0.0,0.0,0.0,0.0,0.004288283698215524
AC090692.3_hg,0.0,0.0,9.030204958728942e-05,0.0,0.0,0.0002272631266570347,0.0,0.0,0.0,0.000690773850113563,5.3907843436810666e-05,0.0005797112310801242,0.0,0.0,0.0
AC090825.1_hg,0.0,0.5294920247018794,0.0,0.011375549216416526,0.06928280991572343,0.05415439644267994,0.024865151964175825,0.10808803425188854,0.03413078066075121,0.0,0.0,0.20451627414082849,0.0241832525888195,0.0,0.06076755450759882
AC090994.1_hg,0.041648244853977424,0.40943863147535514,0.08480904938305515,0.13009190951889782,0.11772299474757845,0.05133047268919587,0.0,0.1455075018645577,0.0,0.00357350384070813,0.0037109765746177878,0.02812228408716851,0.06607285529605629,0.016807490770586797,0.036942334162037155
AC091043.1_hg,0.0,0.0,0.0,0.002488069696791652,0.0005608588284523779,0.0,0.0,0.0,0.0,0.0,0.0,0.0003346847507613383,0.0,0.0,0.0
AC091074.2_hg,0.0,0.17220008703158218,0.0,0.0,0.004122312514347012,0.019522886214990442,0.0,0.019722274503342477,0.016543165560598545,0.0,0.0,0.06312523096834746,0.0,0.0,0.08263719745903114
AC091182.2_hg,0.0,0.0,0.00019389476087640074,0.0,0.0021009127735037597,0.0,0.0,0.0,0.0,0.0,0.0,0.0,0.0,0.0,0.0
AC091564.2_hg,0.0,0.000238335862745996,0.00036461489323258786,0.0,0.0,0.0,0.0,0.0,0.0,0.0,0.0,0.0015970993348696052,0.0,0.0,0.0
AC091607.2_hg,0.0,0.3274032090638417,0.027851606973493547,0.0,0.01533628290093624,0.01837083461346847,0.019927511695106277,0.0006757872526438253,0.0,0.0164325052596534,0.0527412304123039,0.07442214431920088,0.04081875660159628,0.0,0.006248723742908967
AC091814.1_hg,0.0,0.0007597957033797116,0.0,0.0,0.0,0.0009835905682641429,0.0001825606468043655,0.0014357408058295565,0.0,4.4033343249492553e-05,0.0,0.0,0.0,0.0,0.00028131579666023905
AC091825.3_hg,0.0,0.18362117726400076,0.019898150254355814,0.0,0.013145443174287464,0.007037549265164036,0.010090484595399357,0.0,0.0,0.006743145576448818,0.03199115337860017,0.0,0.0004252457334777312,0.0,0.0
AC091893.2_hg,0.0,0.00018573102977949188,0.0,0.0,0.0,0.0,0.0,0.0,0.0,0.00047559633286428844,0.0,0.0,0.0,0.000706529998121397,0.0
AC091932.1_hg,0.0001293824479596507,0.0,0.0,0.0009878965400945004,0.0,0.0,0.0,0.0,0.0,0.0,0.0,0.0,0.0,0.0,0.0
AC091965.1_hg,2.6857762372095904e-05,0.0,0.00016502092084639682,4.4167542338747946e-05,0.0007596702111747278,0.0,0.0,0.0005622902047880095,0.0,0.0,0.0,0.0,0.0,0.0,0.0
AC092042.3_hg,0.0,0.0,0.0,0.0017953581382342556,0.0029636698810499933,0.0,0.0008591377414207487,0.00038029520671986096,0.0,0.0,0.0,0.0,0.0,0.0004746257252445414,0.0
AC092058.1_hg,0.0,0.0,0.0,0.0,0.00043366028888432,0.0,0.0002960941715715526,0.0,2.5342950204102534e-05,0.0,0.0,0.0,0.0007060574280117771,0.0,0.0
AC092070.4_hg,0.0,0.0015773440960639069,0.0,0.0005164998798774081,0.0,0.0,0.0,0.0,0.0,0.0,5.5591880447122405e-05,0.0011456021762153165,0.0,0.0,0.0
AC092078.2_hg,0.0004610165828650648,0.0,0.0,0.0,0.0008927511742361778,0.0,0.0,0.0,0.0,0.0,0.0,0.0,0.0,0.0,0.0
AC092111.2_hg,0.0,0.00029545284252676074,0.0007860156996945902,0.0,0.0,0.0,0.0,0.0,0.0,0.0,1.9198068094531443e-05,0.0006205575768419812,0.0,0.0,0.0
AC092112.1_hg,0.0009109879532446553,0.0,0.0017007881633895182,0.0,0.0,0.0,0.00010397804433474459,0.0,0.0,0.0,0.0,0.0006838717231100506,0.0,0.0,0.0
AC092132.1_hg,0.0,0.0,0.0,0.0007931901697403021,0.0006175545903033321,0.0,0.0,0.0007670246421336161,0.0,0.0,0.0,0.0,0.0,0.0,0.0
AC092134.1_hg,0.0,0.0,0.0,0.0008625594761402446,0.0,0.0,0.0007302590811803147,0.0017523245916317076,0.0,0.0,0.0,0.0,0.0,0.0,0.0
AC092140.2_hg,0.0,2.1380382052230952e-05,0.0005776430893561519,6.0379318297669796e-05,0.0,0.0,0.00012583085888546373,0.0001939517498278218,0.0,0.0,0.0,0.0,0.0,0.0,0.0
AC092145.1_hg,0.0,0.00017230278168775675,0.0,0.0,0.0017914403185973246,0.0,0.0,0.0005568314222233,0.0,0.0,0.0,0.0,0.00045814472216598246,0.0,0.0
AC092301.1_hg,0.0,0.2652214816181039,0.005976498000551346,0.0,0.0,0.02666954551157207,0.014073838543386041,0.0007081250485978881,0.0,0.0,0.0490628330984243,0.011440969895017208,0.00026428327517662566,0.0,0.01012125859773398
AC092445.1_hg,0.0,2.086700493953692,0.0,0.35761951038522555,0.255640818309232,0.07300398699165293,0.0,0.06564772155819212,0.2773680620543133,0.38339997303312934,0.0,0.7839444163217918,0.0,0.2484483231467866,0.0
AC092490.1_hg,0.0,0.032895618768529346,0.008186773208493725,0.13274990012093144,0.03818147063899424,0.04375466493587465,0.0,0.00484890515664314,0.0,0.0,0.0,0.0,0.0,0.0,0.0
AC092580.2_hg,0.0,0.0,0.00018629872995678097,0.0,0.0,8.024563730362133e-06,0.0,0.0,0.0,0.0,0.0,0.0,0.0,0.0,0.0
AC092683.1_hg,0.0,0.5025949128382379,0.24663664439891353,0.08217138533389914,0.02610371323362084,0.0,0.0,0.20046845764897278,0.0,0.0,0.0,0.07424622658244279,0.0,0.0,0.3552748732208437
AC092720.2_hg,0.0,8.786413663563378e-05,0.0,0.0003772853841645938,0.0,0.0,0.0,0.0,0.0,0.0,0.0,0.0,0.0,0.0,0.0
AC092720.3_hg,0.0,0.0012122791881597115,0.0,0.0,0.0,2.45342576379786e-05,6.624078583503378e-05,0.0,0.0,0.0,0.0,0.0005595438806493205,0.0,0.0,0.0
AC092802.1_hg,0.0,0.7640923641543322,0.0,0.0,0.07115125153741492,0.05203436141479543,0.007817870530107825,0.0,0.09279400470655043,0.11768242174232742,0.0,0.348284820915039,0.0,0.03705162657206842,0.05409146246841275
AC092834.1_hg,0.0,0.003247714698969511,0.0,0.0,0.0,0.0027933991411009077,0.0005748796513181452,0.0,0.00030039747319566607,0.0,0.0,0.0,0.0,0.0010529886276203237,0.0032843961810669923
AC092902.4_hg,0.0,0.9123137460034991,0.0,0.00290367070269153,0.1364861000749632,0.04253091857143268,0.004405842886585823,0.042951290962756294,0.10020548185407521,0.1367600452259433,0.0,0.5441412799631712,0.0,0.10186783629267342,0.19587379987998643
AC092916.1_hg,0.0,0.0,0.0008756985535221235,0.0,0.0,0.0,0.00014101139215283405,0.00022914046973278622,0.0,0.0,0.0,0.0,0.0,0.0,0.0
AC092933.2_hg,0.0,0.000740346384207765,0.0009968635801703267,0.02126239391283113,0.005487890142653127,0.0033673732658943373,0.0,0.0011837045370802547,0.0,0.0,0.0,0.0,0.0,0.0,0.0
AC092944.3_hg,0.0,0.0,0.0006808791960073945,0.0001724343990789901,0.0008482934490875025,0.0,0.0,0.0008869284034217512,0.0,0.0,0.0,6.41252109929531e-05,0.0,0.0,0.0
AC093001.1_hg,0.0,0.003745411448202603,0.0,0.0019039972847460498,0.00011082244029487484,0.0035433010570465177,0.0,0.0006953986855034836,0.0002099710013638182,0.0,0.00023250196369640943,0.0,0.0,0.0,0.0
AC093074.1_hg,0.0,0.00038332923479452715,0.0,0.0,0.0,0.00019473571872868285,0.0,0.0,0.0,0.0,0.0,0.0,0.00017305116314203454,0.0,0.0
AC093206.1_hg,0.0,0.0009815913710088805,0.0004173645491927292,0.0,0.0,0.0,0.0,0.0,0.0,0.0,0.0,0.0010962994245759103,0.0,0.0,0.0
AC093227.3_hg,0.0,0.00031163420889149013,0.0,0.0,0.0,0.0,7.389623863805212e-05,0.0,0.0,0.0,0.0,0.0019783412544718292,0.0,0.0,0.0
AC093307.1_hg,0.0,0.001799119944143755,0.016510709251491253,0.0029449473900128443,0.011496923370921447,0.0,0.0007171844075670931,0.0,0.0,0.0,0.0,0.003354533164133815,0.0,0.0,0.0
AC093620.1_hg,0.0,0.00015055921763058758,0.0002879111738806542,0.0,0.0,0.0,0.0,0.0,0.0,0.0,0.0,0.00011623942672566039,0.0,0.0,0.0
AC093725.2_hg,0.0,2.0430586347716684,0.12913821480993923,0.2823233235927164,0.20336058757597594,0.39934612583258267,0.0,0.0,0.49876708354895605,0.0,0.0,0.6094884877372051,0.1013083919889469,0.19364013984158324,0.4063838308965691
AC093726.2_hg,0.0,0.0,0.005406500291474861,0.0,0.0010961123546491865,0.0011318487698150994,0.0,7.245542382365027e-05,0.0006361715382505328,0.0,0.0,0.0,0.0,0.0,0.0016661229494394515
AC093766.1_hg,0.0,0.11793265875991321,0.009334559991644124,0.1672200432839159,0.08491798583659291,0.0,0.0,0.38790187989811176,0.005472123730783913,0.005038122649697337,0.0,0.07078962787617138,0.07072193487740769,0.19107066087605906,0.0077900119905422345
AC093824.2_hg,0.0,0.0,0.0,0.0,0.0,0.0006592111200830628,0.0,0.0,0.0,0.0,0.0001586320025693463,0.0,1.7536889257546556e-05,0.0,0.0
AC093866.1_hg,0.0,0.010074374589182712,0.018313833537791157,0.0403574666506608,0.058287543987501286,0.01062240291846105,0.0,0.0,0.0026283827720547364,0.0021415454450580186,0.0016477848374413405,0.0,0.0,0.0,0.0
AC093884.1_hg,0.0,9.97407847205498e-05,0.0,0.0,0.00016292050938319463,0.0,1.9339352640352787e-05,0.0,0.0,0.0,0.0,0.0,0.00020858726253491507,0.0,0.00023035750831900523
AC093904.3_hg,7.33961233373931e-05,2.4497082618517777e-05,0.0,0.0,0.0020704023309358255,9.019789941953023e-05,0.0,0.0,0.0,0.0,4.141112432851004e-05,0.0,0.0,0.0,0.0
AC093908.1_hg,0.0,4.5539922040580326e-05,8.6549175155701e-06,0.0,0.0,0.0,0.0,0.0,0.0,0.0,0.0,7.829349047079358e-05,0.0,0.0,7.782965980226079e-05
AC093915.1_hg,0.0,0.0003052509760698087,0.0,0.0,0.0,0.0,0.0,0.0,0.0,0.0005085539309890681,0.0,0.0,0.0,0.0,0.0
AC093928.1_hg,0.0,0.00023763773771999456,0.0005970575062640317,9.596389435932082e-05,0.0003918712906751448,8.282415274433007e-05,4.338929808885338e-05,0.00045876714002841715,0.0,0.0,0.0,0.0,0.0,0.0,0.0
AC096647.1_hg,0.0,0.2873669878782887,0.0,0.09647575205263637,0.08206520246425068,0.028937100812352467,0.00892890139033145,0.014061023067467388,0.004395798866275913,0.005178655257277962,0.0,0.17201123436101254,0.0,0.0,0.0
AC096669.1_hg,0.0,0.0002727343781191288,0.0,0.0,0.0,0.0,0.0,0.0,0.0002003534765491993,0.0,0.0,0.0,0.0,0.0,0.0
AC097359.3_hg,0.0,0.0,0.0,0.0,0.0008862801568383941,4.593626078267382e-05,0.00023388752541247897,0.0,0.0,0.0,0.0,0.0001438991603502171,0.0,0.0,0.0
AC097478.1_hg,0.0,0.0,0.003424700338656747,0.0,0.0,0.0,0.0,0.0,0.0,0.0,0.0,0.0,0.0,0.0004834277111188317,0.0
AC097478.3_hg,0.0,0.00026049277031424585,0.0006158671919862578,0.0,0.000924119491788617,0.0,0.00011049481257959088,0.0,0.0,0.0,0.0,0.0,0.0,0.0,0.0
AC097511.1_hg,0.0,0.003273985053834815,0.0,0.022856955470046816,0.02057682126432482,0.002638676924657615,0.000373319862393649,0.01350442082026335,0.005173728899435748,0.0,0.0,0.0,0.0,0.0,0.0
AC097518.2_hg,0.0,0.06291974813141323,0.0,0.012948291405347171,0.03922376919843098,0.010639259592342479,0.008162787905257199,0.0017951150147168947,0.0,0.0,0.01631683891816532,0.0,0.0,0.0,0.002751248686229396
AC097520.2_hg,0.0,0.009511860502543563,0.006008953600527734,0.014943461968329774,0.0,0.003125312755492408,0.003017431547975559,0.0,0.0,0.0,0.0,0.0,0.005259300562145376,0.0,0.0
AC097528.1_hg,0.0,0.16537318342753016,0.05419246198819767,0.0,0.0,0.06780815335503208,0.0188978087096649,0.1172351594863172,0.0,0.1583279423169186,0.013703645853494307,0.0,0.0,0.0,0.3979082911219179
AC097637.3_hg,0.0,0.00031184066458634166,0.0,0.0003504285474341143,0.0,0.0,8.708230348228127e-05,0.0,0.0,0.0,5.300706290121929e-05,0.0,0.0,0.0,0.0018837257710707408
AC097724.1_hg,0.0,0.00010791647919072311,0.00018869634563027985,0.0,0.0,0.0,0.0,0.0,0.0,0.0,7.201527163070502e-08,0.0002724511157466355,0.0,0.0,0.0
AC098483.1_hg,0.0,0.0,1.6641188698124395e-06,0.0,0.0,0.00013356470149542023,4.696475954421106e-06,0.000778342802760498,0.0,0.0,0.0,0.0,0.0,0.0,0.0
AC098650.1_hg,0.0,0.0,0.0,0.0,0.0015951856804853055,0.0,0.00019513733413431848,0.0,0.0,0.0,0.0002256766209831139,0.0017561437749123879,0.0005421490703498497,0.0,0.0
AC098850.3_hg,0.0,0.009338348173140816,0.014550970259918796,0.0,0.0,0.0,0.0,0.0,0.0,0.0,0.0,0.01914430967935487,0.0,0.0,0.0
AC098850.4_hg,0.0,0.0,0.0010139582498238132,0.0,0.0,0.0,0.0,0.0,0.0,0.0,0.0,7.92787444359508e-05,0.0,0.0,0.0
AC098851.1_hg,0.0,0.0,0.0,0.00022045848112181858,0.0,8.59097111071133e-05,0.0,6.323436220302591e-05,0.0,0.0,0.0,0.0,0.0,1.4195574308226196e-06,0.0
AC099063.4_hg,0.0,0.09718139028558481,0.0,0.0,0.010567435770460576,0.0042698597248628355,0.0,0.021396629890976647,0.0,0.002582210722747033,0.0,0.01716010153221362,0.002208023321144646,0.0,0.03247897831170155
AC099332.2_hg,0.0007411166981735344,0.0,0.0036656098256791308,0.001101724677771781,0.0013796827408605993,0.0007451667879579686,0.0,0.0,0.0,0.0,0.0,0.0,0.0003041689167472082,8.378016603241929e-05,0.0
AC099342.1_hg,0.0,0.0,0.0,0.0,0.0,0.00010278511676658319,0.0,0.0006204906809565896,0.0,0.0,0.0,0.0,1.7450744330062057e-05,0.0,0.0
AC099343.2_hg,0.0,0.007014401112905381,0.0,0.003786328272840811,0.0034771558016982794,0.0,0.0,0.0,0.0,0.0,0.0,0.000618621029340182,0.001720717959338284,0.0,0.0017474127744416608
AC099482.1_hg,0.0,0.0,0.00019035612669705932,0.0,0.0,0.0,0.0,0.0,0.0,0.0,0.0,0.000260218930885536,0.0,0.00013319261669751323,0.0
AC099506.2_hg,0.0,0.0,0.00015684084364547143,0.0,0.0010237076126900176,1.704264863982917e-05,0.0,0.0,0.0,0.0,0.0,0.0,0.0,0.0,0.0
AC099550.1_hg,0.013826197364804761,0.16825023266206474,0.0,0.004453404406778077,0.04893149591926203,0.027587817183703064,0.0,0.026354289664715504,0.0063109149390828375,0.0,0.0,0.07074592939377493,0.0003961112736280413,0.022912842760642056,0.03268497588575076
AC099552.1_hg,0.0,0.0,0.010008414334138885,0.0,0.03214590830760594,0.0,0.0,0.0,0.0,0.0,0.0,0.0,0.0,0.0,0.001204088668037811
AC099654.1_hg,0.0,0.0010082317610400553,0.001909405105606922,0.0,2.430870392549669e-05,0.0,0.0,0.0,0.0,0.0,0.0,0.0,0.0,0.0,0.0
AC099677.3_hg,0.0,0.0,5.7720755271484205e-05,0.0,0.0019876848545981444,0.0,0.0,0.0,0.0,1.36733380664049e-05,0.0,0.0,0.0,0.0,0.0
AC100808.1_hg,0.0,0.0,0.00185434007590713,0.0,0.0,0.0,0.0,0.0,0.0,0.0,0.0,0.0,0.0,0.0,0.0
AC100834.2_hg,0.0,0.0,0.0,0.0,0.043588575088991666,0.1504082967190946,0.0,0.38923002175229515,0.012305691220954387,0.07730453220157855,0.0009887209185816214,0.13395675144674724,0.09716913192581311,0.0813578021612936,0.14363377571417865
AC100835.2_hg,0.0,0.0,0.0,0.18314943108175796,0.0,0.0,0.0,0.0,0.0,0.0,0.0,0.0,0.0,0.0,0.0
AC100858.4_hg,0.0,0.0,0.0,0.0,0.0,0.0,0.0,0.0,0.0,0.0,4.8399910376752006e-05,0.0,0.0,0.00030871852126043324,0.0
AC100861.2_hg,0.0,0.11794605735379604,0.0008077796597272151,0.0,0.0,0.0056881346625131035,0.0022126758309823245,0.007483487909864589,0.0,0.0,0.022785331522406204,0.026340079070274566,0.0019305584285261661,0.0,0.0
AC102941.1_hg,0.0,0.00042500824023592793,0.0,0.0,0.0,0.0,0.0,0.0,0.0,0.0,1.166272118451109e-05,0.00015659019941449787,0.0,0.0,0.0
AC103563.2_hg,0.0,2.873768030080286e-05,0.0,0.0002521052451545681,0.0,0.0,0.0,0.0,0.0,0.0,0.0,0.0,0.0,0.0,0.0
AC103740.1_hg,0.0,0.002095299109239902,0.0017660539767249388,0.0016483622852331871,0.0009427123680693747,0.0,0.0,0.0,0.0,0.0,0.0,0.0,0.0,0.0,0.0
AC103798.1_hg,0.0,0.0016996347812972112,0.00012224204824293382,0.00014126914700149682,0.0009344725550143207,0.0007089637778725624,0.0,0.0,0.0,0.0005552279493237959,0.0,0.0019565448081354775,0.0,0.0,0.0007907682263996573
AC103808.6_hg,0.0,0.0009075842157590557,6.614712651138033e-05,0.0,0.0,0.0,0.0002075573257379329,0.0,0.0,0.0,0.0,0.0,0.0,0.0006323285040227262,0.0
AC103955.1_hg,0.0,0.22222284885618745,0.0,0.0,0.024814374717013286,0.022027630430072595,0.003266543526877991,0.030702403830404866,0.005876194233074371,0.0,0.0,0.07807828165698172,0.009533072521027738,0.0008213147536958919,0.03191888468198198
AC103957.1_hg,0.0,0.29773098685082433,0.0,0.0,0.0,0.0,0.0,0.0,0.0025240172039133427,0.06834653879163771,0.018390010606714014,0.1023313121372545,0.0,0.0,0.0029724547237154155
AC103957.2_hg,0.0,0.03215029819556026,0.0,0.0,0.0006908280728496869,0.0,0.0018282410453343012,0.023933650067740342,0.0,0.0,0.0,0.0498227947611855,0.0,0.0,0.0
AC104041.1_hg,0.0,0.24076844523437152,0.24415237024624,0.07107576428094528,0.0,0.0,0.046985045320052245,0.17223488303270734,0.0,0.0,0.0,0.0,0.023476033782841493,0.0,0.12078917079510271
AC104066.4_hg,0.0,0.19394743025795197,0.0,0.0,0.014125664936351897,0.0,0.00600872178404797,0.0019233772138143304,0.0,0.0,0.039843110612747715,0.007391608559931514,0.0,0.0,0.029725428951779945
AC104109.2_hg,0.0,0.0010820402222374145,0.0011492872063247834,0.00040528137133629853,0.005765322131356061,0.0009622529623505035,0.0004965031857296943,0.0,0.001444357773011989,0.0,0.0,0.0003134030644969403,0.0,0.0,0.0027799385795224786
AC104126.1_hg,0.0,0.0,0.0,0.01421932081788879,0.011108301514280246,0.0,0.0,0.0054455005103786385,0.0,0.0,0.0,0.0,0.0,0.0,0.0
AC104260.2_hg,0.0,0.0,0.0,3.8190591904633324e-05,0.0,0.0,0.0,0.0,0.0,0.0,0.0,0.0019230376564834308,0.0,0.0,0.0
AC104458.1_hg,0.0,0.0,7.462697028438268e-05,0.0,0.0,0.0,1.672331231301144e-05,0.0003371381083539032,0.0,0.0,0.0,0.0,0.0,0.0,5.495555163260202e-05
AC104534.1_hg,0.0,0.006962689440694972,0.0,0.0026128971529311685,0.0015961978679998466,0.005398565786854046,0.0,0.0,0.0,0.0,0.0026255774708682437,0.0,0.0,0.0,0.0006167125635592312
AC104561.3_hg,0.0,0.0,0.0,0.024582735194242845,0.006613511550034212,0.0,0.0,0.00363610135503648,0.0,0.0,0.0,0.0,0.0,0.0,0.0
AC104653.2_hg,0.0,0.0,0.0009291070515779636,0.0002995056203023551,0.0,0.0,0.000364835321315122,0.0,0.0,0.0,0.0,0.0,0.0,0.0,0.0
AC104758.1_hg,0.0,0.00050298022958221,0.0,0.0002756637497973252,0.0,0.0,0.0,0.0008556140769483023,0.0,0.0,0.0,0.00019612786056186988,0.000593739561145997,0.0,0.0
AC104823.1_hg,0.0,0.10615105292911074,0.0,0.005737016222050463,0.0,0.0054573956101920135,0.0,0.007462022296764246,0.0,0.0,0.013975341798519747,0.024316552658490084,0.018035464392787935,0.0,0.0
AC104831.1_hg,0.0,0.00021022254109134364,1.9543852543454336e-05,0.0,0.0,0.0,3.139306607270084e-05,0.0,0.0,0.0,0.0,0.00014121551572618556,0.0,0.0,0.0
AC104836.1_hg,0.0,0.0006955828183872376,0.0002913305870188454,0.0,0.0,0.0,0.0,0.0,0.0,0.0,0.0,0.0,0.0,0.0,0.0
AC104850.2_hg,0.0,0.0,0.0006516685590608242,0.00029014619266348084,0.0,0.0,0.0011440415234535556,3.950418319578055e-05,0.0,0.0,0.0,0.0,0.0003454801200736779,0.0,0.002064744444073929
AC104938.1_hg,0.0,0.002056388054043522,0.002011357029514302,0.0,0.00047870281513199745,0.0,0.0,3.293639103819011e-05,0.0,0.0,0.0,0.0,0.0,0.0,0.0
AC105046.1_hg,0.0,0.0002229063260890897,0.0,0.0,0.0025242315071751223,0.0,0.0,0.0,0.0,0.0,0.0,0.0,0.0,0.0,0.0
AC105052.1_hg,0.0,0.0004116605302075648,0.001302206640459316,0.0006783534258434177,0.0,0.0017930802432162348,0.0,0.0,0.0,0.0,0.0003338419117256287,0.0,0.0,0.0,0.0002623380968260018
AC105101.1_hg,0.0,0.459684402471868,0.0,0.0,0.0,0.0034061436734354666,0.009372020410896787,0.003364224762322031,0.0,0.0,0.1024161942960411,0.027569666079676192,0.02210002729305571,0.0,0.0
AC105105.1_hg,0.0,0.0005313538520927807,0.00011789568470405693,3.406261275984173e-05,0.0004496003643460432,0.0,0.0,0.0,0.0,0.0,0.0,0.0,0.0,0.0,0.0
AC105114.1_hg,0.0,0.0019299959084366903,0.0,0.0017958056162949438,0.0005082591549766387,0.0,0.00019654352803696366,0.0,0.0,0.0,0.0,0.002238163740286597,0.0,0.0,0.003346429783983117
AC105180.2_hg,0.0,0.1710874954800747,0.02808241603992361,0.008625403812537801,0.021664993694565995,0.026415685597356298,0.0,0.005383046374066043,0.016431542390889564,0.0,0.0,0.021571445045285277,0.018712075800746866,0.0,0.003818977154906546
AC105460.2_hg,0.0,0.0,0.0,0.0,0.0012908665592616378,0.0,0.0,0.0,0.0,0.0,0.0,0.0003143929262573125,0.0009009409422704719,0.0,0.0
AC106037.3_hg,0.0,0.00013854708475908987,0.00017606430069364013,0.0,0.0,0.0,0.0,0.0,0.0,0.0,0.0,2.9829129014608264e-05,0.0,0.0,0.0
AC106785.2_hg,0.0,3.888112352622871e-05,9.499058471975978e-05,0.00043999082858808244,0.0,0.0,0.0,0.0,0.0,0.0,0.0,0.00012889922257545134,0.0,0.0,0.0
AC107463.1_hg,0.0,0.04245466721755544,0.0,0.0,0.0,0.005021391664121785,0.0,0.01246981556398539,0.0,0.0018086338226305466,0.0,0.019076836054785547,0.0,0.0,0.0
AC107896.1_hg,0.0,3.1821122153943074e-05,0.0,0.0,0.0,1.3235900859124757e-05,0.0,0.0,0.0,0.0,0.0,4.449852447137302e-05,2.5943177450393127e-05,0.0,5.081839675800202e-05
AC107918.5_hg,0.0,8.993647593371198e-05,0.0,0.0005563404996612597,0.0003537862662467252,0.0,0.0,0.0,0.0,0.0,0.0,0.0,0.0,0.0,0.0
AC107958.2_hg,0.0,0.26822265528495887,0.0,0.011875867853328123,0.0,0.0,0.005456861916711646,0.015560454546551784,0.029154194058095828,0.07613308642330881,0.0,0.024071900165162783,0.010193662209464082,0.0,0.0
AC107980.1_hg,0.0,0.00026304187010024494,0.0007518683793600853,0.00018368686960348627,0.0,0.0,0.0001327265672818103,0.0,0.0,0.0,0.0,0.0,0.00025101386317727474,0.0,0.0
AC107982.2_hg,0.0,0.0,0.0,0.00014623081372058087,1.8852184127554717e-05,0.0,0.0,0.0,0.0,0.0,0.0,0.0002170045329025958,0.0,0.0,0.0
AC107982.3_hg,0.0,0.021342408371543383,0.03567222311894473,0.0,0.03329521155631714,0.0011422000630850245,0.0,0.0,0.0,0.0,0.0,0.006502355075790984,0.0,0.005838739266410812,0.027983678210373703
AC108010.1_hg,0.06739638714655684,0.8806260929200874,0.05794245121211945,0.16621092028510012,0.04715921628143423,0.11341129128622314,0.0,0.0,0.0072700650772157815,0.20434857347328494,0.18279543434401718,0.8650014375955829,0.0,0.3435353221023949,0.20253900072476702
AC108047.1_hg,0.0,0.24345633302804112,0.024783143311081345,0.004443768310235999,0.028556804654817566,0.009963040731732205,0.004582998255011542,0.03371553755011235,0.0,0.0,0.0401552593700232,0.051709054641166034,0.0,0.0,0.0
AC108057.1_hg,0.0,2.9759712155816523e-06,0.00010076486337860502,0.0,0.0002882813022773558,0.0,0.0,0.0,0.0,0.0,0.0,0.0005074635117054425,0.0,0.0,0.0003885279890577828
AC108134.1_hg,0.0,0.001515348891705895,0.0,0.0,0.002573766406285754,0.0,0.0,0.0,0.0,0.0,0.0005352955573002834,0.001772573042392128,0.0,0.0,0.0
AC108457.1_hg,0.0,0.5002731191000498,0.0,0.0,0.0,0.03154423410083843,0.002213173907985166,0.0004939848336440902,0.0,0.1059622438156994,0.11808633883204034,0.0,0.0,0.0,0.0
AC108477.2_hg,0.0,0.0,0.0,0.0015949551063475721,0.002633379091166714,0.0020560595648784715,0.0,0.0,0.0,0.0,0.0,0.0,0.0,0.0,0.0
AC108519.1_hg,0.0,0.16812933242791167,0.0984559592357478,0.04877484142807805,0.09155771202254619,0.05083283242116933,0.0,0.0,0.0,0.0,0.004662865938251738,0.029707838232052735,0.0012144620242497276,0.0,0.05128397872584249
AC108727.1_hg,0.0,6.424658869500417e-05,0.0,0.0,0.0,0.0,0.0,2.019006579933673e-06,6.161513104959299e-07,0.0,0.0,6.165831372904426e-05,8.214163616492682e-06,0.0,0.0
AC108734.4_hg,0.0,0.0,0.003971276913935055,0.0007481963671133547,0.0021544635506437707,0.0,0.0,0.0,0.0,0.0,0.0,0.0014359839244689459,0.0,0.0,0.00688118400255144
AC108868.1_hg,0.0,0.0,0.0,0.00032100799689461053,3.953559828278569e-05,0.0,0.0,5.1329337621571985e-05,0.0,0.0,0.0,0.0,0.0,0.0,0.0
AC108868.2_hg,0.0,0.0016717837655395465,0.0,0.001000119089897331,0.0018115479404457993,0.0,4.7494656174984854e-05,0.006019613662445888,0.0,0.0,0.0,0.00518588702180276,0.0,0.0,0.0
AC109322.2_hg,0.0,0.24697299563938288,0.021221926245633904,0.0,0.0,0.0,0.01262565930565826,0.0,0.0,0.029774487738804475,0.07075328744040303,0.0,0.0,0.0,0.0
AC109446.3_hg,0.0,0.07876283741602134,0.14547415357683766,0.1495017195543187,0.0,0.0,0.044690330783124385,0.12402822792769941,0.0,0.0,0.0,0.23096284667210004,0.0,0.02338367223043452,0.0
AC109454.3_hg,0.0,0.0,0.001492113389505138,0.0007841979310188263,0.0,0.0,7.339130617836243e-06,0.002298430330016814,0.0,0.0,0.0,0.0,0.0,0.0,0.0
AC109466.1_hg,0.0,0.6080230266069788,0.08871673702049565,0.107987587984582,0.18804007621389107,0.14306160454155273,0.0,0.015082552049588218,0.03315727364323256,0.0,0.023264785902165436,0.03937360078038423,0.08465003391205422,0.0,0.5063150704383956
AC109492.1_hg,0.0,0.000136805783505927,0.0,0.0,0.0,0.0,0.0,0.0008084639383833201,0.0006951496479923246,0.0,0.0,0.0,9.493089816787249e-05,0.001876296463721979,0.0
AC109809.1_hg,0.00039533390141526447,0.0013558696788988844,0.0002202731668744481,0.0,0.0,5.2726254854413086e-06,0.0,0.0,0.0,0.0,0.0,0.0,0.0,0.0,0.0006855892185872116
AC110615.1_hg,0.0,0.16518435649277252,0.0,0.0,0.0,0.00830370458311828,0.004973895316486708,0.004564033164211661,0.0,0.0,0.023960534040165345,0.0065335157184562035,0.0,0.0,0.011858295335930458
AC110772.2_hg,0.0,0.0,0.0,0.0,0.0,5.863579612369724e-05,0.0,5.34642653482128e-05,0.0,0.00043943375848952296,0.0,0.0,0.0,0.0,0.0
AC112243.1_hg,0.0,0.0,0.0,0.0,0.0,0.0,0.0,0.0,0.0007480083743728216,0.0,0.0,0.0,0.0,0.0,0.0
AC112504.1_hg,0.0,0.2720859192391371,0.010865983315494512,0.0,0.005326539106332137,0.016313712199995747,0.005766244948334473,0.003806413920207618,0.0,0.014405347604173387,0.04693321215690872,0.0,0.0,0.0,0.008607568992241714
AC112504.3_hg,0.0,0.0,0.000624389995945765,0.0048357415798649045,0.0,0.0,0.0,0.0,0.0,0.0,0.0,0.0,0.0,0.0,0.0
AC112721.1_hg,0.0,0.0,0.035190549888616446,0.0,0.007340999663489593,0.0,0.0,0.0,0.0,0.0,0.0,4.915386229851923e-05,0.0,0.0,0.0
AC112721.2_hg,0.0,0.002709488017227797,0.011336831472394488,0.0,0.0049028352330570645,0.0,0.0,0.0,0.0,0.0,0.0,0.0005130713636948088,0.0,0.0,0.0
AC113189.3_hg,0.0,0.0,0.0,0.00013279826658144672,0.0,0.0,0.0,0.00029251186256726254,0.0,0.0,0.0,0.0,0.0,0.0,0.0
AC113189.9_hg,0.0,0.0,0.00019526838404338475,0.0,0.0,0.0001295369894774451,0.0,0.0,0.0,0.0,0.0,0.0001822697267744648,0.0,0.0,0.0
AC113386.1_hg,0.0,0.0,0.00030529299641933103,0.0,0.0,0.0,0.0,0.0,0.0,0.0,0.0,0.0,0.0,0.0003403293369218761,0.0
AC113404.1_hg,0.0,0.0,0.0,0.016061317757720555,0.00966801476395342,0.0,0.0,0.02272010071441889,0.0,0.0,0.0,0.0,0.0,0.0,0.0
AC114284.1_hg,0.0,0.000643042695997898,0.0004483607197463766,0.0,0.0,0.00029917310305325356,0.0,0.0,0.0,0.0,0.0,0.00045207439298836115,0.0,0.0,0.00024134195782600138
AC114316.1_hg,0.0,0.0010424324314662822,0.0009592177361646089,0.0,0.0009615748639212473,0.0001653929500612461,0.0,0.0,0.0,0.0,0.0,0.0,0.0,0.0,0.0
AC114498.2_hg,0.0,0.08973186574978731,0.0,0.0,0.0,0.06066606201389028,0.0,0.08783146187579466,0.05433734391753917,0.0,0.02442897478303042,0.048310873484264216,0.004541097721097189,0.0,0.0
AC114748.1_hg,0.0,0.00031847190862228193,5.310542641366526e-05,0.0,0.00040872441777005587,0.0,0.0,0.0,0.0,0.0,6.310005304434243e-05,0.0,0.0,0.0,0.0
AC116317.1_hg,0.0,0.0001675397239165503,0.0,0.00042385667339825764,0.0016268330987951416,0.0,0.0,0.0007272678877990105,0.0,0.0,0.0,0.0,0.0,0.0,0.0
AC116351.1_hg,0.0,0.028679928748995036,0.03157801718796149,0.0,0.0204403229066342,0.0,0.0,0.0,0.0,0.0,0.004280554013597771,0.026749257140638773,0.0,0.0,0.0
AC116456.1_hg,0.0,0.0,0.0022379121970731893,0.0,0.014635676045216085,0.0,0.0009328060583752798,0.0,0.0,0.0,0.0,0.004988388035460119,0.0,0.0,0.0
AC117453.1_hg,0.0,0.009337501249890426,0.0,0.0,3.295311394675549e-05,0.0,2.8674826817677164e-05,0.0015266235829237706,0.0,0.0,0.0,0.0,0.0,0.0,0.002845548558096767
AC117461.1_hg,0.0,0.1350503804115784,0.0,0.0,0.0,0.010170013333492888,0.0018358022284312545,0.0,0.0,0.015407226650680698,0.021474849470885484,0.0,0.0,0.0,0.013709517961096927
AC117500.3_hg,0.0,0.0,0.0,0.0,0.00019555337887842874,0.0,0.0,0.00047362570860239457,0.0,0.0,0.0,0.0001947823111788961,0.000473045270872456,0.0,0.0
AC117503.1_hg,3.0341873542339363e-06,0.0,8.446262554348064e-05,0.0,0.000688470686005478,0.00023713763498391642,0.0,0.0,0.0,0.0,4.9592427688516766e-05,0.0,0.0,0.0,0.0008332824400646934
AC118757.1_hg,0.0,0.0,0.0022406062827233517,0.00043470915212342597,0.000601499831827214,0.0,0.0,0.0,0.0,0.0,0.0005311323904010536,0.0,0.0,0.0,0.0009301219993647359
AC121342.1_hg,0.0,0.0002586642042665716,9.861301663351258e-06,4.643651274346077e-05,0.0,0.0,0.0,0.0,0.0,0.0,0.0,0.0,0.0,0.0,0.0
AC123595.1_hg,0.0,0.0,0.0016062469610560017,0.0,0.0048117285624587995,2.864483070749899e-05,3.446518323786811e-05,0.0,0.0,0.0,0.0,0.0,0.0,0.0,0.0
AC124066.1_hg,0.0,0.0001585719436404618,0.0,1.663871069510715e-05,0.0004144548835913431,0.00034230683364319133,0.0002610323029731479,0.0,0.0,0.0,0.0,0.0,0.0,0.0,0.0
AC124067.2_hg,0.0,0.0,0.0,0.0,0.0026971948216935014,0.0,0.0,0.0004186014071465233,0.0,0.0,0.0,0.0,0.0,0.0,0.0
AC124290.1_hg,0.0,0.11197145304767939,0.0,0.0009755552299377089,0.020373549632609643,0.013647107677301394,0.0,0.011734962329799193,0.0033670272756725597,0.004043673294946804,0.0010207239717950516,0.03577229506159235,0.0013761580716522802,0.0019755779344054177,0.010871281258002623
AC124303.2_hg,0.0,0.23533195308588137,0.0,0.017524229154088605,0.013614671521940076,0.007809727653234179,0.0,0.0,0.00916573604380402,0.008843339071346603,0.0,0.08881466023674807,0.0,0.007620459630449397,0.020555630249209828
AC124312.1_hg,0.0,0.0,0.0,0.0,9.557394177349862e-06,0.0004451201059300711,0.0,0.0,0.0,0.0,0.0,0.0,0.0,0.0010172522138349662,0.0
AC126175.2_hg,0.012702547011486341,0.0,0.0,0.06382371674913606,0.0913451790761778,0.04841025775627942,0.0015784911673393499,0.0,0.025332931824749903,0.0,0.0,0.0,0.0,0.0,0.0
AC126323.3_hg,0.0,0.0,0.0002475734413492805,0.0,0.0003029921586263306,0.0,0.0,0.0,0.0,0.0,0.0,0.0,0.0,0.0,0.0
AC126335.1_hg,0.0,0.0011516520513270634,0.00041014113290411083,0.0,0.0,0.0006934719986420927,0.0006491281590793867,0.0021122240457481524,0.0,0.0,0.0,0.0,0.0,0.0,0.0005075831198429639
AC126696.1_hg,0.0,0.00019131079797966917,4.61261056546591e-05,0.0,0.0,0.0,0.0,0.0001548555197526892,0.0,0.0,0.0,0.00019528323217430453,0.0,0.0003027851628713544,0.0
AC126696.3_hg,0.0,0.0,0.0037517880303881024,0.0,0.0,0.0,0.0004455876141222427,0.0,0.0,0.0002605415291533655,2.262143733413843e-05,0.011169910376871026,0.0,0.0,0.0
AC126768.2_hg,0.0,0.2855172655286039,0.01779952701012643,0.024433274265878803,0.035573050443724046,0.03200576099850218,0.0020538924849534683,0.055490168301967284,0.0280766290223663,0.0,0.0,0.10133493447084785,0.0,0.0,0.0310792734864531
AC127035.1_hg,0.007996466735949694,0.16456405775499572,0.02467969446365536,0.02359344737987523,0.008284333329778005,0.0,0.0,0.047832335172166146,0.0021975330232844427,0.0,0.014246539702100908,0.0,0.016171696375777925,0.0,0.0
AC127459.3_hg,0.0,0.0002938060628554397,2.9281797102340313e-05,0.0002074079867276483,0.0,0.0,6.833246109935192e-06,0.0,0.0,0.0,0.0,0.0,8.769919867607035e-05,0.0,0.0
AC127520.1_hg,0.0,0.2009136403223384,0.0,0.0,0.001436018683966166,0.0017028751052075904,0.0004821180990649797,0.0072530963418540794,0.0,0.0,0.04259526198028443,0.0,0.0,0.0,0.0
AC127540.2_hg,0.0,0.00014723137304224984,0.00024115363429860008,0.0,9.471971389710429e-05,0.0,0.0,0.0,0.0,0.0,0.0,0.0,0.0,0.0,1.3482832809347621e-05
AC127894.1_hg,0.0,0.00020751559290633955,0.0,0.0,0.0010283946295104142,0.0,0.0,0.0,0.0,0.0,0.0005432442053558978,0.0,0.0005961856670828208,0.0,0.0
AC129492.7_hg,0.0,0.0,0.0,0.0,0.0,0.000811912355976941,0.0004165352589637267,0.0,0.0,0.0,0.0,0.0,0.0,0.0,0.0
AC130371.2_hg,0.0,0.0,0.00015458745066538137,0.0,0.0,0.0,0.0,0.0,0.0,0.0,0.0,0.0016082012244809957,0.0,0.0,0.0006144050480771975
AC130456.2_hg,0.0,0.000801127778932399,0.0,0.0014059530522465274,0.0,0.0,0.0010507442000482743,0.0,0.0,0.0,0.0,6.805831171329746e-05,0.0004426369387041698,0.0,0.00032906681260778237
AC130466.1_hg,0.0,0.0,7.85735432583076e-06,1.172027191908867e-05,0.0,0.0,0.0,0.0,0.0,0.0,0.0,0.0005344533696512184,0.0,0.0,0.0
AC131009.2_hg,0.0,0.0031560988542637127,0.0,0.0,0.00030117444334591746,0.0,0.0,0.0,0.0,0.0,0.00010129958591286307,0.024676292899962537,0.0,0.0,0.0
AC131025.2_hg,0.0,5.5704474967794445e-05,0.0,0.00016985367511613325,0.00021082513906018325,0.0001892200892225574,0.0,0.00010665623404692281,0.0,0.0,0.0,0.0,0.0,0.0,0.0
AC131649.2_hg,0.0,0.4242447128083419,0.01214389811829634,0.0,0.032260705739534414,0.033589982725389496,0.00135813813014409,0.04886846591601769,0.01900211185099797,0.03438022373588694,0.0,0.04447193978337522,0.012255737511643893,0.002237858804413587,0.067462968064407
AC131956.3_hg,0.0,0.0,0.0011786196648305236,2.4208740867560357e-05,0.0015330021632149954,0.0,0.0,0.0009268640759516601,0.0,0.0,0.0,0.0,0.0,0.0012886841686814922,0.0
AC132807.1_hg,0.0,0.0009891461753702769,0.0001771162209586744,0.0009355612183479479,0.0024438189409002734,0.0,0.0,0.0,0.0,0.0,0.0,0.0,0.0,0.0,0.0
AC134407.2_hg,0.0,0.8524555597148255,0.016458098263012477,0.0,0.027444970639917344,0.03876478965534478,0.00980317200459546,0.06741552475953487,0.0,0.12402690340664792,0.3090428547810697,0.0,0.0,0.0,0.0
AC134669.1_hg,0.0,0.0,0.006310316337401844,0.0,0.012304622123569503,0.0,0.0058165419692190546,0.0,0.0,0.0,0.0,0.0,0.0,0.0,0.027551113273398296
AC135050.1_hg,0.0,0.31000862523929557,0.03106418302208966,0.0,0.0,0.0,0.0,0.0,0.0,0.03331894943235525,0.06828071954145114,0.0,0.0,0.0,0.0
AC135050.2_hg,0.0,0.0,0.0,3.6037284876912025e-05,0.0,0.0,0.00016657299192325916,0.0,0.0,0.0,0.0,0.0,0.0004878310722718667,5.55008655313575e-05,0.0
AC135726.1_hg,0.0,0.00022081016526953796,0.0009214176581819885,0.0,0.0005848765212968672,0.0,0.0,0.0,0.0,0.0,0.0,0.0,0.0,0.0,0.0
AC135776.4_hg,0.0,0.015048995034718763,0.0033976068467685273,0.003191655448931553,0.0,0.0,0.002384707653746265,0.0,0.0,0.0,0.002655944060675252,0.02997497428629395,0.0,0.0,0.0
AC135782.2_hg,0.0,0.0,0.00025307407660973933,0.0,0.00028503471789055254,0.0,0.0005410365562257977,0.0,0.0,0.0,0.0,0.0,0.0,0.0,0.0
AC137056.1_hg,0.0,0.0,0.0,0.00033420902064338335,0.0,0.0,0.0,0.00037359506111731954,0.0,0.0,0.0,0.0,0.0,0.0,0.0
AC137579.1_hg,0.0,0.00023394718348578082,0.0,0.0,0.00012393526541760853,0.0,0.0,0.0002503140693030967,0.0,0.0,0.0,0.0,0.0,0.0,0.0
AC137894.3_hg,0.009747561567218132,0.2014050683016731,0.01330210357193661,0.025904458476378782,0.06350635268865576,0.03648573757498816,0.0,0.07363869832404397,0.004047778153102574,0.0,0.0,0.05419210826608358,0.011532306431615617,0.04110553981877755,0.0
AC138207.7_hg,0.0292128008726286,0.273056523058826,0.05222834393293204,0.06859091538660732,0.05712035867767367,0.028730337629460277,0.0,0.10648535368203657,0.0,0.009457445238306604,0.0,0.05942800549404588,0.03838541030275167,0.034747388603728675,0.01568024838329606
AC138819.1_hg,0.0,0.005601432519638658,0.0,0.027852531427750193,0.0,0.0035952575841667845,0.0,0.0025802393944256204,0.0,0.005420665003097221,0.0016109922507479215,0.0,0.0,0.0,0.0
AC138904.3_hg,0.0,0.06815404810147153,0.0007598226741589171,0.0,0.018836414718653664,0.006004482279651861,0.004428398579414328,0.006877480903740068,0.0,0.0,0.006462634525611505,0.0056383724096536105,0.0036793949206178865,0.0,0.005506655388241907
AC138915.3_hg,0.0,0.0002832234123953011,1.3235735688247038e-05,0.00011637196664972417,0.0,0.0,0.0,0.0,0.0,0.0,0.0,0.0,0.0,0.0,0.0
AC139491.2_hg,0.0,0.1078918825816265,0.0,0.07310829120465859,0.0,0.0,0.04469920538055322,0.0,0.0,0.0,0.013184500451906387,0.051056621516489195,0.0,0.3181988544736144,0.1538399514236447
AC139493.2_hg,0.0,0.07274399804586308,0.0,0.03523346235046483,0.0,0.03872942376812806,0.0,0.080995339593843,0.0,0.0,0.0007242145113603865,0.0,0.002396877980723252,0.1846316765942386,0.2721920875782366
AC139887.2_hg,0.0,0.7749881274093088,0.641567944397886,0.3787062176290872,0.26295766816122884,0.0,0.0,0.0,0.025031501168146432,0.1814591337213131,0.058556465365471,0.46308678530295205,0.0,0.14207967119657458,0.012385581352148064
AC142116.2_hg,0.0,0.00014492283239452778,0.0003696920173680271,7.846728969983199e-05,0.0,0.0,0.0,0.0,0.0,0.0,0.0,0.0,0.0,0.0,0.0
AC144450.1_hg,0.0,0.634285689288166,0.011550724562912798,0.0,0.0,0.0,0.005447844011017115,0.0,0.0,0.10703719034737001,0.16885806618971452,0.0,0.0,0.0,0.0
AC145543.1_hg,0.0,0.0077568591281237005,0.0,0.034916854279217105,0.04036412441833467,0.009026442278346607,0.0,0.0,0.0,0.0,0.0,0.0,0.009767981348927259,0.0,0.0
AC183088.3_hg,0.0,1.7463111498827646e-05,0.0,5.424885827294347e-05,0.00012647797448356744,0.0,0.0,2.1092991633087653e-05,0.0,0.0,2.1663172769821465e-05,9.551969767421471e-05,0.0,0.0,0.0
AC231657.3_hg,0.0,0.0003712857624928785,0.0,0.0,0.0003061264546537527,0.0,6.474844013628266e-05,0.0,0.0,0.0,0.0,7.268195954976978e-05,7.5005373121647575e-06,0.0,0.00021359198689520305
AC234031.1_hg,0.0,0.21273432803999257,0.007310736205300746,0.01729895055211076,0.005246839721824331,0.026237197804596567,0.0015929563555328707,0.011551163725971432,0.008846579374984748,0.011102298412773612,0.0,0.012036553691648062,0.0,0.03408714810913017,0.03001111851134985
AC236668.1_hg,0.0,0.05888026166484182,0.0,0.021928717522115723,0.0,0.0,0.0,0.004289826124842548,0.0015015885179583395,0.020042103071887706,0.0,0.0,0.0,0.0,0.15406649877133566
AC240274.1_hg,0.0,0.18571237864418585,0.09931644338656033,0.0,0.0,0.013601273757798994,0.0,0.0,0.0,0.0,0.057210459244446746,0.026015559313996052,0.0,0.0,0.1236827521868568
AC241585.2_hg,0.0,0.0003025507995465491,0.0,0.0,0.0,0.0,0.0,0.0,0.0,0.0,0.0,0.0,0.0,0.0,0.0
AC243829.2_hg,0.0,0.0001243925477923381,3.371493790183831e-05,0.0,0.0,0.0,0.0,0.0,0.0,0.0,0.0,0.0,0.0,0.0,0.00012076854044185915
AC244035.2_hg,0.0,0.0,0.0,0.0,0.0,0.0,0.0,0.0,0.0,0.0,0.00012056954727004892,0.00014674687374614497,0.00040398634520771555,0.0,0.0
AC245014.1_hg,0.0,0.00023342138716850801,0.0,0.0,0.0,0.0005726446915443801,2.1850869765836297e-05,0.0,0.0001118510764900494,0.0,8.602502544779328e-05,0.0,0.0,0.0,0.0
AC245060.5_hg,0.0,2.1658998508844087,0.17555747083005097,0.0,0.0,0.0,0.0,0.0,0.0,1.2154665563095017,0.7558578243542738,1.481488239959722,0.25650060226569354,0.0,0.06854145255274062
AC245100.1_hg,0.0,0.0018086144293896311,0.0047315244193186275,0.0,0.0,0.0,0.0,0.0016052143186145332,0.0,0.0,0.0,0.0007999670047410309,0.0,0.0,0.0
AC245297.3_hg,0.0003080414979111319,0.36284398610620516,0.35270319927037513,0.053718413001937755,0.3451917468641271,0.036336139493300175,0.002690582404662224,0.18565863142113917,0.0,0.08396519451384069,0.0,0.0,0.0,0.0,0.14769580634348367
ACACB_hg,0.0,0.08586409093064777,0.11257469473595932,0.0441497229474634,0.07257851867149832,0.0,0.0,0.0,0.0,0.0,0.0,0.07758168283634205,0.0,0.0,0.0
ACAP1_hg,0.0,0.055567813725894526,0.0,0.02772585879092659,0.05006710986086824,0.0,0.0,0.016605237183655547,0.006694032091508148,0.015105281635285578,0.004977513214389086,0.04876229748217885,0.0,0.008040181364059814,0.0
ACAP2_hg,0.11126550943752829,0.6374936835678074,1.2361120194629818,0.24508459636919247,0.7632191390759611,0.17929974605147556,0.03603873660948232,0.34337657615063566,0.06026873656692079,0.37638819380225746,0.13278224061477212,0.5041041617279367,0.3953339340486936,0.569273043317844,1.1606732710854764
ACAT2_hg,0.0,0.27040077438340077,0.4983546801926388,0.0689888080673394,0.0,0.0,0.6986660074957448,1.9355019326335519,0.0,0.017744486127580325,0.017465993050061444,0.25809176684468343,1.0252764385560154,0.0,0.0909891598682781
ACOT11_hg,0.0,0.19518712594141638,0.004926830642400836,0.041427203757493244,0.06686115064829971,0.018578382117428432,0.0029427724692838338,0.027693278389895458,0.0,0.0,0.03102368433122735,0.007038594659813686,0.0,0.0,0.035445226034760566
ACOT13_hg,0.0,0.044893395769130866,0.19210995546887769,0.2873583205915922,0.0,0.16298391256322334,0.22469541705525392,1.4110672323779816,0.0,0.0,0.0,0.0,0.18074146755536113,0.04119093203380409,0.0
ACOT4_hg,0.0,4.2657330573736694e-05,9.789483577823748e-05,0.0,8.497917959315076e-05,1.0617856780467518e-05,0.0,0.0,0.0,0.0,0.0,0.0,0.0,0.0,3.125271867403481e-05
ACP5_hg,0.0,0.007302178855667366,0.04124664778386582,0.0,0.04015479309709963,0.0,0.0,0.0,0.0,0.0,0.0,0.0,0.0,0.0,0.0
ACRBP_hg,0.0,0.0,0.0,0.13360898514023486,0.44073029016081994,0.0,0.0,0.2316781535813112,0.0,0.0,0.0,0.0,0.0,0.0,0.0
ACSBG1_hg,0.0,0.030035873257706548,0.012808696874277171,0.08216694819014747,0.022689069204048454,0.029753115187881075,0.0,0.02001785511941041,0.001161568056680193,0.0,0.0,0.005869638085129861,0.012301355068829041,0.0,0.0
ACSL1_hg,0.0,0.09588466086534533,0.4427843152926197,0.08645147861637091,0.3426504563548502,0.04254008950817862,0.0,0.09954756344359031,0.0,0.0,0.0,0.2544921571196395,0.004159916639410809,0.10655437851479431,0.2071745819536217
ACSL3_hg,0.0,0.14067131229100885,0.84192706333882,0.14814869012635118,0.6370330975833333,0.3154512724580758,0.0,0.40356127472695524,0.0,0.2887392946078818,0.0003533463611282617,0.1358926613467706,0.24836668331181722,0.5543281680623675,0.6819291611319004
ACSL6_hg,0.0,0.27677550210192337,0.004024249616206692,0.1345154319839072,0.07340850231627363,0.0,0.0,0.0,0.0,0.0,0.04900903790457699,0.0,0.0,0.0,0.0
ACSM2B_hg,0.0,0.01223660989892438,0.07005395637950039,0.0,0.0,0.0,0.0,0.0,0.0,0.0,0.0,0.0067740194168461575,0.0,0.0,0.0
ACSM3_hg,0.0,0.33124693015389856,0.3553833957735513,0.8364090393148763,0.548984129002421,0.0,0.15543860600897663,0.696961276224479,0.13811490622803926,0.0,0.0,0.0,0.0,0.3462060485550447,1.0220546937459312
ACSM4_hg,3.184973415036755e-05,0.0009403776779569023,0.0015931516212583817,0.0,0.0,0.0,0.00020499612256724069,0.00031973583472852797,0.0,0.0,0.0,0.0,0.0,0.0,0.0
ACSS1_hg,0.0,0.03167581395183562,0.0,0.10631309309656334,0.0,0.0,0.0,0.0,0.0,0.019427857276545276,0.011271447938824427,0.01667511309992852,0.0,0.0,0.0
ACTL8_hg,0.0,0.0,0.0,0.011938161206806908,0.0,0.0,0.0,0.00525285488516855,0.0,0.0,0.0012291038783979608,0.07804731882551896,0.061235824105662646,0.0,0.0
ACTN1_hg,0.2679089854291132,0.20912551818466216,0.13491826221471548,0.14931444007290853,1.3485070859173356,0.48369019679604885,0.08161694707046531,0.13918754836419325,0.004086780284587622,0.034121799382653945,0.0,1.4819748043518044,0.1114483648522861,0.5481323587318283,0.7300354429872792
ACTN4_hg,0.0,0.36130284693154446,0.0,0.0,0.7388943837306208,0.35689726617272627,0.0,0.14703513979136462,0.018817948937292803,1.101287820240234,0.2744177049231134,1.4720249009497732,0.0,0.12511517094279936,0.5650071241729087
ACTRT3_hg,0.0,0.0,0.0,0.0005008212557976901,0.0,0.00018641433032634837,0.0,0.0013149159526721628,0.0,0.0,0.00014159544906731678,0.0,0.000258168053418775,0.0,0.0
ACVR2A_hg,0.0,0.03893952803107486,0.12109548109643693,0.0,0.0033428645955520205,0.007032100990404244,0.0,0.0,0.0,0.000753697681636144,0.0,0.005491760619507567,0.007538728139796287,0.0,0.048752913773468534
ACVRL1_hg,0.0,0.0,0.04072257374998708,0.0,0.06944319261889886,0.0,0.0,0.0,0.0,0.0,0.0,0.0,0.0,0.0,0.007015320017287294
AD000090.1_hg,0.0,0.06779069467573885,0.0,0.0,0.0,0.0,0.0,0.0,0.0,0.0,1.8198966360093622,0.0,0.0,0.0,0.0
ADAM12_hg,0.0,0.0,0.00021115427050578652,0.0,0.0,0.0,0.0004299516821135127,0.0,0.0,0.0,0.0,0.0002706225897323907,0.0,0.0,0.0005761717801456105
ADAM17_hg,0.12391825499018096,1.0158745174280126,0.6844345342787754,0.0,0.5269359046748741,0.20542886222876675,0.0785567123866714,0.02957243875367542,0.0,0.27979361608332187,0.24928643206574744,0.11053016355525969,0.25333952110595753,0.11022332946894281,0.18677744935285404
ADAM28_hg,0.0,0.0007596174779335461,0.0,0.0,0.007146519490118734,0.0,0.0,0.0,0.0,0.0,0.0,0.0,0.0,0.0,0.0
ADAMTS16_hg,0.0,0.0,0.0008034275496066134,0.0,0.004422797000830099,0.0,0.0,0.0,0.0,0.0,0.0,0.0,0.0,0.0,0.0
ADAMTS18_hg,0.000123216429449317,0.0,0.0,0.0013861707845386378,0.0,0.0,0.0,0.0,0.0,0.0,0.0,0.0,0.0,0.0,0.0
ADAMTS5_hg,0.0,0.0,0.0,0.0005287941759159945,0.0,0.0,0.0,0.0,0.0,0.0,0.0,0.0,0.0,0.0,0.0
ADAMTS9-AS2_hg,0.0,8.089952915730703e-05,0.0,0.0002470955708506466,0.0,0.0,0.0,0.0,0.0,0.0,0.0,0.0,0.0,6.400912783675983e-05,0.0
ADAMTSL3_hg,0.0,1.2184867565380724,0.0,0.0,0.10082342354629648,0.0017116415672152898,0.0,0.0,0.08423902702167738,0.1983085954340473,0.04133522958599035,0.5651016764531146,0.0,0.1625692871449107,0.013669412014904882
ADCK2_hg,0.0,0.007709863790428291,0.13341577684894876,0.08824469814501842,0.19285467769864575,0.03459029434919237,0.039271104370107425,0.01911778058590806,0.0,0.021160551191938957,0.0,0.43812969582976313,0.0,0.0,0.0339188228660964
ADCY2_hg,0.0,0.2047430398163445,0.0,0.0,0.0,2.755299918127718e-05,0.009489058385067044,0.0,0.0,0.0,0.03373755623366714,0.0468734671104221,0.004634186831838262,0.0,0.0
ADCY6_hg,0.0,0.028492254840791684,0.01894804012624421,0.0,0.07746174751482054,0.0,0.0,0.0,0.0,0.0,0.0,0.033109662938500074,0.0,0.0,0.0
ADCYAP1_hg,0.0,0.0,0.0,0.0,0.007707275913654044,0.0,0.0,0.004582452252555235,0.0,0.0,0.0,0.0,0.0,0.0,0.0014764221368004505
ADD2_hg,0.0,0.16264856362221675,0.0,2.104069209379794,0.0,0.4928971106609753,0.0,0.0,0.0,0.0,0.07679759481995248,0.44341643119502905,0.2163787897549177,0.9110395500174794,0.0
ADGB_hg,0.000115293707180271,0.0007038622261604961,0.0011583166816815146,0.0,0.0,0.0,0.0,0.0,0.0,0.0,0.00031321018687134107,0.0,0.0,0.0,0.0008760829896429647
ADGRA2_hg,0.0,0.003308947405365243,0.032669969654097714,0.0032642535324247596,0.019869049092821008,0.0,0.00034006656847289824,0.0,0.0,0.0,0.0,0.0,0.0,0.0,0.012452013024684953
ADGRD1-AS1_hg,0.0006521517014822955,0.0,0.001170153820494066,0.007651308309078763,0.0,0.0006976401055452213,0.0,0.01198249117229407,0.0,0.0,0.0,0.0,0.004572544563383003,0.0,0.0
ADGRD1_hg,0.0,0.03641348785923379,0.07978577068976533,0.03309154835740484,0.0,0.0,0.0,0.021430704489791494,0.0,0.0,0.0,0.057002272754852354,0.0,0.0,0.03302713023373146
ADGRE5_hg,0.0,0.07801884097979643,0.015931153635329386,0.03309564110654651,0.8922589490900229,0.00986501924532392,0.09542728269539308,0.06795523760411788,0.0,0.05893282121001128,0.0,0.5714618033894091,0.0,0.14231798138184384,0.503192958964465
ADGRG1_hg,0.0,0.0,0.00667519895019419,0.0,0.08664884565723806,0.0,0.0,0.0,0.0,0.0,0.0,0.0,0.0,0.0,0.0
ADGRG6_hg,0.0,0.0,0.0,0.004722211766569563,0.009686898873829711,0.0,0.0,0.0,0.0,0.0,0.0,0.0,0.0,0.0,0.0
ADGRL3_hg,0.0,0.0,0.004445381653780359,0.0,0.0,0.0,0.0,0.0,0.0,0.0,0.0,0.0008919689755316404,0.0,0.0,0.013546074314104763
ADGRV1_hg,0.0,0.927111110762585,0.0,0.0,0.7642707498438381,0.5118350141212785,0.0,0.0,0.0974310997622814,0.9667868168238272,0.11048222185476932,0.6823002223820133,0.28129541018926846,0.0,1.7971563918992528
ADM2_hg,0.0,0.12193978465633128,0.2622746571041113,0.0,0.0,0.0,0.004853724980134806,0.0,0.0,0.0,0.0,0.2952045880256681,0.0,0.0,0.0
ADORA2A_hg,0.0,0.0,4.9929517649180996e-05,0.0,0.0,0.0007359370637279158,0.0,0.0,0.0,0.0,0.0,0.0015735026054061387,0.0,0.0,0.0
ADRA2A_hg,0.0,0.00012812319586747594,0.0,5.006090117416085e-05,0.00044473038453609357,0.0,0.0,0.0,0.0,0.0,0.0,0.0,0.0,0.0,0.0
ADRB2_hg,0.0,0.0,0.0,0.005943069941528128,0.06215954369335748,0.0,0.0,0.0,0.0,0.0,0.0,0.0,0.0,0.0,0.0
AEBP1_hg,0.0,0.0003363272345445262,0.0,0.0,0.013483017174033107,0.0,0.0,0.0,0.0035480553744304953,0.0014013771224147525,0.0,0.009524927998733534,0.0,0.0,0.00624769742780103
AF001548.1_hg,0.0,1.1809237399309e-05,0.0001902316669116604,0.0,0.0,0.0,0.0,0.00019323700868801723,0.0,0.0,0.0,0.0,0.0,8.54506475130613e-05,0.0
AF117829.1_hg,0.0,1.0566494169921348,0.14248568363683475,0.096735347710084,0.11351090197663717,0.09621833800688016,0.0,0.10816540619923666,0.1319251100832717,0.23437431168603873,0.0345897498967243,0.06867917283415183,0.027284829677844694,0.0732526440732077,0.17973930222309967
AF129408.2_hg,0.0,0.0,6.032602592923807e-05,0.0,0.0,0.0,0.00010789212983688888,0.0,0.0,0.0,0.0,0.0004908042898160222,0.0,0.0,0.0
AFAP1-AS1_hg,0.0,0.06512789804248453,0.3350042055307436,0.3779137088544324,0.5213381456061544,0.0,0.0,0.46523298123288964,0.0951377546190886,0.0,0.0,0.6927087676486342,0.24913747314498041,0.03308638113834556,0.38982723975829287
AFDN-DT_hg,0.00407725482992644,0.3337126148250859,0.012261855275881058,0.008711612485530687,0.04582179556437851,0.028154919116624915,0.010303919643957687,0.00041824686062316225,0.0,0.0,0.04464441958242356,0.0,0.01202345702758434,0.0,0.0
AFF2-IT1_hg,0.0,0.00016072142421066633,0.0,0.0,0.0,0.0,0.00022426120983282347,0.0,0.00035186324894152506,0.0,0.0,0.0,0.0,0.0,0.0
AGAP9_hg,0.0035301683562978512,0.1176476972931188,0.0,0.010587003135371772,0.04387844840357957,0.03173885022682244,0.0,0.0,0.0,0.0,0.0,0.24936636693796607,0.0,0.0,0.007979254965115114
AGMO_hg,0.0,0.021763021168316576,0.010041108189608391,0.0,0.023860199454082534,0.0,0.0,0.0,0.0,0.0,0.0016048078808457314,0.0,0.0,0.0,0.0
AGPAT4_hg,0.0,0.4577784944035186,0.17820642015957402,1.017302849561122,0.27251572433437,0.021793551005441638,0.0,0.0,0.0,0.07583515784806241,0.06586480201371532,0.19224516781819329,0.10639625989721717,0.05571693055150479,0.429018999142439
AHNAK2_hg,0.0,0.004575538586207,0.0,0.007739505534463557,0.0769528310418503,0.0,0.0,0.0,0.0,0.0,0.0,0.0,0.0,0.0,0.0
AHNAK_hg,0.0,0.3603965339696058,0.8337228777733555,0.604110969057613,1.6017370766614485,0.0,0.0,0.0,0.19078643680330118,0.5521982127123014,0.38302843528066194,0.0,0.0,0.3436919594180372,2.991803381780774
AHSP_hg,0.0,0.0,0.0,1.1183916740475914,0.0,0.1307708765161629,0.0,0.04856804855471904,0.0,0.0,0.0,0.0,0.0,0.0,0.0
AICDA_hg,0.0,0.12170947178320718,0.0,0.0,0.0,0.0,0.0,0.0,0.0,0.01703065760775398,0.031315882750051025,0.0,0.0,0.0,0.007205320323254866
AIDA_hg,0.059164889602371776,0.3436542439510265,0.6790977347454589,0.6752921979704424,0.22012111439764914,0.34280698339524857,0.0,0.2783058770571044,0.0,0.0,0.0,0.0,0.3493215283841566,0.42421665215651544,0.6373422199514935
AIF1_hg,0.0,0.007762737505493465,0.0,0.11298531927773761,0.2962986799189837,0.0,0.0,0.42490709154351547,0.022774964239731414,0.013855879843254239,0.0,0.0,0.0,0.0,0.2845593837028573
AIG1_hg,0.0,0.3407517628539187,0.07039384117862327,0.1501499365894322,0.09626204748184333,0.5033081035377446,0.014485238938533191,0.234147541338642,0.10413312433271507,0.8577192263578819,0.0,0.5011469204118206,0.0,0.3635766727791288,1.3898929101986972
AIM2_hg,0.0,0.0,0.04726571336072572,0.0,0.09925820194027318,0.0,0.0,0.0,0.0,0.0,0.0,0.0,0.0,0.0,0.007179478826581021
AJ003147.1_hg,2.2523233148554625e-05,0.0005887563436684903,0.0007973148449426065,0.00024006062498973662,0.0015329048643942572,0.0,0.0,6.740590748432816e-05,0.0,0.0,0.0,0.001165162006427853,0.0,0.0,0.0
AJ239328.1_hg,0.0,0.0,0.0,6.338262995934897e-05,0.0,5.226979979963316e-05,0.0,0.0,0.0,0.00013648631458455107,0.0,0.0002170176538835096,0.0,0.0,0.0
AJAP1_hg,0.0,0.0005595496929198261,0.0,0.0,0.0009520807367104613,0.0,0.0,0.0,0.0,0.0,0.0,0.0,0.0,0.0,0.0
AK9_hg,0.0,0.41694751957068016,0.013543486228306754,0.0,0.032344555100047745,0.03255661269777599,0.03312185701500933,0.011311372076032614,0.0,0.09930160067323882,0.05814937131849121,0.0,0.0,0.0,0.0
AKAP11_hg,0.033777314390960995,0.41832252754907173,0.39912853869019077,0.4699306175376493,0.4087837966977418,0.25195604921308684,0.0,0.32686987490662045,0.005646546468817526,0.0,0.0,0.1885925310725874,0.452241219059996,0.27173641938787424,0.40139497499151433
AKAP12_hg,0.0,0.0,0.0,0.0,0.35894878830745147,0.0,0.0,0.0,0.0,0.02845816029523573,0.012646341483405613,0.08078071059751629,0.02829036824151639,0.10820082710926622,0.0
AKAP13_hg,0.0,0.039564554290009164,0.03261086545670232,0.024045582724273516,0.14134954737677471,0.0,0.0,0.0,0.0,0.0,0.003801229014250975,0.021584423572237475,0.0,0.0,0.07190258556974646
AKAP9_hg,0.0,1.4984758972700247,1.1220037131424498,1.0800953702056408,1.4517207107367303,0.38134969680791037,0.0679904396658359,0.0,0.6491353312768432,1.0611312272928282,0.8268911495321497,1.3026654735891416,0.7735212112829795,1.961438644283297,1.3142631903300221
AKNA_hg,0.0,0.0,0.7862370923273482,0.0,0.0,0.0,0.0,0.0,0.0,0.0,0.0,0.7982122603874728,0.0,0.0,0.0
AKR1B15_hg,0.0,0.0036023859627078002,0.0006060519564597761,0.006580059473467673,0.004289094679803263,0.0006205466604290228,0.0003715760445158746,0.0010489175561947455,0.000912510477867457,0.00017338660401669325,0.0,0.0,0.0,0.0,0.0
AKR1C1_hg,0.0,0.2767680797067642,0.6995877113690351,0.0,0.2703230576365457,0.0,0.2594803329155769,1.4781581153557548,0.0,0.2383626408248012,0.0032532055887464642,0.0,0.14529112023593369,0.0,0.42082795904622894
AKR1C2_hg,0.0,0.06977495905448002,0.5289109837026845,0.0,0.0,0.0,0.17779658155013642,0.6242693288672463,0.0,0.02795622338779125,0.0,0.0,0.0,0.0,0.13197263597209677
AKR1C3_hg,0.0,0.0,0.2040268623018504,0.0,0.026007599281375544,0.0,0.05387307808189182,0.16504691986286385,0.0,0.0,0.0,0.0,0.0,0.0,0.0
AKT3_hg,0.0,0.22589448745010948,0.018886897711548764,0.01568084256736569,0.17780809229164002,0.02774554797759566,0.0,0.0,0.011610347437704904,0.0,0.0032145500453217538,0.030076227912536602,0.0,0.0,0.03880822064137036
AL008638.5_hg,0.0,0.2018578909148523,0.00580242264470822,0.0,0.0007231718918404374,0.0,0.0,0.0,0.0,0.038873631428462806,0.048277511466405604,0.0,0.0,0.0,0.0
AL008730.1_hg,0.0,0.38992801647223174,0.0,0.0393572599195934,0.039757830236647855,0.001959576862268729,0.014467323211180683,0.020360345059832502,0.03827489001347306,0.06122779317212918,0.0,0.14655928051154304,0.00031314882520988395,0.016052070391333485,0.007164113090146002
AL009031.1_hg,0.0,0.10242983919144277,0.1008648514818188,0.2698987374571089,0.0,0.09082438316273836,0.008008255864677223,0.1186142496732436,0.02699079579124933,0.0,0.0,0.0,0.02001149920893741,0.0,0.0
AL009177.1_hg,0.0,0.0003180686963940211,0.00028309822810981854,0.0004095440241433417,0.0,0.0,0.0,0.0,0.0,0.0,0.0,0.0,5.491555168687139e-05,0.0011980691827633734,0.0
AL021328.1_hg,0.0,0.0007924968061773854,0.0,0.0,0.0,0.0,0.0,0.0,0.00016442019572832404,0.0,4.3859071722493174e-05,0.0,0.0,0.0,0.0
AL021392.1_hg,0.0,4.715734803766713e-06,0.0,0.0002198571679146812,2.893585777247755e-05,6.168573513968135e-05,0.0,0.0,0.0,0.0,0.0,0.0,0.0,0.0,0.0
AL021917.1_hg,0.0,0.0,0.0,0.0,0.01816147295572094,0.0,0.000859066071551513,0.007559956797891839,0.0,0.0,0.0,0.0,0.0,0.0,0.0
AL021978.1_hg,0.0,0.0,0.015922924177694385,0.0,0.12626226049344483,0.0,0.002842991085648141,0.050271970530838476,0.0,0.019093614356049372,0.0,0.06456659002745134,0.0,0.001426082365583369,0.06450156524694868
AL022151.1_hg,0.0,1.8736180919676086,0.0,0.0,0.0,0.1467749166028313,0.0,0.05151728454983566,0.17004908880556832,0.5673649493956384,0.004521736352354771,0.7844181135722561,0.010944390000578234,0.2474233793851963,0.10947599488151451
AL022322.2_hg,0.0,1.185112918540798,0.02490699083421203,0.0,0.09471078541496386,0.026808056957476022,0.05923246574690388,0.03732944430572886,0.0,0.13354929259137235,0.3127711626797277,0.0,0.008672854248344774,0.0,0.009490782629067624
AL022323.2_hg,0.0,0.138112711747515,0.007935795395375983,0.0,0.0,0.0016066903303216765,0.009275789840184135,0.0,0.0,0.0,0.016794527329884915,0.008044856819493136,0.0,0.0,0.0
AL022328.1_hg,0.0,0.0004594908359640307,0.0008456685829701987,0.0,0.0010177510812625855,0.0007252251849714396,0.0,0.0,0.0,0.0004372331553979804,0.0,0.0,0.0,0.0,0.00018322781923683858
AL022332.1_hg,0.0,0.0,0.0,4.842662301683588e-05,2.0485821242161628e-07,1.2642881720644156e-06,0.0,6.566975669061788e-05,0.0,0.0,0.0,0.0,0.0,0.0,0.0
AL023581.1_hg,0.0,0.00022809953965405972,0.0,7.916808980096241e-05,0.00016021694205210223,0.0,0.0,0.0,0.0,0.0,0.0,0.0,0.0,0.0,0.0
AL031123.4_hg,0.0,0.0,0.0,0.031774748218894235,0.0,0.0,0.0,0.0,0.0,0.0,0.0,0.0,0.0,0.0,0.0
AL031123.5_hg,0.0,0.021296142419278796,0.0,0.0904665407729947,0.0,0.0,0.0,0.0,0.0,0.0,0.0035549243670159243,0.0,0.004132851476716145,0.0,0.0
AL031290.1_hg,0.0,0.00010784865669514304,0.0,6.678250860443266e-05,0.0,0.0,0.0,0.0,0.0,0.0,0.0,0.0,0.0,0.0,0.0006813603926079838
AL031432.4_hg,0.0003970523716590234,0.3914973933918199,0.02679998951650704,0.022330524924681336,0.0,0.0262728341711298,0.01842055965862604,0.002244505845172533,0.0,0.0,0.05798279066985751,0.07080444407411589,0.0020286171844429352,0.0,0.004429443807634586
AL031587.5_hg,0.005378219734597199,0.1923336439550019,0.20224888468693833,0.0,0.01001762704688763,0.0,0.0,0.0,0.0,0.0,0.017516494324714586,0.01079784835985242,0.0,0.0,0.021567798184820738
AL031595.3_hg,0.007844757871264102,0.9830964326862347,0.026501867933869404,0.09109876015472106,0.06544340849089618,0.0,0.05823412484446263,0.0,0.0,0.10931685351279699,0.17384076554807804,0.0,0.10399701365695849,0.0,0.0
AL031658.1_hg,0.0,0.2869640801638785,0.0002748445484807175,0.0,0.014589949256347866,0.011084283555495865,0.00868504251629184,0.03282387130533426,0.0,0.0113481168881521,0.054833964527225255,0.0,0.008715804329981213,0.0,0.0
AL031663.3_hg,0.0,0.08491326874687653,0.002908381377952767,0.0,0.0,0.0,0.0018813900567484115,0.0,0.0,0.0,0.005288866915937998,0.02891690491250631,0.002043263147438756,0.0,0.0
AL031708.1_hg,0.0,0.746725820148198,0.015218702375311009,0.0,0.03640539130087854,0.0018783464815058536,0.028469044314535393,0.0,0.0,0.0317579977865623,0.24014841140001464,0.07953532870975999,0.03140569092935689,0.03846954061896606,0.0
AL031727.2_hg,0.0,0.0,6.398237121713312e-05,0.0,0.0,0.000248152318348366,0.0,0.0003167861016799151,0.0,0.0,0.0,0.0,0.0,0.0,0.0
AL031779.1_hg,0.0,0.0003092595069476131,0.00022759338245447334,0.0006826995306878686,0.0,0.0,0.00014490193116096595,1.4491241439731368e-05,0.0,0.0,0.0,0.0,0.0,0.0,5.734471683405279e-05
AL033397.1_hg,0.0,0.0035893725267335907,0.011347765748958129,0.0007134890605128327,0.0031575318404274376,0.0,0.0,0.0,0.0,0.0,0.0,0.0,0.0,0.0,0.0
AL033504.1_hg,0.15059269804332684,0.034823993340396237,0.0038564919478314657,0.13009586409071827,0.2296259236394046,0.0,0.0,0.6320811759188554,0.0,0.0,0.0,0.0,0.0,0.0,0.0
AL033523.1_hg,0.0,0.0,0.0,0.042675852715623706,0.0007715825422139836,0.00712453314284224,0.0,0.0,0.0,0.0,0.0,0.0,0.0,0.0,0.0
AL033539.2_hg,0.0,0.02376249638015913,0.0,0.0011037969542909446,0.0,0.0039032801267036036,0.0,0.0,0.0036421683565578387,0.0005903805704244442,0.0,0.019244176284451738,0.0,0.0,0.0030129759347761924
AL034397.2_hg,0.0971225889086767,0.0,1.0633924285049072,0.0,0.0,0.09915439861785,0.10605754514552278,0.9018201572930765,0.0,0.7433096855873397,0.0,0.25718945589631165,0.14499637952336575,0.0,0.3970305082526067
AL035252.5_hg,0.0,0.7889076707991944,0.0,0.022629213232911435,0.01620768793447533,0.0,0.0,0.0,0.04334310157249555,0.15283322379728756,0.02095798001022301,0.2245025874409578,0.0,0.10719998986027506,0.0
AL035411.3_hg,0.0,0.3666432810678829,0.0,0.0008291294277954746,0.07710933755130375,0.032758231749240106,0.004765689757325438,0.061161771547327486,0.032191216503926624,0.01315119457508233,0.0,0.150804523196301,0.013989198374508889,5.671891857759947e-05,0.031154855307418274
AL035446.2_hg,0.0,0.003938195169074288,0.0038419191621194095,0.0026641621933274663,0.0016273407102038145,0.002668111564674481,0.002038884172282648,0.007227411072364019,0.0,0.0,0.0,0.0,0.0,0.0,0.003397112167474401
AL035665.1_hg,0.0,0.0,0.0003522198030561356,0.0,0.005214112676627079,0.0,0.0,0.0,0.0,0.0,0.0,0.0,0.0,0.0,0.0
AL035694.1_hg,0.0003959143237215469,0.0,0.00016129969234923526,0.0,0.0,0.0008111608220632056,0.0,0.0,0.00011309750223349002,0.0002328656158530868,0.0,0.0,0.0,0.0,0.0
AL035696.3_hg,0.0,0.0,0.00026442319207703913,0.0,0.00034109222057402175,0.0,3.193061202476881e-05,0.0,0.0,0.0,0.0,0.0,0.0,0.0,0.0
AL049552.2_hg,0.0,0.0028335926865292807,0.012286591737812965,0.0,0.0008095419283314691,0.0,0.0065610547680019825,0.02310702110440276,0.0,0.0,0.0,0.0,0.0,0.0,0.004729482632462173
AL049692.6_hg,0.0,0.0013864761780434146,0.0002038438108598791,0.0005670730291812196,0.0,0.0,0.0,0.0010106030280217669,0.0,0.0,0.0,0.0,0.0,0.0,0.0
AL049828.1_hg,0.0,0.4815226708343106,0.0,0.05636457058213612,0.034926047216100556,0.04777043927722803,0.0,0.05223492770418867,0.065283878852572,0.014339484058905906,0.0,0.033215901941684604,0.0,0.06784911992336967,0.015261627234426325
AL049839.3_hg,0.0,0.2271314107353109,0.0,0.0,0.016394698753136754,0.0502828396225686,0.0,0.011246595207370758,0.026509895390652256,0.0,0.0,0.07170924443671299,0.006627713708688159,0.013470994156602877,0.05778330264885282
AL078459.1_hg,0.010598293998712347,0.16763234197674018,0.008561200334911551,0.0,0.04835244578211007,0.009880386330484882,0.003763182668851898,0.01628635683074715,0.002859930583818118,0.0,0.006939722170241909,0.0,0.007342765233204628,0.0,0.0
AL096803.3_hg,0.0,0.00014412065320025595,0.0,5.1948629081152965e-05,0.0,0.0,0.0,0.0,0.0,0.0,0.0,0.0,0.0,0.0,0.0
AL109627.1_hg,0.0,0.2556385101802283,0.08730554146406423,0.03142852300847274,0.0,0.0,0.011743240112305866,0.06106899332730667,0.0,0.0,0.04887119681428392,0.11789800664183124,0.05651165990252186,0.0,0.03448817489728604
AL109763.1_hg,0.0,0.00030878256723687044,0.00021918193452745573,8.417086634099924e-05,0.0,1.1412096136124692e-05,0.0,0.00016294525713317432,1.5558757676734283e-05,0.0,0.0,0.0,0.00010499959562250316,0.0,0.0
AL109810.2_hg,0.0,0.0,0.0,0.0,0.0036106386949045074,0.0,0.0,0.0010898427889561716,0.0,0.0,0.0,0.00023294460745561203,0.0,0.0,0.0
AL109829.1_hg,0.0,4.1228480615122454e-05,0.0,7.298787798630734e-05,0.0,0.0,6.1486412862109315e-06,0.0,0.0,0.0,0.0,0.0,0.00017455993558939913,0.0,0.0
AL109933.5_hg,0.0,0.02405794754083189,0.0,0.11279790861560819,0.0,0.0,0.0,0.0,0.0,0.0,0.0,0.0,0.0,0.0,0.0
AL109945.1_hg,0.0,0.0,7.647978183864151e-05,0.0,0.0,0.00010823324932858167,0.0,0.0,4.896810716648394e-05,0.0,1.3057983369801432e-05,0.0,0.0,0.00011181276971400496,5.860060017060322e-06
AL117329.1_hg,0.0,1.1893383129789423,0.5577722114422706,0.257554018689272,0.17854663900274806,0.0595991697027392,0.11298998456047778,0.11705873399067343,0.08043596072039544,0.18545813140059925,0.10140849555120689,0.3127416478832032,0.2549961017848737,0.0,0.27928856986699824
AL117335.1_hg,0.0,1.4358642078254079e-05,0.0,0.00016418962061108552,0.0006248997416768783,0.0,0.0,0.0,0.0,0.0002451475575179434,0.0,0.0,0.00047951961349946344,3.6513919000491335e-05,0.0
AL121581.2_hg,2.591725937253977e-05,0.0,0.0,0.0004484841085767056,0.0015453076765207076,0.0,0.0,0.0003261231941852471,7.046862296162169e-05,0.0,0.0,0.00019580880175029238,0.0,0.0,0.0
AL121749.1_hg,0.0,0.26609185710761446,0.0,0.0,0.04114076000078371,0.0,0.0036829655978502583,0.0,0.0,0.044421228412814616,0.06707705288501632,0.0,0.0,0.0,0.0
AL121757.1_hg,0.0,0.0,0.0003742400036316579,0.0016608540705752924,0.0012814488644417785,0.0,0.0,0.0,0.0,0.0,0.0,0.0,0.0,0.0,0.0
AL121820.3_hg,0.0,0.001531929720108545,0.001616047416309776,0.005299109534729475,0.002906192036811625,0.0,0.0,0.0,0.0,0.0,0.0,0.0,0.0,0.0,0.0
AL121845.1_hg,0.0,0.021745082194775632,0.00097732308182241,0.0,0.0,0.005258077303141147,0.0,0.0,0.0,0.0,0.0020444060244622403,0.00921034075184359,0.0,0.00238752807654536,0.0035489995831782706
AL121885.2_hg,3.6379322152842934e-05,0.0,0.0,0.0,0.00025973377596424533,0.0,0.0,0.0006746354842625823,8.108756899751475e-05,0.0,0.0,0.0,3.247375119639755e-05,0.0,7.69300594995128e-05
AL121985.1_hg,0.0016895538135759055,0.049949114008472545,0.01044049336508812,0.04725432786422229,0.007507686622693743,0.0,0.0,0.04007726584622537,0.0,0.0,0.0,0.012261322636015252,0.0,0.0,0.016007404823199303
AL122003.2_hg,0.0,0.0,0.0,0.00012504084758077435,0.0,4.831257175537351e-05,0.0,0.00011567383181407613,0.0,0.0,0.0,0.0,0.0,0.0,0.0
AL122010.1_hg,0.0,0.0009383139149394804,3.118979230063997e-05,0.0,0.0,0.0,0.00016895447710555376,0.0010055262994030695,0.0,0.0,0.0,0.0,0.0,0.0,0.0004358360450222236
AL132712.2_hg,0.0,0.0013601002178554595,0.00720696800073488,0.003646195045941433,0.0002075872346962381,0.0,0.0017326704905937765,0.0,0.0,0.0,0.0,0.0014661306219276406,0.00025290163252238574,0.0,0.0
AL132775.2_hg,0.0,0.0033249553227388726,1.7452759556425536e-05,0.005086933123204567,0.010273106084633358,0.0,0.0,0.033961318702365684,0.0,0.0,0.0,0.004006871383104638,0.0,0.0,0.0
AL132800.1_hg,0.0,0.05866712236815251,0.010452294712822129,0.005447118657082795,0.020961134408680446,0.0071080934481011415,0.0031869730831905877,0.016772380392850242,0.0,0.0,0.0,0.002175270387929191,0.0010749519203338814,0.0,0.0037666123192133484
AL132801.1_hg,0.0,0.0,0.0,0.0,0.0005611976795897195,0.0,7.656243724652654e-06,0.0,0.0,0.0,6.395112515713381e-05,0.0,0.0,0.0,0.00013713451854660753
AL133153.2_hg,0.0,0.0,0.0,7.321504692324857e-06,0.0004502043694384282,0.0,0.0,0.0,0.0,0.0,0.0,0.0,0.0001550865808616962,0.0,0.0
AL133268.3_hg,0.0,0.0,0.0,0.0,0.0,4.1373362600014e-05,0.0,3.176947606658748e-05,0.0,0.0,0.0,0.0,0.00024723413527506197,0.0,0.0
AL133279.1_hg,0.0,4.860524402130698e-05,0.0,0.00027495993150414836,0.0,0.0,0.0,0.0,0.0,0.0,2.159745043417822e-06,0.0,0.0,0.0,0.0005795451016644635
AL133299.1_hg,0.0,0.0,0.0,0.0,0.00024032494001348262,0.0,0.0,0.00030585871561949026,0.0,0.0,0.0,0.0,0.0,0.0,0.0
AL133330.1_hg,0.0,0.0,0.0,0.0,0.09991785250113858,0.0,0.0,0.0,0.0,0.0,0.0,0.0,0.0,0.0,0.0
AL133335.1_hg,0.0,0.0,0.0,0.0,0.0,0.0,0.0,0.00039539393332988426,0.0,0.0,0.0,0.0,0.0,0.0,0.0
AL133444.1_hg,0.0,0.0,0.22849472277805669,0.0,0.018610010400903924,0.023097534765207508,0.023755043109410106,0.19024841302003057,0.0,0.0,0.0,0.20111088873519675,0.07197641714737274,0.0,0.0
AL133477.2_hg,0.0,0.0,0.0,0.0,0.00016628365989628782,1.4276436254931858e-05,0.0,0.00010089521506355879,0.0,0.0,0.0,0.0,0.0,0.0001571461473320551,0.00013965227977434777
AL136295.7_hg,0.0,0.12819531282250418,0.045933004436610046,0.06229840642753252,0.03198382214010839,0.01902175729061581,0.0,0.053736165810086986,0.0,0.0,0.0,0.01467830254183772,0.03036842414595157,0.0,0.09894999792081936
AL136301.1_hg,0.0,3.6020519203384785e-05,0.0,7.60919737182061e-05,2.688263206801961e-05,1.87184723561152e-05,0.0,0.0,0.0,0.0,0.0,0.0,0.0,0.0002450356512957366,0.0
AL136305.1_hg,0.0,0.013210017863103657,0.011653754745642274,0.0,0.0,0.0,0.0,0.00017433605332987638,0.0,0.0,0.0,0.01643901872953303,0.0036294564025313946,0.0,0.0019883419042580367
AL136372.2_hg,0.0,0.04018729210478853,0.0,0.04606707750546884,0.034454801647331425,0.007399159534326081,0.0,0.06462903445716688,0.00883363350515225,0.004742363539273062,0.0,0.10726938319013764,0.0,0.0005421905000127314,0.0357054847710258
AL136419.3_hg,0.0,0.7980444045882381,0.0,0.02870808765859303,0.0473456002633845,0.08962685608183729,0.0,0.12527922442654885,0.07828260158640926,0.1531483506722326,0.0,0.1900163589929299,0.0,0.13367321358862322,0.08571662126248236
AL136537.1_hg,0.0,0.0,0.0006816334097863779,0.0,0.0,0.0,7.1531566004318e-05,0.0007632170307776547,0.0,0.0,0.0,0.0,0.0,0.0008298171964950364,0.00034461751279838267
AL136985.1_hg,0.0,0.0,0.0,0.0,0.0007199460461588006,0.0,0.00047924778528040865,0.0,0.0,0.0,0.0,0.0,0.0,0.0,0.0
AL137783.1_hg,0.0,0.23390772824545597,0.0,0.0,0.0,0.0,0.0035570044501107277,0.0,0.0,0.03507022776079075,0.0550507682584837,0.0,0.0,0.0,0.0
AL137785.1_hg,0.0,0.0,0.0009844389148325583,0.0,0.003569933445809872,0.0,0.0,0.0,0.0,0.0,0.0,0.002556275065695449,0.0,0.0,0.0
AL137918.1_hg,0.0,0.00028399171244598663,0.0032250224711147944,0.000980075653024678,0.0,0.0,0.0,0.0,0.0,0.0,6.310170754330177e-05,0.0,0.0010475565356731723,0.0,0.0
AL138694.1_hg,0.0,0.3210994237342725,0.0,0.0,0.0,0.006352666666814007,0.01208453720618659,0.0,0.0,0.05509182166392077,0.06085953557515817,0.06206513282877952,0.0,0.0,0.04827445776123076
AL138828.1_hg,0.0,0.21014418280689356,0.09693505361663508,0.04378224259361454,0.23921224611710395,0.01010663271630801,0.0,0.0,0.0,0.0,0.0,0.0,0.0,0.0,0.0
AL138995.1_hg,0.0,0.0,0.00025200795336795967,1.0257720673175086e-05,1.2833178709383137e-05,0.0,0.0,0.0,0.0,0.0,0.0,0.0,0.0,0.0,0.0012830867230710693
AL139005.1_hg,0.0,0.0,0.0005364372727291072,0.0,0.005521547540621258,0.0,0.0,0.0,0.0,0.0,0.0,0.0,0.0,0.0,0.0
AL139095.4_hg,0.0,0.00015108570607630525,0.0,9.642718218465422e-05,0.0007042900425093652,0.0,0.00010168358633139105,0.00021935392580900762,0.0,0.0,0.0,0.0,2.4077890369643502e-05,0.0,0.0
AL139106.1_hg,0.0,0.0015342813765400415,0.0,0.0,0.0,0.0008439229537723468,0.0,0.0008996849130359975,0.0,0.0,1.1220816056178916e-05,0.0,0.0,0.0,0.00010272299422398313
AL139147.1_hg,0.0,0.4428265170900889,0.02011128132394354,0.028359708207334054,0.0429094391565137,0.057819506533402024,0.0026157772789378786,0.09196851909574626,0.040354681350639715,0.0,0.0,0.04487698966453605,0.020716016314435672,0.027206683579076237,0.05962919013354151
AL139220.2_hg,0.0,0.4531953628433324,0.040037420982951585,0.056008817786574135,0.05601988874144685,0.015478273779333309,0.022187501044628712,0.013006129102075298,0.0,0.03823704779536938,0.08215482759975183,0.0,0.0,0.0,0.0
AL139383.1_hg,0.0,0.0,0.0,0.0,0.0027597661944784484,0.0,0.0,0.0,0.0,0.0,0.0,0.005923070278313958,0.0,0.0011700125015593555,0.0026516137873607098
AL157702.2_hg,0.0,0.0,0.0,0.00485870124943323,0.03237194175126809,0.0,0.0005696861352117735,0.00026290509802919047,0.0,0.0,0.0,0.0,0.0,0.0,0.0
AL157769.1_hg,0.0,0.0,0.0,0.0,0.0,0.0,0.0,0.0010923393488926837,0.0,0.0,0.0,0.0,0.0013135624966622084,0.0,0.0
AL157834.1_hg,0.0,0.10726101531633055,0.0,0.0,0.005985739504899776,0.0,0.001874371784064396,0.016044322085277955,0.0,0.03186161756912896,0.0,0.03076279287766994,0.0,0.010029921667482343,0.020010140441200235
AL157895.1_hg,0.0,0.0,0.0,0.0,0.0,0.0,0.01514394462948179,0.03383991388999899,0.0,0.0,0.0,0.0,0.0,0.0,0.05549712015525394
AL157997.1_hg,0.0,0.161963403673983,0.0023123177577749794,0.0012654048317373035,0.0,0.0013501697218735033,0.0,0.031265877118944484,0.015525148716448488,0.011284510665886427,0.0026847037182680792,0.0,0.0,0.01354758591284251,0.007890545373192238
AL158069.1_hg,0.005921256091735333,0.0,0.004419883980363226,0.026257915186481386,0.021307778983088773,0.0,0.0,0.038081953681088625,0.0007248603239564475,0.0,0.0,0.002073501540866769,0.0,0.0,0.0
AL158212.3_hg,0.0,0.34946472756753055,0.03561021391212529,0.0,0.030835978286275805,0.007085778175038486,0.016019777941735678,0.030337588494467764,0.0,0.0,0.07235746106282365,0.029476975691756457,0.05946354514867814,0.0,0.08613643647028603
AL158216.1_hg,0.0,0.0,0.0,0.0003100316161845243,1.2016163338254953e-05,0.00010446078163780091,0.0,0.0005801186629673202,0.0,0.0,0.0,0.0,0.0,0.0,0.0
AL158825.3_hg,0.00011265605553303133,0.0002752421313414689,0.0,0.0,0.00017035731606056896,0.0001288276228516674,0.0,0.0,0.0,0.0,2.9040785948385305e-05,0.00010551038488126736,1.1774952581882748e-05,0.0,0.0
AL159166.1_hg,0.0,0.0,0.0017741408321831655,0.0,0.01935854661462251,0.0,0.0,0.0,0.0,0.0,0.0,0.0,0.0,0.0,0.0
AL160269.1_hg,0.0,0.00012501208494765972,0.00040962270423137884,0.0,0.0,0.0,0.0,0.0,0.0,0.0,0.0,0.0004531060831911298,0.0,0.0,0.0
AL160314.2_hg,0.0,0.3623159534941433,0.026900019221935547,0.0,0.007309242070799244,0.0,0.00615551911490133,0.05415651897911211,0.0,0.03325314750896696,0.051902914538622356,0.017903500298166057,0.02505917598274616,0.0,0.017727688165454253
AL161663.2_hg,0.0,1.5938226534519247e-05,0.0,0.0006053335787342619,0.00016186581411543435,0.0,0.0,0.0,0.0,0.0,0.0,0.0,6.504450247273982e-05,0.0,0.0
AL161668.4_hg,0.0,0.0,0.0,0.0005422741762900684,0.00024683745068274836,0.00016353444261588804,0.00023289757553152947,0.00010348866472847875,0.0,0.0,0.0,0.0,0.0,0.0,0.0
AL161734.2_hg,0.0,0.005719745338862051,0.0,0.0037543939147298773,0.0,0.0,0.0,0.0,0.0,0.0,0.0,0.0,0.0,0.0,0.0016432476307762093
AL161937.1_hg,0.0,0.0,0.0,0.0,0.00042763022502457474,0.0,8.815329705499845e-05,0.0,0.0,0.0,4.1314713234407805e-05,0.0,0.0,0.0,0.0
AL162419.1_hg,0.0,3.964317595274388e-05,7.693346020529262e-05,0.0,0.0007024821972178064,0.0,0.0,0.0,0.0,0.0,0.0,0.0,0.0,0.0,0.0
AL352979.4_hg,0.0,0.0,0.00032129794341802486,0.0,0.0,0.0,1.1423224877329439e-05,2.811548324078524e-05,0.0,0.0,0.0,0.00011100142070332,0.0,0.0,0.0
AL353581.1_hg,0.0,0.0002869801946104217,0.0,0.00022353821005051915,0.0002662431244684662,0.0,1.662534379555447e-05,0.0,0.0,0.0,1.1052793992533907e-05,0.0,0.0,0.0,0.0
AL353608.1_hg,0.0,0.0005767168981674164,0.00027330470062903015,0.0,0.0,0.0,0.0,0.0,0.0,0.0,0.0,0.0,0.0,0.0,0.0
AL353708.1_hg,0.0,0.1947084158085961,0.0,0.0,0.0,0.012845818338691722,0.003982670404848128,0.00637233367182937,0.0,0.01567275429101947,0.03684608058147936,0.0003127145208116429,0.0,0.0,0.011091641956072415
AL353748.3_hg,0.0,0.17031789456892651,0.01112304837029578,0.0,0.020965045389123624,0.01240527934660711,0.0002024368700082044,0.0,0.0,0.0,0.01800687481660988,0.0,0.013298650943804368,0.0,0.018341812918979926
AL354743.1_hg,0.0,4.829489099501101e-05,0.0,3.136903687214891e-05,1.7312712377588423e-05,5.1833144763283605e-05,0.0,8.162954930419287e-05,0.0,0.0,0.0,0.0,0.0,0.0,0.0
AL354743.2_hg,0.0,0.0,0.0009509114598856769,0.0,0.0,0.0,0.0006138763795834291,0.0,0.0,0.0,0.0,0.0,0.0,0.0,0.00010627691554216355
AL354793.1_hg,0.0005169444246525907,0.0,0.0,0.0,0.0,0.00024508971661118796,0.0,0.0,0.0,0.00048560274622616356,0.0,0.0001678318739325273,0.0,0.00040495923135091004,0.0
AL354861.3_hg,0.0,0.0,0.0,0.0019768006845721775,0.003007019807640835,0.0,0.0002712476370293424,0.0,0.0,0.0,0.0,0.0,0.0,0.0,0.0
AL354919.1_hg,0.0,1.1196846195421624,0.0,0.0,0.09893661916958515,0.0625288969285546,0.06998019056009347,0.0,0.0,0.2474815400215963,0.21882594245967238,0.12048889562425369,0.026440808737678047,0.0,0.0
AL354977.2_hg,0.0,0.018821475624053372,0.0005692176126255719,0.025614825530803596,0.011084052057067756,0.0,0.0,0.013850946941614308,0.0,0.0,0.0,0.011560776682090546,0.0,0.0,0.03093319515741244
AL355103.1_hg,0.0,0.0,0.0,0.0,0.010376030093809802,0.0,0.0,0.0,0.0,0.0,0.0,0.0,0.0,0.0,0.0
AL355297.1_hg,0.0,0.0,0.0,0.0,0.0,0.0007460119730999598,0.0,0.0,0.0,0.0,5.020970482927398e-05,0.0,0.0,0.0,0.0
AL355306.2_hg,0.0,0.03324591792728104,0.0,0.0,0.0,0.0027069896380637125,0.0033861372915492743,0.005733318528964629,0.0,0.0,0.0,0.009177039103433291,0.0031612658920891342,0.0005014361895195271,0.009219203066147893
AL355310.2_hg,0.0,0.0009312098768816926,0.0005198777352684598,0.0,0.0009396243285589067,0.0,0.0,0.0,0.0,0.0,0.0,0.0,0.0,0.0,0.00012308416762510244
AL355310.3_hg,0.0,0.0,0.0,0.0001572916010202568,0.0,0.0,0.0,0.0,0.0,0.0,8.323378317236568e-05,0.0001504906215895053,0.0,8.60452957098902e-06,0.0
AL355347.1_hg,0.0,0.3949801612772485,0.0,0.0,0.0049629055358683324,0.05217913451942853,0.0,0.044642403738982685,0.046845195783564504,0.025770363496165644,0.0,0.05105972065333916,0.004380658320081402,0.026154714205673637,0.08158442936567312
AL355482.1_hg,0.0,0.018741725196459818,0.0,0.010098396043112825,0.011281868068635143,0.005271314762784215,0.0,0.0,0.0034870445093933607,0.0008645407028013332,0.0,0.005950866900542131,0.00024850686500817626,8.500815830102621e-05,0.0
AL355516.1_hg,0.0,0.0,0.00030502095491903054,0.00012484974977580593,0.0,0.0,0.0,0.0,0.0,0.0,0.0,0.001619036416451229,0.0,0.0,0.0
AL355881.1_hg,0.0,0.0,0.001371824284042287,0.00014146303153034464,0.006188113644147812,0.0010435392223274197,0.0,0.0,0.0,0.0,0.0,0.0,0.0,0.0,0.0
AL355916.1_hg,0.0,0.13946422109592552,0.010745086108031696,0.0016236106282461864,0.0022852596097970935,0.007352286584304924,0.0012229431769079555,0.022679358615987005,0.0,0.0,0.0,0.044371842796226184,0.005698836759017476,0.0,0.04466828074280518
AL355987.3_hg,0.0,0.0002611902307168005,5.042204117462906e-05,0.0,0.0,3.132387100116428e-05,0.0,0.0,0.0,0.0,0.0,0.0,0.0,0.0,0.0
AL356019.2_hg,0.0,0.3977944728029974,0.0038490803637501064,0.0,0.020273427918461703,0.0,0.004096503346448569,0.0034165983310444235,0.0,0.06777084990554942,0.09696450837987945,0.0,0.0,0.0,0.0
AL356095.2_hg,0.0,0.00018803246337156362,0.0,0.0,0.0,0.0,0.0,0.0002130608433058791,0.0,0.0,0.0,0.00023447447502808138,0.0,0.0,0.0
AL356108.1_hg,0.0,0.2291879613487612,0.030506519082188908,0.0,0.0,0.005754619282161675,0.003061035471401082,0.017051559270455825,0.0,0.0,0.029782115807745656,0.028420427069980124,0.01910554157292036,0.0,0.0
AL356157.3_hg,0.0,0.0,0.0,0.0,0.00028486815532626376,2.3892207629331e-07,0.0,0.00011874328274121283,1.7021865420330865e-05,0.0,0.0,0.0,0.0,0.0,0.0
AL356215.1_hg,0.0,0.0,0.0,0.0,0.01630400287313632,0.0,0.0,0.0,0.0,0.0,0.0,0.0,0.0,0.0,0.0
AL356234.3_hg,0.0,0.0,0.0,0.0007209062324773339,0.0077337520181598885,0.0,0.0,0.0,0.0,0.0,0.0,0.0,0.0,0.0,0.0
AL356259.1_hg,0.0,0.22534232064099632,0.023866423406254812,0.028685857934472737,0.0,0.025830623666969955,0.009220368466219089,0.04865868538167332,0.0,0.0,0.01767079194273786,0.008658017969867702,0.029628881728369052,0.0,0.11174251704290193
AL356489.2_hg,0.0,0.0025311564607443733,0.008585495621474983,0.006129238601312091,0.010339209559160144,0.0,0.0,0.0,0.0,0.0,0.0,0.0,0.0,0.0,0.015333055822057476
AL356489.3_hg,0.0,0.0,0.0026887929514776434,0.0,0.009995271224725518,0.0,0.0,0.0,0.0,0.0,0.0,0.0,0.0,1.5312400236042776e-05,0.002232279516613455
AL356608.1_hg,0.0,0.0007811410672204839,0.0003912964009602843,0.00043733030192826634,0.0,0.0,0.0,0.0,0.0,0.0,0.0,0.0,0.0,0.0,0.0
AL356747.1_hg,0.0,0.0,0.0003967838004881183,0.006171363123269889,0.0,0.00014005375053264055,0.0,0.0,0.0,0.0,0.0,6.279315498887111e-05,0.0,0.0,0.0
AL357141.1_hg,0.0,0.709428392832991,0.015189909049565036,0.0,0.1038906054269197,0.09234432651864173,0.0,0.09351455824339311,0.06419781260135284,0.0028829129421673316,0.0,0.2508546119819476,0.010161249395542247,0.00017255851100720195,0.1793760540685122
AL358075.1_hg,0.0,0.00017087181485471464,0.00012595637639133077,0.0,0.00041705889888434737,0.00012363846080703028,0.0,1.1290344159656733e-05,0.0,0.0,0.0,0.00016846831437128932,0.0,0.0,0.0003312654441988872
AL358472.7_hg,0.0007917157682038973,0.0,0.0,0.0006066580199875095,0.001002936066242528,0.0004925028341290612,0.0,0.0,0.0,0.0,0.00014220583668213757,0.0,0.0003145531205022369,0.0013194129848073549,0.0
AL358613.1_hg,0.0,0.0,0.0,0.000540373001621066,0.0,9.681025372985718e-06,8.32420098667554e-05,0.0,0.0,0.0,0.0,0.0,0.0,0.0,0.0
AL359237.1_hg,0.0,0.006535720796749626,0.0012482062544560244,0.0014025038478711921,0.006332474217619358,0.0017473972818558055,0.00010343772026775174,0.0022987238012811416,0.0,0.0,0.0,0.01196675840144552,0.0,0.0,0.0
AL359396.2_hg,0.0,6.190804064247203e-05,0.00010927723337247341,0.000316463332420626,0.0,0.0,0.0,3.30091522033053e-05,0.0,0.0,0.0,0.0,0.0,0.0,0.0
AL359551.1_hg,0.0,0.21168058178872193,0.0009023507810463402,0.0,0.0,0.02213871975786999,0.013981517114269964,0.0,0.0,0.0,0.028777551903487873,0.027515087235854333,0.0029697013211638277,0.0,0.0
AL359636.1_hg,0.0,0.0,0.0,0.0,0.0007956638221804476,0.0,6.619811827662662e-05,0.0,0.0,0.0,0.0,0.0,0.0,0.0,0.0
AL359764.2_hg,0.012749363136950322,0.3740964551985481,0.005455849763545633,0.0,0.03462092771926749,0.0025832275183800936,0.017414975306984052,0.0,0.0,0.015759664382319735,0.0884302059088222,0.0,0.0,0.009945405798883561,0.0
AL359764.3_hg,0.0,0.0032325700439839074,0.0,0.0,0.0,0.0,0.0,0.0,0.0,0.0,0.00019152874056408762,0.0019765380633492324,0.0,0.001098457796997551,0.0
AL359880.1_hg,0.0,0.0,0.0,0.0,0.0,0.00015825198395244235,0.0,0.0,0.0,0.0,0.0003129666160632628,0.0,0.0,0.0,6.284445283950546e-05
AL360020.1_hg,0.0,2.801230741021665,0.0,0.5059389181982196,0.2660420130159379,0.0,0.0040352237036664395,0.10356185462036892,0.33726086745918454,1.1580896082962329,0.392229996535959,0.9054299914273602,0.0,0.11949287844009589,0.03735149835927499
AL365204.2_hg,0.0,0.10701060619333898,0.003969468445758167,0.0,0.0007091341315633376,0.016747063796964463,0.0,0.0,0.014826474822151034,0.0,0.0,0.03128678631079932,0.0,0.01466767651150219,0.011053516098091864
AL365226.1_hg,0.2446404252896654,0.0,0.5109127804720023,0.26498015088689825,0.5019035643795465,0.0,0.0,2.1031565526378357,0.0,0.007215583399388503,0.0,0.0,0.0,0.0,0.0
AL391294.1_hg,0.0,0.38792727256811615,0.026475953067117516,0.0,0.08491523717208425,0.10197992029094569,0.0094939954591688,0.0,0.0,0.04236911367868117,0.06866864466891098,0.0,0.040948635200972146,0.0,0.12987554635482676
AL391645.1_hg,0.0,0.0,0.0,0.0,0.0,0.0,0.0,6.428133147352891e-05,2.431300274898796e-07,0.0,0.0,0.0007953580213808368,0.0,0.0,6.384199558224338e-05
AL391730.2_hg,0.0,0.003816936757839431,0.0,0.0025068354736950483,0.0,0.0,0.0,0.0,0.0,0.0,1.025606024361534e-05,0.0,6.977699245875624e-05,0.0,0.0
AL392086.3_hg,0.0,0.5587038167051591,0.07532341904924938,0.17665492623346868,0.22704616756391038,0.07540725571689903,0.0,0.1317416370117654,0.012253604226199824,0.0,0.007190310306062163,0.007491457122494529,0.08264323439121313,0.0,0.20340556075734667
AL442224.1_hg,0.0,0.0,0.0,0.0003691158970901485,0.0,0.0,0.0,0.0,0.0,0.0,0.0,0.0,0.0005344653192636455,0.0,0.0
AL445190.1_hg,0.0,0.0,0.0,0.00035464352815257373,0.0,0.0,0.0,0.0,0.0,0.0,7.62602591309543e-05,0.00010675209736685682,0.0,0.0,0.0
AL445213.2_hg,0.0,0.0,0.0,0.0,0.0,0.0,0.0,0.0,0.0,0.0,0.00033730194658788856,0.00026921959890120983,0.0,0.0003196073857302685,0.0
AL445248.1_hg,0.0,0.25867140706889047,0.0,0.0,0.0007844978171171592,0.024612208671473026,0.003971108761833496,0.0,0.0,0.0,0.04854977151481092,0.0,0.003299001716564143,0.0,0.0
AL445259.1_hg,0.0,0.0,0.0,0.0,0.001347370792005524,0.0,0.0,0.0,0.0,0.0,0.0,0.0,0.0,0.0,0.0
AL445489.1_hg,0.0,0.0,0.0,0.0,0.0,0.0002836523198916636,0.0,0.0005155061824050538,0.0,0.0,0.0,8.779636007867014e-05,8.448715953637287e-06,0.0,0.0
AL445493.2_hg,0.0,0.0,0.0,5.329352981461521e-05,0.0018128678132114445,0.0,0.00020765270316817352,0.0,0.0,0.0,0.0,0.0,0.0,0.0,0.0
AL445989.1_hg,0.0,0.0,2.707565288793866e-06,0.00013388922832822727,0.0,1.657836581116745e-05,0.0,0.00015175709800294195,0.0,0.0,0.0,0.0,0.0,0.0,0.0
AL450267.2_hg,0.0,0.0,0.0,0.0006131763600467481,0.004059515330198444,0.0,0.0,0.0,0.0,0.0,0.0,0.0,0.0,0.0,0.0
AL450352.1_hg,0.0,0.0,0.0,0.0,0.0007388046372312476,0.0,0.0003000845610149956,0.0,0.0,0.0,0.0,0.0,0.0,0.0,0.0
AL451080.1_hg,0.0,0.010925296243390987,0.014992453443212875,0.0,0.0,0.0,0.0,0.0,0.0,0.0,0.0,0.0,0.0,0.0,0.012330485896673633
AL451085.1_hg,0.0,0.0,0.0,0.0,0.0,0.001737095353758543,0.0,0.0,0.0002973812872052613,0.0,0.0,0.0,0.0,0.001698254571899102,0.0
AL512283.2_hg,0.0,0.04027443370308829,0.0,0.006301340490050494,0.0,0.0022115685680261558,0.0,0.014829605462671721,0.0,0.0,0.0,0.03006279759952749,0.00039600241914713324,0.0,0.004654749370422633
AL512306.3_hg,0.0,0.0042529775542392186,0.0016247865014609106,0.010652636616549091,0.0021216619727498238,0.0,0.00100757791783437,0.0,0.0,0.0,0.0,0.002349742004545927,0.0,0.0,0.0
AL512356.3_hg,0.0,0.23350359595186174,0.0,0.0,0.0010146928502154278,0.01701146181459007,0.002842805187423721,0.0,0.0,0.03214972845197555,0.035018238265643396,0.0008594484038226294,0.000601083296214778,0.0,0.01988567932521736
AL512598.2_hg,0.0,0.0,0.0,0.0005185314868023267,0.0,0.00034583791369289043,0.0011033388121953474,0.001772289548859124,0.0,0.0,0.0,0.0,0.0,0.0,0.0
AL512631.2_hg,0.0,0.0002869559494623641,0.0,0.0,0.0,0.00042965214399997,0.0,0.0,0.0,0.00037573543708489706,0.0,0.0,0.0,3.585520585926886e-05,0.0
AL512785.2_hg,0.0,0.0,1.7502490955137716e-05,0.0,0.0005919815863573595,0.0,0.0,0.0,0.0,0.0,0.0,0.0,0.0,0.0,0.0
AL513128.1_hg,0.0,0.038950354444647284,0.07671304565083577,0.0,0.0,0.0,0.0,0.0,0.0,0.0,0.0,0.02199805976291232,0.0,0.0,0.014773409055855858
AL513166.1_hg,0.0015786136718622197,0.01543676653923621,0.0029950810992468387,0.0,0.0004141320055581918,0.0006754104660846793,0.0009379980640525802,0.0,0.0,0.002644047038229099,0.0,0.0014544132204525253,0.0010891254622164917,0.0,0.001331484564292071
AL513210.2_hg,0.0008814724104758956,0.3263006767451499,0.024969232288416573,0.001531285779015892,0.01864376450236895,0.014750082423100582,0.015642530988500176,0.003351743231297185,0.0,0.0,0.040178155454106544,0.015236041212769207,0.015765855887281622,0.0,0.009392731784970935
AL513493.1_hg,0.0,0.0,0.00013100976840013426,5.313908984080535e-05,0.0,7.920437757512441e-05,0.0,0.00022211661681996935,0.0,0.0,0.0,0.0,0.0,0.0,8.100938791293464e-05
AL583856.2_hg,0.0,5.44530413064731e-05,0.0,0.00031792373972940676,0.0,0.0,8.654461782545942e-06,8.802412472184392e-05,0.0,0.0,0.0,0.0,0.0,0.0,0.00030689228010721635
AL589666.2_hg,0.0,0.0,0.0,0.0,0.0,0.00018335688205110926,0.0,0.0007193161683049507,0.0,0.0,0.0,0.0031964684975005395,0.0,0.0,8.318379570257919e-05
AL589765.4_hg,0.0,0.0003697009734924501,0.0,0.0,0.0,0.0017632531440692043,0.0,0.0025725403059933265,0.0,0.0,0.0,0.0007074393555353303,0.0,0.0,0.0
AL589787.2_hg,0.00037300386773770234,0.01754103982534581,0.0076290362527728925,0.0044701217782485035,0.0,0.004060195601516591,0.0,0.0022451076098269646,0.0,0.0,0.001951906901679956,0.00964074467321091,0.0,0.00854132414397078,0.00033314670846005737
AL590004.3_hg,0.0,0.0028486395732942697,0.0,0.04747489499222526,0.10320143416097903,0.0,0.0,0.0,0.0,0.0,0.0,0.0,0.0,0.0,0.0
AL590438.1_hg,0.0,0.0,0.00047222488699516654,0.0,5.374003429766526e-06,6.685226921833212e-06,0.0,0.00022129158574190027,0.0,0.0,0.0,0.0,0.0,0.0,0.0
AL590666.3_hg,0.0,0.46327060923599245,0.008600922844403575,0.0,0.008857600606755028,0.0009550829474714157,0.017816173405625534,0.014977250671215893,0.0,0.0,0.12856705818370534,0.013185053023750695,0.023686804984678313,0.0,0.0
AL590677.1_hg,0.0,0.0,0.00013160919460160093,0.0001865669766745758,0.0,0.0,0.0,7.744546937871594e-05,0.0,0.0,0.0,0.0,0.0,0.0,0.0
AL590807.1_hg,0.0,0.9018827900127615,0.0,0.01557584727230867,0.1204158938720487,0.0944737446345612,0.0,0.12371292049636617,0.09339642782640627,0.07378167677386026,0.0,0.26393219395396433,0.024174187395051287,0.11406975399940728,0.1278984113341617
AL590822.2_hg,0.0,0.1959300956569573,0.005497733066642815,0.0,0.007076994519211581,0.0,0.00449634734217074,0.0,0.0,0.01967952301934754,0.034099459447907446,0.0,0.0,0.0,0.005273945884813432
AL590822.3_hg,0.0004455001543005309,0.0005381694252157697,0.0006138152824687479,0.0,0.0030363761389568754,0.0,0.0,0.00279660641053642,0.0,0.0,0.0004795553624832904,0.007001335394782125,0.0,0.0007790804836094181,0.0
AL590867.1_hg,0.0,0.08888090093185187,0.004174350480640438,0.0032682265479139043,0.0250075458712944,0.013718173795921504,0.0034041031005471313,0.01309481018421276,0.003355511884248387,0.0,0.0,0.03024691756723807,0.0027293327688838413,0.010948863884834363,0.01665560296950826
AL591468.1_hg,0.0,0.03240321080705126,0.016754950699632374,0.0,0.0,0.0,0.0,0.0,0.0,0.0,0.002860495278786517,0.01707429732253228,0.0,0.0,0.0
AL591501.1_hg,0.0,0.2648911534501202,0.0,0.022003950926701436,0.003301114133836649,0.03486282235564236,0.0,0.036032675633346216,0.03509843233913529,0.0,0.0,0.04092868350563529,0.012764100465127555,0.03829607229339969,0.05383279283338876
AL591503.1_hg,0.0,0.26621963461432246,0.0,0.0,0.0,0.004140917529580099,1.1206985027178818e-05,0.013331839653050936,0.0,0.0,0.0709028318501168,0.0,0.0021657066051863744,0.0,0.019228042667914665
AL592183.1_hg,0.0,0.24566578963339092,0.1251329298778361,0.06991919155822389,0.0,0.0,0.0,0.08247016822407688,0.0,0.0,0.023940857184903862,0.03544099865397136,0.0,0.0,0.0
AL596442.3_hg,0.0,0.0,3.9180169220268204e-05,0.0,0.0,0.0,0.0,0.0,0.0,0.0,0.0,6.833951319701885e-05,0.0,0.0,0.0
AL596442.4_hg,0.0,0.00037588693899173953,0.00027286282503689776,0.0005382050948599502,3.0214083712058812e-05,0.0,0.0,6.101840533459214e-05,0.0,0.0,0.0,0.0,0.0,0.0,0.0
AL603756.1_hg,0.003090156146023333,0.0031318917130190704,0.0017814654931942466,0.0,0.004965215980732654,0.0032341008804616764,0.00013353551237445027,0.000468878395781296,0.0,0.0038392647119699676,0.00028823982576984576,0.0,0.0,0.0,0.0
AL603783.1_hg,0.0,6.998649177419349e-05,0.0,8.347104646822879e-05,0.0,0.0,0.0,0.0,0.0,0.0,0.0,0.00029850932021461684,1.0466462806711977e-05,0.0,0.0
AL603832.2_hg,0.0,0.000931402272558683,0.00030658545092062555,0.0014146502621838679,0.0,0.0,0.0,0.0,0.0005777559488872535,0.0,0.0,0.0,5.387155806879493e-05,0.0,0.0
AL603832.3_hg,0.0,0.0,0.00014659474134673346,0.00026085768655393103,0.000610572660469558,0.0001184964435618758,0.0,0.0,0.0,0.0,0.0,0.0,0.0,0.0,0.0
AL606500.1_hg,0.0,0.0,0.0,0.02346250816649076,0.024085307502279735,0.012877806006298124,0.0,0.011216121089059568,0.0,0.0,0.0,0.0,0.0,0.0,0.0
AL645937.4_hg,0.0,0.04334727994701839,0.0,0.0,0.0,0.0094552628583766,0.000221091430492911,0.0,0.0,0.0,0.0021233985757343915,0.002929909772260539,0.0,0.0,0.0068575877913638434
AL662795.2_hg,0.0,0.14973921851812866,0.13276026946679967,0.0032590326055636073,0.021006878982319104,0.025761918538232523,0.0,0.01464394773858073,0.0,0.08653018387262049,0.0,0.08480081524857327,0.04193120600503722,0.0,0.23124396110302028
AL669918.1_hg,0.0,0.0,0.0,0.0,0.0,0.0,0.0,0.0,0.0,0.0,0.0004858560271742673,0.0,0.0,0.0,0.0
AL691447.2_hg,0.0,0.4481341455542404,0.28293629267748654,0.0,0.0,0.07347935417942604,0.032969061335754696,0.159126906037843,0.0,0.02580897962529011,0.08020795796140229,0.28318732826106474,0.0,0.058983588354588924,0.3029961171068964
AL713998.1_hg,0.5564884361961261,0.20289208330514868,1.2915637484126319,1.6097065807364856,1.8688302720958514,1.211856264746409,1.8978127270410785,0.025284985374040548,1.9854359654911236,1.842888304250556,0.0,1.2549859196952156,1.3405211553657788,0.0,3.2802468341610562
AL731559.1_hg,0.0,0.0002634543775047683,0.0002869415580389534,0.0008264269020075818,0.0005107445622089968,0.0,2.869356227028503e-05,8.812747123741761e-05,0.0,0.0,0.0,0.0,0.0,0.0,0.0
AL732292.2_hg,0.0,7.509192506387105e-05,0.0,0.003437711523155768,0.0004944293092679253,0.0,0.0,0.0,6.785042251254785e-05,0.0,0.0,0.0004365240372452942,0.0,0.0,0.004014478351207594
AL732372.1_hg,0.0,0.0,0.0,0.00013787511798194236,0.0011605903093421322,0.0,0.0,0.0,0.0,0.0,0.0,0.0,0.0,0.00012470815677412356,0.0
AL805961.1_hg,0.0,0.2534571378020717,0.014349806237689658,0.0,0.043435136848361464,0.006677840007984108,0.009158637972231758,0.002162439447564982,0.0,0.0,0.04865580925006669,0.035601445542625655,0.0,0.0,0.0
AL807761.3_hg,0.0,0.0,0.0004560711227532064,0.0,0.0,0.0,0.0,0.00021556857564416902,0.0,0.0,0.0,0.00046097183026547146,0.0,0.0,0.00047873582422035195
AL929091.1_hg,0.0,0.0005816972094031362,0.0030781019669814578,0.0011187122047956477,0.004934825688731534,0.0,0.0,0.0,0.0,0.0,0.0,0.0,0.0,0.0,0.0
AL953883.1_hg,0.0004372995009463246,0.0,9.891610828523167e-05,5.7892643930517564e-05,0.000505488310828431,0.0,0.0,0.0,0.0,0.00023829679818651573,0.0,0.0,0.0,0.0,0.0005810549632994578
ALAS2_hg,0.0,0.0,0.26735928872636294,4.3342616803698455,0.0,0.0,0.0,0.0,0.0,0.0,0.0,0.0,0.0,0.0,0.0
ALB_hg,0.0,0.0,0.0035156801927070875,0.0,0.0,0.0,0.004748164023563979,0.012268899203252167,0.0,0.0,0.0004339915738338941,0.0020992777069201774,0.00517985146707036,0.0,0.0
ALCAM_hg,0.0,0.0,0.0,0.0,0.0,0.0,0.0,0.0,0.0,0.0,0.0,0.0,0.0,0.0,0.014962393553533095
ALDH1A1_hg,0.0,0.0,0.38791505598346304,0.0,0.11016786646197493,0.037506521418333674,0.02972230494318258,0.0,0.0,0.0882807447897023,0.0,0.0,0.0,0.0,0.27390895247294467
ALDH1A2_hg,0.0,0.03986184928948672,0.0,0.741608324662462,2.5887795329178114,0.6994073718875763,0.0,0.8025885305604673,0.0016524060241790263,0.6836019102048384,0.02960267122878384,0.0,1.3952296551592327,0.15609898894497073,0.732153266495828
ALDH1A3_hg,0.0,0.000199963426412027,6.484227094250976e-05,0.0001763217229733182,2.2424080890356883e-05,0.0,0.0,0.0,0.0,0.0,0.0,0.0,0.0,0.0,0.0
ALDH1L1_hg,0.0,0.05065780594667475,0.012865681077652392,0.0,0.010319538483647372,0.0023965948873567312,0.0,0.0,0.0,0.0,0.009589747263130744,0.0,0.0,0.0,0.029296073129498872
ALDH1L2_hg,0.0,0.1306911566225094,0.9389867463321819,0.06798597981431707,0.0,0.0,0.0,0.0,0.0,0.0,0.0,0.37934454200466744,0.03714037573796526,0.21104225070937485,0.0
ALDH2_hg,0.0,0.6637574912368884,0.27251389056008923,0.0340112807347574,0.13212459684741404,0.0,0.12691222910996333,0.27876794557649104,0.0,0.0,0.05507500421624134,0.3821037404010763,0.2086104713368782,0.05517982631206341,0.2063024587990921
ALDH3A2_hg,0.0,0.3421659507196459,0.00401696920633621,0.0,0.014152109822239831,0.013265376680603961,0.014387490278638558,0.015528031876676921,0.0,0.0,0.06673371544064578,0.0,0.0,0.0,0.004713293808717081
ALDH7A1_hg,0.0,0.2296470070453545,0.0,0.0,0.00934078610741517,0.0033028594711867164,0.0023149784430815524,0.0,0.0,0.0,0.05805001052412322,0.052976202818393416,0.0,0.0,0.0
ALDH8A1_hg,0.0,0.0163868790739569,0.002703124689674746,0.0,0.0,0.0,0.0,0.0,0.0,0.0,0.0036122381776902707,0.010102475588246172,0.0,0.00535493859209272,0.0
ALDOC_hg,0.0,0.0409453300236159,0.0,0.38728487343028456,0.2315443892883584,0.010869025453850847,0.06893544504937239,0.5178190114374533,0.0,0.01716590527960903,0.0,0.23627521315793812,0.17226750778056382,0.0,0.0
ALG1L9P_hg,0.0,0.2590234000949339,0.08788708015877562,0.015255750362419334,0.09778637135735316,0.00019388842441377132,0.0,0.07009517274707502,0.0,0.002109589590919568,0.03830555247878839,0.26137904913064636,0.04247238985894267,0.0,0.0
ALK_hg,0.0,9.455639682560735e-05,0.00015461721166059128,0.0,4.0086097545958556e-05,0.0,0.0,0.0,0.0,0.0,0.0,0.0001268116144673945,0.0,1.740457381661505e-05,0.0
ALLC_hg,0.0,0.0,0.0002093569550509378,0.00020813448568416206,0.0,0.0,1.764397176985826e-05,0.00010913008220920683,0.0,2.3189974487331227e-05,2.104774204309206e-05,2.9700091526681456e-06,0.0,0.0,0.0
ALOX12_hg,0.0,0.0,0.1011082262553028,0.06117872726657204,0.0,0.0001251469449337673,0.0,0.0,0.0,0.0,0.0,0.001982735194909055,0.0,0.0,0.0
ALOX5AP_hg,0.0,0.0,0.0014892899216392924,0.0,0.0025098404473288026,0.0,0.0,0.0,0.0,0.0,0.0,0.0,0.0,0.0,0.0001827525548218482
ALPI_hg,0.0,0.0,0.0,0.0006614434767622705,0.0002450216743195128,0.0,0.0,0.0,0.0,0.0,0.0,5.894619156882061e-05,0.0,0.0,0.0
ALPK1_hg,0.0,0.042726742216578115,0.3047918321827821,0.026401045081223855,0.026021201415891673,0.0,0.0,0.0,0.0,0.0,0.0,0.1338229184919415,0.0,0.08251788520390184,0.05404827952565161
ALS2CL_hg,0.0,0.004870026477608216,0.010690540755257652,0.0031683115515397536,0.02206049763665827,0.0,0.0,0.0,0.0,0.0,0.0,0.0,0.0,0.0,0.0
AMBN_hg,0.0,0.0,0.0,0.001302354160541031,0.0016498907871266406,0.0,0.0,0.0,0.0001474888522424945,0.0,0.0,0.0,0.0,0.0,0.0
AMDHD1_hg,0.0,0.0,0.0,0.0,0.0005212440067628149,0.0,0.0,0.00018702777960182752,0.0,0.0,0.0,0.0,0.0,0.0,0.0
AMHR2_hg,0.0,0.0,0.0,0.3781131220646434,0.42411390599000637,0.0,0.15890463152289133,0.32379869152037655,0.0,0.0,0.0,0.0,0.0,0.0,0.0
AMIGO2_hg,0.0,0.0,0.12906934305371606,0.0,0.13276476111962907,0.006658339719655477,0.004502589321142669,0.0,0.0,0.0,0.0,0.0,0.0,0.0,0.15599516650067785
AMOTL1_hg,0.012420574221386376,0.16077271657548706,0.1929400040375878,0.35225960448859817,0.6607745541466907,0.2371878757898532,0.0,0.11148698580020966,0.0,0.10341695131233253,0.04198265321584881,0.5294497773512433,0.03441952170913705,0.22714852773396688,0.601503728923362
AMOTL2_hg,0.0,0.0,0.0,1.6878966314439778e-05,0.001928284543763709,0.0,0.0,0.0,0.0,0.0,0.0,0.0,0.00011817203824537406,0.0,0.0
AMT_hg,0.0,0.3778228424287786,0.015198546690138114,0.0,0.0,0.0018000430323757343,0.013798000347204459,0.01058227544474361,0.0,0.0,0.0703813889047236,0.05152143527425507,0.0,0.0,0.0
AMZ2_hg,0.0,0.0721696256497863,0.2813914186973931,0.06448233265724913,0.0,0.0,0.05436578586967454,0.45936327162847096,0.0,0.0,0.0,0.006160201000687524,0.07962126289481788,0.07722552666690434,0.2011984458990122
ANAPC11_hg,0.26740288850981214,0.0,0.45848291692132537,0.9167655276888866,0.45390139194766105,0.42080198250157547,0.5317258237059659,2.8458705542319507,0.0,0.0,0.0,1.1202229452558783,0.3343095145424601,0.0,0.06430787786805216
ANAPC16_hg,0.0,0.5817414674996083,1.6931261790993628,0.3057232333390184,0.0,0.10557867273732645,0.6822383850522321,1.5636078331979764,0.0,0.12037930105650985,0.13990586679919575,0.0,0.4206972714861494,0.0,0.0
ANGPT1_hg,0.0,0.09039844226250399,0.0,0.0,0.0,0.18789620173224483,0.0,0.6378009399657297,0.0768309845391311,0.2870019829529513,0.0,0.17891673855281318,0.1800472281073557,0.22852807524766938,1.6929237036350506
ANK2_hg,0.0,9.154352776478932e-05,0.015862754757739263,0.0,0.004292602552923124,0.0,0.0,0.0,0.0,0.0,0.0,0.0028014329837368554,0.0,0.0,0.00045582332640074416
ANK3_hg,0.0,0.3818539696084883,0.18023731975946328,0.18203441882830076,1.4479420394262976,0.01730423956518516,0.0,0.013104848537677993,0.0,0.14523006515306017,0.004384484587755609,0.0,0.0,0.13767645064534306,0.9868453558011285
ANKRD11_hg,0.06043978126957081,0.5457484580378826,1.2913913807274267,0.36627134434796743,1.2158743679749655,0.5783514102256423,0.06377950277782213,0.04633579791463108,0.8001212452914734,0.7024070044544775,1.5012322953343809,4.713338176200139,0.3343371919125139,2.029236360536018,0.8028303089720035
ANKRD12_hg,0.0,2.1017871240113615,0.548095740538166,1.217048645525145,0.1090517493644437,0.40011716072245185,0.0,0.0,0.24706325740956955,0.8535798635114036,0.4816333431236584,0.1587757526286793,0.3586447975123392,1.4759499220963503,0.6569197367668106
ANKRD1_hg,0.0,6.980863718648591e-06,0.0,0.00030747668401894375,0.0003719793550125978,0.0,0.0,0.0,0.0,0.0,3.371050810602498e-05,0.0,0.0,0.0,0.0
ANKRD20A1_hg,0.0,0.5986899801328034,0.0,0.12291110231314312,0.0051185357027709166,0.0,0.0,0.0,0.0,0.2474653062320387,0.11786642251124724,0.18162925185521556,0.0,0.0,0.0
ANKRD26_hg,0.0,1.1918260445154005,0.46902258048729534,0.049273623916712944,0.19601996060041296,0.34222496316658424,0.01453994614986346,0.0,0.0,0.5496417976580821,0.2649337603894278,0.3445375057264258,0.2658878054201041,0.21992418070688843,0.5464269256798993
ANKRD28_hg,0.0,0.3841273873671826,0.14752698065530814,0.14379211058695188,0.3490999882438774,0.19330569147269588,0.0,0.22153483862461346,0.0,0.24292635367160728,0.029746254209875502,0.0,0.2115432610753558,0.1575323038169961,1.502162406904224
ANKRD30A_hg,0.0,0.004439479710975708,0.0020968585507613467,0.0006198743483784641,0.0038270534011285344,0.00018305240945377924,0.0,0.0,0.006182270833791589,0.003520726956453803,0.017264513614844577,0.008449580875611346,0.0,0.02066975958880017,0.002941100169262787
ANKRD33B_hg,0.0,0.058706847371784894,0.14395726716330354,0.19369105315545132,0.3879684609765752,0.0,0.0,0.0,0.0,0.0,0.0,0.05503347034303779,0.0,0.0,0.24505046620066928
ANKRD33_hg,0.0,0.0,0.01849227837331722,0.0,0.080775356224752,0.0,0.0,0.0,0.0,0.0,0.0,0.0,0.0,0.0,0.0
ANKRD36B_hg,0.0,1.1176125032619557,0.17789870407229044,0.19002995339647094,0.014031161667639801,0.0013495082736448944,0.01991412691247505,0.0,0.0,0.31495481855403507,0.28053946613151154,0.13688353471586825,0.0187628633483454,0.147789590870829,0.3054150149066077
ANKRD36C_hg,0.0,1.9592328658904816,0.36239046398472624,0.8971435334449643,0.3983120705427252,0.0,0.0,0.0,0.2862905120290917,1.2235501030895424,0.7078452950141566,1.0447330232098047,0.5017016504419249,0.5511777274620537,1.5056448652802215
ANKRD55_hg,0.0,0.0,0.025381923439990066,0.0,0.006674190503567217,0.0,0.0034641659035435967,0.0008659947017557393,0.0,0.0,0.0,0.0,0.0,0.0,0.20430015160918216
ANKRD62P1-PARP4P3_hg,0.0,0.030226729067843832,0.0017657986750224015,0.001993426101361647,0.0006271139546103861,0.0,0.0,0.0,0.005789329326379828,0.008322121015955504,0.0008962958294008199,0.0,0.0,0.004134791401498144,0.0
ANKRD62_hg,0.0,0.32144392816803496,0.0,0.014001513162657514,0.02647685339939477,0.0,0.0,0.035619086180615704,0.005695535179193934,0.06856548058275153,0.063143834378166,0.03325783208781505,0.050944383406620726,0.07011209382619886,0.0
ANTXR2_hg,0.0,0.0,0.5888368798478592,0.0,0.782561606785143,0.0,0.0,0.0,0.0,0.0,0.0,0.2719252706871266,0.0,0.0,2.4452071995032814
ANXA1_hg,0.0,0.0,1.1708059178709833,0.0,0.792710533382899,0.2717805143437779,0.5736644487923053,0.45625483536614486,0.0,0.4027124227617416,0.0,0.0,0.0,0.0,1.1210653787438054
ANXA3_hg,0.0,0.0,0.3607126628734394,0.0,0.0798429994643648,0.0,0.05733491529308581,0.1794658862831223,0.0,0.0,0.0,0.0,0.0,0.0,0.02009965433137398
AP000221.1_hg,0.0,0.0002330731278067424,0.0,0.0,0.0,0.0,0.0,0.000190662561284701,0.0,0.0,0.0,0.0,0.00015609368687196222,0.0,0.0
AP000350.7_hg,0.0,0.39343395830207784,0.012130614255366455,0.0,0.01784143147050564,0.0,0.0077850894048595715,0.0,0.0,0.010259513171738711,0.0956051755778504,0.0,0.007900812011996132,0.0,0.0
AP000431.1_hg,0.0,0.0,0.0,0.0,7.24623059409473e-05,0.0,4.8575360358943255e-05,0.0,0.0,0.0,0.0,3.620302905203625e-05,0.0002525823470227942,0.0,0.0
AP000438.1_hg,0.0,0.0003026287148976299,0.00018665278809822995,0.0,0.00035071980525492853,3.856450377187254e-06,0.0,0.0,0.0,0.0,0.0,0.0,0.0,0.0,0.0
AP000550.1_hg,0.003484915377898866,0.003540395531202824,0.0039864983640412735,0.0,0.007877570181574265,0.0,0.0,0.0,0.0,0.0,0.0,0.0014432432454632676,0.0,0.0,0.0005112604343848908
AP000553.8_hg,0.0,0.003623964878324759,0.0,0.0,0.0,0.0,0.0,0.0,0.0,0.0,0.00014440786756335982,0.0,0.0,0.006496705090868532,0.0
AP000577.1_hg,0.0,0.00015757656917925227,0.0,0.0,0.0,0.0,0.0,0.0,0.0004884317772602314,0.0,0.0,0.0,0.0,0.0,0.0
AP000692.2_hg,0.0036447895909853425,0.0,0.0,0.005429059380725479,0.008781813950170147,0.013960634954776655,0.0,0.0,0.004109025822142156,0.0010021139105050958,0.00025646454847392565,0.0,0.0,0.0,0.0
AP000695.1_hg,0.0,0.0005965788235605756,0.002393872606554715,0.0,0.005963076369092451,0.0,0.0,0.0,0.0,0.0,0.0,0.0,0.0,0.0,0.0
AP000704.2_hg,0.0,0.3340444411005319,0.08808225392384071,0.0,0.0,0.016772068099767338,0.004941051025822436,0.0,0.0,0.016574599086916962,0.07063364392480967,0.05798040150114082,0.004458817623264139,0.0,0.00010306737144093038
AP000781.2_hg,0.0,0.0,0.0,0.1506479279402201,0.249090059614596,0.0,0.0,0.07285821272048969,0.0,0.0,0.0,0.0,0.0,0.0,0.0
AP000787.1_hg,0.0,0.8706315177885665,0.0022475867202761198,0.07711555974626821,0.09070756677521924,0.04784539120641918,0.033178831768481805,0.13182430049654908,0.10860569516463914,0.06550571778075245,0.0,0.1509032176209067,0.003954253994280328,0.007415882458557816,0.06913044000888505
AP000793.1_hg,0.0,4.942896982002971e-05,0.0,0.0001937543440169984,0.0,0.0,0.0,0.0,0.0,0.0,0.0,7.997257411016829e-05,0.0,0.0,0.0
AP000829.1_hg,0.0,0.04592842314716017,0.06799702566577497,0.0,0.013552721604936173,0.0046022662440024596,0.0009504245900573531,0.0356257596650342,0.0,0.0,0.0008329482212357912,0.0,0.0,0.0,0.05878014649860734
AP000894.2_hg,0.0,7.173893991629124e-05,0.0,0.0,0.0,0.0,0.0,0.0,0.0,0.0,0.0,0.0013247733851762353,0.00047503694983317844,0.0002059911832481658,0.0
AP000974.1_hg,0.013578785982861798,0.4644685490987678,0.0,0.0,0.06208054486570941,0.08304319139279982,0.0,0.0005533017503932195,0.0,0.3055535819831965,0.15605882984602074,0.2164080043828725,0.0,0.0,0.0
AP001033.1_hg,0.0,0.6870118401521077,0.0,0.01046346753088509,0.0,0.0,0.011305595479132959,0.07150128707613561,0.0,0.044373733197760695,0.18923825421114446,0.0,0.006516449330187408,0.0,0.0
AP001054.1_hg,0.0,0.0,0.0,5.145738789799049e-05,6.430856191917551e-06,0.0,0.0,0.0003523183489595418,0.0,0.0,0.0,0.0,0.0,0.0,0.00032140952168089275
AP001056.1_hg,0.0013926463326106588,0.0,0.0,0.0,0.0,0.0,0.0,0.0,0.0,0.0,0.0,0.0,0.0,0.0,0.0
AP001056.2_hg,0.0,0.0002529826419019546,0.005951054169597209,0.0,0.0005116997684709483,0.0,0.0,0.0,0.0,0.0,0.0,0.0,0.0,0.0,0.0
AP001057.1_hg,0.0,0.0,0.06249999286065133,0.0,0.0,0.0,0.0,0.0,0.0,0.0,0.0,0.024668380796908817,0.0,0.0,0.012818658578673738
AP001094.2_hg,0.0,0.0,0.0,0.0,0.0022035541701587043,0.0,0.0,0.0,0.0,0.0,0.0,0.0,0.0,0.0,0.0
AP001269.2_hg,0.0,0.0,0.0,7.451186058113797e-05,0.0,0.0,0.0,0.0004805319088622825,0.0,0.0,0.0,0.00015256698931567024,0.0,0.0,0.0
AP001318.1_hg,0.0,0.0,0.0,0.0,0.0,0.0001088409648114251,1.5811841588449725e-05,0.0010003652092630197,0.0,0.0,0.0,0.0,0.0002842662509705164,0.0,0.00014359092184593016
AP001330.1_hg,0.0,0.0,0.022014968060202308,0.0,0.0,7.081483780184407e-05,0.0,0.008542271165492867,0.0,0.0,0.0,0.0,0.0,0.0,0.0
AP001531.1_hg,0.0,0.04602876358461071,0.0,1.852164685387896,0.8408485794734348,0.4499480799568282,0.0,0.4323627558230816,0.1273438128878861,0.18659347649990204,0.0,0.0,0.3728739891535279,0.0,0.0
AP001790.1_hg,1.9453470709357724e-05,0.0,0.0007464510379707844,0.0,0.0,0.0,0.0,6.606264495774583e-05,0.0,0.0,0.0,0.000605509664985867,0.0,0.0,0.0
AP001885.3_hg,0.0,0.0,0.0006227211375582256,0.00016277568484604558,0.0015609791391973952,0.00027195315467902986,0.00045996910238611853,0.0,0.0002470226861649463,0.0002697618938459267,1.2564391226764457e-05,0.0,0.0,0.0,0.0
AP001972.2_hg,0.0,0.0,3.3513159538634733e-05,3.8340365009625094e-05,0.0,4.1884234955373944e-05,0.0,0.0004606609674559612,0.0,0.0,0.0,0.0,0.0,0.0,0.0
AP001977.1_hg,0.0,0.20582419298787863,0.018075136342135423,0.0,0.018996867085738667,0.013284325231276461,0.0,0.019216465670949073,0.0,0.014073772780157862,0.026964509744148497,0.0,0.0,0.0,0.0
AP002505.2_hg,0.0,0.00010528129719533893,0.0,0.0,0.0,0.0,7.151797788276233e-05,0.0,0.0,0.0,0.0,0.0,0.0003411589583493955,0.0,1.3876685526708434e-05
AP002762.3_hg,0.0,0.5124977726904287,0.01745080776226466,0.0,0.05120157596838332,0.05885571857722251,0.019739518260443425,0.0,0.0,0.026793834055222423,0.08689513804705604,0.0,0.01500444453971101,0.0,0.005540393487663936
AP002782.1_hg,0.0,0.0,0.0,0.00024635041876791113,4.836279840381433e-06,0.0,0.0,0.0,0.0,0.0,0.0,0.00010116007396108159,0.0,0.0,0.0
AP002812.5_hg,0.0,0.0058729347827604994,0.005634131751601059,0.0,0.0017609006170478097,0.0,0.0,0.0037320825693288213,0.0,0.0,0.0,0.0,0.003440610119356543,0.0,0.004046735406148659
AP002840.2_hg,0.0,0.0,0.008985084290806385,0.0027779144904695567,0.0,0.0,0.0006380761287450207,0.00016415468332896862,0.0,0.0,0.0,0.0,0.00027333266334529817,0.0,0.0045964944145270486
AP002992.1_hg,0.0,0.00048105501270127464,0.00019751142895276216,0.0006732008496052019,0.0,0.0,0.0,0.0004394101113852631,0.0,0.0,0.0,0.0,0.0,0.00015282398454336696,0.0004099219473013287
AP003031.3_hg,0.0,0.0,0.0,0.0002302092513623149,0.0005599679533161453,0.0,0.0,8.040890268054941e-05,0.0,0.0,0.0,0.0,0.0,0.0,0.0
AP003059.1_hg,0.0,0.0,0.00013076122053612326,0.0005929962991326636,0.0,0.0,0.0,0.0,0.0,0.0002114805987707359,0.0,0.0,0.00016015073432100625,0.0,0.0
AP003108.5_hg,0.0,6.461776694596555e-05,0.0,9.765812617683896e-05,0.0,3.9828208863592314e-05,0.0,0.0,0.0,0.0,0.0,0.0,0.0,0.0,0.0
AP003110.1_hg,0.0,0.0,0.0,0.0,0.0,0.0,4.608764618393408e-05,0.0020393524671200344,0.0,0.0,0.0,0.0,0.0,0.0,0.0009814320917195985
AP003327.2_hg,0.0,0.0,0.0,0.030541637151084045,0.025229639298809114,0.002159108766756562,0.0003718507587246346,0.004783133210671077,0.0,0.0,0.0,0.0,0.0,0.0,0.0
AP003467.1_hg,0.0,0.0,0.0,0.00019708713726915145,0.0,3.273203298038249e-05,7.428644182369357e-05,0.0,0.0,0.0,0.0,0.00016889579908363185,0.0,6.361945416198614e-05,0.0003939645145684527
AP003469.2_hg,0.0,0.0004103714092497479,0.00012558308425257168,0.0,0.000511989796369535,0.0,0.0,7.799138199632928e-05,0.0,0.0,0.0,0.0,0.0,0.0,3.8997267907244315e-05
AP003785.1_hg,0.0,0.0,0.0,0.00021130674765102583,0.00017955211663761304,5.88730903471267e-05,0.0,0.0,0.0,0.0003499952363739458,0.0,0.00045899029895428255,0.00034677188782709467,0.0,0.0
AP003973.4_hg,0.0,0.0,0.0,0.00045681805898389313,0.0,3.4466714053249036e-05,0.0,0.0,0.0,0.0,0.0,0.0,0.0,0.0,0.0
AP004147.1_hg,0.0009835555435902044,0.4242013600567723,0.0,0.0,0.012098290334589817,0.013855353804905634,0.0,0.02863655163446763,0.0,0.07037596312741272,0.10543295705689029,0.0,0.0,0.0,0.0
AP004550.1_hg,0.0,0.0005408755870091326,0.0,0.0,0.0,0.0012952602618420026,0.0,0.0,0.00043300966398967757,0.00045274779604109365,8.566735867968496e-06,0.0,0.0,0.001008018477261732,0.0
AP004608.1_hg,0.0,0.0,0.0,0.0,0.0,0.0005520408610917636,0.0009843196962705117,0.0,0.0026618986377252643,0.0,8.078847822863795e-05,0.0,0.0,0.0,0.0
AP004782.1_hg,0.0,0.0,3.974449599236908e-05,0.0,0.0,0.0,0.00016535811824444294,0.0,0.00020723240831320642,0.0,0.0,0.0,0.0,0.0,0.0006991276092509182
AP005059.2_hg,0.0,0.0,0.0,0.00012449591867467512,0.0,0.0,0.0,0.0,0.0,0.0,0.0,0.0,0.0,0.0,0.00037627800459363593
AP005212.4_hg,0.0,0.30787198331114907,0.0,0.2642675266003829,0.00943158286765533,0.036246583445785976,0.0,0.020649280152142003,0.0,0.06053793374029115,0.0004971962954652173,0.0,0.0,0.0005445596639400342,0.10219613806663916
AP005264.3_hg,0.0,0.0013901091641458918,0.0004601243031308433,0.0003565733863793649,0.00032815511784341363,6.779335461979603e-05,0.0,0.0,0.0,0.0,0.0,0.0,0.0,0.0,0.0
AP005273.2_hg,0.0,0.0008478308902665724,0.0008861059169892006,0.0,0.0,0.0,0.0,0.0,0.0,0.0,2.7408156165445094e-05,0.0,0.0,0.0,0.0
AP005901.5_hg,0.0,0.27982553128644616,0.013770660535405228,0.03599240944048013,0.04547864902304411,0.029480258366808853,0.0034772160508629705,0.014855054091089854,0.03765197733206905,0.04677183392492856,0.0,0.053299120775575644,0.0,0.009453431027141315,0.013238680346142449
AP1S2_hg,0.0,0.007554008474718582,0.3766740841247506,0.0,0.8163726948804718,0.0,0.04586716187844776,0.1858642253779942,0.0,0.0464594067241662,0.0,0.0,0.0,0.0,0.6649101254272806
AP2A2_hg,0.06311570097010238,0.24722411242838743,0.18695247253751504,0.02290507242850314,0.0,0.14500479101643526,0.0,0.05794236185697865,0.0,0.008553359265033351,0.0426647783854791,0.4682707806162379,0.0,0.0,0.10951339186213256
AP2S1_hg,0.0,0.034724606717976926,0.2794584430844475,0.0,0.47013878817787874,0.10065113548569948,0.21493861930826083,0.7537303203406718,0.0,0.4831116004292727,0.034278403446695256,0.6776340190548175,0.0,0.0,0.0
APBB2_hg,0.0,0.0029096407101730655,0.10810386540118645,0.0,0.0,0.0,0.0,0.0,0.0,0.0,0.0,0.0,0.0,0.0,0.08024993408201796
APCDD1L_hg,0.0,0.0,0.0004399970426888708,0.0,0.005737098954991815,0.0,0.0,0.0,0.0,0.0,0.0,0.0,0.0,0.0,0.0
APCDD1_hg,0.0,0.48488411503380274,0.00372456744982537,0.0,0.0,0.026522120416829185,0.0,0.04807921233053063,0.0,0.05018755575661278,0.10315903300906232,0.0,0.0,0.0,0.005983660869605069
APLNR_hg,0.0,0.008395350562424455,0.0,0.1525216319345161,0.04996000587905689,0.0,0.0,0.00787418600086362,0.0,0.0,0.0,0.011085194740224433,0.010039591515107481,0.028591055334745916,0.0
APOA4_hg,0.0,0.0,0.0,0.0,0.005590467476860242,0.0,0.0,0.0,0.0,0.0,0.0,0.0,0.0,0.0,0.0
APOBR_hg,0.0,0.1202245474272913,0.0,0.0,0.1634934049237878,0.0,0.0,0.10618124573737399,0.0,0.13541901944986112,0.0,0.22292239147641393,0.0,0.0,0.2918261237918433
APOB_hg,0.0,0.0,0.0,0.0015348754996464635,0.0,0.0,0.0,0.0,0.0,0.0,0.0,0.0,0.0,6.761447509599406e-05,0.0
APOC1_hg,0.517879563475109,0.0,0.3576324878131009,0.0,0.0,0.3829425377605167,0.05482451157565913,1.5452135558468336,0.0,0.10889426699456624,0.0,0.0,0.0,0.0,0.2894368515843424
APOC4-APOC2_hg,0.0,0.00018478162614867595,0.0,0.0,0.0,0.0,0.0,0.0,0.0,0.0,0.0,0.0,1.7380903129430297e-05,0.0004995321771302365,0.00015513081777949984
APOH_hg,0.0,0.0,0.0,0.0,0.0018309937856672218,0.0,0.0,0.0,0.0,0.0,0.0,0.0,0.0,0.0,0.0
APOL1_hg,0.0,0.5881674823707899,0.20279796567848038,0.06918063004983166,0.008613372454102122,0.0,0.0,0.001284100060398204,0.0,0.0,0.2413263810454814,0.04040901587313179,0.0,0.0,0.3955351572797909
APOL6_hg,0.0,0.11292519928746926,0.6237344795547353,0.0,0.0,0.0,0.0,0.0,0.0,0.0,0.0,0.0,0.0,0.0,0.2300239717744162
APRT_hg,0.0,0.0,0.0,1.1220016466416007,0.43495869316988955,0.6980927387266088,0.3227508250205485,2.0847790916177416,0.0,0.552780595689777,0.0,1.8557270762862987,0.3750121837697324,0.0,0.0
AQP1_hg,0.0,0.0028327983187015245,0.0,0.4078262301435217,0.0,0.0,0.0,0.0,0.0,0.0,0.0022534026047858983,0.0,0.0,0.004524778333194719,0.0
AQP2_hg,0.0,0.0,0.0,0.0004114875485632226,0.011928760426230426,0.0,0.0,0.0,0.0,0.0,0.0,0.0,0.0,0.0,0.0
ARAP1_hg,0.0,0.12155686491889418,0.027864424977133047,0.006082018182444884,0.12176597173326328,0.0045371990496422725,0.015482872147571968,0.0,0.0,0.0033708231359638506,0.02047338504994037,0.3116854608830197,0.0,0.0,0.09533099147997684
ARAP2_hg,0.0,0.0016725010614292246,0.015178804160814742,0.0,3.113414711169335e-06,0.0,0.0,0.003375636443275615,0.0,0.0,0.0,0.00024045101824567277,0.0,0.0,0.0
ARC_hg,0.0,0.0,0.0030248453354363184,0.003075352952052715,0.007753525498517502,0.0,0.0,0.0,0.0,0.0,0.0,0.0,0.0,0.0,0.0
AREG_hg,0.0,0.024313852409616407,0.09756758410270325,0.0,0.2316670960985563,0.0,0.0,0.046316662484703536,0.0,0.010879299332548553,0.0,0.14399122833255712,0.016860548808138684,0.0,0.010912979459367294
ARF5_hg,0.0,0.19597547104241878,0.016536188535151545,0.28360975631650315,0.45477991675126517,0.1782145168798399,0.1617075045863065,0.6016101603048594,0.0,0.0,0.0,0.8604883819285479,0.057095891714232475,0.0,0.15811206669381567
ARG2_hg,0.0,0.0,0.5057504188446434,0.07418140139675541,0.10426083718078098,0.0,0.1543462575154631,0.31036901812007045,0.0,0.0,0.0,0.0,0.0,0.0,0.0
ARHGAP15_hg,0.0176569323611365,0.03625900319237997,0.008727735436240159,0.0012584866549667033,0.009068981518226615,0.0008080944205211598,0.012271138847685343,0.08228671133354688,0.005721656233255377,0.003073425535845294,0.000591278252805153,0.0,0.0,0.07360084451941369,0.18691796197089827
ARHGAP18_hg,0.0,0.31714708838358063,0.04161716480812574,0.3207665014927942,0.9170334811596774,0.0,0.0,0.8374632506007769,0.03534436858946363,0.6620581820753199,0.0,0.5487800192582468,0.16306181001147954,0.5293131147199154,0.7005254807990512
ARHGAP20_hg,0.0,0.0,0.0014762588681470179,0.0,0.0012249199376737623,0.0,0.0,0.0,0.0,0.0,0.0,0.0,0.0,0.0,0.0013759209114270973
ARHGAP26_hg,0.0,0.33841948378599984,0.11892943173428797,0.0,0.07395087250424655,0.01696727769189532,0.0,0.022741954924894742,4.5966852199037046e-05,0.005353198132876625,0.03410595169310468,0.02971942935387884,0.0,0.0,0.03898613483073707
ARHGAP30_hg,0.0,0.006672866413086431,0.0,0.0,0.029317588462791894,0.0,0.0,0.0,0.0,0.011374969155123468,0.001076496743550749,0.003393991317051616,0.0,4.078847399215745e-05,0.0
ARHGAP32_hg,3.3247687492373186e-05,0.0,0.0,0.0,0.0007660234884926475,0.0,0.0,0.0,0.0,0.0,0.0,0.0005009716673376697,0.0,0.00044255742115696043,0.0
ARHGAP35_hg,0.03760991911155228,0.429632401102564,0.2654478649545605,0.22366271096415688,0.5271535520960825,0.3935532663481854,0.0,0.0,0.0,0.19122839159353536,0.037372247381742635,1.1630752165951597,0.11150146862854318,0.10169081214920242,0.8635987752413256
ARHGAP4_hg,0.0,0.09500988905155883,0.031374675332021866,0.03170592262777293,0.13007345866520503,0.0,0.0,0.009924353914681413,0.0,0.0694128842217103,0.03692318445442055,0.6227441903683403,0.0,0.0,0.1011353481192293
ARHGAP9_hg,0.0,0.015068215911105732,0.03969861402624247,0.006208533055534199,0.009246564191133448,0.0,0.00404112683071816,0.01662256743055958,0.0,0.0,0.0,0.01700856721361119,0.0,0.0,0.09522390756146457
ARHGDIB_hg,0.0,0.0,0.0,0.0,0.0,0.0,0.18545296368505879,0.6172262213280081,0.0,0.0,0.0,0.0,0.0,0.0,0.4230229205476284
ARHGEF2-AS1_hg,0.0,9.784711736237298e-05,0.0007880450940446085,0.0,0.0,0.0,0.0,0.0,0.0,0.0,0.0,0.0,0.0,0.0,0.0
ARHGEF28_hg,0.0,0.0006301028478401837,0.0,0.0012988471046501858,0.000326473396003224,0.0,0.0005723039585737313,0.0,0.0,0.0,0.0,0.002225865169792952,0.0,0.0,0.0
ARHGEF2_hg,0.0,0.03797277873717615,1.687535239902764,0.07126896608300619,1.106529747001427,0.0,0.17999539407814272,0.11765206681361233,0.0,0.16932960246490242,0.03034839140935747,1.3230211171562467,0.4511111206088934,0.3642402290975571,1.1510638385373109
ARHGEF6_hg,0.09607806469326313,0.1279846958058856,0.23596903159313212,0.0,0.5544075106471545,0.0,0.0,0.2641501577871755,0.0,0.0,0.0,0.09802380205709771,0.0,0.23938789223072857,1.111991456121025
ARID3C_hg,1.9088489692439262e-05,0.0,0.0,0.0,0.0,0.0,0.0,0.0,0.0,0.0,0.0,0.0023683769405527305,0.0,0.0,0.0
ARID4A_hg,0.0,0.6921569807870545,0.2537004370415636,0.06773161743560134,0.4324392612914766,0.0,0.0,0.0,0.0,0.27314700242044043,0.19392063459180517,0.31278467243703595,0.09760943864648194,0.689630358236131,0.17183600153198528
ARID5B_hg,0.0,0.04476897828617691,0.03739995051971102,0.0,0.8026035472640904,0.0,0.020512050369109806,0.0,0.0,0.0,0.0,0.0,0.0,0.0,0.20543369178623871
ARL5A_hg,0.005465848541304188,0.3832054032294341,0.4763170991839332,0.13380019756220665,0.24114813326513654,0.22802760651496062,0.0,0.3013724159550413,0.029150417921651454,0.19044077733983336,0.0,0.0,0.28427474626642896,0.2312445290143492,0.2275012797405499
ARL9_hg,0.0,0.008618728525617882,0.0037322557725926113,0.0,0.0,0.0,0.0,0.0,0.0,0.0,0.010377266803168892,0.01507875461288401,0.0,0.00182302655286422,0.0
ARMH2_hg,0.0,0.0,0.0,0.0,7.840442563964898e-05,0.00031718105187562,0.0,0.0,0.0,0.0,0.0,0.0,7.248812704425608e-05,0.0,0.0
ARPC1B_hg,0.0,0.5128794083950963,0.3225941981880724,0.5724578771220566,0.7520536939118999,0.13299599652964073,0.054506950907921015,1.024837054059227,0.0,0.6589219662676953,0.16130097023259998,1.476827309207586,0.2232174596343421,0.0,1.2173631617692573
ARRDC3_hg,0.0,0.197444717962904,0.776278038698291,0.2973244948308976,0.29863379425290565,0.48917174157674137,0.040458056838729634,0.0,0.027647111007680886,0.047009046934058,0.0,0.0,0.12192631848354381,0.0,0.19555262468741985
ARRDC4_hg,0.0,0.13127312090860854,0.2076104511200709,0.2845543927375601,0.29682846562093745,0.002646448460074936,0.0,0.0,0.0,0.008353848492132117,0.0,0.009071709716452605,0.01096155006704108,0.25764162721405476,0.0
ARSL_hg,0.0,0.0,0.0005998225583091001,0.0002503626802907118,0.0014443355652699187,0.0010906231578005163,0.00043062622182967597,0.0,0.0,0.0,0.0,0.0,0.0,0.0,0.001767279470700895
AR_hg,0.0,0.000944367185931284,3.335731884065128e-05,0.0,0.0,0.0,0.0,0.0,0.0,0.0,0.0,0.0,0.0,0.0,0.0011200249397640687
ASB15_hg,0.0,0.0,0.006916375661711966,0.0,0.0,0.0,0.0,0.0,0.0,0.0,0.0,0.004836002286279165,0.0,0.0,2.1887187194214067e-05
ASB2_hg,0.0,8.454440173072061e-05,0.0016532367386456908,0.0,0.004944328659608519,0.0,0.0,0.0,0.0,0.0,0.0,0.0,0.0,0.0,0.0
ASB3_hg,0.009180628305365243,0.355509390654107,0.15787008128568084,0.08225792218946198,0.25914895289547246,0.0776435625621592,0.016774216649356584,0.22266850260059157,0.03952302066843234,0.1374751463811207,0.0,0.0,0.09553472995005256,0.06760996494929816,0.20221270818148263
ASIP_hg,0.0,0.00035536314978032246,0.0,0.0,0.0,0.0,0.0,0.0,0.0,0.0,0.00037448553885804106,0.00038759475864572816,0.0004981298428327019,0.0,0.0
ASNS_hg,0.0,0.15261434335100757,0.5541056221185335,0.07568352564415787,0.0,0.017127746987834324,0.0,0.24658006012930742,0.0,0.0,0.0,0.36301695253598926,0.08257825846939615,0.005578737737441432,0.0
ASPH_hg,0.0,0.18654696656046266,0.2874167987144763,0.0,1.6777080666213315,0.09172743904761797,0.025063977090171427,0.0,0.0,0.7263162112619773,0.10911564094858431,0.0,0.0,0.0,1.4736317307216686
ASPM_hg,0.04128090278689938,0.33503614193157477,0.0,0.6282142015222708,0.11978205958852974,0.8724613955689035,0.04813987789077395,0.9160395565610866,0.17819483663803545,0.14035474304729323,0.0,0.0,0.19801076635171627,7.261795755304735,0.48943184993427585
ASS1_hg,0.0,0.0,0.23946838379520835,0.0,0.0,0.0,0.023217526806726636,0.06317353657732533,0.0,0.0,0.0,0.10662659620878068,0.0,0.0,0.0
ASXL3_hg,0.0,0.0006747810409393298,0.0,0.0,0.0,0.0,0.0,0.0,0.0,0.0,0.0,0.0006624128776821054,0.0002405228346903871,0.0007354031483259658,0.0
ATCAY_hg,0.0,0.4241674353717475,0.0002008883567032997,0.0,0.01603656748602849,0.022508951921830035,0.015080344626228656,0.0,0.0,0.002702026888462247,0.08676554559824141,0.0455522097154938,0.0,0.0,0.0
ATF3_hg,0.0,0.0,0.7805371253800258,0.0884347280094082,0.26685360857072293,0.012404314850912566,0.0,0.0,0.0,0.0,0.02449505664068033,0.2176498197036048,0.0,0.0,0.0
ATF4_hg,0.020134028473356484,0.39246491304686937,2.061703122945221,0.6997686750668807,0.1563807472425434,0.2416627830684899,0.44780169908500755,0.7995934405207281,0.1658748331067045,0.36900002084129246,0.29600386297192455,1.80494078198606,0.8184572088147419,0.8147849065624055,0.0
ATF5_hg,0.0,0.0,2.627880836993597,0.0,0.0,0.0018348255847546945,0.0,0.0,0.0,0.0,0.11648913176747157,5.516212751213187,0.8664587307938184,0.0,0.0
ATF6B_hg,0.0,0.9407607463180891,0.02265037576447483,0.0,0.14176979176387589,0.1442020414355382,0.1763923942062968,0.0,0.0,0.17022397956310856,0.1759464206397366,0.674273634266205,0.0,0.0,0.2034825173027152
ATG10-AS1_hg,0.0,0.0,0.00023345350130062788,4.620571825053526e-05,0.0,0.0,0.0,0.0005304756683908057,0.0,0.0,0.0,0.0003823578739505029,0.0,0.0,0.0
ATP1A3_hg,0.0004504042274466213,0.5820908254938678,0.008088030424453805,0.0,0.01106997903315378,0.010032054558663264,0.012971961881236662,0.0003796332974250288,0.0,0.05372240162442169,0.1509420448235116,0.0,0.0036840933095515466,0.0,0.0
ATP1B4_hg,0.0,0.025445859847525582,0.005038590574075356,0.0,0.0743137324814792,0.0,0.0,0.0,0.0,0.0,0.0032855416722038155,0.0,0.0,0.0,0.0
ATP2A3_hg,0.0,0.0,0.6169475050530222,0.0,0.2609363930032906,0.0,0.0,0.0,0.0,0.2121407972610085,0.0,1.4555932805853193,0.0,0.0,0.7948968994188841
ATP2B1_hg,0.0,0.45946180268283254,0.8823911738340984,0.38502000239461753,1.0093304202051878,0.17841793395568006,0.0,0.0,0.0,0.7019897458444043,0.1964992450078852,0.6124581791516677,0.7224588543514351,0.48964959468662583,1.3531112169411752
ATP2B4_hg,0.012402250589462115,0.2805109715941895,0.11405282038319893,0.5800218290887873,0.33796865323902414,0.04752484170499862,0.0,0.0,0.09614943519094095,0.1128254446453184,0.12452993314163599,0.3891389997851311,0.0018627526765630524,0.5587718828689043,1.5732235884340122
ATP5MC1_hg,0.0,0.0,0.0,0.5163187043048035,0.25490154364140655,0.7761947394818841,0.18926681795191716,2.741688611961357,0.0,0.0,0.0,0.2125161798189119,0.8921753736935601,0.0,0.0
ATP5MC2_hg,0.852236468080048,0.3250965097907536,0.6200281947668302,0.43600223506941466,0.2060733028861373,0.8892421088143733,0.5001739252150124,2.3074294309541825,0.0,0.012619032112687698,0.04820354256565257,0.07276052993892786,0.5976203105744937,0.22744934073797582,0.31269385202197025
ATP5MC3_hg,0.5538489685792898,0.0,0.0,0.9041500935927501,1.20063158606202,0.8648417862247234,1.1282833713425164,4.239121522191018,0.23674972005560943,1.3579269074968932,0.0,0.0,1.9467037767950954,0.0,0.0
ATP5MD_hg,0.7028847712440429,0.0,0.0,0.0,0.42344347368879154,0.7550549694082108,0.0,3.0267933961506,0.06805049069293787,0.5988629363582438,0.0,0.0,0.2811612955799717,0.0,0.0
ATP5MF_hg,0.3726093534605356,0.0,0.0,0.32307674122040625,0.0,1.200144216421252,0.08623351344793934,3.995719530706215,0.09805942107047329,0.0,0.0,0.0,0.27896026275267943,0.0,0.0
ATP5MG_hg,1.8969085953847118,0.0,0.5118363449957631,1.0758992008329509,1.021734327946834,0.5544370870243008,0.4481127049607718,3.1834472734774213,0.0,1.1981748590395922,0.14334681802382285,0.0,1.7408090630029334,0.0,0.3127280513696046
ATP5MPL_hg,0.8717579792417998,0.026778742685290017,0.0,0.24390201796173377,0.4201699213265059,0.8854541886381582,0.0,2.8633071611042022,0.0,0.35349435095821635,0.04211861353355624,0.02268999960356406,0.43179993358072866,0.010642632976019428,0.0
ATP5PF_hg,0.741560558328731,0.0,0.0,0.7956535232856095,0.9747409689503886,0.6573807033656125,0.6656137316968953,4.368213270799654,0.17698599661685108,0.0,0.0,0.0,1.6710981655299213,0.0,0.0
ATP5PO_hg,0.6347321934864477,0.08915632640850564,0.5172360609359378,1.4567040689452604,0.773930523401708,0.08887042897793472,0.8496450905831164,3.084538279790136,0.0,0.6687465983548925,0.0,0.2646391656958009,1.9757440186915831,0.12596318877435025,0.0
ATP6V1F_hg,0.32555427439678514,0.0,0.0,1.0605061716137976,0.6921083824283265,0.6857433836083169,1.0363338593369746,3.35346785290548,0.10007414411842691,0.0,0.0,0.3019235991733644,0.6945881126583883,0.0,0.13307991807250916
ATP8B1_hg,0.0,0.012496304703536245,0.0,0.0007579273623882004,0.1222422793218371,0.0,0.0,0.0,0.0,0.0,0.0,0.0,0.0,0.0,0.0
ATP8B4_hg,0.0,0.011366337627190583,0.024837586516541454,0.005686787758764328,0.02549051787862309,0.0,0.0,0.0,0.0,0.0,0.0,0.0,0.0,0.0,0.027041940921872582
ATP9A_hg,0.0,0.0,0.0,0.0,0.17847158454583514,0.0,0.0,0.0,0.0,0.0,0.0,0.0,0.0,0.0,0.0
ATP9B_hg,0.0,1.3557492488921976,0.02344812088965295,0.07833244720390314,0.031178676909717127,0.19496283564939768,0.01893171134112187,0.17213239665443267,0.17108133898790992,0.17473650938278087,0.00968710000661979,0.33062637011091195,0.028122921421642796,0.1318623774303993,0.11816551358027996
AURKC_hg,0.0,0.0,0.07421171315574544,0.19420912936372328,0.4047004716962147,0.0,0.0176544664158879,0.11964387668152827,0.0,0.0,0.0,0.015179923681536762,0.0,0.0,0.0
AVIL_hg,0.0,0.3250743218506107,0.07583932269222864,0.0,0.07085558328070884,0.0,0.0065891013019545915,0.06155859456777942,0.0,0.0,0.04550981796146213,0.025964263197521726,0.0,0.0,0.008943384054213549
AVPR2_hg,0.0,1.4634933051096612e-05,0.0,0.00017256634520886817,0.0,0.0,0.0,0.0,0.0,0.0,0.0,5.1163485370958206e-05,0.0,0.0,0.0001857051339576131
B3GALT5-AS1_hg,0.0,0.35041706750414137,0.0,0.0,0.016017777441525015,0.0,0.010955990358288814,0.0,0.0,0.08803451665535811,0.05983226821543683,0.03023348638560701,0.0,0.0,0.0
B3GALT5_hg,0.0,0.0,0.0027648370084744286,0.0,0.007721175143385707,0.0,0.0,0.0,0.0,0.0,0.00017652938716205562,0.0,0.0,0.0,0.0
B3GAT1_hg,0.00038714253802929705,0.0016267652067698604,0.0,0.0,0.0009835916685516806,0.0011017526513843045,0.0,0.0,0.0,0.0,0.0,0.0003393278701294567,0.00036428102852413644,0.0,0.0
B3GNT6_hg,0.0,0.485407987060589,0.0,0.021564803891512677,0.03281929062316191,0.0,0.0030743601545568256,0.020439321125852974,0.0,0.06083550661149673,0.11787873228556277,0.0,0.0,0.0,0.0
BACE2_hg,0.0,0.10220917412332631,0.016811141535694137,0.0,0.07797422020626713,0.0,0.0,0.0,0.0,0.0,0.006834213519663688,0.0235057406908023,0.0,0.0,0.008645833123739897
BACH2_hg,0.0,0.03925397729506209,0.11723927338195343,0.0,0.6794852012862517,0.0,0.0,0.024752731565543282,0.0,0.0,0.0,0.0,0.0,0.0,0.05793841749488089
BAMBI_hg,0.0,0.008902125348375988,0.0956719480151708,0.0,0.11462478705510781,0.0036936819936336423,0.0,0.08008761136650457,0.0,0.0,0.0,0.0,0.008361312440445459,0.0,0.16778853574766706
BANCR_hg,0.0,0.0,0.0,0.004075753406539329,0.016253162426203303,0.0,0.0,0.0027569498014004714,0.0,0.0,0.0,0.0,0.0,0.0,0.0
BATF3_hg,0.0,0.0,0.022798878030862543,0.011005145931753512,0.11038762234531041,0.0,0.0005423644007887539,0.02500857067936914,0.0,0.0,0.0,0.03152192991925135,0.0,0.0,0.0029476532442533044
BAZ2B_hg,0.0,1.3338542408575185,0.4163957349345292,0.09266484616604895,0.6307033909892196,0.19052124803418682,0.030595952490493312,0.0,0.0,0.5837302972901568,0.46186728618668454,0.14559344820563813,0.0,0.43504443974227897,1.247807901856999
BCAS1_hg,0.0,0.0767894685909611,0.045081781059710065,0.18225255885742925,0.07485278709206346,0.0,0.0,0.0,0.0,0.0,0.0018145658338840998,0.03433329549043667,0.012863120878298308,0.011101082053840923,0.0
BCAT1_hg,0.24489327683653034,0.16475318204303155,2.4242829266512196,0.4105910838176107,0.5088799368205938,0.23343003671436108,0.2958475366022569,0.18325272598996684,0.0,1.0709109052830128,0.07882502922280092,1.1275121076504493,1.7446263819397554,1.1241161257901713,0.8016161970446688
BCL11B_hg,0.0,0.0,0.0,0.0,0.0004932735183726339,0.00010122583767789013,0.0,0.0,0.0,0.0,0.0,0.0,0.0,0.0,0.0
BCL2L10_hg,0.0,3.5977450295334905e-05,0.00014855417583805103,0.0,0.0007835766751271928,0.0,3.516552021583674e-05,0.0,0.0,0.0,0.0,0.0,0.0,0.0,0.0
BCL2L1_hg,0.0,0.1259000324407324,0.04308853765923916,0.0,0.07671727687005425,0.10870573934068102,0.04297935486404129,0.10433403774598464,0.0,0.08123077358122748,0.0,0.4923527408126987,0.047767659172063985,0.0,0.26800629189958947
BCL2L2-PABPN1_hg,0.0,0.1517027814285991,0.0,0.01678156624700236,0.0,0.06472958551420033,0.0,0.05657876300451433,0.0,0.02591204933554311,0.03538879381731866,0.039353354191608826,0.02741610170083634,0.023172245982919528,0.0
BCO2_hg,0.0,0.17049064259639754,0.009983922176262428,0.0,0.004476609878313141,0.009360346160057001,0.0018323377888065423,0.028982580406504865,0.0,0.018918633973598813,0.020234323164255604,0.020426041623371236,0.0,0.0,0.017808127428575113
BCYRN1_hg,0.0,0.0,0.0,0.0,0.0,0.48515077270150136,0.0,0.0,0.0,5.757009063185085,0.0,0.0,0.0,0.0,0.0
BDKRB2_hg,7.248244460311592e-05,0.00035292045105155163,0.00020206589123038522,2.32472137785291e-05,0.0,0.0,0.0,0.0,0.0,0.0,0.0,0.0,0.0,0.0,0.0
BEX1_hg,0.0,0.0013781386747861786,0.04083677373155585,0.017780236364050985,0.0018052194693627273,0.0,0.002240580525400029,0.023931658927125673,0.0,0.0,0.0,0.0,0.0,0.0,0.0
BEX2_hg,0.0,0.0,1.4384539870247601,0.11929558772790001,0.3779677745312357,0.0,0.15816207332311896,0.6306882667511627,0.0,0.04583146324756349,0.0,0.0,0.0,0.0,0.0
BHLHE40_hg,0.0,0.19217437222692627,0.0,0.0,1.5795861832818552,0.08441502939136661,0.0,0.0,0.0,0.3287427749387437,0.0,0.0742759663658138,0.0,0.0,0.43884499285102396
BIRC3_hg,0.0,0.0,0.014140379324738316,0.02157540508526372,0.13418777937351387,0.0,0.0,0.0,0.0,0.0,0.0,0.0,0.0,0.0,0.0
BIRC7_hg,0.0,0.0,0.004506243593685992,0.0,0.018454750325133287,0.0,0.0,0.0,0.0,0.001926739824061804,0.0,0.0,0.0,0.0,0.0
BLOC1S1_hg,0.0,0.0035929008641197293,0.1054213981016935,0.15789737024329523,0.1347555949673924,0.0932256408152176,0.060358930186898585,0.7263502230149967,0.0,0.007194623001875328,0.0,0.08003028470380852,0.0,0.0,0.0
BLVRB_hg,0.0,0.0,0.24737751863740498,2.6405619521538157,0.05824368047050871,0.5717294035284028,0.5484404609411768,2.075958581924425,0.0,0.1103840759692049,0.0,1.6225902155777752,0.0,0.0,0.0
BMP10_hg,0.0,1.6728599459806104e-05,0.01251585004918938,0.0,0.0315667690506812,0.0,0.0,0.0,0.0,0.0016306389415736337,0.0,0.0,0.0,0.0,0.040448751845988694
BMP2K_hg,0.0,0.34316335532205305,0.4066048870641766,0.9480958929903772,1.2347255388277372,0.3100963898760719,0.0,0.4451627091916698,0.34878709931434404,0.3355708568996868,0.0,0.0,0.055843351592123926,0.3489249676415814,2.4673763721829474
BMP7_hg,0.0,0.28313518529940224,0.002350868343702357,0.0,0.036255691616783076,0.01777219345343965,0.014090090958155957,0.0,0.0,0.0,0.036508666966387715,0.010040701466145734,0.011168205951155906,0.0,0.02486425251660751
BMX_hg,0.0,0.0,0.0,0.21331893559034482,0.14222951588997113,0.0,0.0,0.1401074822469247,0.0,0.011252694582063455,0.0,0.0,0.0,0.0,0.0
BNIP5_hg,0.0,0.0,0.0,0.0041816999368388865,0.003866937846297548,0.0,0.0,0.0,0.0,0.0,0.0,0.0,0.0,0.0,0.0
BOK-AS1_hg,0.0007398842545050177,0.0,0.0,2.4940526284882548e-05,0.0,0.0,0.0003867600370225378,0.0,0.0,0.0,0.0,0.0,0.0,0.0,0.0
BPTF_hg,0.0,1.1524219414025594,0.8836205789428033,0.8927219430886569,0.22209442472456883,0.8867173308473889,0.0,0.0,0.29759025481055423,0.9807558035226867,0.5167257201214673,0.45713608484397444,0.7086570400361378,1.714840289308922,1.6389795463363706
BRCA1_hg,0.0,1.1182487003354453,1.47995275916788,0.7753121811745166,0.11358954850138846,0.31838201478020584,0.33535873581430503,0.441017076330246,0.0,0.603170569787992,0.15397724418162592,0.7769451151377259,0.9159710385831503,0.7395549470581584,0.9606274199524351
BRCA2_hg,0.0,0.6391194852602802,0.6867896403858159,0.6563816010847645,0.00876771034248229,0.5214601200554905,0.0026074992895970686,0.4551220867820467,0.0,0.0,0.0,0.11216675753929148,0.6040639730295798,0.9448190671614528,0.6340091261702391
BRD4_hg,0.512973534828726,0.6915431089077073,0.24921709781012208,0.0,1.013769608304865,0.7318984112613957,0.0,0.0,0.06143572702208231,0.7667379066656516,0.9633663941278798,4.15480887976022,0.0,1.5193300591117367,0.38711022313111426
BRINP3_hg,0.0,0.007023238079841011,0.0,0.0,0.009495349112319083,0.010872218939761816,0.0,0.0,0.0018810408876753467,0.015066736285834607,0.0,0.0,0.0,0.0,0.00739859842400213
BTG1_hg,0.6170978487815705,0.32876838880425197,0.8971170928608847,1.591057807265484,0.954631364955555,0.06464087265528398,0.0,0.0,0.0,0.0,0.0,0.0,0.04673304495720517,0.4017047977269867,0.5161397371813513
BTG2_hg,0.0,0.028452577179970812,0.0,0.6124623719229731,0.8047325780158144,0.0,0.0,0.0,0.0,0.0,0.0,0.0,0.0,0.0,0.0
BTLA_hg,0.0,4.179798109033779e-05,0.0,0.00018725349678329844,0.0,0.0,6.294225164757041e-06,3.7601406714466435e-05,0.0,0.0,0.0,0.0,5.3729544723022175e-05,0.0,0.0
BTN1A1_hg,0.0,0.0002491262271115727,0.0,0.0020676155204223147,0.004787090259892827,0.0,0.0,0.0,0.0,0.0,0.00014513577151202594,0.0,0.0,0.0,0.0
BTNL9_hg,0.0,0.6487088091203483,0.08325013411378691,0.21671133770862083,0.25329081562518263,0.15352503369855122,0.0,0.1276211995092554,0.07591411686073558,0.2605662967226547,0.020450035198124564,0.2797188339659025,0.1487571928729222,0.09351862817873102,0.28575398378123607
BVES-AS1_hg,0.0,0.14500967629579467,0.005129110646212099,0.0,0.010213307967444945,0.007261032356406085,0.00557281456045459,0.010643954008121948,0.0,0.0,0.022596795291734903,0.0,0.0,0.0,0.0
BX119904.2_hg,0.0,0.0,0.0,0.001144220465325163,0.0,0.0007604183665266062,0.0005656841815147282,0.0025711370463241865,0.0,0.0,0.0,0.0,0.0,0.0,0.0
BX276092.9_hg,0.0,0.0020537760993808206,0.006901330212411233,0.018505643378203186,0.0044955109597235535,0.0,0.0,0.0,0.0,0.0,0.0,0.007497380136325856,0.0,0.0,0.0
BX470209.2_hg,0.0,0.0,0.0017769802547795137,0.0,0.0,0.0,0.0,0.0,0.0,0.0,0.0,0.00017915101663438645,0.0,0.0,0.0
BX546450.1_hg,8.591608576493538e-07,0.0,0.0,0.0016268464016559638,0.0037650709685584584,0.0,0.0,0.0012864149546764339,0.0,0.0,0.0,0.0011232735324309007,0.0,0.0,0.0
BX664727.3_hg,0.0,0.1531214334068739,0.0,0.04292730323013506,0.05820074887842891,0.02085323415115303,0.0,0.0,0.0,0.04248697795284029,0.0051438384395116315,0.045323392795561385,0.0,0.0491324389244259,0.003421465025687236
C11orf16_hg,0.0002869339429006372,0.0007201277842345703,0.0006255208899402956,0.00012076394972018799,0.0,7.805844648860987e-05,0.0,0.0,0.0,0.0,0.0,0.004774887391070235,0.0,0.0,0.0
C11orf24_hg,0.0,0.0,0.4080294961969443,0.0,0.17164004557748602,0.03702939351804451,0.018922971219346562,0.42877280066865386,0.0,0.0,0.0,0.49502128557224595,0.022303944951905814,0.0,0.042328490095269844
C11orf45_hg,0.0,0.00015518142547469422,0.0,0.0004733621081055825,0.0,0.0,0.0,0.0,0.0,0.0,0.0,0.0,0.0,0.0,0.0
C11orf96_hg,0.0,0.0,0.0,0.0,0.2853723362148317,0.0017531022594634567,0.0,0.0,0.0,0.004116031796069269,0.00014526402451855573,0.0,0.0,0.0,0.0
C12orf50_hg,0.0,0.2586177152991431,0.02259570880172729,0.04471570732858233,0.028034279174527908,0.020450293369356404,0.0,0.08757428379564969,0.001563981854682371,0.033801894156541036,0.0,0.0,0.028725618857389862,0.0,0.01852747537420658
C12orf57_hg,0.49990375961239125,0.08433250713219359,0.47549288431555714,0.18345160250352247,0.3109467792082334,0.1587499240106236,0.0,1.8717598322140232,0.0,0.029518233731727496,0.03569058740419561,0.5499891174832425,0.0,0.0,0.46797339831047835
C16orf86_hg,0.0,0.001034894049687324,0.0017143296408022918,0.004466134646094075,0.0001257199445137389,0.0,0.000324907762782265,0.0,0.0,0.0002945512430804078,5.431848143301162e-05,0.0025312138780394615,0.0005476627577925534,0.0,0.00218664899089011
C16orf96_hg,0.0,0.00013847485527244087,0.0,0.0004412834848638666,0.0,0.0,1.8734318582902864e-05,0.0,0.0,0.0,0.0,0.0,1.0716920518071953e-05,0.0002126344543838547,0.0
C17orf113_hg,0.0,0.16967019550274537,0.010631531403364801,0.0,0.015443743126289848,0.016134008649910738,0.0024121968373877044,0.008368337347851813,0.0,0.0,0.02712963774511958,0.0333566964915663,0.015771959327067857,0.0,0.014828401571836508
C19orf18_hg,0.0,0.0011089422609773662,0.0003332914188421923,0.0,0.0,0.0,0.0,0.0,0.0,0.0,0.0,0.0,0.0,0.0,0.0
C19orf53_hg,0.040519261441466704,0.0,0.0,0.4908598617791242,0.33536998792190786,0.5482877816248579,0.31249748823049234,1.945682996487262,0.0,0.0,0.0,0.5666922995963074,0.0,0.0,0.0
C19orf81_hg,0.0,0.0,0.03450270244378429,0.0,0.0011069588610842773,0.014039923237299681,0.0,0.15189425171630794,0.0,0.035305577948302545,0.0,0.1296730510918463,0.0,0.0,0.0
C1RL_hg,0.0,0.4190283542182373,0.15649127096546944,0.07004551962706478,0.06648042070726615,0.0047420992760229775,0.0154541285597817,0.036346859150282976,0.0,0.014537098626557497,0.05588680246380063,0.036867523629481036,0.009019009052286642,0.0,0.10024800459365106
C1orf116_hg,0.0,0.0,0.0,0.4278843678014835,0.90648690097925,0.0,0.0,0.0,0.0,0.0,0.0,0.0,0.0,0.0,0.0
C2-AS1_hg,0.0008998075697544354,0.005456679551569615,0.0005301946474287496,0.0,0.0017409456693001637,0.0,0.0,0.0,0.0,5.6713803505636474e-05,0.0012251392360460166,0.0009666772833499795,0.0,0.0,0.0
C21orf62_hg,0.0,0.6612044492114982,0.01888303582913657,0.0,0.0,0.023548492021001115,0.03591664096813183,0.004856214394864493,0.0,0.0,0.12221111206030658,0.03813052750730674,0.029007504635029026,0.0,0.0
C22orf42_hg,0.0,0.0,0.0,0.0,0.0012954970915510665,0.0,1.4014487246966793e-05,0.0,2.299809128535367e-05,0.0,0.0,0.0,0.0,0.0,0.00026474703372222295
C2CD4C_hg,0.00020228526902560875,0.0,0.0,0.0026416261670305806,0.0,0.0,0.0,0.0,0.00021938455319444716,0.0,0.0,0.0,0.0,0.0,0.0
C2CD6_hg,0.001596810285990489,0.0011218773557645947,0.00047761851881413295,0.0005915519172354933,0.0,0.0016166834759762576,0.0,0.00011654081629238273,0.0,0.0,0.0,0.0,7.056721639201436e-05,0.0009291843096751569,0.0
C2orf66_hg,0.0,0.001060472407792777,0.0,0.00873050100010757,0.0012429580682281646,0.0,0.0,0.0010544186525769145,0.0,0.0,0.0,0.0,0.0,0.0,0.0
C2orf78_hg,0.0,0.0,0.0,0.009346766111838363,0.013918149484143565,0.0,0.0,0.0,0.0,0.0,0.0,0.0,0.0,0.0,0.0
C3_hg,0.0,0.05408589087976509,0.004988041641513082,0.07352828217836077,0.43655085544662836,0.0,0.0,0.0,0.0,0.0,0.0,0.0,0.0,0.0,0.0
C4orf17_hg,0.00015878310717748332,0.0,0.0,0.00032235929864103175,0.0,0.0,0.0,0.0,0.0,0.0,0.0,0.0,0.0,0.00022472017517646072,0.0
C5AR2_hg,0.0,0.3929387511766326,0.0,0.0,0.057043134113525615,0.004857501417938206,0.0076079180894471484,0.0,0.0,0.0,0.09299660224974421,0.0005156504931067086,0.0066289739279956515,0.0,0.015385864485071362
C6_hg,0.0,0.0,0.0,0.0,0.0,0.0,0.0,0.0,0.0,0.0,0.0,0.001456173887268733,0.0,0.0,0.0
C7orf33_hg,0.0,0.0,0.0,0.00044265508332488917,0.018247475826606765,0.0,0.0,0.0,0.0,0.0,0.0,0.0,0.0,0.0,0.0
C7orf77_hg,0.0,0.0,0.0,0.002001760033511845,0.0006458452983613027,0.0,0.0,0.0,0.0,0.0,0.0,0.0,0.0,0.0,0.0
C8orf74_hg,0.0,0.0010106451208144768,0.0,0.0046929486991533894,0.0,0.0,0.0,0.0,0.0,0.0,0.0,0.0,0.0,0.0,0.0
C9_hg,0.00020623386346224713,0.0011785858901972623,0.0,0.0,0.0,0.0,0.0,0.0,0.0,0.0,1.4699423069255297e-05,0.0006106679331981694,0.0,0.0004393251304417849,0.0
C9orf135_hg,0.0,0.0,0.0,0.00995430983181285,0.014604195490349314,0.0,0.0,0.012565134704778089,0.0,0.005092360781662432,0.0,0.0,0.0,0.0,0.0
C9orf57_hg,0.0,0.0,0.0,0.0001580414770567036,0.00035060525410219353,0.0,3.426845366181489e-06,0.0,0.0,0.0,0.0,0.0,0.0,0.0,0.0
C9orf92_hg,0.0,0.0,1.6092959406572878e-05,0.0,0.0011692170431256057,0.0,0.0,0.0,0.0,0.0,0.0,0.0,0.0,0.0,0.0
CA12_hg,0.0,0.01277110947085401,0.12169245769793652,0.0,0.0,0.0,0.0,0.0,0.0,0.0,0.0,0.08117143330317113,0.0,0.0,0.03746064862110196
CA1_hg,0.0,0.0,0.0,0.5918233823924789,0.0,0.0,0.0,0.0,0.0,0.0,0.0,0.0,0.0,0.0,0.0
CA3_hg,0.0,0.0,0.0017669426532854998,0.021236756165490596,0.016340563869887532,0.0,0.0,0.0,0.0,0.0,0.0,0.0,0.0,0.0,0.002554056154544146
CABP4_hg,0.002632311623204272,0.027420645462089364,0.004767764688020725,0.0,0.0,0.0,0.0,0.0,0.0,0.0,0.006481177441962866,0.020510082396149387,0.0,0.0017277093612589646,0.0008068662396089816
CABP5_hg,0.0,9.613316525893692e-05,0.0,0.00047661711213632505,0.0,0.0,0.0,0.0,0.0,0.0,0.0,0.0,0.0,0.0,0.0
CACNA1A_hg,0.0021947034951495447,0.8572576648934921,0.021011945398031577,0.0,0.11793967983770796,0.04422147405660113,0.016705091254001235,0.0489042010656456,0.0,0.06749894670908275,0.1767554677531688,0.01476886294249748,0.004318088879324058,0.0,0.0
CACNA1B_hg,0.00034194660475325803,0.0,0.00046535868392374324,0.0,0.00045062949444253815,0.0,0.0,0.0,0.0,0.0,0.0,0.0013575385004842852,0.0,0.0,0.0
CACNA1C_hg,0.0,0.0,0.002632738889644546,0.0,0.0017528528349004223,0.0,0.0001286637230236778,0.0,0.0,0.0,0.0,0.0,0.0,0.0,0.0
CACNA1D_hg,0.0006233173175601351,0.5335522274166287,0.001595958255712996,0.0,0.0011400366358148616,0.0029570064254636585,0.021827298368200285,0.0,0.0,0.05114750831256615,0.11985452518620461,0.0,0.0,0.0,0.0068992739504735385
CACNA2D4_hg,0.0,0.0,0.03478998615770582,0.0,0.018636124138216314,0.0,0.0034281334047352435,0.0,0.0,0.0,0.0,0.005935310577970405,0.0,0.0,0.011809827609925574
CACNG3_hg,0.00010147052906949719,0.0,6.614381547869887e-05,0.0012517692488883247,0.0,0.0,0.0,0.0,0.0,0.0,0.0,0.0,0.0,0.0,0.0
CACNG5_hg,0.0,0.5912251167194533,0.003946900151144188,0.0,0.01421100471321175,0.0,0.0037529849571668614,0.010132531211234502,0.0,0.09227216544540154,0.12792936769767937,0.0,0.01632807546973377,0.0,0.0
CACNG8_hg,0.0,0.1466172461905501,0.010351738432035386,0.0,0.006375439328998777,0.0,0.0016489648720370686,0.0,0.0,0.0,0.026523198167661147,0.0,0.0,0.0,0.00774626180533292
CADM1_hg,0.0009495702019226458,0.0,0.0,0.0,0.0011681867050707367,0.0,0.0,0.0,0.0,0.0,0.0,0.0,0.0,0.0,0.0
CADM3-AS1_hg,0.0,0.001964089011042419,0.0021779139246054582,0.0,0.0,0.0,0.0,0.0,0.0,0.0,0.0,0.0,0.0,0.0,0.0
CALB1_hg,0.0,0.0,0.0,0.004587729682609526,0.365819574846644,0.0,0.0,0.4683110688364528,0.013598841321240012,0.0,0.0,0.30944202387554476,0.031513203532502906,0.0,1.4618398971369804
CALB2_hg,0.0,0.0,0.0,0.0,0.027120116627293397,0.0,0.0,0.0,0.0,0.0,0.0,0.0,0.0,0.0,0.0
CALCA_hg,0.0,0.0,0.05851955543177748,0.0,0.0,0.0,0.0,0.0,0.0,0.0,0.0,0.03386273440552992,0.0,0.0,0.0
CALCOCO2_hg,0.0,0.5192880917172216,1.1873668045929608,0.39617324744988364,0.35078332256196854,0.0,0.06943597317882565,0.3336117458587173,0.0,0.08655739949964057,0.15217203918442312,0.5521848589590796,0.25809035342224523,1.0372208990197493,0.0
CALD1_hg,0.0,0.009917444492838236,0.0034412107540835557,0.011537715103698502,0.013801003665659456,0.0,0.0019594432494724925,0.0,0.0,0.0,0.0011029360812901514,0.0,0.0,0.0,0.0
CALR_hg,0.0,0.18027391550090824,0.3742697528943443,0.3284055409652092,1.9348508145078176,0.8910737963030653,0.127747729063835,0.4361472166324248,0.0,1.4984468878283246,0.7545454168264707,2.3240057941204264,0.5095460994225218,1.6346168424881122,1.0575597951355853
CAMK1D_hg,0.0,0.745684702028566,0.007338117437551149,0.016326890529007917,0.05871987894123927,0.0,0.011150227331690066,0.011260115255126407,0.0,0.12187838676651604,0.18041215318709927,0.0,0.00852483369836617,0.0,0.0
CAMK2D_hg,0.0,0.002843875047810454,0.005492862771465184,0.0009972614226699628,2.426857978643441e-05,0.0002180992653300667,0.0,0.0,0.0,0.0,0.0,0.0,0.0,0.0,0.001080599438745652
CAMP_hg,0.0,0.0,0.00033967904273805486,0.0,0.005006151975684245,0.0,0.0,0.0009424357125204527,0.0,0.0,0.0,0.0,0.0,0.0,0.00169995597320443
CAMSAP2_hg,0.0,0.039724203594698686,0.18726821359182935,0.0,0.49948290303806675,0.033264266407413035,0.0,0.0,0.0,0.1645217195778495,0.015169540675359408,0.0,0.0,0.0,0.3353624676958773
CAP2_hg,0.0,0.0013420160664699,0.02414958010724489,0.0,0.0,0.0,0.0,0.0,0.0,0.0,0.0,0.0,0.0,0.0,0.0
CAPG_hg,0.0,0.08243318620773947,0.20029543651174742,0.045590113409265325,0.4932237232611047,0.0,0.21669058449233936,0.1336769399479138,0.0,0.0,0.0,0.22135143749704214,0.0,0.0,0.310344619597017
CAPNS1_hg,0.0,0.0973413884629466,0.04159094896448173,0.6418272849039413,0.1840858138757481,0.5218445705839857,0.16757994192299616,0.9597536996596124,0.0052293329668818,0.15374115695154655,0.0,1.2268341110826135,0.2978351302499145,0.12580221482144993,0.7106200283740265
CARD9_hg,0.0,0.09323113174611236,0.027128347769014897,0.0,0.0,0.045122258892132276,0.016560817130304543,0.24768370235033074,0.0,0.0,0.03170389300345155,0.70450106501625,0.09258478317147066,0.0,0.004032038615318174
CARF_hg,0.003759646714519207,0.3211026755516848,0.047035232709054096,0.004107364455223679,0.0,0.03162724823733745,0.012714863905330576,0.0,0.0,0.0,0.03823641176248786,0.014318818537020031,0.009895875860517545,0.0,0.021236951330873246
CARS1_hg,0.0,0.49027950868808895,1.417038529368036,0.36761703097254267,0.02243075833420264,0.0,0.05009693058556042,0.48727551097087685,0.0,0.006851609299934673,0.33564023185809494,1.5429025507617697,0.4007416993913594,0.8779936153955689,0.0
CASC18_hg,0.0,9.086752088384849e-05,1.7150984901670413e-05,0.0,0.0,0.0,0.0,0.0,0.0,0.0,0.0,0.0,0.0,0.0,0.00021977343583607
CASK_hg,0.002933768701346743,0.05325541542579901,0.05782913586499515,0.0,0.017724541482347332,0.014994058348686019,0.0,0.0,0.0,0.006589044944516348,0.0032950191530355727,0.0,0.0,0.0,0.07124694072916858
CASP14_hg,0.0011158216375596688,0.0,0.004851315852807406,0.0,0.0,0.0,0.00011548853764646568,0.0011397695378711267,0.0,0.0,0.0,0.0,0.0,0.0,0.0
CASP4_hg,0.0,0.0,0.01415416861672939,0.0,0.0057545857049566464,0.0,0.0,0.0050140386847889115,0.0,0.0,0.0,0.0,0.0,0.003525223468076882,0.012055311489463975
CASR_hg,0.0,0.11722574191253883,0.01985881266990385,0.009869578413273187,0.041944464661869296,0.01089485017692301,0.00022773614214901947,0.022137213360958943,0.005275547714086529,0.0002833679781363357,0.008235220823543188,0.0,0.025232951773172942,0.0,0.040485245853589015
CAT_hg,0.0,0.20661146268965175,0.09756833018050207,1.184110657175747,0.0,0.4474931713321848,0.0,0.5725343481292485,0.0,0.0,0.0,0.18446276347320115,0.41002059860017787,0.3813201536695981,0.3789745429900989
CAV1_hg,0.0,0.0,0.0,0.03355462309792699,0.14507584668901694,0.0,0.0055192755424692845,0.03488739038720172,0.0,0.0,0.0,0.0,0.0,0.0,0.0
CBLC_hg,0.0002061541029392087,0.0,0.0,0.0,0.0005986933425397823,0.0,0.0,0.0,0.0,0.0,0.0,0.0,0.0,0.0005557603301571158,0.0
CBR3-AS1_hg,0.0,0.45320274857491494,0.003260755791870194,0.0,0.07316737076724784,0.0060052575199765566,0.006953651280134885,0.0,0.0,0.0,0.07910133291906093,0.016726115484660468,0.027833628306024483,0.0,0.026995073331440845
CBWD3_hg,0.0,0.3077981204960776,0.02733888864702433,0.0,0.02041570113162409,0.008983957234084504,0.0016604637602711664,0.0,0.0,0.0345307956612789,0.06476536649752963,0.0023734544701681233,0.021066840799008422,0.007149265017398202,0.0
CCDC103_hg,0.0,0.0045100817079962085,0.010789040085090252,0.0,0.018034721406371097,0.0,0.004541017645746649,0.0014485460819602426,0.0,0.0003428556155573238,0.0,0.01430995099695011,0.0,0.0,0.02143816077310549
CCDC141_hg,0.0,0.0015620464459104397,0.0010170157497145936,0.0,0.0018208504757744367,0.0,0.0,0.0,0.0,0.0,0.0005121076887474462,0.0,0.0,0.0,0.0
CCDC142_hg,0.009165309716291469,0.9956714047822707,0.06651393977528264,0.0,0.16781509247114257,0.04915598936541174,0.05348107439134414,0.0,0.0,0.20757032253152347,0.21864649772398767,0.02161447564433247,0.04205028186539577,0.0,0.090859222813709
CCDC144A_hg,0.0,0.34235147513833747,1.0096989725459977,0.0,0.0,0.0,0.0,0.0,0.0,0.0,0.0,0.8447846390019603,0.0,0.0,0.0
CCDC146_hg,0.0,0.04759600937084756,0.05149356319578384,0.010304727968326835,0.0025038938816361257,0.0,0.0,0.0,0.0,0.0,0.0,0.0,0.0,0.0,0.009800852183191832
CCDC148_hg,0.0,0.0,0.013578109097021713,0.0,0.0,0.0,0.0,0.0,0.0,0.0,0.007576729069323485,0.036524570650777216,0.0,0.0,0.10254343698118845
CCDC152_hg,0.0,0.14612822506770465,0.41836996419368466,0.30760077301020733,0.28707477226065825,0.017831528892151366,0.08250640725215941,0.26760032230227065,0.0,0.034821034504313494,0.0,0.004665735568125879,0.01035629767587291,0.20170473510178338,0.0
CCDC157_hg,0.0,0.30928609580073396,0.030331046918304277,0.0,0.014320107552670455,0.024746588728049853,0.015615010973263017,0.015561249118701633,0.0,0.006298001574968059,0.05715755678532927,0.009152051828083669,0.017036839888666232,0.0,0.006738006138047807
CCDC168_hg,0.0,0.04066403391341501,0.010486176494129222,0.0,0.014809388911518886,0.009426360971749696,0.0,0.0,0.0,0.0,0.00026059721313767293,0.020084434368385487,0.014599016488647863,0.030606558099422376,0.012915024873663429
CCDC169-SOHLH2_hg,0.000387476087598981,0.0,0.002624307668164351,0.0015866157019553075,0.0,0.003964978498952213,0.0,0.004283980354497376,0.0,0.0,0.0,0.008068478730095873,0.0031872779107743783,0.0009945125879327413,0.0
CCDC173_hg,0.0,0.15334512772359232,0.0,0.2054639017682773,0.0,0.12005567884306857,0.0,0.0,0.0,0.0,0.029350867671134297,0.0,0.018033193069285407,0.08713641654493269,0.27137811063650447
CCDC174_hg,0.0,0.6133773056715163,1.3489245831917442,0.07642417228798336,0.5601966565227035,0.1983029942850985,0.09780556776572091,0.325179085047174,0.0284255929102045,0.0,0.19387033759958983,0.7853502958177302,0.2086401243718483,0.7978981828047135,0.0
CCDC18-AS1_hg,0.0,0.7171745560901571,0.8953519813019072,1.0796448495407391,0.0,0.0,0.11842893811747472,0.1639083222299067,0.018698060846370223,0.0,0.0,0.0,0.0,0.31861822968303843,0.025670625378647647
CCDC184_hg,0.0,0.0,0.0006496101088934409,0.002037301369770547,0.015487987993413107,0.0,7.45308977029633e-05,0.005076336735273245,0.0,0.0,0.0,0.0,0.0,0.0,0.0
CCDC187_hg,0.0,0.0004831689800947831,0.0,0.00019988096036126633,8.023065284833175e-05,0.0,0.0001839020535833344,0.0,0.00010806916191170866,0.0,0.0,0.0,9.816340983670137e-06,0.00020672830252032616,0.0
CCDC18_hg,0.0,1.0046542771147033,0.07098358121647351,0.032883975893780774,0.0,0.0,0.056493259079911755,0.2995965820727042,0.0,0.33406904459098813,0.16177427864257693,0.5070308233693945,0.28670168623934617,1.8944288582514215,0.5261872566353263
CCDC30_hg,0.0,0.8199884508669701,0.035496902730656275,0.0,0.09882875446974573,0.022700861743643833,0.02358870918261625,0.03479805984173827,0.0,0.0,0.1684011841201809,0.04018896069740331,0.03430795104622623,0.0,0.0
CCDC34_hg,0.0,0.551677802915711,0.017395356862941906,0.23627700658335993,0.17857396188775607,0.350264704577086,0.10645061130481939,0.0,0.0,0.6259760674768229,0.27198727603441875,1.5278441563982996,0.3011255626900802,0.7556706711510888,0.3379127048439213
CCDC39_hg,0.005654073537944409,0.05214148143156775,0.0,0.006972769722346719,0.01284977315462183,0.0023720350066814165,0.0,0.012980445931014105,0.0,0.0006178180838463314,0.0001044986608412683,0.0,0.0011067152110528587,0.0,0.02348560594640558
CCDC57_hg,0.0,0.9567482870729471,0.004903465045371321,0.0,0.0939454728390683,0.035034055358380556,0.033143200228996576,0.0,0.04318945704571157,0.25748270410259283,0.20753664146092068,0.6097486871366418,0.0,0.0,0.2173742892491644
CCDC71L_hg,0.0591959765759814,0.011926155024200911,0.6148678362774255,0.0,0.4467041932787409,0.16849508927086432,0.0,0.0,0.0,0.29996113828966997,0.08948509657049981,0.288250338184748,0.09398276689784979,0.0,0.5976134041925225
CCDC80_hg,0.0,0.046635523675983385,0.04511982636935009,0.0,0.12967265109385664,0.0,0.0,0.0,0.0,0.053202178604378196,0.015868518870678052,0.0,0.0,0.0,0.113761357109225
CCDC83_hg,0.0,0.0,0.0,0.00033301599362969527,1.6267195186487272e-05,0.0,0.00015486788749540973,0.0,0.0,0.0,0.0,0.0,6.910625375538057e-05,0.0,0.00033542427804932707
CCDC88A_hg,0.0,1.405707828010463,0.3562205813337241,0.20550036832996538,1.2912573228508182,0.5646682529934486,0.0012651072082841418,0.0,0.21625648818760013,0.8314203896016229,0.6799066532260251,0.5766577888853319,0.47966902591175814,3.1353433761773815,2.0885272155441483
CCL20_hg,0.0,0.0,0.0,0.0,0.0036436663425073726,0.0,0.0,0.0,0.0,0.0,0.0,0.0,0.0,0.0,0.0
CCL24_hg,0.0,0.04228741720385309,0.0,0.0024924670160883546,0.029170869801006954,0.0,0.0026408312929330296,0.0,0.0,0.003213965991797136,0.007893808753212607,0.0,0.0,0.00524471313731431,0.010584266839684105
CCL2_hg,0.0,0.0,0.0,0.0,0.12701136781869365,0.0,0.0,0.0,0.0,0.0,0.0,0.0,0.0,0.0,0.0
CCL3L3_hg,0.0,0.0,0.0,0.0,0.016253618297525703,0.0,0.0,0.0,0.0,0.0,0.0002705627484198843,0.0,0.0,0.0,0.0
CCL3_hg,0.0,0.0,0.00041437716437992943,0.0,0.009106462916925432,0.0,0.0,0.0,0.0,0.0,0.0,0.0,0.0,0.0,0.0
CCL4L2_hg,0.0,0.0,0.0,0.0,0.054041976394063496,0.0,0.0,0.0,0.0,0.0,0.0,0.0,0.0,0.0,0.0
CCL5_hg,0.0,0.7490440007371214,0.0,0.0,0.04170056877633888,0.036590744973104106,0.04178769253533324,0.0,0.0,0.12686274860407062,0.1314370332943792,0.021630318955824922,0.0,0.0,0.07590123687872401
CCNB2_hg,0.0,0.0,0.25775418767957436,0.777054696916489,0.0,0.1259147277183109,0.20987237540900477,1.96898029915883,0.0,0.0,0.0,0.0,0.4011735318771364,2.40232708229408,0.0
CCNB3_hg,0.0,0.0,0.0,0.0,0.024664808162497408,0.0,0.0,0.0,0.0009787844322257247,0.0,0.0,0.0,0.0,0.003157360081149417,0.0
CCND1_hg,0.0,0.0,0.0,0.0,0.5024786074528492,0.0,0.0,0.007320099093672578,0.0,0.17526473125190362,0.0,0.32734846174029675,0.06800622888605687,0.0,0.31114371621082393
CCPG1_hg,0.0,0.2129972295766905,0.9628386334260819,0.0,0.0,0.0,0.02297262107840299,0.0,0.0,0.0027773962238116646,0.01738419374750177,0.25574474244877815,0.0,0.0,0.6622845044236705
CCR1_hg,0.0,0.0,0.0,0.0002198305774958224,0.0014095998701580774,0.0,0.0,0.0,0.0,0.0,0.0,0.0,0.0,0.0,0.0
CCR3_hg,0.0,0.0,0.0,0.002716673322678094,0.0,0.0,0.0,0.000977907053216443,0.0,0.0,0.0,0.0,0.0,0.0,0.0
CCR5AS_hg,0.0,3.0402484525598728e-05,0.0033846606787120703,0.0012373098006157885,0.011115528940953133,0.0,0.0015564584478904714,0.0011215046738768792,0.0,0.0,0.0,0.0,0.0,0.0,0.0
CCR7_hg,0.0,0.0,0.0,0.026397704245705,0.35388946793349707,0.0,0.0,0.0,0.0,0.0,0.0,0.0,0.0,0.0,0.0
CCR9_hg,0.0,0.0,0.0,0.002504940818904268,0.0017681351929640986,0.0,0.0,0.0,0.0,0.0,0.0,0.00026956127276089853,0.0,0.0017437487323146016,0.0
CCRL2_hg,0.0,0.0,0.11965813682457106,0.0,0.21537690378521848,0.0,0.028693871081872328,0.0,0.0,0.0,0.0,0.0,0.0,0.0,0.0
CCSER2_hg,0.0,0.22425161182577866,0.226986330312639,0.0926166742268809,0.7302655355079487,0.1316411200589893,0.0,0.04017551950158253,0.0,0.08620224208278543,0.0,0.0,0.0,0.0,0.42482456277155883
CD14_hg,0.0,0.000813939087077853,0.0005429896566143576,0.0,0.009265051840922498,0.0,0.00039597849320682034,0.0003341767765286511,0.0,0.0,0.0,0.003440318640607193,0.00030847257102946727,0.0,0.0
CD163L1_hg,0.0,0.0,0.036534324167968465,0.010897940972867757,0.06962607125816007,0.0,0.0,0.08230992905666001,0.0,0.0,0.0,0.0,0.0,0.0,0.0
CD164_hg,0.0,0.09439052518936353,0.7509365648299121,0.9970394524840749,0.8099079400213768,0.3331429988077648,0.43418057476807437,0.5663375409954703,0.17742540885012092,0.0,0.0,0.0,0.0,0.08756835961185883,2.0802697881701944
CD207_hg,0.0,0.0,0.0,0.012869064155457343,0.014659790965298292,0.0,0.0,0.0,0.0,0.0,0.0,0.0,0.0,0.0,0.0
CD226_hg,0.0,0.15647562231388404,0.0,0.303113075826899,0.16374464307422387,0.0,0.0,0.0,0.0,0.0,0.00651525669466368,0.0,0.016321485045970564,0.02288928602753493,0.0
CD22_hg,0.01130893818624661,0.43058702276535776,0.02882675205237873,0.008784180969743753,0.023662569504171713,0.0005983949318517641,0.0,0.04846746882011243,0.0,0.050216474310298916,0.09074762418215261,0.0,0.0005157421604138008,0.0,0.004129622043190346
CD24_hg,0.0,0.0,0.0,0.036268152464245085,0.19885761690989553,0.0,0.0,0.0,0.04815558118170935,0.2783209844640259,0.011327185737601919,0.0,0.0,0.0,0.7009566779479113
CD276_hg,0.0,0.38100680404019766,0.04571131726181659,0.0,0.5058054308527713,0.0,0.0,0.0,0.0,0.0,0.05679418389280472,0.14712314165666057,0.0,0.0,0.09504251365815619
CD300C_hg,0.0,0.0,0.0,0.0003399293556549503,0.002081407875670194,0.0,0.0,0.0007836006779616746,0.0,0.0,0.0,0.0,0.0,0.0,0.0
CD36_hg,0.0,0.01898963768799444,0.0,0.011339364765876181,0.0,0.002436437815199498,0.00127670971359352,0.0,0.0,0.0,0.002879905310434982,0.0,0.001034569273955293,0.0,0.0038547599837952373
CD3D_hg,0.0,0.0,0.0,0.0,0.7371936137374837,0.0,0.0037548451875873004,0.7138347407920015,0.0,0.034526256070943805,0.0,0.0,0.0,0.0,0.12038510066787671
CD44_hg,0.0,0.0,0.0,0.0,2.016257406388952,0.0,0.0,0.0,0.0,0.0,0.0,0.0,0.0,0.0,0.0
CD47_hg,0.0,0.09693435320383961,0.1617759160757706,0.04879313019819194,0.13936097516380727,0.0,0.016046195768401432,0.39909643320661004,0.0,0.04853029781009005,0.0,0.009340072156494298,0.08476676819828115,0.08742570614742189,0.7163432034525208
CD48_hg,0.0,0.0005198162963133424,2.787177448766337e-05,0.0,0.007193130672025216,0.0,0.0,5.692556567564903e-05,0.0,0.0,0.0,0.0,0.0,0.0,0.000680965849597024
CD52_hg,0.0,0.0,0.0,0.038319512428406956,0.8646204324660078,0.0,0.0,0.75933852530901,0.0,0.24425899801588732,0.0,0.0,0.0,0.0,0.0
CD53_hg,0.0,0.0,0.1530570906535455,0.0,0.3932394901571686,0.0,0.13455494310579538,0.35797959364427306,0.0,0.009025046046359347,0.0,0.0,0.0,0.0,0.527547022442116
CD55_hg,0.03577488768160834,0.0026181241563046635,1.1761643101309849,0.48269719097136704,0.9609241380356952,0.27172509084125196,0.0,0.7954573210274216,0.10405049506717817,0.0,0.0,0.9236694485895564,0.1501821110890285,0.41810547342947324,0.6721527584558288
CD69_hg,0.0,0.0,0.5804857995054133,0.0,0.6837370178620608,0.0,0.11154452614718484,0.0,0.0,0.3416374219004714,0.0,0.0,0.0,0.0,0.5085989380582561
CD80_hg,0.0,0.0,0.07143775968681687,0.011519654972431237,0.0,0.020711805546960158,0.0,0.0855673584343456,0.0,0.0,0.0,0.0,0.0,0.0,0.10797058728025079
CD82_hg,0.0,0.35254548023263865,0.0,0.0,0.3541777216252789,0.0,0.0,0.0,0.0,0.15771645448954677,0.04716072138931235,0.06552929870105816,0.0,0.0,0.03595132763220621
CD84_hg,0.0,0.2595986025470158,0.014191564943484043,0.07507796808757883,0.0,0.0,0.0,0.0,0.0,0.0,0.010635373812982038,0.0,0.0,0.0,0.4020331295450226
CD96_hg,0.0,0.24317659386834486,0.024543250418529065,0.0,0.0008267090492007374,0.01569497345272259,0.017845676656991875,0.009572644267943166,0.0,0.0,0.0396588302679995,7.36142938182644e-05,0.0033951963636577594,0.0,0.036405758877586965
CD99_hg,0.0,0.045405786335290986,0.2937975200087957,0.22989594393830023,0.4905959519336828,0.0,0.22171755575756671,0.45112394983262827,0.0,0.017590669155919236,0.0,0.8862012024396175,0.0,0.0,0.6507464978245451
CD9_hg,0.0,0.0,0.0,0.007403597922892887,0.2468767941223075,0.0,0.0,0.0,0.0,0.0,0.0,0.0,0.0,0.0,0.0
CDA_hg,0.0,0.0,0.0,0.0005205566200787653,0.005349087205767124,0.00024147623600310103,0.0,0.0006554978928765568,0.0,0.0,0.0,0.0,0.0,0.0,0.0
CDC14B_hg,0.005433927631887221,0.22205637293807282,0.15896316352658613,0.15101197713903936,0.16503055590258903,0.05867921751213548,0.0003289173239128028,0.02373449106378684,0.0,0.0,0.0,0.11539178036062116,0.04677539076972048,0.162536768698305,0.14674429388859161
CDC20_hg,0.0,0.0,0.0,0.42871791234685896,0.04740745668846863,0.36182913469008987,0.03646787028481824,1.3103008241858878,0.0,0.0,0.0,0.18253283359953762,0.1369760972386897,3.4763264210864455,0.0
CDC42BPA_hg,0.0,0.9350652192513261,0.33558447030421373,0.19617580862304854,1.2795536077350727,0.2598426607938906,0.08983225950328592,0.009319284498019555,0.25895532090707457,1.0346389576970276,0.3927062907188336,0.5111620712708389,0.3353412880658405,2.3846792096768716,2.2023614777281204
CDC42EP3_hg,0.0,0.0,0.16408978362371682,0.13574885094487757,0.2449719419599944,0.0,0.01179665610544512,0.023829501341834803,0.0,0.0,0.0,0.0,0.0,0.0,0.0942826868855981
CDCA7L_hg,0.0,0.008433417919705864,0.0,0.09934258343032491,0.0,0.04431014785642934,0.0,0.06909669218263521,0.0,0.020130010904458165,0.023771996053826468,0.17140999665053297,0.0022827684385453,0.0,0.13235884787940247
CDCP1_hg,0.0,0.0,0.5737715796736758,0.0,2.3330345200526725,0.0,0.14993703570951095,0.386641169108729,0.0,0.10741446429314062,0.0,0.7167255420297857,0.10744326898610924,0.0,1.6974217766260018
CDH13_hg,0.0,0.011260579098099329,0.003646362935044507,0.0,0.006203100429623826,0.0,0.0,0.0,0.0,0.0,0.0012464161044265028,0.002778321771807434,0.0,0.0,0.0
CDH20_hg,0.0,0.0,0.0,0.0,0.0,0.0,0.0008605835568814766,0.0,0.0,0.0,0.0,0.0005188159784079768,0.0,0.0,0.0
CDH23_hg,0.0,0.0,0.0,0.012240467506538988,0.014583012962994383,0.0,0.0,0.010374485620515024,0.0010028865649660493,0.0017887986990641979,0.0,0.0,0.0,0.005434945210919024,0.0009391293718001003
CDH3_hg,0.0,0.21036543527589743,0.003713393408257669,0.0,0.009580948028735322,1.2104734365236623e-05,0.0045380551502248725,0.012838978667939167,0.0,0.0,0.030768303819409655,0.0,0.017207590817204396,0.0,0.011338207863552512
CDH4_hg,0.0014438196199388225,0.0,0.0,0.00484793761394508,0.0,0.0,0.0,0.0,0.0,0.0,0.0,0.0,0.0038751998148617854,0.0,0.0
CDK15_hg,0.0006604009537944642,6.401662908038031e-05,0.00031245267566527856,0.00018306134824694895,0.00011220503487888384,0.0,0.0,0.0,0.0,0.0,0.0,0.000541581874312273,0.0,0.0016994345564556985,0.0002717589606294053
CDK5RAP3_hg,0.0,0.2654140899723196,0.06664387815924218,0.11016425241548711,0.0,0.0,0.04248062047521275,0.0,0.0,0.0,0.014253225148720874,0.10303551665247083,0.023303410696653697,0.023314967839271616,0.002395202871622956
CDK6_hg,0.47042093973282084,0.18585554238678378,0.5510198442815935,0.6258888644332576,0.49669279038818853,0.7997409634632584,0.0,0.18585655510397456,0.19598275864053588,0.7809203438634649,0.10449614455056214,0.6956949009877047,2.0156774852235553,1.5351126654042189,2.0597198817320903
CDKL2_hg,0.0,0.012971122009925645,0.0,0.0,0.004353088792426439,0.0,0.0,0.0,0.0,0.0,0.0011760880180500344,0.001280606914042048,0.0,0.007027802287469824,0.0
CDKN1A_hg,0.0,0.0,0.11519712689687442,0.0,0.6083275179448235,0.0,0.0030602376796574136,0.06294966743034962,0.0,0.0,0.0,0.0,0.0,0.0,0.0
CDRT4_hg,0.0,0.038869376065244814,0.04546292050741047,0.0012649377974551545,0.014104024035814565,0.0,0.0,0.0,0.0,0.0,0.0,0.01871356625139324,0.0,0.006702095762092821,0.03483622304896183
CEBPB_hg,0.08338999643794875,0.0378821673680855,0.22093333155552114,0.0,0.041423747367696204,0.03504668567016412,0.0,0.0,0.0,0.17344575865624126,0.03290009535950933,0.06392084764112808,0.0,0.0,0.024267975353155183
CEBPE_hg,0.0,0.0,0.0,0.047759649999277745,0.008097149986977366,0.0,0.0,0.0,0.0,0.0,0.0,0.0,0.0,0.0,0.009954256451190737
CEBPG_hg,0.0,0.10949971610695097,0.8212999627563419,0.033958779442774645,0.0,0.12500901441263962,0.0616652665854625,0.19686614217649862,0.0,0.0,0.008695789952697744,0.25029305437312116,0.13506153089046014,0.013502920182679736,0.0
CELA2B_hg,0.0,0.0,0.0,0.0,0.0028099843855330727,0.0,0.0009322802793293429,0.0,0.0,0.0,0.0,0.0006460059076777403,0.0,0.0,0.0
CELF2-AS1_hg,0.0,0.00416924019337984,0.0010594282055667271,0.012756537570430547,0.00944933527966615,0.0,0.0,0.002545902871822183,0.0,0.0,0.0,0.008986970184012715,0.0,0.0,0.0
CELF2-DT_hg,0.0,0.3783006510404488,0.0,0.0,0.01930857773286325,0.0,0.01577275247945233,0.0,0.0,0.022211788494022083,0.08473725295706172,0.015761307246410672,0.0,0.0,0.0
CELF2_hg,0.0,0.26466290832442513,0.0,0.0,0.3523348533788546,0.0,0.0,0.31236174300141584,0.044991019119608885,0.2929550143158357,0.0,0.07488543284212033,0.5716486571625595,0.12556272467100138,2.5753160952064533
CEMIP2_hg,0.0,0.08182255121587137,0.17684418918126302,0.00432200137668906,0.14744613231998807,0.04415226613802804,0.0,0.08486470198723597,0.0,0.0,0.0,0.12532555612529195,0.024524835693087856,0.13212507425182538,0.3852815973730826
CENPE_hg,0.0,0.5044372713016237,0.0,0.11573034205071386,0.0,0.5370830848675502,0.0,0.0,0.0,0.39473009031476025,0.10136109891492412,0.0,0.0,8.476539383821324,0.0
CENPJ_hg,0.0,0.613490576548601,1.1449237619733996,0.10145976982341573,0.0,0.27504704176077427,0.22750741887712983,0.5639708488259739,0.17583462882355172,0.0690758488793014,0.0,0.8117744757029798,0.33633693007495136,1.049064748830999,0.5534931654594041
CEP112_hg,0.0,0.25434643702787746,0.0,0.0,0.0030822298661450703,0.003403641685602436,0.0026492314002987947,0.026872218117115383,0.0,0.04360197500797225,0.04308556402151857,0.0,0.0,0.0,0.0
CEP164_hg,0.0,0.14729925048890055,0.6345567198900066,0.0,0.19704926583154,0.0293060182149767,0.007220970391019154,0.19913239187290807,0.0,0.1408550615788091,0.09616891713639737,0.8679282662234102,0.0,0.17585804906434138,0.06242903232990455
CEP295NL_hg,0.0,0.0,0.0,0.0,0.0003863043551667253,0.0,0.0,0.0,0.0,0.0,0.0,0.0,0.0,0.0,0.00024291653973323473
CEP57_hg,0.1706795286848664,0.7412102200234741,1.0503143126974315,0.6156912084258621,0.14181825405364176,0.1758414121392024,0.2106014511973604,0.7399119714261657,0.0,0.2248138689340725,0.0,0.4386610592585039,0.3014647626167988,1.3845692420825741,0.25322702371191286
CEP89_hg,0.0,0.46239464130178626,0.2973972113380333,0.04645682645450508,0.2279078589276284,0.03070479154398961,0.03407726924209255,0.01716416992163811,0.0,0.0,0.07049149943161041,0.31270522752687185,0.01196374583039021,0.10568558849722264,0.12679077633372507
CERCAM_hg,0.01272233283469511,0.7432354193987221,0.0,0.0160212282842404,0.16282297030491963,0.0,0.0433489108004318,0.1649796810857834,0.0,0.07082847472809499,0.14399846386379248,0.15278248800769442,0.04694607524993138,0.01194010694736362,0.025463741334024736
CERNA3_hg,0.0,0.0,0.0008410945160932025,0.0,0.0,0.0,0.0,0.00043634511330193645,0.0005548162016883464,0.0,7.164432174071965e-05,0.0,0.0,0.0,0.00044492546445383237
CERS3_hg,0.0,0.0008222540716317662,0.0,0.003276402409945714,0.0,0.0,0.0,0.0,0.0,0.0,0.0,0.0,0.0,0.0,0.0
CES1_hg,0.0,0.0,0.08237703230748881,0.0,0.16707777907198876,0.0,0.0,0.0,0.0,0.0,0.0,0.0,0.0,0.0,0.0
CES5A_hg,0.0,0.0,0.03492255532291961,0.0,0.0,0.0,0.00014902178343325972,0.003940928487032109,0.0,0.0,0.0,0.007365575643602707,0.0,0.0,0.00025270962451020076
CETN1_hg,0.0,0.0,0.005434158945022732,0.022393128344186452,0.006168186278522947,0.0,0.0,0.009040024927604204,0.0,0.0,0.0,0.0033909725027828123,0.0,0.0,0.0
CFAP100_hg,0.0,0.0,0.0,0.00013611267994365525,0.0,0.0,0.0,0.0003140021880369903,0.0,2.4012116103712043e-05,0.0,0.0,0.0,0.0,0.0014526349513179946
CFAP161_hg,0.0,0.0,0.0,0.02905899417091623,0.5672976119366325,0.0,0.0,0.1454639257188601,0.0,0.028884499478439716,0.0,0.0,0.0040110280506940686,0.07726603597570222,0.0
CFAP251_hg,0.0,0.5134691711311703,0.32639561882161405,0.15669753735312883,0.06833915713183716,0.09525039158050227,0.0008037037151581871,0.15327006336513896,0.0,0.036869088553602505,0.06171350949019073,0.10067583598623545,0.05111718273746478,0.049831955672539154,0.24621969937319022
CFAP298-TCP10L_hg,0.0,0.24851542643317792,0.024372435002834193,0.05462241493141862,0.12867048231542144,0.024812531967194185,0.01033495918421726,0.0014714947117421644,0.0,0.010690277246427566,0.020775211832645614,0.0,0.006050669826704698,0.0,0.0
CFAP47_hg,0.0,0.0020557588797316083,0.0,0.0005957352825841586,0.0,0.0,0.0,0.0,0.0,0.0,0.0,0.020478925579038843,0.0,0.013500815194210414,0.0260469975595008
CFAP54_hg,0.0,0.26505282922726775,0.0,0.03300230425093206,0.005336361542747025,0.023119305777049445,0.006908469380586815,0.012024557293549808,0.03751156360448649,0.000721801201399333,0.0,0.009382161683657256,0.0,0.0,0.042638591640058426
CFAP70_hg,0.0,0.29924689768269863,0.6359341453711292,0.22345502927327912,0.0,0.0,0.0,0.0,0.0,0.0,0.0,0.0031493713108796317,0.0,0.028028752184064643,0.06991313354315017
CFAP74_hg,0.0,0.29490084782563064,0.04012047398455673,0.0,0.003634708937108374,0.0,0.0009329323142972994,0.0,0.0,0.026102518147543406,0.05909914378800148,0.0,0.0,0.0,0.0
CFH_hg,0.0,0.2162988611274564,0.4110874539635257,0.0,0.06017577376213863,0.0,0.09637605857113449,0.7009119279333047,0.0,0.0438048273934614,0.0,0.0,0.09351881939981237,0.1911615346022348,1.8651979947828492
CFI_hg,0.0,0.0037188935694092737,0.0,0.0017172244682829708,0.0,0.0,0.0,0.0,0.0,0.0,0.0023835379461301753,0.0,0.0,0.0,0.05886022163670332
CFLAR_hg,0.0,1.1108269723533153,0.6177733165285134,0.0,1.1757760573707465,0.01612008230547482,0.11639001430460148,0.36869156253886304,0.11271150631386094,0.44571416081777027,0.10165615630686262,0.268079553539802,0.33821102411183573,0.033981563693689994,0.7745085849171228
CFP_hg,0.0,0.001921243168789521,0.024935511291573943,0.0009776098429547673,0.012496385358032493,0.0,0.0,0.0,0.0,0.0,0.00045993228479436146,0.013966363062241857,0.0,0.0,0.025961800315345143
CGA_hg,0.0,0.0,0.0,0.0,0.027443002249391887,0.0,0.0,0.0,0.0,0.0,0.0,0.0,0.0,0.0,0.0
CGB7_hg,0.0,0.0,0.0,0.0,0.0007819134607700885,0.0002708783674442806,0.0,0.0,0.0,0.0,0.0,0.0,0.0,0.0,0.0
CGREF1_hg,0.0,0.0,0.0,0.010564826583891313,0.014993610692022452,0.002019672101455192,0.0,0.004805174961127127,0.0,0.0004610120497334887,0.0,0.0,0.0,0.0,0.0
CHAC1_hg,0.0,0.0,0.292113954784916,0.0,0.0,0.0,0.07764453052996664,0.11115843911286208,0.0,0.0,0.0,0.05589626149514503,0.0,0.0,0.0
CHADL_hg,0.0,0.0,4.730078069823475e-05,0.0,0.0,0.0,0.0,0.0,0.0,0.0,0.0,0.0029707309083947127,0.0,0.0003783134005308801,0.0
CHCHD2_hg,0.6680236588980051,0.0,0.6728561810302272,1.2007879611921042,1.7010217332839928,0.20810043225403024,1.141974115549006,2.849390817984835,0.0,0.9357766924248727,0.057077907786579556,1.1280605398068524,1.4864758133368452,0.0,0.5285215647846765
CHCHD6_hg,0.0,0.03085927794567351,0.0,0.018680634749120715,0.15692611317741156,0.0,0.009721735232768274,0.24183128455976957,0.0,0.027844697302603538,0.0,0.1476535955115992,0.01150136159134994,0.02412197103874162,0.026514788139648398
CHD2_hg,0.0,1.248511436737308,1.3272949793220974,0.4335172745348139,1.3432007804786228,0.0,0.0,0.0,0.0,0.5511932284945081,0.7692816113501804,0.7157633909339864,0.10925177499502405,1.4140176205405828,0.19067125929035567
CHDH_hg,0.0,0.40172118649628324,0.010328920665830514,0.0,0.019982474900309438,0.03593176194790476,0.01640604211724257,0.025603141949010297,0.0,0.0024537605144966087,0.07596060828854292,0.05886431325066182,0.0457758789223015,0.0,0.055097118129022474
CHI3L1_hg,0.0,0.0018034182800543916,0.0007524908891033242,0.0,0.004396250271220659,0.0011016893678492902,0.0,0.0,0.0,0.0,0.0,0.0,0.0,0.0,0.0
CHMP2A_hg,0.0,0.09192837384145738,0.41384571229589684,0.6814763119568843,0.5621779437099831,0.21462791719093732,0.03262982659036855,1.2632196491796652,0.0,0.31425141872398676,0.0,1.4661491341124557,0.28182109026954977,0.0,0.3950563240716454
CHM_hg,0.0,0.13218545589330802,0.16797674203479776,0.0,0.06304561660829816,0.07136519236226388,0.0,0.11385102106056255,0.0,0.0,0.007341137686510696,0.0,0.0046526537807080395,0.025664392516206665,0.18762933807223262
CHN2_hg,0.007109801841743457,0.23045438302928165,0.0016871516195299202,0.0,0.0,0.004954673434965311,0.011387654586449327,0.0,0.0,0.0,0.037217951827186624,0.0,0.0,0.0,0.0
CHRNA1_hg,0.0,0.0,0.0,0.001631046337405422,0.001961627710905947,0.0,0.0003789931972855384,0.0,0.0,0.0,0.0,0.0,0.0006249496441251669,0.0,0.0
CHRNA6_hg,0.0,0.00014723938787584856,0.00011799653690395432,0.0,0.00023480409421189149,0.0,0.0,0.0,0.0,0.0,5.097662110749649e-06,0.0,0.0,0.0,0.0005907678015072568
CHROMR_hg,0.0,0.40328650255129633,0.2993906863897418,0.0013121325970430078,0.08998440140438058,0.04016726363806054,0.04744204755195344,0.0819659625408813,0.0,0.01336707977795661,0.054126549734365,0.0,0.02896233143071237,0.0,0.3659013669605435
CHST12_hg,0.06110349885967555,0.6643081690027125,0.06780393902004356,0.02936712728194648,0.12039751225156858,0.0,0.0,0.09840303128416007,0.0,0.08894327058469748,0.13532372244178398,0.3733002537331684,0.06394658313498593,0.0,0.31253865480534815
CHST3_hg,0.0,0.018958345066614913,0.03704991000748673,0.1637903443285115,0.004989880128780527,0.01707296781564711,0.0,0.0,0.0,0.0006069944347143222,0.0,0.02007432462720442,0.0,0.03580662580522208,0.0
CHST6_hg,0.0,0.2908605237763589,0.023186532419859525,0.0,0.006600691558137223,0.0,0.0,0.0,0.0,0.0,0.050896345858669985,0.015868977997757962,0.025559079845263323,0.0,0.0
CHSY3_hg,0.0,0.0,0.0,6.048078173792046e-05,0.00015983801665988033,2.1567230889907517e-05,0.0,1.4039605015653883e-05,0.0,0.00023609680786107555,0.0,0.0,0.0,0.0,0.0
CIZ1_hg,0.04395063563271799,0.6587591373312149,0.3215379530820386,0.704266988050441,0.5834800250784208,0.6791056090400218,0.3768458173640033,0.0,0.15831937188121373,0.3172201906630467,0.10975011776983458,2.464565119824714,0.0,0.46952064096593127,0.17366204217888925
CKAP2_hg,0.0,0.040083570501080926,0.22892377926569543,0.16494500925561228,0.0,0.3406437537465076,0.03209514989910215,0.9487895232536492,0.0,0.0,0.0,0.09696476150124435,0.0,1.2570858754252336,0.19857760900415666
CKAP4_hg,0.0,0.002335108388403952,0.003759219144605766,0.00215127635833813,0.0029116249148045514,0.0,0.0,0.0,0.0,0.0,0.0,0.0,0.0,0.0,0.002776440937565062
CKLF-CMTM1_hg,0.0,0.0,0.00012111154362492599,0.0,0.0,0.0,0.0,0.0,0.0,0.0,0.0,0.0004690331603325357,0.0,0.0,0.00017995074535963768
CKLF_hg,0.0,0.0,0.37343580537325033,0.0,0.5048812106545525,0.0,0.07702052811889394,1.1425689652081674,0.0,0.180189547513772,0.0,0.0,0.0,0.0,0.1516594646536182
CKS2_hg,0.0,0.0,0.0,0.07110252324521538,0.0,0.19400750067798983,0.06659905080144733,2.108903406513916,0.0007535548229486022,0.07815659400744314,0.0,0.0,0.06822201661712399,0.9758546176004343,0.0
CLCA1_hg,0.0,0.0,0.0,0.012605661013575787,0.005028544480678221,0.0,0.0,0.0,0.0,0.0,0.0,0.0,0.0,0.0,0.0
CLCN4_hg,0.0,0.0,0.0,0.08624623940483932,0.0,0.0,0.0,0.0,0.0,0.0,0.0,0.006078619682956497,0.007195673370279129,0.0,0.0
CLC_hg,0.0,0.0,0.0,0.000995973559082574,0.0,0.0029797314872834074,0.0,0.0,0.0017936056059896534,0.0,0.0,0.0,0.0,0.005304335907132964,0.009505771570677194
CLDN11_hg,0.0,0.0,0.0,0.016405975539220196,0.022105574513446566,0.0,0.0,0.0,0.002551276324481492,0.0,0.0,0.0,0.0004228644543795698,0.0,0.004015707891259528
CLDN14_hg,0.0,0.0,0.0,0.0,0.03388462829915389,0.0,0.0,0.0,0.0,0.0,0.0,0.0,0.0,0.0,0.0
CLDN18_hg,0.0,0.0,0.0,0.00010615231928656633,0.0005327246737659719,0.0,0.0,3.4649902095780074e-05,0.0,0.0,8.938950779472864e-06,0.00020692057291151427,0.0,0.0,0.0
CLDN1_hg,0.0,2.4273089536288797e-05,0.0,0.0,0.0004224588885571365,0.0,0.0,0.0,0.0,0.0,0.0,0.0,6.543998686278318e-05,0.0,0.0
CLDN7_hg,0.0,0.0,0.17937704914010624,0.0,0.10910024397862339,0.016543473978216178,0.023216800224073568,0.0,0.0,0.06428277557083076,0.0,0.11236478369818464,0.0,0.0,0.05421792429620988
CLEC10A_hg,0.0,0.0,0.0,0.0,0.008363250811901205,0.0,0.0,0.0,0.0,0.0,0.0,0.0,0.0,0.0,0.0
CLEC11A_hg,0.0,0.0,0.00507968307052482,0.0,0.1783215949421006,0.018454153426243795,0.0008200701213392173,0.17576859135213205,0.0,0.046433826926963476,0.0,0.27980283374661824,0.0,0.0,0.08587136586209601
CLEC12A-AS1_hg,0.0,0.04880969104432604,0.00518488702399011,0.0,0.012924481454333704,0.01861984520581494,0.0,0.007460501109306539,0.0,0.0,0.0,0.1395968829381792,0.0,0.0,0.0
CLEC2D_hg,0.0,0.15543113382250753,0.19809590990220532,0.10669125041323743,0.014241124646116444,0.0,0.0,0.0,0.0,0.0,0.0,0.0,0.0,0.0,0.10900545050184865
CLEC4A_hg,0.0,0.0010328725507807524,0.0011782931544008285,0.0,0.0013341593118490066,0.0,0.0,0.0,0.0,0.0,3.7074688325071194e-05,0.001038095392146389,0.0,0.0,0.0
CLGN_hg,0.0,0.0,1.0176184086321132,0.0,0.0,0.0,0.0,0.0,0.0,0.0,0.0,0.0,0.0,0.0,0.025432781814753072
CLIC4_hg,0.0,0.08944833580326002,1.026768522158241,0.0,0.1917682312633747,0.09010741634074818,0.10623170520219742,0.49523008061118234,0.0,0.0,0.0,0.06627163502996372,0.08633604787652395,0.09881795183082517,0.21655626468890862
CLIC6_hg,0.0,0.0,0.0,0.0032137734528441516,0.0,0.0,0.0,0.0,0.0,0.0,0.0,0.0,0.0,0.0,0.0
CLIP1_hg,0.0,1.0734146005452336,1.1407310835180213,0.0,0.3692769732180834,0.12704007472107937,0.0,0.0,0.0,0.1702301570369975,0.5439525341241066,1.251229051822353,0.0,0.456505961193631,1.025898499146191
CLMAT3_hg,0.0,0.0,0.0,0.00266785754666349,0.02238270067840835,0.0,0.0,0.009449620889493086,0.0,0.0,0.0,0.0,0.0,0.0,0.0
CLN3_hg,0.0,0.5720123599253832,0.03522784494771177,0.0,0.06068916684152243,0.07145926433906574,0.0,0.054140666553865395,0.0,0.06392707735128479,0.1192648034872703,0.03443666658643796,0.02388468822494555,0.03926803931238779,0.053701888145030796
CLOCK_hg,0.0,0.3199388402672318,0.4222932559702893,0.19019569182516122,0.0427430228934107,0.3559000492511625,0.0,0.025907190982206136,0.0,0.10198198883868212,0.0,0.0,0.07829048016332836,0.0,0.5009382136179811
CLU_hg,0.0,0.0,0.009593868671228916,0.11637188258354185,0.1413115907094564,0.0,0.0,0.10333555830780605,0.0,0.0,0.0,0.0,0.0,0.0,0.0
CLYBL-AS2_hg,0.0,0.0,0.0,0.0,0.0,0.0,0.000667231541948224,0.0,0.0,0.0,0.0,0.0,0.0,0.0,0.00039491871685985155
CMTM6_hg,0.0,0.08564530793003348,0.0,0.0,0.8292314646815209,0.09594862270751664,0.0,0.0688529139880528,0.0,0.24180780462567034,0.09081993320391517,0.132998855691952,0.37387363996623313,0.12066265496226679,1.5938828019194415
CMYA5_hg,0.0,0.036273324930968395,0.011774681379291562,0.0,0.06536061812222022,0.02627417966420188,0.0,0.0,0.004384293855526172,0.02285659057745981,0.0012351459893882634,0.0056980691709384,0.0,0.0,0.014001996067608252
CNGA4_hg,0.0,0.0,0.0,0.0,0.0004475494573368957,0.0017040639856135476,0.0,0.0,0.0,0.0,0.0,0.0,0.0,0.0,0.0
CNIH3_hg,0.0,0.0,0.06819021201910316,0.0,0.13415013376920082,0.0,0.0,0.0,0.0,0.0,0.0,0.0,0.0,0.0,0.0
CNIH4_hg,0.0985828377910657,0.028705931784245055,0.5240994633663356,0.0,0.4370398448638978,0.05187876932868017,0.22343496543907082,1.89737020874971,0.0,0.039215834121289386,0.0,0.0,0.0,0.0,0.0
CNN3_hg,0.0011073726438562,0.000425840248539458,0.0013958458293208142,0.000582509323547024,0.0007213582678660259,0.0,0.0,0.0,0.0,0.0,0.0,0.0003208851874895501,0.0,0.0,0.0
CNR2_hg,0.0,0.23990186227455904,0.0021073364002537833,0.0,0.0,0.007841089603163957,0.009974945965630129,0.0008999708867385968,0.0,0.030373185188557278,0.042474940586159034,0.0,0.0,0.0,0.0
CNTN2_hg,0.0,0.39421573823582845,0.03177070689177148,0.0,0.0,0.006683146129282043,0.01646449092812658,0.0,0.0,0.0,0.06916395265445063,0.059213494061521876,0.0,0.0,0.03391815314725761
CNTN3_hg,0.0,0.0011853426600384118,0.000225833030274026,0.0,0.0,0.0,0.0,5.189389122577304e-05,0.0,0.0,9.192149655855773e-05,0.0,0.0,0.0,0.0018622482657880324
CNTNAP4_hg,0.0,0.0009614232252378006,0.004086650116175069,0.0,0.00815426107611398,0.0,0.0,0.0,0.0,0.0,0.0,0.0,0.0,0.0,0.0
CNTNAP5_hg,0.0,2.4263520737813636e-05,0.0,0.00010564059874178885,0.0,0.0,0.0,0.0,0.0,0.0,0.0,0.0,0.0,0.00010549766222901511,0.0
CNTRL_hg,0.0,0.8506437055354115,0.22896637917450516,0.09475205187930125,0.06574394909137274,0.2579741387424677,0.0,0.040130234073401536,0.0,0.20427390012656266,0.37326083795156234,0.30585141543868755,0.02113239733608001,1.380174705915009,0.5212203053855388
COBL_hg,0.0,0.0,0.0,0.008183114948923157,0.05111456871411227,0.0014699012142801316,0.0,0.0,0.0010914278668979398,0.0007579363756088546,0.0,0.0,0.0,0.0,0.0
COL10A1_hg,0.0,0.0003238771283830384,0.0,0.0004833766375771057,0.001370519184384452,0.0014183310492620338,0.0,0.0,3.407071465043135e-05,0.0,0.0,0.0,0.0,0.0,0.0024101919796480783
COL13A1_hg,0.0,0.0,0.0007588664456787567,0.0,0.0,0.0,0.0,0.0,0.0,0.0,6.362044597719978e-05,0.0,4.3993530517912455e-05,0.0,0.0
COL14A1_hg,0.0,0.002770122521488593,0.010814641446736082,0.0602272902824187,0.04478899622962356,0.0,0.0,0.0,0.0,0.0,0.0,0.03127691286780141,0.0,0.0,0.0
COL15A1_hg,0.0,0.0,0.1804938488013691,0.0,0.24429463074470995,0.0,0.0,0.0,0.0,0.0,0.0,0.2717436408921632,0.0,0.0,0.6783108402063122
COL17A1_hg,5.3758459306448814e-05,0.00040272802610281575,0.0,0.0,0.000565250030740925,3.669334184858446e-05,0.0,0.0002605105804571056,0.00012314415330199363,0.0,0.0,0.0,0.0,0.0,4.514233399584526e-05
COL18A1_hg,0.0,0.05877478803894188,0.007245363836426202,0.4855496293372161,0.04488026034393508,0.0,0.0,0.0,0.0,0.0,0.0,0.11308856785329578,0.0,0.008974759578747962,0.0
COL1A1_hg,0.0,0.0,0.0,0.30647112681786576,1.1875881791431064,0.0,0.0,0.0,0.0,0.030198822978640003,0.0,0.0,0.0,0.0,0.0
COL1A2_hg,0.0,0.0027027377016878725,0.0,0.0,0.2564870273620487,0.0,0.0,0.011376756865590148,0.005109210592665891,0.05270934954866428,0.0,0.055759831597957527,0.03317079421311753,0.0,0.13236584723227632
COL20A1_hg,0.0,0.005512698677556972,0.0010097338575147676,0.0,0.0002981977586535554,0.0,0.0,0.0,0.0,0.0,0.0004453962971591669,0.004867358646523052,0.0,0.00185942780282819,0.0
COL4A4_hg,0.0,0.00039046938374692335,0.0012544505453976785,0.0,0.0,0.0005561306142634088,0.0,0.0009564626069658211,0.0,0.0,0.0,0.0012149108361793864,0.0,0.00025898902699004176,0.0013823619662941657
COL6A2_hg,0.0,0.001658294419351997,0.02344818977418633,0.0,0.008026408551877705,0.0,0.0,0.0,0.0,0.0,0.0,0.015529047722663903,0.0,0.0,0.0
COL6A3_hg,0.0,0.0,1.0472021963342244,0.0,0.08597034896660644,0.0,0.0,0.0,0.0,0.0,0.0,0.7222765883892609,0.0,0.0,0.3834672941314366
COL6A5_hg,0.0,0.24908288785230356,0.0,0.0,0.0,0.11507523415147916,0.0,0.0,0.001562637800072476,0.14227344314580834,0.12883920441467037,0.05653853653174417,0.01322575401523168,0.023796091469779387,0.5322007515730679
COLEC12_hg,0.0,0.4068337232757001,0.01913561641733996,0.0,0.001893430985391207,0.021455631340770186,0.01474870766262355,0.010398723334744031,0.0,0.04898293503923395,0.07571003567062833,0.0,0.0,0.0,0.006383302145301705
COLGALT2_hg,0.0,0.0,1.0020886353704417,0.0,0.0,0.0,0.14868364678507076,0.7121678092431235,0.0,0.0,0.0,1.7809326100232665,0.20131509798842012,0.0,1.537776908972283
COMMD3-BMI1_hg,0.006902616962072956,0.0814290152216642,0.09092588486947621,0.0,0.029379165723237625,0.09525496003792068,0.0,0.03757835938264542,0.0,0.0,0.0,0.0,0.00888854077684864,0.04307521579834209,0.05668929994419434
COPE_hg,0.0,0.11450838771158256,0.04770570593220891,0.06295535377663984,0.15732000607770408,0.08158557868920359,0.319683860248893,0.3006153188242653,0.0,0.0,0.0,0.5672946262060038,0.0,0.0,0.0
CORIN_hg,0.0019438995234023126,0.000752789100112703,0.0011040324206258113,0.0007656873270574916,0.0020079609801439214,0.0007226320136310892,0.00011354180536165043,0.0,0.0,0.0,0.000366410477313383,0.0,0.0,0.001286434909263215,0.0
CORO1A_hg,0.0,0.005141740287775928,0.014364364102642073,0.0,0.09631556348060506,0.0,0.011930967719968395,0.02770925955928422,0.0,0.02374182527844351,0.0,0.10936811603551722,0.0,0.0,0.0973955238673954
COX5B_hg,1.1171255258743138,0.0,0.0,0.21616163159939594,0.9663211135499494,0.9650016044414411,0.0692930618821867,3.5794664352657004,0.04395063894508813,0.2733032045650351,0.0,0.9147158843239029,0.597759850876964,0.0,0.0
COX6A1_hg,0.4450137122006257,0.0348521631875166,0.27812369014211974,0.38400005926135583,0.8942709857577626,0.6869137817879928,0.26302216902738773,3.8301141579302436,0.0,0.09475921541112167,0.0,0.0,0.29060822746249254,0.0,0.0
COX6B1_hg,1.3638155978959212,0.06930519541659641,0.0,0.4344212057767528,0.5640597550990368,1.1246205054692529,0.08791232127787994,3.326292185959653,0.07220580516537527,0.49863999692103095,0.020311922224572603,0.558354939052246,0.6774231615628008,0.0,0.0
COX6C_hg,1.0869849687389608,0.2628418463584288,0.0,0.35359034148238566,0.7446022499141715,0.47968018075146723,0.0,2.9361968349789045,0.0,0.6890258972968734,0.034632766013721526,0.0,0.4179484690376416,0.0,0.09598360031422676
COX7A2_hg,1.4779860678362333,0.0,0.10150888836756332,0.3534145859922307,0.5767208934903041,0.541532439539767,0.04438260051687836,4.349711139705306,0.044655992797260555,0.0,0.0,0.0,0.7097406953881754,0.0,0.0
COX7B2_hg,0.0038015754950167925,0.0,0.005326074521133663,0.0036603408788730076,0.013029612928160022,0.0,0.0014733031197670318,0.0169021506644028,0.0,0.0006819770585887032,0.0,0.0036169327930048413,0.0,0.0049393737659852305,0.004648139022222746
COX7B_hg,0.20299301196812958,0.0,0.0,0.24218145851011205,0.31209795284615466,0.6851336801360001,0.0,3.1759620540770603,0.0688261664853949,0.017537908513783215,0.0,0.0,0.22279373901006644,0.0,0.0
COX7C_hg,2.827525398632979,0.0,0.0,0.9055208149088092,0.5256992094938714,1.3986336003774993,0.0,3.275850284888297,0.123264689883239,0.0,0.0,0.3424913362328454,0.8559590532810432,0.0,0.0
COX8A_hg,0.665354303823793,0.20634867697898768,0.15297521399474026,0.11433005873334541,0.38055768084773206,0.9163677457847075,0.1912108555597611,3.290460135647403,0.0,0.559208315580011,0.0,0.537308098842152,0.24444816024662536,0.0,0.12988265393737428
CPB2_hg,0.0,0.06311568364606897,0.0,0.0015707056638305827,0.003043037301141444,0.005483764741759159,0.0,0.027723359588556186,0.0,0.0,0.0,0.006894047663885607,0.0,0.0,0.011679023276050176
CPN1_hg,0.0,0.0,0.0,0.0018587068145826766,0.004663326077293825,0.0,0.0,0.001703383993581319,0.0,0.0,0.0,0.0,0.0,0.0,0.0
CPN2_hg,0.0,0.0,0.00021921683731971193,0.0,0.0,0.0,0.0,0.00040100253090518783,0.0,0.0,0.0,0.0,0.0,0.0,1.643886740299595e-05
CPNE4_hg,0.0,0.0,0.0007353488779153163,0.0,0.0,0.0,0.0,0.0,0.0,0.00045465669676184685,0.0,0.0,0.0,0.0,0.0
CPPED1_hg,0.0,0.20032084514663384,0.64074320389788,0.0,0.8862462628524833,0.1146072130531228,0.08286428306005013,0.22829575144088615,0.0,0.0,0.0016649053798695195,0.0,0.03440067762040906,0.0,0.8772137226703207
CPS1_hg,0.0,0.34871802073154723,0.04531427565634328,0.006064536167488908,0.03720756366618852,0.0008690040475066106,0.0,0.046200298677572714,0.0,0.0,0.08978746390588162,0.057569001659971496,0.0044580389379287105,0.03681595070683092,0.01274295640509378
CPVL_hg,0.0004615940947850629,0.006180187284330569,0.0,0.017785040080097805,0.0,0.003873264589459878,0.0,0.0,0.0,0.0010011933549997937,0.0,0.0,0.0048184739366445885,0.0,0.0
CPXM1_hg,0.0,0.0,0.0,0.13490826263757824,0.01541119094523669,0.0,0.0,0.0,0.0,0.0,0.0,0.0,0.0,0.0,0.0
CPXM2_hg,0.0,2.3750713346817124e-05,0.00011561653861794888,0.0,0.0,0.0,0.0,7.70373980416815e-05,0.0,0.0,0.0,0.0001896753879789816,0.0,9.339762186118014e-05,0.0
CPZ_hg,0.0,0.0,0.001218942925426206,0.0,0.0,0.0,0.0,0.0,0.0,0.0,0.0,0.01258569884485581,0.0,0.0,0.012022728439824444
CR1L_hg,0.0,0.017240045088433027,0.0,0.7649377043059877,0.48111153441152044,0.0,0.0,0.3763532206121514,0.049837696464805466,0.0,0.0,0.0,0.014532009455909737,0.0,0.0
CR381653.1_hg,0.06187642116977516,0.46350371283479774,0.08271998238149406,0.34354401739452245,0.02216091490052595,0.2372996767168965,0.0,0.47229804004100406,0.056314705994585865,0.0,0.0,0.02133875755839692,0.0,0.1996451431356392,0.1272079167923468
CR392000.1_hg,0.0,0.00022055442939156742,0.0,0.0,0.00037309060262273147,0.0,0.0,0.0,0.0,0.0,0.0,0.0,0.0,0.0,0.0
CRAT37_hg,0.0,0.21065597058962948,0.0003155452189857729,0.0,0.003636492927052762,0.0060567303005092405,0.0037794618781006816,0.0,0.0,0.00554124979607371,0.0444211107750899,0.02577318908893894,0.0,0.0,0.019347217588645983
CREB3L3_hg,0.0,0.008952855239031852,0.00300858956005162,0.004843024521764113,0.005824532069324777,0.0,0.0,0.0,0.0,0.0,0.0,0.0,0.0,0.0,0.0
CREB5_hg,0.04894020394197463,0.08259129095488116,0.16366991793346375,0.0817839160547241,0.24602898701363288,0.0,0.0,0.021891833517174997,0.0,0.0,0.0,0.03669601081047897,0.055474722494573935,0.0,0.014775140408036822
CREBBP_hg,0.03981342333162908,0.5087301720625009,0.4687067376829855,0.3669479808942635,0.40473099938979673,0.5829775383065164,0.0,0.0020628196974386637,0.05645136285242326,0.12074496422602736,0.13606282130257744,1.1967525348298285,0.06332697433295173,0.8554360222057728,0.4564167792802795
CREG1_hg,0.12147045621750237,0.31294587399740875,0.47624796330461716,0.30538391589715824,0.3096683388903249,0.29217705286083995,0.0,0.14957587096683625,0.0,0.0,0.0,0.0,0.08779112752303692,0.0,0.6585843047080698
CRIP3_hg,0.0,0.0,0.0,0.05646574869711006,0.080218320472741,0.0,0.0,0.01624074159279185,0.0,0.0,0.0,0.0,0.0,0.0,0.0
CRPPA-AS1_hg,0.0,0.14500055438413836,0.0,0.4194567045444258,0.0,0.16764454677749904,0.0,0.0,0.001800580485445885,0.02986779217372384,0.0,0.0,0.1611974745805081,0.03852618340295987,0.0
CRPPA_hg,0.0,0.2646676325463889,0.032504044502197176,0.015895511790901165,0.1388449538004812,0.04221477187726456,0.0,0.07708182823516513,0.0,0.08938855994829807,0.026189875418446865,0.06703727041653437,0.0,0.08626975170879053,0.7318692130655495
CRTAC1_hg,0.0,0.0,0.00035062659274451134,0.004256245751888229,0.0,0.0,0.0,0.0,0.0,0.0,0.0,0.0,0.0,0.0,0.0
CRX_hg,0.0,0.45770800103014175,0.00028813370736612156,0.0,0.0,0.018385415941515586,0.0,0.006423641001256364,0.0,0.0,0.15140016401108627,0.0,0.019826803507098433,0.0,0.0
CRYAB_hg,0.0,0.0,0.0,0.11064835773497128,0.17585433647408377,0.0,0.0,0.08300937327278599,0.0,0.0,0.0,0.0,0.0,0.0,0.0
CRYBG2_hg,0.0,0.0,0.31901770553268305,0.0,0.18205817970738955,0.0,0.10716216901106654,0.01223072939469499,0.0,0.00985056705039274,0.0,0.15924240850459048,0.0,0.0,0.0
CRYGN_hg,0.0,0.0,0.0001960259148866001,0.0,0.0,0.0,0.0,0.0,0.0,0.0,0.00020206028078100833,0.00013294098021280248,0.0,0.0,0.0
CRYM_hg,0.0,0.0,0.0,0.17385451520761605,0.11647590343985047,0.0,0.0,0.0,0.0,0.0,0.0,0.0,0.0,0.0,0.0
CSF1_hg,0.0,0.07039559227771766,0.0,0.0349935593581273,0.7205970987389468,0.0,0.0,0.0,0.011413152900602158,0.0,0.0,0.1625228130416655,0.007526007194262456,0.0,0.0920488001474483
CSMD2_hg,0.0,0.2359182250353972,0.0,0.0,0.0017771175305591523,0.0020877438882859634,0.006328589754779759,0.0,0.0,0.008361604978793246,0.02999913322774989,0.0013456160605524272,0.0057089143095114155,0.0,0.02873230795918617
CSRP2_hg,0.0,0.0,0.0,0.07001341748602474,0.1518969810975065,0.015218548690683337,0.003970629982477345,0.02055843089299038,0.0,0.0,0.0,0.0,0.0,0.0,0.0
CSRP3_hg,0.0,0.0,0.0,0.0004337621922904837,0.006024277591910869,0.000279809498546114,0.0,0.0,0.0,0.0,0.0,0.0,0.0,0.0,0.0
CST6_hg,0.0,0.00030232704758291555,6.201918057560184e-06,0.0,0.0006204428113640877,0.0,0.0,0.0,0.0,0.0,2.9798764318754793e-05,0.00029901465161261,0.0,5.837799087233248e-05,0.0
CST9L_hg,0.0,0.0,0.0,0.005582327195254665,0.0061839975039750155,0.0,0.0,0.001550830598754766,0.0,0.0,0.0,0.0,0.0,0.0,0.0
CSTA_hg,0.0,0.0,0.16164397732342495,0.0,0.0,0.0,0.011761931598263192,0.13558519060910362,0.0,0.0,0.0,0.0,0.0,0.0,0.0
CSTB_hg,0.0,0.0,0.2847078627540387,0.02466467286928279,0.42320706367091093,0.0809724582883429,0.2251349043974057,1.3565590421164198,0.0,0.276808320382548,0.0,0.0,0.0,0.0,0.0
CT45A10_hg,0.052170599397585594,0.14736718943057706,0.10261237436870628,0.0,0.0072784910815230424,0.03327291568761493,0.0,0.16078888777529077,0.0,0.05297635577898785,0.03719826254243442,0.09389429689940595,0.05569016918152585,0.12506571444229084,0.0010770423725472392
CT47A12_hg,0.0,0.0,0.0,0.0003038374683850539,0.003920848216963072,0.0,0.0,0.0015493838060089934,0.0,0.0,0.0,0.0007302681919541669,0.0,0.0,0.0
CT47B1_hg,0.0,0.002941736543920986,0.0030044830841284616,0.0036401771096390002,0.001613766730066267,0.0,0.0004555267770907439,0.0,0.0,0.0,0.00015215321492436005,0.0,0.0,0.0,0.0
CT66_hg,0.0,0.00023158701851238824,0.0004997070373065026,0.0,0.0,0.0,0.0,0.0,0.0,0.0,0.0,0.00011384093756233588,0.0,0.0,0.0
CTAG1A_hg,0.0,0.0,0.0,0.0014371934087011322,0.002374039998028228,0.0,0.0007989653384825315,0.0,0.0,0.0,0.0,0.00012692116956570837,0.0,0.0,0.0
CTAG2_hg,0.0,0.015011385641287792,0.0,0.03601984133290915,0.05469144658261568,0.031191518834371924,0.004779319797974457,0.08457177347329552,0.0,0.013660039029064342,0.0046996953976285285,0.10084703281759407,0.027335133238112114,0.0,0.0
CTB-178M22.2_hg,0.0,0.0,0.007581986186132008,0.0,0.015250031276625676,0.0,0.0,0.0,0.0,0.0,0.0,0.0,0.0,0.0,0.0
CTBP1-AS_hg,0.0,0.2211115224317624,0.020858308284721645,0.0,0.0,0.005605571104928288,0.005548875010904461,0.0018996660494201882,0.0,0.0,0.051111036339155265,0.014909884337114536,0.0,0.0,0.0
CTCFL_hg,0.0,0.10110107782664887,1.317961749478334,1.7025548008888771,0.5156228163643826,0.7015066544404729,0.08800717233937669,0.0,0.0,0.41474425671021303,0.30539435684800637,1.7625847142266995,0.4104664565227163,0.820217898562384,0.0
CTH_hg,0.0,0.02013412552914193,0.6988608451849172,0.0,0.0,0.0,0.15601101085056596,0.20939522085974824,0.0,0.0,0.0,0.0,0.0,0.0,0.0
CTLA4_hg,0.0,0.004145710690416031,0.002189507609225215,0.0,0.0,0.0,0.0,0.0008346807743807701,0.0,0.0,0.0,0.0,0.0,0.0,0.0
CTNNA1_hg,0.0,0.12400870742527166,1.2833548347738768,0.171186471779326,1.3201304401452831,0.3971159452081403,0.11147776560792752,0.04990225993259147,0.0,0.04482101635100836,0.07206944548812998,0.6912837479290946,0.11553570862475425,0.514073528442273,0.3264800942215138
CTSE_hg,0.0,0.0,0.0,0.1184844773252572,0.11854923490929142,0.0,0.0,0.0,0.0,0.0,0.0,0.0,0.0,0.0,0.0
CTSH_hg,0.0,0.0,0.0,0.0,0.32121510874002296,0.14037734100336705,0.11905293340993534,0.5596841621660913,0.0,0.07528853361067499,0.006306071723369947,0.6851343264461847,0.1362385985993487,0.0,0.6149953216238127
CTSL_hg,0.0,0.01647918410637967,0.3662163686083669,0.16735369809752818,2.065708664713867,0.0,0.19877380098145786,0.0,0.0,0.006171185178606977,0.0,0.0,0.0,0.0,0.0
CTSS_hg,0.0,0.08043738873316031,0.15791435042232835,0.0,0.11222507132646542,0.0,0.0,0.013834652557210484,0.0,0.0,0.001022274330213088,0.0,0.0,0.0,0.35372624981299905
CUEDC1_hg,0.0,0.016710841297102427,0.05464635050796746,0.0,0.06646347139004855,0.0,0.0,0.0,0.0,0.0,0.0,0.07430847335126509,0.0,0.0,0.04525087197941327
CX3CR1_hg,0.0,0.0,0.0046168944910735385,0.0,0.0,0.0,0.0,0.0,0.0,0.0,0.0,0.0007345861754140657,0.0,0.0,0.0038729193913784785
CXCL10_hg,0.0,0.0,0.0012304498123513685,0.00010825126395039254,0.0005974043630608439,0.00017102380409316913,4.275661155627727e-05,0.0,0.0,0.0,0.0,0.0,0.0,0.0,0.0
CXCL1_hg,0.0,0.0,0.003971342220905808,0.0,0.0020416562616462877,0.0,0.0025875082097209716,0.0,0.0,0.0,1.1567023505378799e-05,0.0028178670590984995,0.0,0.0,0.0007405830628443438
CXCL3_hg,0.0,0.0,0.1401525562501997,0.0,0.13543461927052053,0.0,0.030347328955163923,0.0928641558253608,0.0,0.05063694243874277,0.0,0.15149599276856435,0.01611782801988082,0.0,0.023865503193541172
CXCL8_hg,0.0,0.0,0.034125756885274756,0.0,0.20487372888523314,0.0,0.0,0.0,0.0,0.0,0.0,0.0,0.0,0.0,0.0
CXCR5_hg,0.0,0.0004965205801559228,0.0,0.0006136340024973525,0.003708192431406004,0.0007967610172504252,7.385274709222493e-05,0.0007050991845327576,0.0,0.0,0.0,0.0,9.67530605369355e-05,0.0,0.00013255411026128215
CYBA_hg,0.0,0.0,0.0,0.06854429062916959,0.2474936951504845,0.15604998819579072,0.25665366845817444,0.8337084791316304,0.0,0.0366681753633577,0.0,0.9394420988421158,0.0,0.0,0.0
CYFIP2_hg,0.0,0.0,0.16785294818712193,0.0,0.008112055503648465,0.0,0.0,0.0,0.0,0.0,0.0,0.09916420241921706,0.0,0.0,0.0
CYP11A1_hg,0.0,0.0,0.007806204945103802,0.0,0.11816411535417368,0.0,0.0,0.0,0.0,0.0,0.0,0.0,0.0,0.0,0.0
CYP20A1_hg,0.0,0.9261548242970179,0.5399127629287414,0.10715862660013566,0.0,0.11617874268602246,0.0,0.09908613713051034,0.0,0.15424632156541343,0.38785721444373444,0.31962154084986855,0.41979407427323373,0.1097470023291848,0.3940390304272721
CYP2A6_hg,0.0,0.0,0.00032665287428818056,0.0,0.0,0.0,0.0,4.8527241004395875e-05,0.0,0.0,5.73621925661258e-05,0.0,0.0,0.0,6.489486627698735e-05
CYP2R1_hg,0.0,0.06114312638402992,0.3718670144789552,0.03592451026286185,0.0,0.0,0.03195979464217371,0.18709473051019598,0.0,0.0092193862318002,0.0,0.15070604957491346,0.010794262856757122,0.0,0.007951873053558848
CYP3A5_hg,0.0,1.0001414318670825,0.06922814773825824,0.6812145797173416,0.1796177622001601,0.0,0.0,0.0,0.0,0.0,0.0,0.12222925506659454,0.0,0.0,0.41125345662446594
CYP3A7-CYP3A51P_hg,0.0,0.0,0.0,0.0004467146773113911,0.0,0.0005302097599277361,0.0,0.0,0.0,0.0,0.0,0.0,0.0,0.0,0.0
CYP46A1_hg,0.0,0.5092316994747994,0.008619351818481608,0.0,0.03156358479515395,0.0030491720749138587,0.012669317104009982,0.04362544282941365,0.0028021081352812664,0.07237635916109085,0.11711217075176716,0.0,0.0010172817951935899,0.0,0.0
CYP4F3_hg,0.0,0.018003991738116648,0.005813908094427221,0.0,0.0,0.0,0.0,0.0,0.0,0.0,0.004073102823709171,0.0007434256199327701,0.0,0.0,0.0
CYP51A1_hg,0.0,0.10401768385433974,0.40461083158901695,0.07365163016543064,0.01072218951695175,0.3913181489301202,0.03214682400783226,0.763203885561625,0.030085728949538287,0.0,0.0,0.2527052721165182,0.33828311596507277,0.11499717557166149,0.36345182915955887
CYP7B1_hg,0.0,0.00021221436367120932,0.000764474411313632,0.0,0.0,0.00024940889275727583,0.0,0.0,0.0,0.0,0.0,0.0,0.0,0.0,0.0
CYRIA_hg,0.0,0.0,0.28350910195888973,0.09075591476344974,0.5681674857293214,0.0,0.0,0.0,0.0,0.0,0.0,0.0,0.0,0.0,0.09206265699895935
CYSLTR1_hg,0.0,0.3110329818320262,0.0075150982326035445,0.028044267422554833,0.024616742804067736,0.024087029269153674,0.004454811878865788,0.02757146963824978,0.03766614705900316,0.010388935155571535,0.0,0.037644736355445275,0.0,0.017348187018142783,0.04830805986703933
CYSTM1_hg,0.0,0.0,0.6354317074187813,0.6417889274248144,0.6373025197865476,0.17360651722007958,0.3017886886232681,1.6771344844140292,0.0,0.0,0.0,0.0,0.0,0.0,0.14733841367430056
CYTIP_hg,0.0,0.0,0.0037704598968530717,0.0,0.003487294877225172,0.0,0.0,0.0,0.0,0.0,0.0,0.00061066083298182,0.0,0.0,0.0020868812961185334
DAB2_hg,0.0,0.0,0.13338849980921988,0.009304977156089368,0.9034774579699459,0.0,0.03928262175684395,0.6396696725813669,0.0,0.3335650682743695,0.0,0.04923183413515201,0.0,0.13024426391937005,0.5173401215715884
DACH1_hg,0.0,0.0014965348113645297,0.006427991824597608,0.0015817188447723527,0.013973500100051975,0.002445591398926556,0.0,0.0010936054971591661,0.0,0.00559707949121621,0.0,0.0,0.0007698488370175031,0.0,0.0027455117509846967
DAD1_hg,0.0,0.0,0.17673290548896103,0.14253509932283434,0.7112050536913992,0.0,0.45383096651630683,2.5225056037875766,0.0,0.0,0.0,0.0,0.17709701077849055,0.0,0.0
DAO_hg,0.0,0.0003659250883780898,6.411981658236539e-05,0.0,0.0004105671689437278,0.0,0.0,0.0,0.0,0.0,0.0,0.0,0.0,0.0,0.0
DARS-AS1_hg,0.0,0.07699305429433957,0.00523676108782836,0.009039633259543918,0.02042301477226139,0.003424009604845145,0.004502717301808708,0.019251722429634265,0.000505939248006481,0.0,0.0,0.03382834449639462,0.0,0.0022977101155118975,0.008720443860701938
DBI_hg,0.049734296822057246,0.0,0.0,0.0,0.6915751613365988,0.23209715065625544,0.1547947051552936,2.3034507710601226,0.01231260681065491,0.0744975573255048,0.0,0.0,0.0,0.0,0.45201265760682613
DCHS2_hg,0.0,0.06493568518733572,0.08769741964456289,0.007882938137033169,0.31394498032491264,0.017976153951247395,0.0,0.06700856982338493,0.0,0.0012297344325914049,0.0,0.012969868375446532,0.0,0.0,0.2946993068479566
DCLK1_hg,0.0,0.0,0.0,0.0,0.006447256159861703,0.0,0.0,0.0,0.0,0.0,0.0,0.0,0.0,0.0,0.0
DCLK2_hg,0.0,0.0,0.0,0.0,0.0,0.0,0.0,0.0,0.0,0.0,0.0,0.0015705164207728752,0.0,0.0,0.003825563201087795
DCLK3_hg,0.0,0.0,0.0,0.0034777009808785505,0.003865784235961669,0.0,0.000244645709678998,0.0,0.0,0.0,0.0,0.0,0.0,0.0,0.0
DCLRE1C_hg,0.0,0.4095547548366049,0.30618155999602503,0.03580057183587176,0.3058603767408267,0.1361256761534538,0.0,0.12502831754898108,0.0,0.14281350217741462,0.06014415690582973,0.024493698376476362,0.04762094188687715,0.08035317525598978,0.43907647997546745
DCT_hg,0.0,0.0,0.008440226086328096,0.036815752147928725,0.02427453633281468,0.0,0.0,0.0,0.0,0.0,0.0,0.023464551477788666,0.0,0.0,0.0
DCUN1D2_hg,0.0,0.48297123046497487,0.046809109819797266,0.021273473097431148,0.11233863668523617,0.02361559800039527,0.0266155119590864,0.06393587375707395,0.0,0.0,0.10146434889975,0.08163704687083627,0.07238903127460947,0.0,0.07454869021004645
DCXR_hg,0.0720845882869571,0.04809560462239805,0.019430472962813097,0.3409739819188731,0.0,0.6434461974510195,0.10671875703449983,1.3041687896475256,0.0878390623753482,0.09419242973473353,0.01708536328410784,1.2652837025581625,0.18106308436341195,0.177429414544941,0.0
DDIT3_hg,0.0,0.0,2.1927688315238485,0.6349549840672409,0.6896238963817554,0.0,0.3163043528619086,0.5100499311805389,0.0,0.0,0.0,0.49096135678109,0.0,0.0,0.0
DDIT4_hg,0.0,0.0,1.6945336878523796,0.0,0.0,0.0,0.3957463976702789,0.4410536623307827,0.0,0.0,0.0,1.2008923067669623,0.0,0.0,0.0
DDR1-DT_hg,0.0,0.1542752874912371,0.00490199364348948,0.0,0.005346776684887812,0.0035704965462355623,0.002457120959811606,0.013462771573662253,0.0,0.0,0.0321559042500459,0.021258100401281222,0.0,0.0,0.0
DDR2_hg,0.0,0.1237989519797909,0.15154528483239574,0.0,0.20661229996658603,0.008949967276853966,0.0,0.0,0.0,0.03386505945705101,0.0,0.06069673664284595,0.039980090605931023,0.060080798000932634,0.04255427564658162
DDX59_hg,0.01944020615731051,0.3033191076461085,0.20753269247186176,0.04251781510186462,0.0,0.10110731270890155,0.0,0.0,0.0,0.007784384112604334,0.03170281011642371,0.11012140902924542,0.061390693316383374,0.0,0.09580862342686408
DDX60L_hg,0.0,0.1512254518914967,0.3227399427866345,0.04790669146353226,0.3998484512889119,0.0,0.0,0.0,0.0,0.0,0.0,0.0,0.0,0.0,0.0
DDX60_hg,0.0,0.007655985398568157,0.013302533513961308,0.0,0.023900362098676315,0.0,0.0,0.0,0.0,0.0,0.0,0.0,0.0,0.0,0.007364994855724112
DEFB132_hg,0.0,0.0,0.0,0.0,5.513844645924891e-06,0.0,2.2209912490200896e-05,0.0002300632908758846,0.0,0.0,0.0,0.0,0.0,0.0,0.0
DENND2A_hg,0.0,0.4040540870374006,0.007209547951238751,0.0,0.010277489009949174,0.0,0.0,0.02851068021711895,0.0,0.04700023042335277,0.0976855399528238,0.0,0.0,0.0,0.0
DENND2B_hg,0.0,0.0,0.0,0.02377601674421997,0.2520092191339646,0.0,0.0,0.013834325151894582,0.0,0.0,0.0,0.0,0.0,0.0,0.0
DEPDC1_hg,0.0,0.0,0.2863632052221601,0.4046195913707578,0.0,0.0,0.0020357651644685405,0.7148851256921045,0.0,0.0,0.0,0.05587241966309475,0.0,1.5033512733551078,0.0
DEUP1_hg,0.0,0.1595395334281237,0.6484666116859181,0.0,0.0,0.0,0.0,0.30552977738584014,0.0,0.0,0.0,0.3857181024828235,0.13715606945815428,0.07514725461640583,0.0
DGCR6L_hg,0.0,0.3734026625684918,0.14964624125141682,0.39316595750172084,0.0,0.0,0.24998950815490134,0.5357919511309247,0.0,0.0,0.0,1.090640683063243,0.0,0.0,0.05242489373945219
DGKB_hg,0.0,0.16177519200119006,0.010933039328790776,0.0,0.015176723982485056,0.006672374620539912,0.0,0.01127077016783862,0.0,0.009815025239334125,0.03708421134512902,0.007104052566481357,0.0,0.0,0.0020364330726619826
DGKH_hg,0.04090676175713361,0.8998815937551239,0.26158989411139266,0.10618550358761925,0.29666625746740954,0.09899226087738808,0.0,0.19099198355136676,0.0,0.17473005193886218,0.15028433675938657,0.0,0.16782000826704752,0.023564506452191727,0.21672029754674751
DGKI_hg,0.0,0.0013018215459871011,0.005803365356422986,0.0,0.023085110720776743,0.0,0.0,0.0,0.0,0.0,0.00019770707562581554,0.0,0.0,0.0,0.0
DGKK_hg,0.0001846223863256932,0.0,0.0007811980005942987,0.0,0.0,0.0,0.0,0.0006054014965920329,0.0,0.0,0.0,0.0,0.0,0.0,0.0
DHRS2_hg,0.0,0.0,0.0,0.5462201940471283,0.46915888458007526,0.09614585705448914,0.0,0.0,0.0,0.25627431205066586,0.0,0.033473901157686475,0.0,0.0,0.0
DHRS4-AS1_hg,0.020776422898253672,0.632902665926573,0.07711698382763618,0.13583080357383195,0.027292679115228317,0.029739591038380347,0.05231215135514587,0.060828536512990736,0.0,0.019171284489532002,0.1428603050091209,0.0,0.011220242376269264,0.0,0.0
DHRS9_hg,0.0,0.0,0.0,0.0,0.07070578998615104,0.0,0.0002015068638932995,0.004334122052563371,0.0,0.0,0.0,0.0,0.0,0.0,0.0038824001868003506
DHX33-DT_hg,0.0,0.0,1.5065200958779921e-05,0.0002768471058683605,0.0,3.0682646503278296e-05,0.0,0.0,0.0,0.0,0.0,0.0,0.0,0.0,0.0
DIAPH2-AS1_hg,0.0,0.0,0.0,0.0006501683772749478,0.002217111511809883,0.0,7.56741521049663e-05,0.0,0.0,0.0,0.0,0.0,0.0,0.0,0.0
DIAPH3_hg,0.03425115393043296,0.590339377653659,0.4671944784905411,0.05841870235098438,0.6960572231313081,0.08498765308923417,0.0,0.17944062733290986,0.0,0.31202430798517433,0.1101958407702217,0.5981840022749221,0.08451472142747132,1.3150331272520037,0.5516027472979849
DINOL_hg,0.0,0.001467062943896662,0.0,0.0,0.0006617250461114884,0.0,0.0,0.0,0.0,6.466123481285486e-06,0.0,0.0002873622440506347,0.0,0.000580523853272899,0.0006014226496739298
DIP2C_hg,0.0,0.0009563327803146601,0.003296873712003885,0.0040578022435023625,0.0006216689630422772,0.0,0.0,0.0,0.0,0.0,0.0,0.00042631236830410925,0.0,0.0,0.000496159621152762
DIRAS3_hg,0.0,0.0,0.13411349822802998,0.03645576687415337,0.25449549393014204,0.0031807603787736456,0.006993852397936462,0.024928264729290918,0.0,0.0022303297344854027,0.0,0.08548929301892626,0.0,0.003776799987412801,0.026536799939570373
DISP2_hg,0.0013394504342574087,0.3077428145610776,0.0,0.0,0.0,0.007468934765143889,0.013540885378738245,0.0019017598574575369,0.0,0.0,0.062313952564250284,0.024035669157787428,0.0,0.0,0.0
DKFZP434A062_hg,0.001499083038184257,0.002632298355396667,0.0,0.0018400458926132034,0.0007274991526447888,0.0,0.0,0.0,0.0,0.0,0.0011811774266678383,0.0008955200385182058,0.0,0.0,0.0
DLD_hg,0.0,0.3089124477567581,0.791200481560928,0.0741743519785313,0.11346291345461344,0.0,0.4895074032439803,0.7514349657201902,0.0,0.19787768366840688,0.06832463374370433,0.0,0.8535896722716259,0.18597577239498334,0.0
DLGAP1-AS2_hg,0.0,0.198937369391477,0.8729376658856893,0.0,0.41429195672414987,0.0,0.04024881611456359,0.0,0.0,0.0,0.045229439730711384,0.1667282152521917,0.0,0.0,0.47159185988411484
DLK1_hg,0.0,0.0,0.0,0.0,0.0,0.0,0.0,0.21690719886292195,0.0,0.0,0.0,0.2817276070903137,0.0,0.0,0.26307509242606875
DLX1_hg,0.0,0.0,0.2570840104296893,0.0,0.0,0.0,0.0,0.0,0.0,0.0,0.0,0.8134195564893375,0.0,0.0,0.5121802664389246
DLX2_hg,0.0,0.0,0.054029429772385,0.0,0.0,0.0,0.0,0.0,0.0,0.0,0.0,0.002406272249142421,0.0,0.0,0.05506537378637537
DMBT1_hg,0.0,0.0,0.0,0.0,0.04591905980307545,0.0,0.0,0.0,0.0,0.0,0.0,0.0,0.0,0.0,0.0
DMD_hg,0.0,0.40314716738474754,0.28723156310443626,0.2768047883396041,0.26913334969509584,0.0,0.004890189615805149,0.16089661748979509,0.025725889083386834,0.08821064699071239,0.006976684941296125,0.08416352680386859,0.01080652870347257,0.21065280844763873,0.32755568553257464
DMGDH_hg,0.0,0.0,0.11038728171102496,0.0,0.0,0.005574291871150012,0.0,0.06381814076984198,0.0,0.0,0.0,0.0034611695981192443,0.0,0.0,0.0
DMKN_hg,0.0,0.001285335919874969,0.0,0.02464418974207077,0.03730616291490883,0.0,0.0,0.0022781362816473682,0.0,0.0,0.0,0.0,0.0,0.0,0.0
DMXL2_hg,0.0,0.8531848034866263,1.0312542463367944,1.1272483018076211,0.455186422027927,0.25671392948289873,0.0,0.0,0.07504953709351977,0.16179777601624487,0.040221081029775105,0.0,0.0,0.32128866946585577,1.3468506574716528
DNAH10_hg,0.0,0.025685456489836753,0.02987734995859766,0.00547388340213368,0.0,0.0,0.0,0.0,0.0,0.0,0.0,0.016364620749078154,0.0,0.0072390158799999155,0.0
DNAH11_hg,0.0,0.0020433207924268376,0.010875014815521018,0.0,0.024398693215165607,0.0,0.0,0.0,0.0,0.0,0.0,0.0,0.0,0.0,0.0
DNAH5_hg,0.0,3.8588611390794915e-05,0.002249989783481363,0.0,0.0,0.0,0.0,0.0003744784925300265,0.0,0.0,0.0,0.00023634446797497863,0.0,0.0,0.0
DNAJB9_hg,0.0,0.029681999833878793,0.28612481995620564,0.0,0.11482488463546651,0.007894576967589804,0.0,0.10487482849372788,0.0,0.0,0.0,0.0,0.0,0.0,0.05100763417607677
DNAJC10_hg,0.08310508260413892,0.4104938977239972,1.3049977447279653,0.0,0.6888795237677242,0.3129036177817846,0.0,0.37841649128418314,0.0,0.33677488110654646,0.14228194455171095,0.8817193404286643,0.4015924028325251,0.7035795222438848,1.0414906993229487
DNAJC12_hg,0.0,0.0,0.47226992503968573,0.0,0.03156873120204911,0.06927386702550746,0.02259362611541439,0.4912605965140225,0.0,0.14014790632304874,0.02327599146546423,0.24421955990027064,0.025450782308764023,0.15795238559770852,0.32446061624063527
DNAJC15_hg,0.0052192693759997326,0.0007277922287806025,0.0251027017539251,0.017367468171144124,0.0024435882011350687,0.01232468281959352,0.0005454517585902055,0.17602584727374887,0.0,0.0,0.0,0.02957155270555311,0.014125079651948253,0.020483023016998406,0.0
DNAJC19_hg,0.0707792217693685,0.0,0.2562748189506874,0.05777275000158457,0.0,0.2300365621093815,0.1444290284952973,2.115461138436178,0.0,0.0,0.0,0.0,0.2385556425953476,0.0,0.0
DNAJC1_hg,0.10947530082518023,0.4569360489803745,0.31453955013644,0.0,0.5128849996269146,0.29560162747116314,0.0,0.03025972933347549,0.0,0.6254505608832608,0.1240952516506494,0.49401659409651666,0.0,0.1925867691585134,0.6361344248527611
DNAL1_hg,0.0,0.3367433460182385,0.07252015622950032,0.0,0.09537397096880161,0.03821668329349701,0.02472008457246042,0.03231869910071426,0.0,0.09035502998749972,0.06826480730495582,0.012583350193933867,0.0,0.0,0.09688987302668745
DNASE1_hg,0.0,0.5035624300587949,0.5903641546920958,0.3012646585704355,0.38104586967525567,0.0,0.04829318263590279,0.0,0.0,0.0,0.01900562328293289,0.0,0.0,0.0,0.2709609158117991
DNASE2_hg,0.0,0.35098876431184317,0.40955448341425876,0.03593582515537356,0.11864148601796329,0.03618367393422832,0.010325370146247938,0.045010445757046214,0.0,0.0,0.013710780315738273,0.4365541535370201,0.0,0.06577342795836483,0.14841344424283964
DNM3OS_hg,0.0,0.0,0.00028426318852032233,0.00017804621861022737,0.00045283855688502627,0.0,4.952862274761937e-05,0.0,0.0,0.0,0.0,0.00016938635346299273,0.0,0.0005410096124796692,0.0
DOCK11_hg,0.04051513217773932,0.4581578947588971,0.5184628576769372,0.057152502799399305,0.5179861277013001,0.35287986526976917,0.0,0.2584647631718299,0.03633153119287193,0.2888081080422272,0.054232703829572876,0.0,0.1925170534472853,0.32318057847309906,1.230141846799205
DOCK1_hg,0.0002518175994320505,1.3482252876809926e-05,2.3088131352483955e-06,0.0,0.0003624407204671517,0.0,0.0,0.0,0.0,0.0,0.0,0.0,0.0,1.5077968822700363e-06,0.0
DOCK2_hg,0.07101423674564598,0.16532218321153153,0.07875576864500387,0.0,0.28880156915118854,0.0,0.0,0.09939771019582658,0.0,0.0,0.0,0.1001579904029864,0.0,0.061596324614707446,0.5241366641229372
DOCK6_hg,0.0,0.5925171525246407,0.0,0.034103952905630966,0.21669977247515773,0.010694295594475276,0.03043205999294037,0.042984679635341555,0.0,0.028392366529855856,0.1382532906149269,0.2313092454067162,0.0,0.09235854074724766,0.0
DOCK8_hg,0.0,0.4169135962237657,0.5646610718533345,0.13850249270522708,0.2366074585906975,0.23057027288512885,0.039407990006587984,0.022596545004582736,0.0,0.14758260913784535,0.06859721399071711,0.8169412454572953,0.0,0.11245359086472845,0.8085791104814137
DOP1B_hg,0.0,0.15705820774898036,0.02482082328908253,0.06610601152099052,0.17864961667828205,0.0,0.0,0.0,0.0,0.0,0.006788801333312703,0.01662376306673482,0.0,0.0,0.08192410102296052
DPEP2NB_hg,0.0003518325115007583,0.0,0.0,0.0,0.0,0.0,0.0,0.0,0.0,0.0,0.00032692626410505917,0.0,0.0,0.0,0.0
DPEP3_hg,0.0,0.0,0.0003148619251269509,0.00482147427271223,0.0,0.0,0.0,0.0,0.0,0.0,0.0,0.0,0.00201779744650842,0.0,0.0
DPP6_hg,0.0,0.00031614917631664,0.0004639838825291775,0.0005574494772383868,0.0005895840457385479,0.00045264546970747067,0.0,0.0,0.0,0.0,0.0,0.0,0.0,0.0,0.0
DRC7_hg,0.000951106969372117,0.0,0.010321403172924265,0.0009558538963734746,0.017170103348775587,0.0,0.0,0.0024255850140487115,0.0,0.0,0.0,0.0016670738308989098,0.0,0.0,0.0
DRD2_hg,0.0,0.0,0.0001298158809800488,0.0,0.019187066528049523,0.0,0.0,0.0,0.0,0.0,0.0,0.0,0.0,0.0,0.0
DRGX_hg,0.0,0.0007791437475691998,0.006735560666813572,0.0,0.00443662787940472,0.0,0.0,0.0,0.0,0.0,0.0,0.0,0.0,0.0,0.0
DSCAM_hg,0.0,0.00012450087835004514,0.00018354467236767104,0.0,0.0003679039977278114,9.79150721019743e-05,1.0184649040965078e-05,0.0,0.0,0.0,0.0,0.0,0.0,0.0,0.0
DSEL_hg,0.0,0.22747452423610734,0.005018295814860878,0.0,0.0,0.016440864165270668,0.0014060044012581758,0.0,0.0,0.01797699879595279,0.030939445113308164,0.0,0.0,0.0,0.006914518618448562
DSG2_hg,0.04973149126059393,0.6840819319588907,0.8576367736004527,0.3810528377093302,0.2963571503032674,0.6286722604752293,0.0,0.14855270119306638,0.0,0.3971933845918964,0.10753727355263257,0.4795600009510103,0.47111393082926345,0.8340535642768998,0.5099937698322554
DSTN_hg,0.9846072880443222,0.0,0.651697885234488,0.0,1.0675638447859488,0.4901932350538252,0.0,1.8917383151407499,0.0,0.8967649771490086,0.0,1.3034987792947836,0.25148619498377656,0.26926924058657387,1.0902015905274236
DST_hg,0.0,1.0025974895340803,0.7441644841735175,0.8929394216946192,0.791425587654958,0.0,0.0,0.0,0.1248080159726291,0.34844753036435017,0.021814100750832576,0.9003677567143088,0.4189863757916943,1.3454382814841355,0.4107804566221209
DTD1_hg,0.0,0.19572664928046457,0.10716912808041062,0.0,0.06673091033392592,0.057925524175585115,0.015214204222839594,0.04278342650562567,0.0,0.08061478403441956,0.03917638264382927,0.37693328213050964,0.0,0.0,0.10392745935075841
DTWD2_hg,0.0,0.28253336840928656,0.4378378620366138,0.0,0.0,0.033736373148863616,0.0,0.0,0.0,0.024150990906786168,0.065170075852784,0.16404582858247688,0.0,0.0,0.15673927087137712
DTX2P1-UPK3BP1-PMS2P11_hg,0.0,1.0468946087716149,0.41270849246145536,0.3750769332353692,0.2354217227724121,0.0,0.0,0.3537671282989567,0.08892154098857474,0.042722832621786846,0.0716992104473603,0.7898664452048524,0.23558741506226358,0.3907105661087253,0.1823527695152684
DUOX1_hg,0.0,0.4337013434007888,0.0,0.01239983910033903,0.07137886119043478,0.0,0.007025721490954331,0.013033504772181376,0.0,0.011843010440926612,0.10123377668327767,0.0,0.016761526378155242,0.0,0.0
DUOX2_hg,0.0,0.3111538508351257,0.0,0.0,0.0,0.000945392177146067,0.0014871472467621052,0.02204206865143391,0.0,0.0,0.0647018462300524,0.029147348838282974,0.011806006769599062,0.0,0.0
DUSP21_hg,0.0,0.0,0.0,0.2604766554063464,0.0,0.0,0.0,0.03317366031522802,0.0,0.0,0.0,0.0,0.0,0.0,0.0
DUSP27_hg,0.0,0.0,0.0,4.9267386800372264e-05,0.0005266347976884836,0.0,3.895862636423467e-05,0.0,0.0,0.0,0.0,0.0,1.552393171961646e-05,0.0,0.0
DUSP5_hg,0.0,0.0,0.11673952500184034,0.0,0.5015724202408399,0.0,0.0,0.0,0.0,0.0,0.0,0.0,0.0,0.0,0.020839347335783256
DUXA_hg,0.0,0.0,0.0,0.0,0.00010644037500813951,0.0,0.0,3.79783193014462e-05,0.0,0.0,0.0,0.0,0.0,0.0,0.0
DYDC2_hg,0.0,0.004828361990845753,0.002559831962159325,0.023032561573183293,0.03921096402665463,0.0,0.0,0.0,0.0,0.0,0.0,0.0,0.0,0.0,0.0
DYNC2H1_hg,0.0,0.06997957692984284,0.10431940540968017,0.0,0.1842198749334178,0.0,0.0,0.0,0.0,0.049173779848812944,0.0,0.015188935809301867,0.0,0.0,0.10256740251970327
EBI3_hg,0.0,0.0005535156087450394,0.0,0.0,0.00439661743717461,0.0,0.0,0.0,0.0,0.0,0.0,0.0,0.0,0.0,0.0
ECE1_hg,0.0,0.36025837359834517,0.3034375674614668,0.0,1.0209649337986288,0.0,0.07972877932460354,0.12812256450660828,0.0,0.0,0.027677889623617336,1.1640754031475868,0.0093150579029128,0.003625216750279976,0.20125672786996396
ECE2_hg,0.0,0.0,0.0,0.00040624120703648475,0.0020294263563681043,0.0,0.0,0.0,0.0,0.0,0.0,0.0,0.0,0.0,0.0
ECH1_hg,0.0,0.11318418852152909,0.49533808939270507,0.5628966274198947,0.0,0.0,0.7473951847810261,0.6763373114793922,0.0,0.0,0.0,0.7437307042760832,0.0,0.0,0.0
ECM1_hg,0.0,0.0,0.06913826024187446,0.0,0.5843311197895235,0.07993109063507879,0.061311556109879824,0.1992725893269765,0.0,0.0,0.0,0.0005107249660456401,0.0,0.0,0.304528915336636
ECRG4_hg,0.0,0.0,0.0001748811586870628,0.0,0.003961475695335591,0.0,0.0,0.0,0.0,0.0,0.0,0.0,0.0,0.0,0.0
EDARADD_hg,0.0,0.15102017615560143,0.0,0.039772306764892656,0.07540873945730489,0.11169885499221478,0.032554576609251845,0.0,0.0,0.07787627080767244,0.009367658458748011,0.3647779907794897,0.0,0.23164555364122877,0.25958366315319437
EDAR_hg,0.0,9.62180703932421e-05,0.0,0.0,5.1022509112344886e-05,0.0,0.0,0.0,0.0,0.0,7.059440314644551e-06,0.00010830437657390547,8.190315525519616e-05,0.0,0.0
EDEM1_hg,0.0,0.20144712220361005,0.37420449851915216,0.0,0.4477278912773316,0.06509798676026286,0.0,0.0,0.0,0.0,0.0087681349488882,0.22739144687268295,0.0,0.0,0.4351692222397381
EDF1_hg,0.8166354185572859,0.04737226577313151,0.9511454598313199,0.5056079389415494,0.8094929050339589,0.6654048387435932,0.5773632097932934,1.3611279945674195,0.0,0.5392530251076911,0.27702888122095526,3.655851802231604,0.07750613862697986,0.22041436299391312,0.14782749544949775
EEA1_hg,0.0,0.5513932850257018,0.24322719254569974,0.0,0.44304827545982006,0.4698762501640681,0.0,0.0,0.01849183574146651,0.20309852191426817,0.12204581096104046,0.685313460212489,0.26512068795169963,0.7786795078331444,0.7503144451360866
EEF1A2_hg,0.0,0.10312390069422592,0.0,0.2841716214589906,0.6816236327233263,0.0,0.0,0.0,0.021661914436371183,0.3383578602618143,0.0,0.0,0.0,0.06730764536596114,0.0
EEF1B2_hg,1.352288491620467,0.22622766825459664,0.8521188293947883,1.2731435581884845,0.6484070418228274,0.3635113652417944,0.780209673802885,1.9040388030808095,0.0,0.5694216671767875,0.08585367593662487,0.6897048703278731,2.01899746158772,0.44980427449403354,0.5316113848737952
EEF1G_hg,0.325696327430285,0.4237125731380943,0.06601949971593873,0.5538346187981611,0.40028743839351755,0.578256017371812,0.0,0.09290458778706034,0.0,0.0,0.05656959772276498,0.7013632923505747,0.09016066926262255,0.5063833128805052,0.6552872482957295
EFCAB11_hg,0.004587297870721222,0.4099020053111737,0.11811109106337674,0.009283552424192834,0.004304153176357737,0.0325002358386863,0.05408129067550444,0.25568685257411733,0.0,0.0029749804099327612,0.06325307786714836,0.020501393487925377,0.027601216689820796,0.026206334060581503,0.0015273419599008313
EFCAB3_hg,0.0,0.1442867457191487,0.0,0.004073106337586947,0.025991609539375692,0.0019215339435587821,0.0,0.005590905609145232,0.009857123823620143,0.002342582432108658,0.0,0.048537725309585084,0.02062766772850517,0.02091405331844164,0.03544813596789078
EFCAB6-AS1_hg,0.0,0.12336617554007784,0.0,0.0,0.005232841298021395,0.004362034441677553,0.0014278763798028032,0.002757898827097424,0.01788773197732461,0.011537729792301754,0.0,0.0,0.0027096003715424,0.0,0.0
EFHC2_hg,0.004007232618876677,0.036777701788184486,0.0,0.00683254517621662,0.025362770518884695,0.0,0.0,0.050555652246937074,0.0,0.0,0.0,0.0,0.0,0.031295868109580204,0.17409196172029767
EFHD1_hg,0.0,0.0,0.07806679250021302,0.0,0.01923363869021471,0.0,0.012763968773778079,0.025991779359589313,0.0,0.001020612542263008,0.0,0.00748077534122821,0.0,0.0,0.04310648784165348
EFNA2_hg,0.0,0.003885871165365346,0.0008095035866061441,0.0,8.806975583840526e-06,0.0,0.0,0.0,0.0,0.0,0.0013328580075519366,0.004551288476265651,0.0,0.0006902046922593356,0.0
EGFL6_hg,0.0,0.0,0.0,0.0036401484719406378,0.004084874460793309,0.0,0.0,0.0,0.0,0.0,0.0,0.0,0.0,0.0,0.0
EGFLAM_hg,0.0,0.0,0.013701487486002356,0.0,0.019875026138121813,0.0,0.0009185274668233022,0.018995134376935195,0.0,0.0,0.0,0.0,0.0,0.0,0.010448420434791397
EGF_hg,0.0,0.04554558800665003,0.09343659383865768,0.0,0.09308620501792447,0.0,0.0,0.0,0.0,0.0,0.0,0.1257018965807767,0.0,0.05541428489394298,0.027933642145390777
EGR1_hg,0.0,0.032263305118014826,0.1526535077927566,0.0,1.6173385168260899,0.9358523705921656,0.04951876200133776,0.0,0.0,1.5738523337993797,0.14482125553979494,0.0,0.04983537820588646,0.0,0.0
EGR2_hg,0.0,0.0,0.0005095719720567523,0.0,0.012260193538369558,0.0,0.0,0.0,0.0,0.0,0.0,0.0,0.0,0.0,0.0
EGR3_hg,0.0,0.0,0.0007008573463220229,0.0,0.0787515933615303,0.0,0.0,0.0,0.0,0.0,0.0,0.0,0.0,0.0,0.0
EGR4_hg,0.0,0.0,0.0,0.0,0.006080523633311819,0.0,0.0,0.0,0.0,0.0,0.0,0.0,0.0,0.0,0.0
EHF_hg,0.0,0.004723320978154976,0.008830366410559889,0.000618777592222306,0.02354518675735059,0.0,0.0,0.0,0.0,0.0,0.0,0.0,0.0,0.0,0.004675657685163229
EHHADH-AS1_hg,0.0,0.0,0.0,0.0,1.5416784655171166e-05,0.0,0.0,0.0012343267368592082,0.0,0.0,0.0,0.0,0.0,0.0001044679608950059,0.0
EIF1B-AS1_hg,0.0,0.5117567840010314,0.09609786087054846,0.03890651911205035,0.011417297054202939,0.0478425830259054,0.013615262644941773,0.06335369805849261,0.006849841231168343,0.04887663700079632,0.06622473400088628,0.07136461315394074,0.0,0.0,0.08399300282185893
EIF1_hg,1.6396011930791932,0.0,2.05902529754161,1.2893548216659168,1.3871721951973133,0.8457782057692594,1.4536264976704532,0.9385949266352919,0.0,0.21521386982148716,0.17773748604019707,1.0690367120656734,1.1586317393452323,1.1988934675362077,0.1463394314968139
EIF3E_hg,1.3283719106879281,0.7358027458700921,0.8574907815173622,0.4717874296286905,0.39628809519557506,0.46126625553364453,0.47162581591148056,0.3612437423955178,0.0,0.5893360780703836,0.11309445022492608,0.043140287381068995,1.408503052557942,1.3186084975596817,0.9179612961838716
EIF3H_hg,0.8047269730345001,0.3691081599106946,0.6185886923299296,1.457500088170028,0.8231295051409181,0.4421519293025094,0.805558700166088,1.5670698510731964,0.04064386427139749,0.10444014237995464,0.0,0.4665860525025137,0.7319515344131292,0.9468829034295125,0.650747321006831
EIF4EBP1_hg,0.0,0.0,0.4975705455261459,0.23230398876138716,0.0,0.32801971990023915,0.40592272506344157,0.8192602819833898,0.0,0.08129848893019405,0.0,1.0108283708581633,0.0,0.0,0.0
EIF4G3_hg,0.045001703106882014,0.6819855559877286,0.489295682733287,0.2943161612168736,0.8639979768353689,0.20358066022737084,0.0,0.0,0.05769198212851329,0.5431100003721568,0.08683985903073951,0.7328269977195145,0.10018797443590644,0.32075756639086,1.164095913502952
ELAPOR1_hg,0.0,0.32618511829181307,0.0,0.021037199173187398,0.05252100458451653,0.0,0.008245731479946694,0.04334387395279398,0.0,0.0,0.09037841298123683,0.00444838611933857,0.0,0.0,0.0
ELAPOR2_hg,0.0,0.23954508954999099,0.4154251804781704,0.15033995900906988,0.42110102894294904,0.09363858314792928,0.0,0.06173964885677237,0.0,0.19219802095065702,0.0,0.0,0.0,0.18443824345849053,0.6458913481819297
ELF1_hg,0.0,0.16922164838336307,0.30250391065065907,0.0,0.28890334949299545,0.30445903734001967,0.057120782931026605,0.3185094195191014,0.0,0.04142021274762122,0.0022289695114195438,0.25153932709394816,0.20013509407691135,0.29623832606821227,0.8468165644296202
ELMOD1_hg,0.0,0.2579087727352874,0.0,0.0,0.003077869478614541,0.004258269630701721,0.0045688852562719914,0.0,0.0,0.012783363060898705,0.062146422724302354,0.001462491061817578,0.0,0.0,0.0
ELOB_hg,1.0558058981196707,0.0488488493456636,0.0,0.49084154684592524,0.582739003776527,1.097622459782613,0.0,2.5696015174944127,0.0,0.6776512921032533,0.060420015951253965,0.7217269398997436,0.0,0.0,0.0
ELOVL4_hg,0.0,0.000256036502171878,0.0,0.0004960638871183829,9.72821218231154e-05,0.0,0.0,0.0,0.0,0.0,0.0,0.00012772122655755206,0.0,0.0,0.0
ELOVL7_hg,0.0,0.041523609582894326,0.022797058179317573,0.004986565283386901,0.26502184209234964,0.0,0.0,0.04828088883431218,0.0,0.005087474047901058,0.0,0.029723619618769074,0.0,0.031936441734626723,0.03550814498578317
ELSPBP1_hg,0.0,0.0,8.011146864505738e-05,0.0,0.005137293948721988,0.0,0.0,0.00034445493850241007,0.0,0.0,0.0,0.0,0.0,0.0,0.0
EMID1_hg,0.0,0.008500888050528994,0.14306761981523375,0.0,0.0,0.0,0.0,0.0,0.0,0.0,0.0,0.31535045211092966,0.0,0.0,0.10709354195508071
EMP1_hg,0.0,0.0,0.0,0.0,0.02531747543863259,0.0,0.0,0.0,0.0,0.0,0.0,0.0,0.0,0.0,0.0
EMP2_hg,0.0,0.2237995787419974,0.0,0.30088950030639444,0.6561407126068708,0.0,0.0312333446789474,0.1308688520903588,0.0,0.03099154909403328,0.0012190695528819212,0.0,0.0,0.0,0.0
EMP3_hg,0.0,0.044979182527416346,0.0,0.0,0.0,0.46223351778597976,1.0907367775215344,2.132066910545294,0.0,0.0,0.0,0.2496529704968261,0.7082876996322156,0.0,1.466903576667034
ENC1_hg,0.0,0.0,0.009677569905997677,0.02815151067106128,0.10063990410894513,0.0,0.0,0.0007821225173242868,0.0,0.0,0.0,0.0,0.0,0.12703771858990798,0.27865937002214275
ENTHD1_hg,0.0,0.0,0.0,0.0012598666200497363,0.020655633586849263,0.0,0.0,0.0,0.001795505728917223,0.0015310566418335458,0.0002690007769281144,0.0,0.0,0.0,0.0
EPAS1_hg,0.0,0.0,0.2853840973927681,0.0073569316093614,0.7931687922316951,0.0,0.0,0.04819231336902749,0.0,0.0,0.0,0.0,0.0,0.0,0.18692657002180452
EPB41L4A-DT_hg,1.9620679267467857e-05,5.819990660045379e-05,0.0,0.00021197114765680275,0.0,0.0,0.0,0.0,0.0,0.0,0.0,0.0,0.0,0.0,0.0
EPB42_hg,0.0,0.0,0.0,0.274288874887412,0.0,0.0,0.0,0.0,0.0,0.0,0.0,0.0,0.0,0.0,0.0
EPHA1-AS1_hg,0.0,0.05269894609505318,0.02642424134568818,0.0,0.03149498057251249,0.0,0.0,0.0,0.0,0.0001851155087336717,0.002795081305221414,0.0,0.0,0.0,0.011841743520728315
EPHA10_hg,0.0,0.1325092553104723,0.006283672358569415,0.0,0.015414652895669853,0.0048469902985784005,0.0,0.012950587152684405,0.0,0.0,0.02646746693560369,0.010329288379087127,0.0,0.0,0.008093329189258645
EPHA4_hg,0.0,0.0,0.00022832564354291672,0.0006053197886078436,0.0,0.0,0.0,0.0,0.0002474822350948661,0.0,0.0,0.0,0.0009488802449939975,0.0,0.0
EPHA8_hg,0.0,0.00037284290028003224,0.0,0.0,0.0,0.0,0.0,0.0,0.0,0.0,4.339085820406221e-05,0.0,0.0,0.0,0.0
EPHB6_hg,0.0,0.0,0.0,0.0,2.7537160656295807,0.0,0.0,0.0,0.0,0.15184237903521844,0.0,0.0,0.0,0.0,0.0
EPHX2_hg,0.0,0.39671566388201995,0.03966917070427085,1.0856375936521192,0.549369400014158,0.0,0.007511696609799068,0.36171784929498724,0.06200491652348078,0.014387445126466327,0.03000889460773956,0.7750506917541322,0.07139866702560457,0.38979250596691595,0.0
EPS15-AS1_hg,0.01485660501129747,0.014984209615975666,0.023772073564694015,0.04716598417354172,0.0,0.0,0.0,0.18761581683941841,0.0,0.0,0.0,0.10902118468020486,0.000659532867485759,0.0334413349661918,0.0
EPS15_hg,0.0,0.6037012535770327,0.5386530756427399,0.3449511756325566,0.30453552847515597,0.19632618400038374,0.0,0.22525965167210893,0.010675914200274453,0.5197643391812078,0.12961508941945563,0.22885801868711225,0.29150183778799904,0.790872255671516,1.0215167666164218
EPS8L3_hg,0.0,0.0,0.0,0.041176454021210104,0.03556830624878717,0.0,0.0,0.0,0.0,0.0,0.0,0.0,0.0,0.0,0.0
EPSTI1_hg,0.0,0.0,0.0,0.013266898178056478,0.010860034176747212,2.854655180133856e-05,0.0,0.000764802871441415,0.0,0.0041819888301357164,0.0,0.0,0.0,0.0,0.0
EPX_hg,0.0,0.0,0.0,0.0,0.0,0.001640262264932796,0.0,0.0,0.0,0.0,0.0,0.0,0.0,0.0,0.012937826181743385
ERAP1_hg,0.0,0.15759560199436623,0.8413017924284313,0.3501395412072386,0.12077899444850865,0.10862097662747876,0.0,0.0,0.0,0.0,0.0,0.31504420255168525,0.0752585103618316,0.04293990174791561,0.9046002934721087
ERBIN_hg,0.018208602645805202,0.6152402468135845,0.7603918307220426,0.29663946165344957,0.8204413708220629,0.4658153191408424,0.0,0.15521009403500716,0.039551163860320405,0.2693187563338289,0.03570402914930301,0.0,0.29601398603582557,0.7514463053874356,0.7227445212000784
ERG_hg,0.0,0.0,0.00020085581872824254,0.0,0.010835389838978055,0.0,0.0,0.0,0.0,0.0,0.0,0.0,0.0,0.0,0.0
ERH_hg,0.0,0.07086176991767272,0.10186485113643083,0.023644495106026658,0.11825313957494359,0.03125518889098071,0.5705581846682778,2.250707011042024,0.0,0.04530090525901352,0.0,0.0,0.43807884045790696,0.0,0.18728029050245454
ERICH3_hg,0.0,0.0015724298826085574,0.0,0.0,0.0002794600184666841,0.0,0.0,0.0,0.0,0.0,0.0,0.0,0.0,0.0,0.0
ERMAP_hg,0.0,0.30768407795603164,0.13583114200482965,1.5263121429147781,0.0,0.3053036955288552,0.0,0.10244740221654342,0.0,0.0,0.02709059778667368,0.0,0.24813522894539514,0.0,0.033650176232360794
ERMP1_hg,0.0,0.08378283831108088,0.11474688683941547,0.08631650001176465,0.0741316937579244,0.0415985352791211,0.0,0.045785239062793075,0.0,0.07822586713062668,0.0,0.0,0.0,0.019141242608861693,0.508120947905577
ERN1_hg,0.0,0.06506713355242617,0.46524369980902486,0.0,0.0874156525437924,0.0,0.0,0.0,0.0,0.0,0.0029769908119799144,0.3445188380378784,0.0,0.0,0.11104949319773308
ERVV-1_hg,0.0,0.0,0.0,3.74077260812481e-05,0.0006263711978467759,0.0,0.0,0.0,0.0,0.0,0.0,0.0,0.0,0.0,0.0
ESPNL_hg,0.0,0.0013595222316675972,0.0,0.0026667300396022806,0.00021356809672197754,0.0,0.0,0.0,0.0,0.0,0.0,0.013108263276073232,0.0,0.0005623607268110194,0.0
ESPN_hg,0.0,0.0,0.0,0.28720979969637384,0.0,0.0,0.0,0.0,0.0,0.0,0.0,0.0,0.0,0.0,0.0
ESR1_hg,0.0,0.003986471347301292,0.0,0.0043334169518578726,0.002433214594299452,0.0,0.0,0.0,0.0,0.0,0.0003401591012207465,0.0008067193356218035,0.000296228632424993,0.0,0.0
ESRRB_hg,0.0,0.028963414788128184,0.011062463879011771,0.0,0.10416978773015201,0.008662418501199068,0.0,0.01967530115788627,0.0,0.027744955754061714,0.021298085814433022,0.12369583775565522,0.0,0.01407294354967502,0.15636164989349685
ESYT1_hg,0.0,0.12465239564934619,1.0642786167939584,0.3488867511329725,0.8092835017460125,0.0,0.3919169397505868,1.3054237490267246,0.007205390640124693,0.14913289880232755,0.0,1.281496688298637,0.828389078433407,0.30509725279187433,1.088035282051515
ETFB_hg,0.0,0.3440260636948087,0.0,1.2719816022625596,1.20728478682642,0.0,0.5635860801154325,1.1142986062949143,0.0,0.5001289160224147,0.10554487762099304,3.7861102834564053,0.054590509219881615,0.0,0.22877512253776164
ETS1_hg,0.0,0.04251037779136019,0.05034622899298604,0.0,0.02090956480583305,0.0,0.0,0.0,0.0,0.0,0.0,0.0040281100785855345,0.0,0.0,0.023611776438773734
ETV1_hg,0.0,0.0,0.34142807850152507,0.0,0.19471967393959813,0.1208760428096659,0.02299277862663319,0.0,0.0,0.07572487138985552,0.0,0.0,0.0,0.0,0.36153848710869985
ETV5_hg,0.0,0.0,0.6864844499808253,0.0,0.5384049811940901,0.022319847692630197,0.1349478506574534,0.28920915555950916,0.0,0.012107019309106981,0.0017471423088363351,0.08615302887965147,0.01991005596026025,0.0,0.48435518212473094
ETV6_hg,0.0,0.08270928816960117,0.0,0.0,0.002128723485899268,0.007615908304968862,0.018504274804387547,0.06294765168373148,0.0,0.045122047275752655,0.0,0.2529182504531794,0.038008960205218725,0.0,0.5856966183529444
ETV7_hg,0.0,0.0,0.0,0.02752973483413556,0.013781803544246898,0.003084959249433076,5.8562308660029826e-05,0.0,0.0,0.0,0.0,0.0,0.0,0.0,0.0
EVC2_hg,0.0,0.028730909771688684,0.052980172420489885,0.0,0.0,0.0,0.0,0.0,0.0,0.0,0.004268136467920182,0.06114511724218388,0.0,0.0,0.03799442639967429
EVC_hg,0.0,0.02784732279590424,0.0718687660581761,0.0,0.012197419838845227,0.0,0.0,0.0,0.0,0.001289171932003567,0.0015954078965221671,0.13568608831027618,0.0,0.0,0.06937358655107449
EVI2B_hg,0.0,0.0,0.033193522787010675,0.0,0.048038686155378284,0.0,0.0,0.0,0.0,0.0,0.0,0.0,0.0,0.0,0.11030372486683475
EWSAT1_hg,0.0,5.8973536390706373e-05,0.0,0.0003603438612460931,0.0002545196362248353,0.0,0.000197428522393573,0.0,0.0,0.0,5.1452565143079776e-05,0.0,0.0,0.0,2.7576886922488896e-06
EXOC6B_hg,0.0,0.04036210517307884,0.17861041258593735,0.0,0.11725576051869631,0.007111955965118052,0.0,0.009477379841105693,0.0,0.008052052403035706,0.0,0.0,0.0,0.0,0.06541965728153358
EXOSC6_hg,0.0,0.7785292279861814,0.47610110185260285,0.0,0.1298289627756855,0.18168388566999966,0.0,0.0,0.0,0.43368970785397704,0.5185274126966201,0.5926817882367613,0.4329557726995866,0.0,0.25678228439015754
EXTL3_hg,0.0,0.16684342873807442,0.0294545305242466,0.045637069331038595,0.3037544324363398,0.06350762220852045,0.002026048024384462,0.0,0.0,0.0050314914357302044,0.040494863222848794,0.5642524031164294,0.0,0.0,0.2532084718985128
EYA4_hg,0.0,0.0,0.0032667471740554076,1.0414011491099007e-05,0.0,0.0,0.0,0.0,0.0,0.0,0.0,0.0,0.0,0.0031301414119437434,0.0
F11-AS1_hg,0.0,0.0,0.1001144509175199,0.0,0.0,0.017662217274725556,0.0,0.06419286048623096,0.0,0.0,0.0,0.038970173029037075,0.0,0.0,0.004036172797920582
F11_hg,0.0,0.00020461526920019586,0.0,0.0005246691067494748,0.0,0.0,0.0,0.0,0.0,0.0,0.0,0.0,0.0,0.0,0.0
F2RL3_hg,0.0,0.12231909007892396,0.0,0.0,0.07444502846560781,0.09895833699845666,0.0,0.0,0.0024175312215384053,0.20646965986678406,0.054708759525924695,0.37937942064405966,0.026057952378396934,0.0,0.2833099030781929
F5_hg,0.0,0.04400942033621753,0.0016232328185166898,0.0,0.0,0.0031708658447669054,0.0,0.00020145866311670606,0.0034578316500939532,0.0,0.0,0.014477069895761748,0.0,0.004136077567004725,0.009678908440430841
F8_hg,0.0,0.0,0.22393878828316702,0.014298753239125682,0.0,0.0,0.0,0.0,0.0,0.0,0.0,0.0,0.0,0.0,0.2874387151983384
FABP6_hg,0.0,0.0,0.0,0.006042141865583276,0.016343474837606436,0.0,0.0,0.006504334442969931,0.0,0.0,0.0,0.0,0.0,0.0,0.0
FAIM2_hg,0.0,0.0,0.0,0.03717856657597105,0.0,0.0,0.0,0.0,0.0,0.0,0.0,0.0,0.0,0.0,0.0
FAM106A_hg,0.0,0.1005820175935302,0.3041723825751533,0.0,0.0,0.0,0.0,0.0,0.0,0.0,0.0,0.2787266777104482,0.0,0.0,0.0
FAM106C_hg,0.0,0.0,0.09887508201435961,0.0018149913302818032,0.0,0.0,0.0,0.0012860442063943073,0.0,0.0,0.0,0.03626676212719573,0.0,0.0009806482130268342,0.0
FAM107B_hg,0.0,0.0,0.2561127933417177,0.0,0.09328137590995499,0.0,0.0,0.0,0.0,0.0,0.0,0.016317454041379763,0.0,0.0,0.020983009530470904
FAM111B_hg,0.0,0.0,0.007807586478829686,0.001422476845206974,0.0,0.0003776149156485651,0.0,0.0,0.0,0.0,2.9740519034268323e-05,0.0,0.0,0.0,0.004725904893078434
FAM133A_hg,0.0,0.01113164385996153,0.015717835586054548,0.03813307963257331,0.046207425637639424,0.0,0.0,0.0,0.0,0.0,0.0,0.030917402374565132,0.0,0.14652665894932443,0.0
FAM138E_hg,0.0,0.0,0.0004027451624050152,0.0032197206693094344,0.0,2.1096520535483508e-05,5.652988262871728e-05,0.0009458407506383059,0.0,0.0,0.0,6.0066019582153563e-05,0.0,0.0,0.0
FAM153CP_hg,0.038539902688583365,1.0507211060480004,0.0,0.08676538444931299,0.057016413324586505,0.0,0.09137828248973151,0.20960562383701548,0.0,0.07713895441964513,0.24284597675245234,0.0,0.004280683635035568,0.0,0.0
FAM160A1-DT_hg,0.0,1.2631474333121905e-05,5.960614039035924e-05,0.0,0.0,0.0,0.0,0.0,1.6853314597898204e-05,0.0,0.0,4.810952437625267e-06,0.0,0.0,0.0
FAM162A_hg,0.0,0.0,0.0,0.3063046114695205,0.15386172601155165,0.11257759491603195,0.041654604352521094,1.2019054325063234,0.0,0.02096075952177772,0.00935197191400094,0.0,0.2919090374287508,0.0,0.0
FAM178B_hg,0.0,0.047061174912783665,0.0,0.6344672284337064,0.0,0.36160725737757843,0.03501968706387553,0.15513601545039718,0.02233623073730505,0.12923848671891852,0.004698171440052123,0.09069515029436181,0.0,0.1745207379219736,0.0
FAM180A_hg,0.0,0.0,0.0,0.0,0.022843337098606153,0.0,0.0,0.0,0.0,0.0,0.0,0.0,0.0,0.0,0.0
FAM20C_hg,0.0,0.0,0.0,0.0018276917846883236,0.0,0.0,0.0,0.0,0.0,0.0,0.0001257955817529335,0.0,0.0,0.0,0.0
FAM228B_hg,0.015927148471638793,0.6979055392790968,0.24161809413620128,0.10904954377056779,0.14884411583460655,0.00471074717176659,0.01944230079506686,0.0022536537862289344,0.02738537039419921,0.05354024521046283,0.0,0.1929093040195544,0.0,0.10591654356057183,0.1011058348054542
FAM241A_hg,0.0,0.4684272098752353,0.12925893797671376,0.018312616483269168,0.1731488857516971,0.16915151893868524,0.0,0.16674492393044313,0.007092774270559035,0.09490278470935247,0.06698659612582648,0.0,0.10646410503489014,0.0,0.14034514166341217
FAM30A_hg,0.0,0.0,0.0,0.0,0.0,0.0,0.0,0.0,0.0,0.0,0.0,0.0002590670967058028,2.1856525894400593e-05,0.0,0.0
FAM43A_hg,0.0,0.0,0.0,0.0,0.018275070804172667,0.0,0.0,0.0,0.0,0.003394703109493847,0.0,0.0,0.0,0.0,0.011663474082301546
FAM71F1_hg,0.0,0.003343485933589803,0.00027617305181718466,0.0,0.0031852375316409384,0.0,0.0,0.0,0.0,0.0,0.0007839647727664789,0.008587270365464176,0.0,0.007625352985715636,0.0
FAM71F2_hg,0.0,0.3139069361776667,0.06368959879929782,0.041186987010164766,0.07221627100504212,0.0,0.0,0.0015850946186525122,0.0,0.0,0.027456939892795088,0.09351674116695512,0.0,0.08476774199000629,0.0
FAM83A_hg,0.0,0.49415896408064147,1.6024719987856075,2.838783399639627,0.0,0.18589546533975213,0.0,0.0,0.0,1.5831355950418557,0.3021159665548685,2.40983856285073,1.118722767956507,0.033446590917931326,0.0
FAM83E_hg,0.0,0.0036464528192682267,0.0,0.0,0.0,0.0,0.0,0.0,0.0,0.0,0.000895543517333326,0.0024234160774987026,0.0,0.0028302317260580274,0.0
FAM89A_hg,0.04759292615927292,0.0,0.6824514563433016,0.0,0.0,0.0,0.09305626231036075,0.9715789073323585,0.013110636604155637,0.0,0.0,0.2193796641196599,0.27223093289113526,0.18869251087363884,0.5519558937190229
FAM90A1_hg,0.0,0.008021595299055806,0.001943782442601198,0.0,0.006062031934716383,0.0,0.0,0.0028225891776705292,0.0,0.0,0.0002779196219320262,0.006712909718552394,0.0,0.0,0.0
FAM9A_hg,0.0,0.0,0.0007118151535577636,0.0009867476278766576,0.0,0.0,0.0,0.0,0.00012016103329718611,0.0,0.0,0.007919166216044198,0.0007341224494688293,0.0,0.0
FAM9B_hg,0.023768477743337877,0.03060291709709977,0.038589812536385486,0.05266560290921592,0.0012118681903321782,0.0,0.0,0.0066766784030636035,0.0,0.004418644927751769,0.0,0.08343955936730688,0.001799453629743462,0.0,0.0
FARP1-AS1_hg,0.0,0.00046053142914022604,0.0,0.0008176220162455867,0.0,0.0,0.0,0.0,0.0003733327636703723,0.0,1.15362820361408e-05,0.0,0.0,0.0,0.0
FAXC_hg,0.0,0.546927236567882,0.0,0.0,0.008160967226644698,0.00695112531697702,0.01332926473494989,0.06603583129979132,0.0,0.03827329265984444,0.11975265516379088,0.003046050322368697,0.023642960261589543,0.0,0.033796643521661625
FAXDC2_hg,0.0,0.50763162263911,0.4192297774932048,2.98183338708775,0.0,0.0,0.0,0.07617191053080172,0.0,0.0,0.0,0.0,0.06552319778101537,0.2369915713084615,0.0
FBLIM1_hg,0.0,1.1877707858388789,0.05625210534190576,0.0,0.10000345151662522,0.033963703550821615,0.07255634275460948,0.0,0.0,0.11829399196876768,0.27051344246630055,0.0,0.043412222326366975,0.0,0.03679629409905309
FBP2_hg,0.0,0.0,0.0,0.0006667173262471705,0.002042911132272268,0.0,0.0,0.0,0.0,0.0,2.9859967083002807e-05,0.003043881093956286,0.0,0.0005535268127149607,0.0
FBXL13_hg,0.0,0.14518484413371205,0.43255579173510283,0.0,0.179780992254191,0.0,0.051845526099633374,0.2004977779629299,0.0,0.0,0.0,0.04249640984924164,0.0003873558788029769,0.088723276909932,0.29394852369953356
FBXL18_hg,0.008734818697801742,0.9531127655722816,0.11926481163216555,0.09715038430393158,0.24608940736027604,0.05769001318408894,0.021731567983480707,0.05589712121746367,0.0,0.142158343822521,0.2227366947745776,0.31602949011309756,0.07464476793187057,0.048906905837186765,0.17484103289080424
FBXO27_hg,0.025850627588666592,0.5746610042335897,0.0016724693342020755,0.02900255783859501,0.023889215430301772,0.02356855930822758,0.021933473693510237,0.06625543650559286,0.0,0.0,0.10449209760565707,0.03735134453231234,0.07332582283820648,0.0,0.21375236191152672
FBXO32_hg,0.0,0.0,0.07469244535330312,0.0,0.2521464729726527,0.0,0.0,0.0,0.0,0.0,0.0,0.0,0.0,0.0,0.0
FBXO43_hg,0.0,0.6633803202196288,0.0014318561304566448,0.0,0.029766016319506348,0.045309240286787886,0.013001452924550953,0.0073797483066764345,0.0,0.10227380325073011,0.15682890770914096,0.0,0.0,0.0,0.0
FCER1G_hg,0.0,0.0,0.007240411887057084,0.00629228946503052,0.0,0.0,0.0,0.002793534210796626,0.0,0.0,0.0,0.0,0.0,0.0,0.02152829140420393
FCGR1A_hg,0.0,0.0,0.03557566391015206,0.0,0.0,0.0,0.0,0.0,0.0,0.0,0.0,0.0,0.0,0.0,0.03060002876579304
FCGR1B_hg,0.0,0.0,0.031344736560561956,0.0,0.0,0.0,0.0,0.0,0.0,0.0,0.0,0.0,0.0,0.0,0.02095730627931651
FCGR2A_hg,0.0,0.0,0.16066517987144857,0.0,1.6213292690853451,0.0,0.09151115088590538,0.44538689896775263,0.0,0.11999531769135068,0.0,0.0,0.0,0.0,1.6461580332694454
FCMR_hg,0.0,0.0,0.003585046061638221,0.011792585651161397,0.031669581982411765,0.0,0.0,0.001990838986381253,0.0,0.0,0.0,0.0,0.0,0.0,0.0
FCRL2_hg,0.0,0.1603492626542396,0.0,0.0,0.021637591640178772,0.013617139342821397,0.006779359601244292,0.0,0.0,0.0,0.02806380029816957,0.0,0.0,0.0,0.00023850800168506394
FCRLA_hg,0.0,0.0,0.08462178981648456,0.0,0.05089897217686481,0.0,0.0,0.0,0.0,0.0,0.0,0.0,0.0,0.0,0.0250907315072708
FER1L6_hg,0.0,0.0030627213891590665,0.015190699109645748,0.0,0.0662816160886103,0.0,0.0,0.0,0.0,0.0,0.0,0.0,0.0,0.0,0.0
FER_hg,0.030937105017396677,0.3698754622571259,0.22725722246736335,0.10981908499333348,0.2943679417921117,0.12061295687771517,0.0325770485459086,0.15170626152231656,0.0,0.13188995951489266,0.0,0.024039853439204752,0.05547942755757807,0.23836845093509093,0.42056505266919886
FES_hg,0.0,0.007161777742424682,0.007921689991863,0.09820333326994349,0.024872059169565135,0.008338880064351932,0.0,0.010974398575809475,0.0,0.0,0.0,0.024221546109823612,0.0,0.0,0.0
FETUB_hg,0.0,0.0,0.0,1.6909940926893797e-05,0.0005409156054670258,0.0,1.7128990162456634e-05,3.88608782506748e-05,0.0,0.0,0.0,0.0,0.0,0.0,0.0
FEV_hg,0.0,0.0,0.0,0.0,0.010644820978426024,0.0,0.0,0.013159025758761765,0.0012412374771470685,0.0,0.0,0.0,0.00488033709408263,0.00833254536628825,0.020119863364413477
FGA_hg,0.0,0.0,0.0017587261364991513,0.0002813237370316415,0.005025637263573598,0.0,0.0007769670527934529,0.0017848402086463057,0.0,0.0,0.0,0.0,0.0,0.0003137950751283721,0.0
FGF12-AS3_hg,0.0,0.0,0.0,0.0003012225556417116,0.0,0.00010980978861565058,0.0,0.0,0.0,0.0,9.620981697782475e-05,0.0,0.0,0.0,0.0
FGGY_hg,0.03572637018161687,0.04389565918858576,0.2286527124667564,0.16614283819219883,0.2632727046603828,0.0,0.0,0.18742540482399309,0.0,0.0,0.0,0.24307806591357367,0.0,0.07798091577488486,0.01745687446176291
FHAD1_hg,0.0,0.06067913438398974,0.049331254644720164,0.0,0.15489035336022422,0.0,0.0,0.0,0.0,0.0,0.0,0.11836551794847493,0.0,0.0,0.0
FIBCD1_hg,0.0,0.0,0.0,0.006301962040381175,0.0,0.00023125065468532292,0.00027653930377402944,0.005158856792508609,0.0,0.0,5.7829749742619935e-05,0.0,0.0,0.0,0.0
FIGN_hg,0.0,0.0,0.0,0.00016350129939070863,5.393903316771875e-05,0.0,0.0,7.33224835793742e-05,0.0,0.0,0.0,0.0,0.0,0.0,0.0
FILIP1L_hg,0.0,0.1497776089696997,0.09948519419020455,0.07067925963057478,0.37637885271811905,0.00022559837942251858,0.0,0.013114911409781233,0.0,0.021404735149198408,0.0,0.0,0.0,0.0,0.09959054844056622
FILIP1_hg,0.006390123613448627,0.011630012658328363,0.0057782557740149254,0.03642252771724357,0.030413113324930432,0.0,0.0,0.0,0.0,0.0,0.0,0.017577046781441844,0.024697496913141232,0.011805029811562161,0.0
FKBP9_hg,0.0,0.10420959995592106,0.33235172613680203,0.005628600343660998,0.0,0.0010850441429930793,0.0,0.15183474246234172,0.0,0.027325143308785133,0.0,0.09021187172528197,0.024321037033965875,0.0,0.17515661116041395
FLACC1_hg,0.0,0.05212424514234047,0.02366187437419799,0.0,0.0,0.0,0.0,0.0,0.0,0.0,0.006293323047449526,0.032541267461135275,0.0,0.0,0.0
FLG_hg,7.744664575049807e-05,0.0,0.0,0.0,0.0006628219979536622,0.0,0.0,0.0,0.0,0.0,0.0,0.0,0.0,0.0004077242694154739,0.0
FLI1_hg,0.0,0.0,0.0,0.0,0.0016150684282459904,0.0,0.0,0.0,0.0,0.0,0.0,0.0,0.0,0.0,0.0
FLJ31104_hg,0.0,0.1992539167808247,0.0,0.006486660180623288,0.012236833301879753,0.0,0.00929264186721092,0.0,0.0,0.0,0.03529972446794623,0.050632940327154326,0.001991122470625368,0.0,0.0
FLNA_hg,0.0,0.15953183866584156,0.46692872186587026,0.0,2.049104094768448,0.2533200654048663,0.030923031889361144,0.6347376984391244,0.0,1.2387208873703877,0.134381926247623,2.1100742586176744,0.0,0.0,0.32284886932627743
FLNB_hg,0.12616166757625297,0.2499258053522163,0.45143743423096355,0.09408781942859167,1.4337757013595487,0.16857079767134087,0.0399452536938199,0.09782138366800877,0.0,0.06418876942277355,0.0263535791947583,0.7719195083076373,0.0,0.15905429509506078,0.6348667169777598
FLNC_hg,0.0,0.13035811589132945,0.654376592444709,0.2898913352480788,1.0446848026044109,0.0,0.0,0.5003422514187149,0.10637519736874392,0.6914457534238364,0.01785590425390624,2.160686023726808,0.2852052837959755,0.38485370668619373,0.0
FLOT1_hg,0.0,0.14006557290420243,1.3228256556862334,0.5935082779847701,0.568543437627764,0.17361954605530036,0.32487679255082086,0.4736080679697832,0.0,0.010388511023243488,0.0,0.4701434028748038,0.3137806197319101,0.11640448388103218,0.6257757011867289
FLT1_hg,0.0,0.04552388054447602,0.0,0.0,0.18863127184295306,0.0,0.0,0.0,0.0,0.001720663869416362,0.007691252863941308,0.0,0.0,0.0,0.0
FLT4_hg,0.0,0.0027311752897194166,0.0,0.003437430722242425,0.00034179468442142505,0.0,0.0,0.0007551447111316084,0.0,0.0,0.0,0.0,0.0,0.0,0.0
FMC1_hg,0.0,0.12787124724009988,0.08317823926767211,0.0,0.01606697660444437,0.015921637306703575,0.0035079348562589993,0.2026777898768423,0.0,0.0,0.026085915261519425,0.0,0.0,0.0,0.017225157870940352
FMNL1_hg,0.0,0.14052775658151925,0.15313267462666139,0.0,0.26166858823063815,0.0,0.0,0.0,0.0,0.03766672689398795,0.016208001481367317,0.1692076951630967,0.0,0.0,0.305295275056426
FMNL3_hg,0.0,0.13404505291772154,0.3172663741797921,0.0,0.6601655340818715,0.0,0.0016979477320316562,0.16353880225732098,0.0,0.021945034735705634,0.0,0.25920189326823634,0.0522546060511882,0.0,0.20510332564867134
FMO2_hg,0.0,0.0003644962808304267,0.0,0.0,0.001000263735509145,0.0,0.0,0.0,0.0,0.0,0.0,0.0,0.0,0.0,0.0007859257791272239
FMR1-IT1_hg,0.0,0.13591416993155084,0.0020459033306167605,0.0,0.0,0.011188806802941584,0.008695033279637004,0.0,0.000544244799626237,0.0,0.021200568560296812,0.03004176848928022,0.0,0.0,0.0023895699261937235
FMR1NB_hg,0.0,0.0,0.02906508510792355,0.0842221931588042,0.018951618606087104,0.0,0.01555536513747069,0.18058848782239462,0.0,0.0,0.0,0.03142491679645647,0.015311971364133441,0.05011176000641096,0.0
FN1_hg,0.0,0.12397282563295768,0.22335292582393482,0.05755879407666086,0.1847197335125786,0.0,0.0,0.0,0.0,0.01818728517030682,0.020305929791787525,0.0,0.0,0.0,0.7128332589097213
FNBP1_hg,0.0,0.02654942104187223,0.22242084815093183,0.0,0.033131240444275026,0.0,0.0,0.0,0.0,0.0,0.0,0.027710546773297543,0.0,0.0,0.7721590498391162
FNDC3A_hg,0.0,0.21360131130558987,0.42895945770224025,0.0,0.47259950366385434,0.2003539481381649,0.0,0.0932525464150863,0.012632451774631062,0.0,0.0,0.0,0.0,0.12867864136296392,0.5245483490456564
FNDC3B_hg,0.0,0.4898089279651559,0.7528482886737727,0.0,0.8116135235643778,0.06763363549690617,0.06707765888729282,0.28678098031917953,0.0,0.06114292910456047,0.1010681302128185,0.1326160835970962,0.02325662111914467,0.0,1.519750246440999
FOLR1_hg,0.0,0.0,0.0,0.12008370530809456,0.13117806034660165,0.0,0.0021526285686510518,0.07594386335318298,0.0,0.0,0.0,0.0,0.0,0.0,0.0
FOSB_hg,0.0,0.0,0.0,0.0,0.1166763074700904,0.09379510308718615,0.0,0.0,0.005002576291196444,0.08598321196151962,0.017841104197162568,0.0,0.0,0.0,0.0
FOSL2_hg,0.0,0.0,0.08609802144227112,0.0,0.45100494585362505,0.0,0.0,0.0,0.0,0.0,0.0,0.0,0.0,0.0,0.07077717396803675
FOS_hg,0.0,0.0007134850618159311,0.0,0.0,0.0912778914459425,0.05145378960470275,0.0,0.0,0.0,0.2935571173591855,0.028773074581327576,0.0,0.0,0.0,0.0
FOXA2_hg,0.0,0.0,0.0006258913020735545,0.0,0.038847948380561104,0.0,0.0,0.008386102366044531,0.0,0.0,0.0,0.020693918511441138,0.0,0.0,0.07974262714487568
FOXD3-AS1_hg,0.0,0.0,0.01788062759261705,0.035959846848962404,0.0,0.002352054399166192,0.0,0.022237702549339815,0.0,0.014420230675143468,0.0,0.007104560869713795,0.0,0.0,0.0
FOXD4L4_hg,0.0,0.0003148640275686925,0.0,0.0,1.4799396544269729e-06,7.578216856801717e-05,0.00015961882026308273,0.0,0.0,0.0,1.4912050960459592e-05,0.0006138518521084679,0.0,0.0,0.0
FOXO3_hg,0.0,0.5024200447939314,0.6331171316012896,1.6000029910498552,0.48576638043306264,0.0,0.0,0.0,0.0,0.0,0.0,0.0,0.39285905691390194,0.30857859577976177,0.36667826605279696
FOXP2_hg,0.0,0.0008040349499984676,0.0,0.0,0.0004626714791666264,0.0,0.0,0.0,0.0,0.0,0.0,0.0002289633253132088,0.0002726123978733141,0.0,0.0
FOXR2_hg,0.0,0.0067014554052846195,0.0,0.0,0.003247673062482229,0.0,0.0,0.0014871748735215678,0.0,0.0,0.0,0.011393729512353977,0.004274743319472495,0.0,0.0012431191806544927
FP236383.3_hg,0.005376933739001245,0.017740623638769253,0.015983330656061036,0.0004419147030023426,0.0013579821771612292,0.0,0.004083628252807158,0.0,0.0,0.0,0.0,0.008256191424948545,0.0,0.0,0.0041586870493956285
FP236383.6_hg,0.0,0.004249634018807187,0.0,0.0,0.0020806663223891485,0.0010104844949470275,0.0009800777355271676,0.0,0.0003400761712462054,0.0,0.0,0.0,0.00038469917880000324,0.0,0.0
FRG1-DT_hg,0.0024011865310072664,0.24738057058486884,0.053690150383239106,0.0,0.0,0.016219468421839512,0.002139518336853255,0.03503729537289939,0.0,0.0,0.03220802869567858,0.04834564408843672,0.0049681824253494464,0.0,0.0
FRG1_hg,0.0,0.9265645084216321,0.8430477716047684,0.6504872846652395,0.5987664816164778,0.2917365439530199,0.0973545366356904,1.2882264988344003,0.08753130935654799,1.0251220367837408,0.37474192388904776,0.5850317562605722,0.4724055005268542,0.5290150604065758,0.33064597186325173
FRG2C_hg,0.0017435227345136666,0.0008438853748160503,0.0001998368572126888,0.0,0.007725724272437609,0.0,0.0,0.0,0.0,0.0,0.0,0.0,0.0,0.0,0.0005312081690461015
FRG2_hg,0.0004770403884364528,0.0,0.0,0.00045642649904616226,0.0016424198382033236,0.0003207684474881849,0.0,0.0,0.0,6.66920109124106e-05,0.0,0.0,0.0,0.0,0.0
FRK_hg,0.0,0.07466815310859011,0.02776571744901975,0.010467430292389664,0.02518611715466143,0.010301259998055546,0.0,0.0,0.0001334636430776295,0.0,0.0006843582278728757,0.0,0.005932363571085741,0.01865859909858432,0.05069026575866304
FRMD1_hg,0.0,0.0,0.0,0.039440915877486826,0.03534100705928371,0.0,0.0,0.0043191865018796845,0.0,0.0,0.0,0.0,0.0,0.0,0.0
FRMPD1_hg,0.0,0.6882768150452848,0.03274373058766575,0.0,0.044384653666603296,0.040904688680122495,0.02517427252655455,0.037226817054823155,0.0,0.10172040679520906,0.13625792211284551,0.0,0.01102314783429157,0.0,0.0
FSIP2_hg,0.0,0.3377038423213936,0.02536922121036861,0.0476592140663923,0.05878077286475327,0.05594771171556911,0.0,0.02639663007797526,0.03434926794795667,0.0076008187487763565,0.0,0.0,0.04440812837399215,0.0,0.11261767299922248
FSTL1_hg,0.00012181354092159345,3.99559771789477e-05,0.0010533581071951322,0.0,0.000984405322214588,0.0004912003650905729,0.0,0.0,0.0,0.0,0.0,8.474584265582571e-05,0.0,0.0,0.0
FSTL5_hg,0.0,0.003002351134159805,0.007633565891281704,0.0,0.01554609668202149,0.0009727191493803592,0.0,0.0,0.0,0.0022747477557288043,0.0,0.0,0.0,0.009991326724174566,0.0
FTMT_hg,0.0,3.8611786667402796e-05,5.4192891749339836e-05,0.0,0.0,0.0,0.0,0.0,0.0,0.0,0.0,0.00039223164072830553,0.00030732560963020976,0.0,0.0
FTO_hg,0.0,0.41871980974242873,0.0503914788529388,0.036576559470337035,0.140798950480513,0.06991462406201036,0.0,0.09202481594025752,0.03283633433882341,0.09699046874485588,0.013517791272333391,0.0,0.04467957666119808,0.0,0.16556990742850633
FTX_hg,0.0,1.3398904597908525,0.4748687270951874,0.29919572167362435,0.3447412933731122,0.25830929439883604,0.0586615275171312,0.17312751934191192,0.06086783506438222,0.06170265441293511,0.24724996516392178,0.0,0.3196590326412907,0.0,0.6374006481632224
FXYD3_hg,0.0,0.00014034487202046255,0.0,0.0001984675318781725,0.0,0.0,0.0,0.0,0.0,0.0,0.0,0.0,0.0,0.0,0.0
FXYD5_hg,0.0,0.35284270446503924,0.06607205224802623,0.2152067206419938,0.49013757395821383,0.3490376658229211,0.5174093738911657,0.8189157455629883,0.0,0.14328001519112393,0.0,1.4908319439762734,0.0,0.0,0.0
FYB1_hg,0.0,0.10731329209676051,0.0,0.0,0.1813665511952033,0.0,0.0,0.004258157490468112,0.11364586333666381,0.8089716755990859,0.0,0.0,0.0,0.1743257495095115,1.1346698918071259
G0S2_hg,0.0,0.0,0.25540734410197413,0.0,0.02339130224093429,0.0,0.01865531684656777,0.0,0.0,0.0,0.0,0.09989658993106935,0.0,0.0,0.0
GAB2_hg,0.0,0.1387621930816239,0.7540365106625478,0.0,0.15516453308534467,0.056477866099791434,0.022955324277152248,0.0,0.0,0.02410235661800608,0.030247763629940774,0.4784657997723576,0.0,0.0,0.3233099522645788
GABPB1-AS1_hg,0.2568794032665197,2.16083474341366,2.3718082978562314,1.7228110761626259,0.0,0.0,0.1576052138310687,0.0,0.12443393716009345,0.012547535898083433,0.4801964911402484,0.0,0.416876538759754,0.7599229547904858,0.0
GABPB2_hg,0.0,0.8332962526946411,0.2911488998928189,0.3100955926590729,0.0,0.07275056326628332,0.0,0.0,0.0,0.05921516470837926,0.25545129430981967,0.14753022329715315,0.06297247597552721,0.0,0.0
GABRA2_hg,0.0,0.00040611705032539874,0.0,0.0019760156447104996,0.0,0.0019243650955245086,0.00030804310523017806,0.0,0.0,0.0,0.0,0.0016449637346765923,0.0,0.0026589021481738142,0.0
GABRB3_hg,0.00567935755484428,0.013007159301426636,0.045282830751656,0.01944083520876593,0.028613570598490075,0.0,0.0,0.02437422049096055,0.0015966537320786826,0.0,0.0,0.022822302961433266,0.0,0.0,0.022698469819303062
GABRD_hg,0.0,0.27796984513732736,0.0,0.0,0.0,0.001984156134269377,0.0022553908378674823,0.016291291304841245,0.0,0.017043702179377403,0.05571345189137496,0.0,0.0,0.0,0.0
GABRE_hg,0.0,0.36394784521486406,0.0,0.0,1.8254890232129442,0.0,0.3166668717133279,0.32798944367078353,0.20249995143064,0.5359918465775624,0.0,0.36790545575428163,0.20486550189131522,0.0,2.4629739162152684
GABRG1_hg,0.004656407474099954,0.00760092343977832,0.03833302885271279,0.0021107988065681006,0.0,0.003299953701332462,0.0012526397497445692,0.002203980472421172,0.0,0.0,0.0,0.04810285903622275,0.005957336930212103,0.0,0.0
GABRQ_hg,0.0,0.0,0.0,0.0,0.3187981723831095,0.0,0.0,0.07621412492586337,0.010333099242293965,0.0,0.0,0.01379628118193891,0.05336995981844106,0.0,0.045643141828956214
GAD1_hg,0.0,0.0016177490183097573,0.0,0.044756770780744005,0.8287120502214832,0.0,0.0,0.19396040146956567,0.02791127213193935,0.01078668503935287,0.0,0.02506863533393822,0.014058537284296384,0.05083905049333321,0.10540291805139777
GADD45B_hg,0.01998541959555462,0.006958997680765263,0.012432115080273974,0.0,0.01968672118445485,0.013232530106904795,0.0009155260848383387,0.0,0.0,0.0,0.004997209169182028,0.021411092881438155,0.0,0.0,0.0
GAGE12F_hg,0.0,0.02618715780583499,0.0,0.1473699047100017,0.06903980304614395,0.12678549893769236,0.04203382236837001,0.9722560549637261,0.0,0.0,0.0,0.011168970638470133,0.18269371733729733,0.0,0.0
GAGE13_hg,0.0,0.004318191692867187,0.0,0.0019250618757947653,0.0,2.7611648501666925e-05,0.0,0.016678004348742205,0.0,0.0,0.0,0.00048165068748438385,0.004946624587526258,0.0,0.0
GAGE1_hg,0.16253658497855736,0.1906268858941086,0.0,0.45995555362388874,0.2958240803176779,0.14033030326650123,0.0,1.3711017394077776,0.0,0.6380895070158433,0.27245655881058345,0.5528385352072616,0.8314198184712471,0.0,0.0
GALM_hg,0.0,0.5482404939529029,0.39585014283603975,0.0,0.485483314391715,0.0,0.14229482946882321,0.2174763471373261,0.0,0.4271545172215683,0.038559893161559944,0.7090673427885598,0.04544033100343343,0.39237615698282247,0.4352677546144383
GALNT14_hg,0.0,0.0,0.0,0.004706057746897838,0.002490715001294167,0.0,0.0,0.0,0.0,0.0,0.0,0.0,0.0,0.0,0.0
GALNT17_hg,0.0,0.0,0.0003177631058052431,0.0,0.0,3.0135662862687708e-05,0.0,0.0011781392740760398,0.0,3.7621498169999296e-05,0.0,0.0,0.0,0.0,0.0
GALNT18_hg,0.0,1.6853934236012227e-05,0.0001658748796746028,0.0,0.0010592589476602504,0.0,0.0,0.00014747284572684609,0.0,0.0,0.0,5.8521599456178196e-05,0.0,0.0,0.0
GAL_hg,0.0,0.0,0.0,0.28145836577538164,0.0902296976604986,0.35823124742244994,0.0,0.2782781298383477,0.0024073953219364325,0.12643047037005442,0.03129968694985218,0.12967923803436204,0.5109490355568354,0.0,0.0
GANAB_hg,0.0,0.3335338076429999,0.039554958071043006,0.0,0.05253622323895626,0.15996252860589547,0.10283387346161796,0.08851052992485373,0.0,0.06917252351693799,0.04601350729095321,0.6454791014517522,0.07332681573991408,0.0,0.23867049012259156
GARS1-DT_hg,0.0,1.048097267263269,0.6745433862842317,0.48926450488477974,0.0,0.0,0.049451958776523065,0.013866112681436853,0.02965985174099367,0.06813471460040728,0.16289539691846347,0.18699560740907517,0.18074932744794645,0.28944872664759297,0.3179967218598172
GARS1_hg,0.3979445986643728,0.34548998636707917,2.6527515228726055,0.6588465294428179,0.4458773307816011,0.398734600500035,0.1613071975436359,0.0,0.21951683832308333,0.7733289059630708,0.23143817477433873,2.5411985848631846,1.873219684755734,1.4969082636121585,0.0
GAS2L3_hg,0.0,0.1954909590182322,0.06898880731851946,0.0,0.0542634579080678,0.015842059827229343,0.0,0.0,0.0,0.0251661406165704,0.030160828944725045,0.0,0.0,0.262085460003544,0.0
GAS5_hg,2.7189315278484356,0.16195948585247108,2.2980588283937866,1.6679150345245592,0.25864800641326974,0.0,1.1238170405303647,0.5829299583080423,0.0,0.4787150289904475,0.36755653695754154,0.8081865037043475,1.256050806609494,0.46437687965871544,0.7656914723544279
GATA6-AS1_hg,0.0,0.0,0.0022012529214378703,0.0015337669372461513,0.0,0.0,0.00020348626836332636,0.0,0.0,0.001091609057311948,0.0,0.0,0.0,0.0,0.0008929708385515177
GBP1_hg,0.0,0.0,0.0030939087787672996,0.0,0.007586671611896308,0.0,0.0,0.0,0.0,0.0,0.0,0.0,0.0,0.0,0.0
GBP2_hg,0.0,0.008448611301192933,0.18175467747208965,0.0,0.30073107894140294,0.0,0.0,0.0,0.0,0.0,0.0,0.0,0.0,0.0,0.0
GBP4_hg,0.0,0.3927566406563723,0.0,0.0,0.16705656440139774,0.021071835984322905,0.0024793469494397502,0.015819771209710946,0.0,0.024430044199306417,0.06461987033178611,0.03433229398390378,0.001063364101458881,0.0,0.0
GBP5_hg,0.0,0.0,0.0,0.026725703169012346,0.21621397622845442,0.0,0.0,0.0,0.0,0.0,0.0,0.0,0.0,0.0,0.0
GCC2_hg,0.11674514141648976,1.1271023596216925,1.0572287232506254,0.7419139535121921,1.4027569939244835,0.3168107788874377,0.05979328421331824,0.0,0.03314275809940039,0.32198601771818125,0.15413300746900552,0.4685069525088805,0.39091737915126956,1.447997022423648,0.48053531992975207
GCGR_hg,0.0,0.0002483260016911111,0.0001754204315006755,0.001144005417896809,0.0,0.0,0.0,0.0,0.0,0.0,0.00010815716708315858,0.0,0.0,0.0006664700200160924,0.0
GCKR_hg,0.0,0.0,0.0,0.030868222981705246,0.11180204194093439,0.0,0.0,0.0,0.0,0.0,0.0,0.0,0.0,0.0,0.0
GCNA_hg,0.0,0.09183539727034866,0.143169090679681,0.05724083634715074,0.0,0.0,0.0,0.0,0.0,0.0,0.004781168626349573,0.05982620433811701,0.06711479637927466,0.07000847103788631,0.0
GCNT4_hg,0.0,0.0,0.0004409413844672727,0.0,0.0,0.0,0.000740679603366195,0.0,0.0,0.0,0.0,0.0,0.0,0.0,0.0
GCSAM_hg,0.0,0.0,0.0,5.1715377037111664e-05,0.0004422074530274822,0.0003095491087925697,0.0,0.00020340280767695954,0.0,0.0,0.0,0.0,0.0,0.0,0.0
GCSIR_hg,0.0,0.0,0.0,0.0,0.00047552244893351474,0.0002214606834442283,0.0,0.0,0.00045343295178130734,0.0,0.0,0.0,0.0,0.0,0.0
GDAP1L1_hg,0.0,0.0,0.10257383310624206,0.0,0.0,0.0,0.0,0.0,0.0,0.0,0.0,0.037378838290141755,0.0,0.0,0.0
GDF15_hg,0.0,0.0,0.38704575614579606,0.013755016002938984,0.6423671412273925,0.01089539249568961,0.0,0.04071964022363116,0.0,0.04012622247822113,0.0,0.2165352153294787,0.0,0.0,0.0
GDF3_hg,0.0,0.0,0.0,0.0003979290243708195,5.9982306297359617e-05,0.0,0.00011670578361061487,0.0,0.0,0.0,0.0,0.0,0.0,0.0,0.0
GEM_hg,0.0,0.0,0.0,0.0,0.015814226032908225,0.0,0.0,0.0,0.0,0.0,0.0,0.0,0.0,0.0,0.0
GFI1_hg,0.0,0.004175872021756176,0.009004145120294915,0.001185792605701461,0.005368747143332359,0.0,0.0003117235883180164,0.0,0.0,0.0,0.0,0.0,0.0,0.0,0.014574171863580246
GFOD1_hg,0.0,0.08345639759328004,0.0,0.07235929532554633,0.7400717466763349,0.0,0.0,0.1608692975485923,0.0,0.06777558706258606,0.0,0.32654871869231883,0.09352470701652009,0.09635465943030462,0.22771220526899713
GFPT1_hg,0.013480473026810536,0.5542997015126715,2.256895430320519,0.0,0.7478992219232582,0.17101319321106448,0.0,0.0,0.0,0.07239405195695632,0.13128330092271673,0.7452695181634561,0.32211414249385906,0.08049340769355226,0.060850385008615344
GFPT2_hg,0.0,0.0,0.00011047653879662391,0.0,0.025428247708019866,0.0,0.0,0.0,0.0,0.0,0.0,0.0,0.0,0.0,0.0
GGTLC2_hg,0.0,0.12207279948367737,0.007163729214001342,0.0021175468815070706,0.0,0.013043548640389112,0.002895560008744621,0.0026611017774870434,0.0,0.04102480329331249,0.0,0.12881855452297603,0.0,0.0,0.0
GH2_hg,0.0,0.0,0.0,0.001063023154174359,0.004822960206406629,0.0,0.0,0.0032517006098589066,0.0,0.0,0.0,0.0,0.0,0.0,0.0
GHRHR_hg,0.0,0.0,9.356280237475442e-05,0.00011742478107801114,0.0004493465589332649,0.0,0.0,0.0,0.0,0.0,0.0,0.0,0.0,0.0,0.0
GIHCG_hg,0.11723228489160564,0.17156537819942205,0.13349847874449547,0.04842033350242112,0.0,0.047224070622600284,0.0,0.9666609738223977,0.0,0.04430852524143204,0.0013576883470917274,0.004091315837184204,0.038072846818601916,0.1625890495163916,0.16020478525471246
GIMAP8_hg,0.0,0.0,0.0014853897888392027,0.0016151808519574732,0.0,0.0,0.0,0.0004711780370186628,0.0,0.0,0.0,0.0,0.0,0.0,0.0
GIPC3_hg,0.0,0.0012241912484280068,0.003904887266711413,0.0,0.003660408696081649,0.0,0.0,0.0,0.0,0.008611994750690483,0.004541772249856968,0.061221376808079514,0.0,0.0,0.052358366266110866
GJA5_hg,0.0,0.0,0.0,0.0006052653801919196,0.0023224979056771615,0.0,0.0,0.0001213456191882555,0.0,0.0,0.0,0.0,0.0,0.0,0.0
GJC1_hg,0.0,0.12109650897847034,0.0,0.007287468179521007,0.034084054228098015,0.0,0.0,0.0,0.0,0.0,0.03388350100126936,0.017743794966028452,0.0,0.0014160816418692522,0.0
GJD2_hg,0.0,0.0,0.0,0.0,4.466247969756868e-05,0.0,0.0,0.0003569906717624066,0.0,0.0,0.0,0.0,9.486734828297527e-05,0.0,0.0
GJD4_hg,0.0,0.0012254360800084624,0.0005330465869041404,0.0,0.0,0.0,0.0,0.0,0.0,0.0,0.0,0.00030706775856321095,0.0,0.0,0.0
GLCE_hg,0.0,0.0,0.31917844099232867,0.011769676430924081,0.05133186287161839,0.0,0.02692843911811811,0.15657969669363378,0.0,0.0,0.0,0.036853530714964,0.0,0.0,0.04959264471733353
GLIS3_hg,0.0,0.0028474542701154193,0.012877564631548622,0.004441460356356836,0.02137751399070857,0.0,0.0,0.0,0.0,0.0009293763222801616,0.0,0.0013351460853351293,0.0,0.0,0.00019563059164489545
GLP1R_hg,0.0,4.848106439387784e-05,0.0,0.0001566384867558745,0.003787239592980522,0.0,0.0,0.0,0.0,0.0,0.0,0.0,0.0,0.0,0.0
GLRA2_hg,0.0,5.468102451067708e-05,0.0,0.00016079541733637995,0.0,0.0,0.0,0.0,0.0,0.0,1.1703269431176718e-05,0.0013591745248698302,0.0,0.0,0.0
GLRA3_hg,0.0,0.0016636509023480782,0.0015889541825164677,0.00442152030758233,0.0011508263659681017,0.0,0.0,0.0020296531507295866,0.0,0.0008905124476739527,0.0,0.0011064352076029875,0.0,0.0,0.0008768347232438787
GLRA4_hg,0.0,0.0,0.0,0.0,0.0009097001131356989,0.0,0.00015991466757547094,0.0,0.0,0.0,0.0,0.0,0.0,0.0,0.0
GLS2_hg,0.0,0.0,0.0,0.0033286851149283017,0.007256278165257944,0.0008313925885169241,0.0003570273766989919,0.0004388385103424252,0.0,0.0,0.0,0.0,0.0,0.0,0.0
GMDS-DT_hg,0.007760384658154558,0.18553546121647116,0.2647134594987708,0.3074957315330995,0.09054124384964578,0.0,0.0,0.06605868013779125,0.0,0.0,0.0,0.12502273289365318,0.0,0.0663395479699355,0.13422197981818584
GMFG_hg,0.0,0.0,0.3415802315459734,0.0,0.5492089120357211,0.0,0.04997176970683997,0.6671984687871411,0.0,0.118363285595991,0.0,0.0,0.0,0.0,0.44608532042904997
GNAI2_hg,0.0,0.28725388008469527,0.004061057857722548,0.10858893885445979,0.6704887322814681,0.1520994512852123,0.004363329491772305,0.1426133889277189,0.0,0.22466672989653405,0.0,1.0432850539912248,0.0,0.0,0.7392314211608425
GNAO1_hg,0.0,0.0,0.010976347716860128,0.001644983334944005,0.0,0.0,0.0,0.0,0.0,0.0,0.0,0.007878753697351838,0.0,0.0,0.00842965339142516
GNG11_hg,0.0,0.0,0.0,0.0,0.06053522412426298,0.0,0.0,0.0058544572195152736,0.0,0.0,3.6550416434231066e-05,0.0,0.0,0.0,0.0
GNG12_hg,0.0,0.0072469132920203305,0.16924868056483866,0.0,0.4519630029150886,0.00547654258066321,0.030471536812354205,0.0,0.0,0.023268052543045044,0.0,0.0,0.0,0.0,0.15107148553510824
GNG2_hg,0.0,0.0005579806584467141,1.0434066637422714e-05,0.0,0.0,0.0,0.0,0.0,0.0,0.0,0.0,0.0038562980114891414,0.0,0.0010193834091702869,0.0
GNG5_hg,0.0,0.0,0.08095568705107027,0.04918912834522102,0.0,0.10440054683762444,0.10722340002767486,1.456300356486277,0.0,0.0,0.0,0.0,0.0,0.0,0.0
GOLGA3_hg,0.0,0.7611772583251868,0.47254799467499964,0.47897546384336825,1.6529377996082197,0.32391053587712043,0.0,0.0,0.0,0.26374293728556564,0.4517656674116613,2.207310506954357,0.23745409206441553,0.6297335379260252,0.016685890454844185
GOLGA8A_hg,0.01837262900573438,0.9457701601770048,0.0,0.0,0.0,0.02614427420078585,0.0,0.0,0.06481357320287842,0.37243234483992455,0.16680038456093144,1.1880777618362826,0.0,0.1960773314381694,0.02373859938329024
GOLGA8B_hg,0.11651222795399535,1.1800599988169835,0.0,0.08605407763647518,0.27155116338786606,0.025723867092741007,0.0,0.0,0.10205931507106195,0.1897096454124985,0.11638629954064171,0.6511796225149524,0.06881419090105494,0.5607752797803809,0.3391262071485506
GOLGB1_hg,0.0,0.9559999872590119,1.0409452672834596,0.427413020377998,1.9410022022503244,0.02366223621946459,0.0,0.0,0.04877430705817366,0.5706811878866381,0.3349240184634126,0.599886939703828,0.3490770192348156,1.2851535654432806,0.7962066009045156
GOLIM4_hg,0.03534273273501287,0.4282892819631692,0.39675870678032304,0.2158641754058648,0.20391628785242644,0.3823211863402371,0.0,0.0716787211806145,0.0,0.5184415477027569,0.25399659927532187,1.14700355807956,0.06635870079373717,0.9223906972478548,0.1649745152487175
GPAT2_hg,0.0,0.0,0.003942981745302841,0.03800782776180572,0.0,0.0,0.0,0.0,0.0,0.0,0.0,0.009316067255792364,0.010347532806550711,0.0,0.0
GPAT3_hg,0.0,0.0,0.5590536913142566,0.0,0.1035598061258187,0.0,0.0,0.08760723258897711,0.0,0.0,0.0,0.0,0.0,0.0,0.7376365497428509
GPR132_hg,0.0,0.0,0.007326806256030416,0.0,0.0,0.0,0.0,0.0,0.0,0.0,0.0,0.0025904627150519885,0.0,0.0,0.03123379983985549
GPR174_hg,0.0,0.0,0.005083715890881797,0.0,4.814426591303783e-05,0.0,0.0010184657924991816,0.0,0.0,0.0,0.00025807989731002574,0.0024238205829396654,0.0,0.003288510091175368,0.0007770755352133076
GPR183_hg,0.0,0.0,0.0,0.0,0.020766662735128623,0.006863345852642673,0.0,0.01550652250306596,0.0,0.0,0.0,0.0,0.0,0.0,0.044012125051755
GPR20_hg,0.0,0.004007446460032697,0.0,0.0018498347268307304,0.0,0.0,0.0,0.0,0.0003864469540980419,0.0,0.0,0.0,0.0,0.0,0.004202807092272565
GPR35_hg,0.0,0.0018853697015016597,0.005300368286187278,0.0025358904603047434,0.0027054551952682727,0.0,0.0,0.0,0.0,0.0,0.0,0.0030367808951691907,0.0,0.0,0.0029202265365030743
GPR4_hg,0.0,0.0,0.0,0.0,0.05025803239900077,0.0,0.0,0.0,0.0,0.0002548784503666299,0.0,0.0,0.0,0.0,0.0
GPR85_hg,0.0,0.0,0.051361153572882935,0.0,0.0,0.0,0.0010853644464655608,0.014816048367010847,0.0,0.0,0.0,0.0,0.0,0.0,0.30465185704180464
GPRC5D_hg,0.0,0.0004272426378589481,0.000490602237412155,0.0,0.0,0.0,6.285909294229317e-05,0.0001438164337192702,0.0,0.0,0.0,0.0014236006576991865,0.0003291032649909064,0.0,0.0
GPRC6A_hg,0.0,0.0,0.0,0.0006853914856922046,3.47585338116082e-05,0.0,0.0,0.002594557668279403,0.0,0.0,8.35675112464393e-05,0.0,0.0,0.0,0.0
GPSM2_hg,0.0,0.8979914766055515,0.18093915741172603,0.010755663869534603,0.17966894091623595,0.18854594083635637,0.036343470313001836,0.215685912170473,0.0,0.04830244438542895,0.1534088716899945,0.0,0.06863927653531081,0.8030574743920715,0.11641799316040487
GPSM3_hg,0.0,0.0,0.13325473502874569,0.0,0.0,0.007622790475970137,0.011281391865831419,0.2801191618788187,0.0,0.0,0.0,0.11772136879317555,0.0,0.0,0.29364091314374996
GPT2_hg,0.0,0.22046690058711707,0.2565871258099164,0.0,0.0,0.011142957176956203,0.0,0.1889755736122375,0.0,0.013920684403120475,0.031821564065437874,0.38315678218443117,0.06519039477385173,0.0,0.012799934220840171
GPX4_hg,0.2027120421927997,0.14966916239095776,0.02523707391960134,0.2441405919935799,0.19699098364173867,0.7451150678204648,0.3931254564335318,1.7066437246467798,0.06188699918559191,0.09611763619072482,0.0,0.8406209786885941,0.0,0.14640387089659335,0.0
GPX5_hg,0.0,0.0,0.029299077290571143,0.0,0.04838504506861112,0.0,0.0,0.0,0.0,0.0,0.0,0.0,0.0,0.0,0.00951487866207207
GPX6_hg,0.0,0.0,0.0005277339051192381,0.0,0.0,0.0,0.0,0.0007610230979357569,0.0,0.0,0.0,0.0,0.0,0.0,5.448130108919299e-05
GRAMD1C_hg,0.0,2.722601204106269e-05,0.0,0.00021599123904890145,0.00042504886043810686,0.0,0.0,0.00020959535648707727,0.0,0.0,0.0,0.0,0.0,0.0,0.0
GRAP2_hg,0.0,0.2718139412760015,0.22260119859486455,0.4883182193723191,0.5679175804260234,0.0,0.05043382544493706,0.2872734312891852,0.0,0.38055755318665535,0.021512897431842853,0.9074769747381716,0.32009385104122123,0.0,0.0
GRB10_hg,0.0,0.06871178501215525,0.6188414992007396,0.0,0.0,0.14015091115809097,0.0,0.29349008614316874,0.0,0.015392715743881654,0.017813630388908784,1.07801080127506,0.34541244309814517,0.5724874345866875,0.0
GRHL2_hg,0.000320644351912073,0.0005297577813232181,0.0,0.0002521445123280218,0.0,0.0,0.0,0.0,0.0,0.00021656713364480977,0.0,0.0,0.0,0.0,0.0
GRIK5_hg,0.0,0.00444897838771588,0.013553259393766498,0.0,0.0,0.0,0.0,0.0,0.0,0.0,0.0,0.03266013195995551,0.0,0.0,0.0
GRIP1_hg,0.0,0.0,0.0,0.005635109207786788,0.011977531879209432,0.0,0.0,0.00036379471120823767,0.00031482917320679274,0.0,0.002612124503896909,0.0,0.0003720391446618203,0.006545319627811921,0.0
GRIPAP1_hg,0.0,0.7470035897999522,0.4550195039468349,0.0730158818992771,0.2457725536522585,0.03663749246831991,0.06628684745621123,0.21231938336459208,0.018125667438065263,0.150007840242956,0.2356756007905922,0.4633660110784422,0.15692282773496408,0.0,0.10139735556233145
GRK5-IT1_hg,0.0,0.00106995495926602,0.0,0.00021802245603959032,0.00015799134734088054,0.0,6.973535040418784e-05,0.0,6.361190336105778e-05,0.0,0.0,0.0,0.0,0.0,0.0
GRN_hg,0.0,0.0,0.4420831107280471,0.6435043834263194,1.1426472479841496,0.0,0.09713836973102184,0.08640252647924551,0.0,0.0,0.0,0.3840541136828366,0.0,0.0,0.29986906795746776
GRTP1-AS1_hg,0.0,5.5762389732748765e-05,0.0006312038565766343,0.0003047164287251033,0.00033493642682133715,0.0,0.0,0.0,0.0,0.0,0.0,0.0,0.0,0.00045978234207325644,0.0
GSDME_hg,0.0,0.007766675099745987,0.04685448910084372,0.0,0.02431059560506196,0.0,0.0,0.0,0.0,0.0,0.0,0.0,0.0,0.0,0.019586193796377962
GSN_hg,0.0,0.19516025140012766,0.05887998264249403,0.14388070603648614,1.2340246773338535,0.0,0.0,0.0,0.0,0.30056492296820914,0.0,0.3464449213104655,0.0,0.0,0.02289845808469074
GTDC1_hg,0.0,0.5690811815085836,0.043006487622686426,0.019346684877389806,0.06892271068823232,0.0,0.02042610292427936,0.06751233992138728,0.0,0.035197181037914735,0.12352151829690844,0.06373357116122808,0.03150557841863518,0.0,0.016530103353067028
GTF2H2C_hg,0.06609887082405828,0.7070123575638948,0.01972891783468744,0.0,0.0048198057454362855,0.18949259523896728,0.0,0.2054108458499688,0.0,0.03981275902454571,0.13311552757245734,0.01929383806349347,0.05992498567890585,0.12895798140995893,0.012508035902681623
GTF2IRD2_hg,0.0,0.3963143236559521,0.15474488820422955,0.022142914844906474,0.0,0.007298428699900412,0.0,0.0,0.0,0.0,0.024203996765077937,0.056902795555009475,0.009305139303496749,0.0,0.025999640094392262
GTSF1_hg,0.0,0.0,0.4420155526201301,0.31766957753914526,0.0,0.14949518446932497,0.8627148080965584,2.987573014007427,0.0696787804635424,0.03554068298343111,0.0,0.0,0.4506700924135852,0.0,0.0
GVQW3_hg,0.04970001574654796,1.063892685291345,0.06765204458901102,0.035107635315473826,0.21395452127461798,0.04507302360223824,0.04257934019786397,0.08506375201371273,0.0,0.03305226059475995,0.18686224703502857,0.02406339690461474,0.08760064983901251,0.0,0.03647303212963807
GYPA_hg,0.015282362965582259,0.18672940231799698,0.07008432747792663,0.9878362985443745,0.0,0.09752187832247852,0.0,0.4085048445816633,0.031359087115540016,0.0,0.0,0.0,0.2303632844304362,0.13945726147303078,0.0
GYPB_hg,0.0,0.0,0.0346743210941791,1.4495427307305393,0.0,0.0,0.0,1.16869360493497,0.0,0.0,0.0,0.0,0.002783062052561122,0.0,0.0
GYPE_hg,0.0,0.05459751931641739,0.2195728336461071,0.3969628192773879,0.0,0.0,0.0,0.6311173038265978,0.0,0.0,0.0,0.028218379859558742,0.14979851777016462,0.08716091914470261,0.01253045757656551
GZMB_hg,0.0,0.0,0.00102940527892339,0.0,0.014347397027420206,0.0,0.0,0.0,0.0,0.0,0.0,0.0,0.0,0.0,0.0
H1-0_hg,0.0,0.0,0.00075134612231523,0.007571969433974771,0.0,0.00028673715084661484,0.0,0.0,0.0,0.0,0.0010279306376330117,0.0,0.002938273116183382,0.0,0.0
H1-10-AS1_hg,0.0,0.29546465080045065,0.008966016904556033,0.0,0.0,0.01682782208616596,0.0069295828176534355,0.0,0.0,0.0,0.04255328457019374,0.06493728395072428,0.02272282382989829,0.0,0.0
H1-1_hg,0.0,0.0071789236547934775,0.0012567968112003828,0.002979775897378253,0.0,0.0022404901629550404,0.0,0.0,0.0,0.0,0.0,0.004230802616483273,0.0,0.004394737119405752,0.0
H1-2_hg,0.0,0.0,0.29951057876969805,2.2741630601226697,2.1690918119667026,4.127579448848214,0.8478817683411527,0.0,0.0,1.8825190250481934,0.45076155078661306,0.5209551466428716,0.0,0.0,0.0
H1-3_hg,0.0,0.018596400736831626,0.007109450946042812,0.0,0.0,1.9978108356920823,0.015599420017262115,0.0,0.0,0.11454545541117261,0.2661979468472149,0.0,0.0,0.0,0.18126153618420776
H1-4_hg,0.0,0.0,0.05666991134718252,0.0,0.0,1.8327455100423158,0.14390445731633666,0.0,0.0,0.0,0.0,1.015630282777075,0.0,0.0,0.0
H1-5_hg,0.0,0.0,0.023929677193969514,0.0,0.0,1.552552316107365,0.026617829796628283,0.0,0.0,0.09377716407510477,0.14178435967352898,0.15836931905748364,0.0,0.0,0.04857887133690872
H19_hg,0.0,0.0,0.0,0.0,0.0,0.021296628203471665,0.0,0.0,0.0015382813303390689,0.16154202502074333,0.03813902245587035,0.0,0.000712493437758968,0.0,0.03501003273928515
H2AC11_hg,0.0,0.07040619595042209,0.11831045692069284,0.2937232872876315,0.19976323659899026,0.9385398388527046,0.014231933811284077,0.32527534055769297,0.0,0.0,0.0,0.144009534575402,0.0,0.0,0.0
H2AC12_hg,0.0,0.0,0.0,0.0,0.0,0.8977332384209926,0.001990514026233179,0.10299241852749932,0.0,0.0,0.0,0.0,0.0,0.0,0.0
H2AC17_hg,0.0,0.0,0.0,0.0,0.0,0.9316072740837766,0.02264975900988351,0.034970435299385,0.0,0.0,0.0,0.0,0.0,0.0,0.0
H2AC19_hg,0.0,0.0,0.0,0.10334852929794104,0.13233792766052555,0.08112271534378034,0.0,0.1562561353865764,0.0,0.0,0.0,0.0,0.0,0.0,0.0
H2AC1_hg,0.0,0.0,0.0,0.04487327751168828,0.0,0.0804357447436648,0.0,0.02569277987062402,0.0,0.0,0.0,0.0,0.0,0.0,0.0
H2AC20_hg,0.0,0.0,0.0,0.0,0.0,0.9134741896692926,0.0,0.0,0.0,0.6763259919733442,0.006431906446065604,0.0,0.0,0.0,0.0
H2AC21_hg,0.0,0.0,0.0,0.0,0.0,0.056494983748309656,0.0,0.0,0.0,0.0,0.0,0.0,0.0,0.0,0.0
H2AW_hg,0.0,0.0,0.14169226285098938,0.632421749870977,0.23887452882813467,0.19312125623569323,0.021391018636833403,1.2314708565727135,0.0,0.0,0.0,0.0,0.0,0.0,0.0
H2AZ1_hg,0.0,0.1108662439919619,0.6624886259608377,1.0222335919025454,0.48401068536788083,0.23783770622560907,1.2041618707711792,3.0729187231574238,0.0,0.0,0.0,0.0,1.5116352322567241,0.015626482733041968,0.42105321377965604
H2BC11_hg,0.0,0.0,0.0,0.77821911559432,0.550879952666943,0.4387820796327111,0.2338041385273277,0.90439615605656,0.0,0.44001868228345287,0.0,0.0,0.1601547301601962,0.040375100520922365,0.0
H2BC12_hg,0.0,0.0,0.0,0.05363046562725789,0.05969800464039786,0.24862763890604384,0.06560681125973115,0.23676192821144582,0.0,0.0,0.0,0.0,0.0,0.0,0.0
H2BC1_hg,0.0,0.0,0.0,0.0013950028510866623,0.0,0.010853539839278215,0.0,0.0,0.0,0.003950226992028202,0.0,0.0,0.0,0.0,0.0
H2BC4_hg,0.0,0.0,0.0,0.2802684259357044,0.1231998100308063,0.39758896405067107,0.0004636079004944012,0.20370363206253633,0.0,0.00798423766395479,0.0,0.0,0.0,0.0,0.0
H2BC7_hg,0.0,0.0,0.0,0.012760167091461888,0.012091673437398243,0.3628864376989854,0.006678188785303379,0.0,0.0,0.0,0.0,0.0,0.0,0.0,0.0
H3-4_hg,0.0,0.0,0.0,0.00017088707348618233,0.0,0.0,0.00036657170203404304,0.0,0.0,0.00017656274036069526,0.0,0.0,0.0,0.0,0.0
H3C13_hg,0.0,0.0,0.0,0.0,0.0,0.12070174924961741,0.0,0.0,0.0,0.0,0.0,0.0,0.0,0.0,0.0
H3C2_hg,0.0,0.0,0.040418128997984075,0.0,0.0,1.5492161167302485,0.0,0.0,0.0,0.0,0.0,0.0,0.0,0.0,0.0
H3C7_hg,0.0,0.0,0.0,0.0,0.0,0.038858756089685406,0.0,0.0,0.0,0.0,0.0,0.0,0.0,0.0,0.0
H3Y2_hg,0.0,0.0,0.0,0.0,0.0,0.0001714272598449322,0.0,0.0,0.0,0.0,0.0,0.0002157382951988888,0.0,0.0,0.0
H4C3_hg,0.0,0.0,0.47223713389589933,0.0,0.0,4.500086454634302,0.00012226159041828487,1.040398026979355,0.0,0.9319182432444286,0.0,0.0,0.0,0.0,0.0
H4C5_hg,0.0,0.019974692016567968,0.16724559338874873,0.07235603685016555,0.13580186733347607,1.0050436282918565,0.0,0.039017744622622065,0.0,0.02949498912572441,0.0020220870668261302,0.0,0.0,0.0,0.0
H4C8_hg,0.0,0.06985188450147724,0.32245166248821105,0.6370334609776399,0.9072195092095757,0.0799304216065586,0.1632242878830865,0.44330986875638173,0.0,0.0127455649145119,0.0,0.0,0.050829856257417635,0.0,0.0
H4C9_hg,0.0,0.04661175399640312,0.028974629304790726,0.18489838182423332,0.0415393399174927,0.0349358907589491,0.0,0.0,0.0,0.011086464261905045,0.0,0.0,0.0,0.07711307737237252,0.0
H6PD_hg,0.0,0.18063716394544932,0.4832576343798115,0.027459712623853282,0.0,0.0,0.0,0.0,0.0,0.0,0.0,0.1629500191976004,0.0,0.0,0.11890902538381565
HACD1_hg,0.00496097228999193,0.21242554850181444,0.018740449869214627,0.01752610833663144,0.0,0.003569613587086875,0.00827586815679676,0.02652321443397535,0.0,0.0,0.041090825241167674,0.0,0.014179151054382446,0.0,0.0019928875142012155
HAP1_hg,0.0,0.28501355784601773,0.005258369722158927,0.0,0.0,0.02004080497070562,0.011285667897784155,0.00021752933097573225,0.0,0.0,0.06343258327320067,0.019165162054564377,0.008710357125067954,0.0,0.0359154650527803
HAS1_hg,0.0,0.0,0.0,0.0,0.051010081036748194,0.0,0.0,0.0,0.0,0.0,0.0,0.0,0.0,0.0,0.0
HAX1_hg,0.0,0.054367337727460906,0.6969362961643899,0.09549886200583563,0.0,0.06782012529155747,0.7539000737644809,1.750102899331139,0.0,0.07245899615695106,0.0,0.0,0.12896206000303068,0.17258682458893443,0.0
HBA1_hg,0.0,0.0,0.0,2.9124873239937004,0.0,0.5412662947607342,0.0,0.23952676804997375,0.0,1.7736552571005864,0.04805736648921919,0.09966434142376539,0.0,0.0,0.0
HBA2_hg,0.0,0.0,0.0,4.903258371907981,0.0,0.5529804773350699,0.0,0.28310282849577145,0.0,1.3861762982326675,0.0,0.0,0.0,0.0,0.0
HBB_hg,0.0,0.0,0.0,0.015026429928374531,0.0,0.0047452972467583185,0.0,0.002258068897924897,0.0,0.0,0.0,0.0,0.0,0.0,0.0
HBD_hg,0.0,0.0,0.0,0.17314978532270695,0.0,0.14440377672515456,0.0,0.18174169167906437,0.0,0.0,0.0,0.0,0.024959314910598048,0.0,0.0
HBE1_hg,0.0,0.0,0.0,6.405939731437558,1.9781063808233388,0.0,0.26465707753834317,0.8063517862714894,0.0,2.897029293082391,0.0,0.0,0.0,0.0,0.0
HBG1_hg,0.0,0.26002409372037083,0.0,1.8068634696815689,0.1516610246159566,0.6437445508314015,0.0,1.1987628511649637,0.0,0.2215209851326849,0.0075727113459566064,0.0,0.5850658655065498,0.0,0.0
HBG2_hg,1.3482475015796602,0.0,0.0,6.014640838858406,0.3453710273800472,0.5673124225082812,0.4619864582280865,1.4719435067660096,0.345878850803359,4.079851010399414,0.7873856632740982,0.0,2.5829054940261664,0.0,0.0
HBZ_hg,0.0,0.0,0.0,4.463581793623196,0.0,0.5198930944855441,0.0,0.24621696880292968,0.0,0.40779644312456514,0.0,0.0,0.0,0.0,0.0
HCG15_hg,0.0,0.24755085488011344,0.003189115721863363,0.0,0.0,0.012941148034367899,0.015787586107461317,0.0,0.0,0.0,0.043113965990683664,0.020880800946315867,0.0,0.0,0.020162900219778828
HCG25_hg,0.0,0.34551150238431255,0.07364417067670653,0.0,0.05705195829554807,0.03387250965199258,0.01147730735705047,0.03878358519176553,0.0,0.0,0.04373802053649916,0.005639176640773234,0.01869833033598065,0.0,0.03899408758010811
HCLS1_hg,0.0,0.10952326193367011,0.46819695670449635,0.07861999177081695,0.2433537240928895,0.0,0.044007747613987284,0.30593661708705616,0.0,0.0,0.0,0.2989677395427979,0.11640430792406095,0.14317317354185374,0.19608973591349368
HCRTR1_hg,0.0,0.0,0.0,2.1289605903472715e-05,0.0008596071655012469,0.0,0.0,0.0,0.0,0.0,0.0,0.0,0.0,0.0,0.0
HDAC2-AS2_hg,0.0,0.0020652572663588157,0.0015890061600287637,0.0019603730727550703,0.0,0.0,0.0012779486632188246,0.0,0.0,0.0,0.0,0.006324828341154032,0.0009506048242432103,0.0012778715458238265,0.001003148265409535
HDC_hg,0.0,0.0,0.0,0.015488010500816538,0.0,0.0,0.0,0.0,0.0,0.0,0.0,0.0,0.0,0.002530070900876786,0.06366881394467944
HECW2_hg,0.0,0.0,0.04884778944318097,0.0,0.0,0.0,0.0,0.0,0.0,0.0,0.0,0.05062356313343008,0.0,0.0,0.11220863515934416
HEG1_hg,0.0,0.0,0.007672917683527163,0.003143430197299303,0.08911930332974327,0.0,0.0,0.0,0.0,0.0,0.0,0.0,0.0,0.0,0.0
HELLPAR_hg,0.0,2.1137522223009397,0.7502371319738016,0.5873526998269981,0.21897486029204805,0.5274563080365743,0.06316837012788484,0.19888666500367913,0.34826803219751146,0.489541795906585,0.5039314699630638,0.17287230628610364,0.3631038905008373,0.5142893326045891,1.227366289344455
HEMGN_hg,0.0,0.0,0.0,3.851170879729597,0.0,1.292035266711365,0.0,0.0,0.24613449736427995,1.6408894903875673,0.1128204636991716,0.0,0.46666058093679574,0.0,0.0
HEPACAM2_hg,0.0,0.0,0.0,0.3089069957699277,0.0,0.0,0.0,0.0,0.0,0.0,0.0,0.0,0.0,0.0,0.0
HERC4_hg,0.07136364191605334,0.6449719951842434,0.345697402009202,0.007462969126960693,0.20218173434528913,0.07410531735939159,0.005849887687378679,0.18545921743531005,0.0,0.02268274019217823,0.06559920906718472,0.0,0.13855455638299558,0.24257329840379338,0.39898667056677156
HERPUD1_hg,0.0,0.053705093529316746,0.7312377751235998,0.13290997408007998,0.11704792487345825,0.03266649644926975,0.10727417879221691,0.2207592418002694,0.0,0.00284760572724882,0.0,0.0,0.026231731570341543,0.0,0.0
HES1_hg,0.06156199235739485,0.0,0.1515390727442923,0.0,0.09950328266341125,0.25146464744077196,0.0,0.15089853345698187,0.008878913785559078,0.08729920024334957,0.0,0.0,0.0,0.0,0.1380189636906108
HES2_hg,0.0,0.47291574745668613,0.0,0.06729433666644019,0.002842214710197754,0.0,0.0,0.0,0.0,0.03489742991291391,0.14317826451157178,0.0,0.0,0.0,0.0
HEY1_hg,0.0,0.0,0.1302545196738756,0.0,0.38473836578967197,0.0,0.005156742239763833,0.0,0.0,0.007901444006510659,0.0,0.0,0.0,0.0,0.049374834847801724
HHATL_hg,0.0,0.0,0.0,0.00016192165653765222,0.0,0.0,5.7565743461543016e-05,0.0,0.0,0.0,0.0,0.0,0.0,0.0,0.00030072320997045473
HID1-AS1_hg,5.05291966697056e-05,4.043827700105874e-06,0.0,0.000310428308388139,0.0,0.0,0.0,0.0,0.0,0.0,0.0,0.0,0.0,0.0,0.0
HIF1A-AS3_hg,0.0,0.15039531920983404,0.0072877560548414815,0.0,0.016963724691937125,0.00932200198896819,0.0,0.028510817053519252,0.024441851701126095,0.0,0.0,0.031545435905137774,0.0031944006007991028,0.012670113927836098,0.012328812801239791
HIGD2A_hg,0.010786782620299015,0.0,0.52147109232406,0.3690708856589545,0.0,0.4361311736908085,0.7110113743848355,2.3367392353861782,0.0,0.03367241213780218,0.0,0.0,0.13764660978707724,0.0,0.0
HINFP_hg,0.01736994493510409,0.7362942015459774,0.1426223319369956,0.0933764427907513,0.18444270989007722,0.011562174876765691,0.08129000238311629,0.10565749529502759,0.0,0.0,0.14004666605379887,0.0,0.08240525301209863,0.056331576673909964,0.010844224099734932
HINT1_hg,1.1381911756175276,0.0,0.5277971318632577,0.8065008790551176,0.0,0.7688581009229782,1.0766359320460226,3.3896772523003684,0.0,0.0,0.15202076509664653,0.0,1.4438932599235426,0.0,0.8312454436661371
HIP1_hg,0.05789239578699271,0.5778906966963865,0.8522222515458078,0.05937773003504229,0.5214883109793287,0.01960151260548902,0.0,0.0,0.0,0.21932761349237273,0.07025311316193561,0.7591373105807345,0.0,0.0,0.8805125164346997
HIPK2_hg,0.0,0.4247917795742561,0.5367972161066862,0.3707114017359737,1.419278304152074,0.17244175635609849,0.14121840565470845,0.34638436870676376,0.04587213093915551,0.3275608465547991,0.0,1.0832195414209536,0.7449160607783885,0.6638873518200057,1.7401541972867995
HK3_hg,0.0,0.0,0.0,0.0,0.0,0.0,0.0,0.0,0.0,0.0,0.00023470367305460676,0.0022480609141350685,0.0,0.0,0.0
HKDC1_hg,0.0,0.0,0.011674261974949349,0.0,0.003967069033322732,0.0,0.0,0.0,0.0,0.0,0.0007685167479546044,0.0060127910228846854,0.0,0.0,0.0
HLA-A_hg,0.0,0.0011571961261243268,0.00011388658496935289,0.0,0.004733131265589833,8.554877181048755e-05,0.0,0.0,0.0,0.0,0.0,0.0,0.0,0.0,0.0
HLA-C_hg,0.0,0.011236710244611254,0.04252961210340504,0.013704178341436836,0.11632622808148703,0.0,0.0,0.0,0.0,0.0,0.0,0.029558782512005555,0.0,0.0,0.0
HLA-DPB1_hg,0.0,0.0,0.0,0.010434261891701171,0.07061707664900585,0.0,0.0,0.011952135266887326,0.0,0.0,0.0,0.003933380849910677,0.0,0.0,0.0
HLA-DQA2_hg,0.0,5.141085786174336e-05,0.0,0.0,0.0,0.0,0.0,0.0,0.0,0.0,3.698027836359966e-05,0.0005991813805045764,0.0,0.0,0.0
HLA-F_hg,0.0,0.01711176362816676,0.0005306627337612928,0.0,0.0,0.0,0.0,0.0,0.0,0.0,0.0024898854525188174,0.0,0.0,0.0,0.0
HLCS_hg,0.0,0.186919254836806,0.5132171050394877,0.12081750948583761,0.0,0.14824772840659603,0.02432262596535487,0.08059975702253334,0.0,0.0,0.0,0.2231239039773426,0.1070613457344727,0.019962677866333694,0.2895171844533822
HLX-AS1_hg,0.0,0.0,0.0,0.0014122258613562982,0.0,1.7474990874644897e-05,0.0,0.00119085011709894,0.0,0.0,4.9183902831697825e-06,0.0003873383184349589,0.0,0.0,0.0
HMBS_hg,0.0,0.041056059101571424,0.0,4.287631522693212,0.0,0.2889566030294662,0.2153467698774638,0.5662502400705519,0.025778323481754732,0.21601338122377112,0.0,0.4779868432003437,0.9078797117634939,0.03394749937861165,0.0
HMCN1_hg,0.0,0.009457363589390888,0.010308919686393123,0.034706604401856744,0.0245061560157977,0.0020956562936244568,0.0,0.0,0.0,0.0,0.0,0.0,0.0,0.0065021853504094,0.002957534637320531
HMCN2_hg,0.0,0.45087327915911246,0.04011820678542645,0.0,0.008656201274752267,0.014214044884696972,0.013877082179470037,0.009907705721501736,0.0,0.0,0.07365745634518708,0.0,0.036686079786049416,0.0,0.04743505726417654
HMGA1P4_hg,0.0,0.0006489479229419959,0.0005013117953751943,0.0,0.0,0.0,0.0,0.0,0.0,0.0,0.0,0.0,0.0,0.0,0.0
HMGB2_hg,0.18552339182663888,0.0,1.0626464932373894,0.918617972639095,0.0,0.9841383763824472,0.297006890160504,0.5703859919900902,0.007892613491314471,1.054062798533515,1.0488731568724772,1.318348099413481,1.2952111867017189,5.38995574165565,0.0
HMGCR_hg,0.0,0.14333972027309294,0.31041939174368455,0.13898879491783364,0.5060773676527603,0.1338680525223363,0.017561279679794425,0.8165587160255623,0.0,0.0,0.035979745715919324,0.09025015544457404,0.3309118434170139,0.45966042769106763,0.4179781880097257
HMGCS1_hg,0.0,0.22618204178034407,0.4536393778921009,0.8517100091031005,0.429127059767695,0.19630421741018547,0.04661646513073711,0.5077130683305106,0.0,0.10783087079616972,0.15761008845626445,0.0,0.7459369599489001,0.0,0.041014798947740475
HMGN5_hg,0.0,0.08330355340727386,0.0,0.0,0.0,0.31274506260589313,0.0,0.08586406470806929,0.0,1.0947337259050804,1.4502288223433368,1.5854670662896935,0.21234400526193895,0.1271654861465972,0.1017552389277916
HMMR_hg,0.0,0.0,0.0,0.47899148033769595,0.059035428741611266,0.0,0.0,0.9003958612700665,0.0,0.0,0.03410707083927346,0.0,0.8939292504120901,6.830421369379395,0.0
HNF1A-AS1_hg,0.0,0.25007410202269137,0.011827261388955923,0.0,0.01816842860473604,0.014819827508081255,0.0008158447402600515,0.00904434389274243,0.0,0.0,0.05777942272372201,0.003475844521789366,0.003374070940777295,0.0,0.0
HNF4A-AS1_hg,0.0,0.0,0.0,0.00042554837935035596,0.0008894961874926492,0.0,0.0,0.0,0.0,0.0,0.0,0.0,0.0,0.0,0.0
HNF4A_hg,0.0,0.0,0.029401612756637923,0.01976743571023529,0.03271316093917657,0.0,0.0,0.0,0.0,0.0,0.0,0.0,0.0,0.0,0.0
HNMT_hg,0.0,0.0014461389328518845,0.10527125921745897,0.0,0.018443914718258236,0.0,0.00025731609687589896,0.03342293326969329,0.0,0.0,0.0,0.0,0.0,0.0,0.11936193405262802
HNRNPA1P48_hg,0.0,0.478184480259188,0.02737375601739055,0.15593917284112419,0.0,0.0,0.3042735258869163,0.19501393342496073,0.0,0.16141120288191174,0.03130449696524243,0.018916286783213384,0.161247601208489,0.20499402312709597,0.0
HOXB9_hg,0.0,0.37452698264632056,0.8931215656203405,0.06952585760650451,0.0,0.4720293810804539,0.2883613229728881,0.49517688757494094,0.0,0.37364678755789305,0.0450631780641505,2.506008686663295,0.20159292962101086,0.1381473356636167,0.0
HPCAL1_hg,0.0,0.3643152505510199,0.060521527358440956,0.0,0.28179503677406476,0.009387818013641422,0.0,0.16190680954974127,0.0,0.23307928417025406,0.08756468158314244,0.2965948635060548,0.013760907900965416,0.0,0.20862952229217718
HPCAL4_hg,0.0,0.0008894550524768475,0.0009146493576445288,0.0,0.01834393106259139,0.0,0.000304878529785769,0.0,0.0,0.0027320330346594394,0.0,0.0,0.0,0.0,0.0
HPGD_hg,0.0,0.0,0.0,0.0332031959642012,0.07640534224137603,0.0,0.0,0.08821101821171812,0.0219770827493398,0.0,0.0,0.0,0.00405989850194536,0.0,0.18226492531058178
HRCT1_hg,0.0,0.000337244339083124,0.000824643932380262,0.0,0.00015099038010198013,0.0,0.0,0.0,0.0,5.5627336390999814e-05,0.0,0.00012841108650722108,0.0,0.0,0.0
HS3ST2_hg,0.0,0.0,4.583614729575166e-06,0.0,0.0,1.0408382913881834e-05,4.507787917714796e-05,1.902418608991e-05,0.0,0.0,0.0,0.00015414565550717215,0.0,0.0,0.0
HS3ST3B1_hg,0.0,5.961135773020456e-05,0.0817747968079982,0.0,0.0023058994667717716,0.02714809447227914,0.004716469357406805,0.0,0.0,0.00780935861406001,0.004760226393696601,0.0,0.0,0.0,0.18706606127678313
HSD11B1-AS1_hg,0.01544446832632037,0.0,0.054642465697933566,0.07648567214119294,0.0,0.0,0.0,0.007248113655765207,0.0,0.0,0.0,0.03346389842331508,0.0,0.0,0.0
HSD11B1_hg,0.0,0.0,0.000931344267180326,0.0,0.0052463213459024,0.0,0.0,0.0,0.0,0.0,0.0,0.0,0.0,0.0,0.0
HSD17B7_hg,0.0,0.15874037979453803,0.2429866956087196,0.021319581887173977,0.0,0.033206502457946575,0.04395755543944831,0.17158040412403738,0.0,0.020879279481942476,0.0,0.07177559646054299,0.04630774339028973,0.057191507758505004,0.12769486170189367
HSDL1_hg,0.0,0.2613240954792455,0.5646284208310632,0.1221911026545819,0.11917775374290267,0.06767367929875993,0.0,0.022139621544074416,0.0,0.15699745821870714,0.06995100796627568,0.17438882989315077,0.04007732962515003,0.035951380706082225,0.22595903533797718
HSFX3_hg,0.0,0.0,7.506607008349074e-05,0.0010911161489897615,0.0008874479349215636,0.0,0.0,0.0,0.0,0.0,0.0,0.0,0.0,0.0,0.0007236624375224648
HSFX4_hg,0.0,0.0,0.0,0.0004194151151009363,0.0,0.0,0.0,0.000509328027945361,0.0,0.0,0.0,0.0,0.0,0.0,0.0
HSP90B1_hg,0.06937461540683178,0.0,1.6290541029031838,0.0,2.756312385244295,0.953341203610236,0.3099089756545748,0.0,0.0,1.6035631106340145,1.330002216949339,1.6154107796957493,1.5051121180764633,4.248524320308441,0.992381672437377
HSPA1A_hg,0.0,0.0,0.1312575238960154,0.35747256272738076,0.876102758118632,0.03150731517811477,0.07681375838801449,0.18152758606827268,0.0,0.3928647102516159,0.0476078119619201,0.32518841598187775,0.5826718069315608,0.5747438124517935,0.512291542636443
HSPA1B_hg,0.04088756210226681,0.011902657310506047,0.0032309082752177507,0.0,0.030615920330831513,0.03449542170575064,0.0,0.03294920539183359,0.0,0.04210445932147205,0.007142431053571321,0.03824316953710104,0.017034342659535393,0.0,0.006689264232714272
HSPA5_hg,0.0,0.0,3.267174489393209,0.0,1.7975134006680111,0.6727082708892712,0.3048108908076954,0.0,0.06569821893883993,1.086230798381739,0.8067831986619032,3.083360061918353,1.0408127009062327,1.5670904617540817,0.0
HSPA6_hg,0.0,0.027645912450857468,0.03359786781100931,0.0,0.3947224995917418,0.0,0.0,0.0,0.0,0.017499467416204527,0.0,0.08634263597325091,0.0,0.0,0.17370156468671571
HSPE1_hg,0.0,0.0,0.0,0.0,0.23049018953241288,0.3930133651157697,0.11574074296077297,2.0042110715349146,0.0,0.14850433640205768,0.0,0.0,0.3766888903107223,0.0,0.010508305051435662
HTR3B_hg,0.0,0.30066098982391226,0.011996638981105527,0.0,0.002614531148650725,0.025109753552555507,0.00968874128080397,0.0,0.0,0.0,0.06265372103712477,0.014345925131812102,0.011532852408249685,0.0009882999419885796,0.0
HTR5A_hg,0.0,0.0,0.000627979962650741,0.0,8.821370250378158e-05,0.0,1.0537642790814346e-05,1.3216050307035927e-05,0.0,0.0,0.0,0.0,0.0,0.0,0.0
HTRA1_hg,0.0,0.0,0.0,0.00029954314498619974,0.0,0.0,5.989200258794875e-06,0.0002984680242973238,0.0,0.0,0.00010024611728143801,0.0,0.0,0.0,0.0
HYOU1_hg,0.0,0.1728475547073406,0.8498016652960055,0.0,0.2754494747678348,0.4685505681616309,0.0,0.0,0.0,0.2201828111556653,0.25607453792705254,3.0396705875825782,0.0395519909786459,0.3447865887549594,0.6126658430279288
IARS1_hg,0.3284001714223431,0.6010430865516001,1.9064987465272856,0.5754547905074879,0.07600991081291417,0.563145215761464,0.04758896747216178,0.41401343541255026,0.4314288586363842,0.4416030357183425,0.38076150128503217,1.5438508533991169,1.3845291700039122,1.4016908353058821,0.3880194563966221
ICA1L_hg,0.0,0.6493127258499415,0.05850698280899992,0.0,0.05866916101391262,0.03608003790862212,0.03999370934407271,0.0049862794028812775,0.0,0.04373156544468259,0.14860433164714046,0.027831115553814227,0.0,0.0,0.004416825988901583
ICAM1_hg,0.0,0.03072473165166213,0.16649134478967675,0.0,0.5866793010446587,0.039336116979991106,0.09621116570106784,0.13840811841026587,0.0,0.005493347292683452,0.006205957941950669,0.33717418406726807,0.0,0.008911543360798961,0.4766015447397983
ICOS_hg,0.0,0.0,0.0003381345975154268,0.0,0.0,1.8213863550593355e-05,0.0,0.00019900200602042108,0.0,0.0,0.0,0.0,0.0,0.0,0.0
ID1_hg,0.0,0.0,0.0,0.0,0.31003166186897213,0.05714471186133437,0.0,0.2432004636311015,0.0,0.4388410338315634,0.0,0.3017553647345514,0.03963860959566066,0.0,0.38920505898476654
ID2_hg,0.11524566098145672,0.0,0.0,0.4059581028433847,0.6431522333828692,0.07014071123944694,0.0,0.048863675601090804,0.0038409109572165043,0.0,0.0,0.0,0.0,0.0,0.0
ID3_hg,0.0,0.0,0.0608507243582566,0.03627978688713582,0.17146266612414318,0.0,0.0162495184394527,0.0,0.0,0.0,0.0,0.0,0.0,0.0,0.040180990400335875
IDH1_hg,0.0,0.10568971823510613,1.8932804026766097,0.11447963401227322,0.0,0.14911168960740032,0.09447045510008775,0.5646933215245734,0.032524935700929146,0.10450637180813717,0.015054880516306145,0.2094278232041025,0.13170931016708423,0.1437283658488868,0.1771461293017598
IDI1_hg,0.0,0.22082974900382352,0.42236962536310124,0.4694162528415705,0.3282879561901297,0.17157651314981104,0.03705099263077179,1.0825229479999439,0.0,0.10954648806827061,0.029101155150483244,0.0,0.5606160587274038,0.37652685807305114,0.4449392489739944
IDO1_hg,0.0,0.6306788462861851,0.0,0.0,0.009511391738896603,0.022676065969249964,0.029078213346631,0.0,0.0,0.11041993980444091,0.13481227588188838,0.056486735566852436,0.0,0.0,0.0
IER3_hg,0.0,0.0,0.5027278774320688,0.0,1.1490432665090888,0.0,0.0,0.0,0.0,0.29745612602565663,0.0,0.05473545560041308,0.0,0.0,0.32553205295116794
IFI16_hg,0.0,0.0,0.819832863562698,0.0,0.1729952711776802,0.0,0.0,0.0,0.0,0.0,0.0,0.0,0.0,0.0,0.19088213113632285
IFIT1B_hg,0.0,0.00038011786632088354,0.0,9.203069154091839e-05,0.0,0.0,0.0,0.0006261502460537997,0.0,0.0,0.0,0.00022763707220281053,0.0,0.0,0.00022187791103428335
IFITM1_hg,0.0,0.0,0.14382323432855115,0.0,0.0,0.14910576017643332,0.41555670007700873,1.4708984633145443,0.0,0.0,0.0,0.0,0.0,0.0,0.0
IFITM2_hg,0.0,0.0,0.0,0.059802540474308795,0.1326854290971068,0.09442478860325643,0.4304867652072783,1.9769495712921792,0.06499777531933677,0.024390454640510775,0.0,0.2378471738094443,0.01277172862901137,0.0,0.8160722197863028
IFITM3_hg,0.05990328780015689,0.0,0.40099535767528344,0.08220010821196254,0.0,0.08572119652245172,0.47644312067505035,2.0217237781802417,0.0,0.0,0.0,0.7676136387261618,0.03358408058460285,0.0,0.8336477837125386
IFT172_hg,0.0,0.6058897159682797,0.09218066136263765,0.012032073780371572,0.0683022456272083,0.04902386891646948,0.05077661893568889,0.12102214611426965,0.0,0.12618977623322472,0.08975394950816111,0.15868384156055018,0.10702879249513922,0.15669723523698356,0.023542896914397173
IFT22_hg,0.0,0.6697062743054482,0.15692162973335455,0.0,0.22545653807251026,0.049939858298432054,0.08707755178396709,0.14924170897471334,0.0,0.057582561970602984,0.13424282757182623,0.0,0.0,0.0,0.017419076805311007
IGDCC3_hg,0.0,0.0007432223933590139,0.0,0.0,0.0003435286259634242,0.0,0.0,0.0,8.123956877657137e-06,0.0,4.3661055899398e-05,0.0009733120137646199,0.0,0.0,0.0
IGF1_hg,0.0,0.0,0.08505854573041964,0.0,0.0,0.0,0.0,0.0,0.0,0.0,0.0,0.22889813752870322,0.0,0.0,1.024172384061714
IGFALS_hg,0.0,0.0,0.0015972371080036824,0.0006712533096533304,0.0,0.0,0.0,0.0,0.0,0.00016680714529532294,0.0,0.0,0.0,0.0,0.0
IGFBP4_hg,0.0,0.0,0.0,0.0,1.6575248044161828,0.0,0.0,0.348935402602937,0.0,0.3786003840638591,0.0,1.1801310727533654,0.2835938701507362,0.4219071358720126,0.29854511684007906
IGFBP5_hg,0.0,0.000511598219561216,0.0,0.002813860742987775,0.010163286782892586,0.0,0.0,0.0,0.0,0.0,0.0,0.0,0.0,0.0,0.005659347304129099
IGFBPL1_hg,0.0,0.0,0.0,0.00047909409203637,0.0022029136675446558,0.0,0.0,0.0011554009755265998,0.0,0.0,0.0,0.0,0.0,0.0,0.0
IGFL2-AS1_hg,0.0,0.005095040093824783,0.0,0.11506245107374734,0.16453699927588858,0.0,0.0,0.0,0.0,0.0004801355238965661,0.0,0.0,0.0,0.0,0.007416056028441261
IGFN1_hg,0.0,0.0,0.0,0.0,0.05269217584181493,0.0,0.0,0.0,0.0,0.0,0.0,0.0,0.0,0.0,0.0
IGHE_hg,0.0,0.0001907019334261084,0.0015607802888651721,0.0,0.0,0.0,0.0,0.0,0.0,0.0,0.0,0.008910360319480686,0.0,0.0020801748047591276,0.0
IGHV1-46_hg,0.0,0.00021468107174279322,6.2081546376548e-06,0.0,0.0,4.778371150728466e-05,0.0,0.0,0.0,0.0,0.0,0.00013715940857165777,0.0,0.0,0.00016156983368715005
IGLON5_hg,0.0,0.00040883404272151844,0.0,0.0,0.0014084163872885454,0.0,0.0,0.0,0.00028516899599988015,0.00034699801855053107,0.00018342634392787562,0.000579868514821871,0.0,0.0005442427246411735,5.632107589557321e-05
IGLV7-46_hg,0.0,0.0013650733910274414,0.00036192388909262385,0.0006734599476209781,0.00025809876088777163,0.0,0.0003412366321404407,0.0,0.0,0.0,0.0,0.0,0.0,0.0005753987659126628,0.0
IGSF10_hg,0.0,0.03829363933222134,0.0,0.07929048270935769,0.010439093956017748,0.01098109364678557,0.0,0.029345550621495124,0.0,0.0,0.0,0.0,0.0,0.0,0.02926598447659061
IKZF2_hg,0.0,0.0012399327931739272,0.015268498275842686,0.0,0.0,0.0,0.0,0.0,0.0,0.0010961719012999964,0.0,0.0,0.0,0.0,0.04045457378779755
IKZF4_hg,0.0,0.10912860248288234,0.396780424740424,0.22871255671099508,0.17450810548705595,0.3521886221992134,0.054384733600133336,0.00042709669481867614,0.0,0.0,0.0,0.014425785897335603,0.13222473769552953,0.0,0.5883254629379527
IL10RA_hg,0.0,0.0,0.030955699764130113,0.0,0.131126857897026,0.0,0.0,0.0,0.0,0.004870363762331743,0.0,0.0,0.0,0.0,0.06191088582297063
IL13RA1_hg,0.0,0.23441056433794802,0.3663709755689136,0.05296174919254469,0.2825917840653529,0.0,0.04210910024441374,0.09736360669420022,0.0,0.0,0.0,0.0,0.09262316305139516,0.0,0.6842558991192077
IL13RA2_hg,0.0,0.0,0.0,0.0,0.05251234332625711,0.0,0.0,0.0,0.0,0.0,0.0,0.0,0.0,0.0,0.0
IL15_hg,0.0,0.009777175576025435,0.0,0.014832793343898074,0.08743176365568651,0.0030607511628935034,0.0,0.001888093003868206,0.0,0.0034502050239778423,0.0,0.0,0.0003000983656730099,0.003127274964123149,0.0
IL17REL_hg,0.0,0.0,1.9925745609441828e-06,0.00012634278632864086,0.0,0.0,0.0,4.881030624768096e-06,1.1310257596317827e-05,0.0,0.0,0.00016411815703195882,2.429896877716659e-06,0.0,0.0
IL18R1_hg,0.0,0.025769029550871674,0.12155102422919904,0.0,0.29068277958479355,0.0,0.0,0.0219212800271132,0.0,0.0,0.0,0.0,0.0,0.0,0.23582973120125672
IL1A_hg,0.0,0.0,0.00979500957661052,0.0,0.019445801407913816,0.0,0.0,0.0,0.0,0.0,0.0,0.0,0.0,0.0,0.0
IL1B_hg,0.0,0.0,0.0005230258971357593,0.0,0.02833475741207937,0.0,0.0,0.0,0.0,0.0,0.0,0.0,0.0,0.0,0.0
IL1RAP_hg,0.0,0.010617586411717476,0.0,0.0,0.0,0.0029897303221189425,4.044842774069717e-06,0.0,0.001256527484234416,0.0,0.0016410181453053617,0.0,0.0,0.0,0.012444206863332804
IL1RL1_hg,0.0,0.0,0.0,0.0,0.18693473430484006,0.0,0.0,0.0,0.0,0.0,0.0,0.0,0.0,0.0,0.06153587174339377
IL1RN_hg,0.0,0.0,0.00044154431323957115,0.0,0.03959332018548684,0.0,0.0,0.0,0.0,0.0,0.0,0.0,0.0,0.0,0.0
IL20RB_hg,0.0,0.0,0.7402194969443314,0.0,0.0,0.0,0.0,0.0,0.0,0.0,0.0,0.2985153432375854,0.0,0.0,0.0
IL21R_hg,0.0,0.0,0.011044360781153253,0.0,0.007867993716894919,0.0,0.0,0.0,0.0,0.0,0.0,0.02898338779859962,0.0,0.0,0.0
IL21_hg,0.0,0.0,0.0014614817272635451,0.0,0.001273293595259224,0.0,0.0,0.0,0.0,0.0001458142407055536,0.0,0.0,0.0,0.0,0.0013231821578109405
IL22RA2_hg,0.0,0.0,0.0,0.0004743513954004847,0.0,0.0,0.0,0.0,0.0,0.0,0.0,0.0,0.0,0.0,0.0006430902255804849
IL24_hg,0.0,0.0,0.0,0.0,0.02643594714184357,0.0,0.0,0.0,0.0,0.0,0.0,0.0,0.0,0.0,0.0
IL2RB_hg,0.0,0.0,0.06640478346498045,0.0,0.07459729800099407,0.0,0.0,0.0,0.0,0.0,0.0,0.0,0.0,0.0,0.019262955463284506
IL32_hg,0.0,0.0,0.015304648316881832,0.012532658278804504,0.010672683646717045,0.0,0.0,0.008336373721060938,0.0,0.0,0.0,0.030480772828253594,0.0008630483878010417,0.0,0.0
IL33_hg,0.0,0.0,0.00018957005308157764,0.0,0.004282905165352434,0.0,0.0,0.0,0.0,0.0,0.0,0.0,0.0,0.0,0.0
IL3_hg,0.0,0.0,0.0008546233486139279,0.0,0.001047329464064862,0.0,0.0,0.0,0.0,0.0,4.992828919889111e-05,0.0,0.0,0.0,0.0
IL4R_hg,0.0,0.003813003494338799,0.0,0.0,0.19662406991042702,0.005717766349583853,0.0,0.0,0.0,0.0,0.0027791958131339048,0.0,0.0,0.0,0.03483757858831384
IL6ST_hg,0.0,0.1119532702395918,0.2423300214304553,0.38721568348105206,1.1560002658538446,0.05809124448629436,0.0,0.15342196244553558,0.0,0.0,0.0,0.0,0.0,0.0,0.25936393772216687
IL7R_hg,0.0,0.0,0.002738881156728867,0.0,0.0586409972870986,0.0,0.0,0.002147006400819047,0.0,0.0,0.0,0.003631219602712761,0.0012211179990907648,0.0,0.0
INHBA_hg,0.0,0.0,0.0,0.0,0.07339120664464692,0.0,0.0,0.0,0.0,0.0,0.0,0.0,0.0,0.0,0.0
INHBE_hg,0.0,0.0,0.741622541242236,0.0,0.0,0.0,0.026218430403853746,0.0,0.0,0.0,0.0,0.20783216065897503,0.0,0.0,0.0
INO80-AS1_hg,0.0,1.4285869749939748e-05,0.0,6.204518478986895e-06,0.0002511970407508795,0.0008808972256648851,0.0,0.0,0.0,0.0,0.0,0.00018182881153882955,0.0,0.0,0.0
INPP1_hg,0.0,0.0,0.0,0.0908094431121888,0.46505594375030707,0.0,0.0,0.18029788482326428,0.0,0.030240639961700132,0.0,0.0,0.005829056623448216,0.0,0.0
INPP4B_hg,0.0005273478821232097,0.006122900414471194,0.001803785769321432,0.0,0.0,0.0017907060962996514,0.001768862067572598,0.0,0.0,0.00025173332761929874,0.001334640105185812,0.004485072417554558,0.0,0.0,0.0
INSIG1_hg,0.0,0.1377415066476031,0.7063635614168478,1.7276909553480193,0.5220568710220067,0.282989042405952,0.26843020019926056,0.45385589056582365,0.0,0.7227057495475764,0.08364169623282826,0.02298755493398872,0.9431762489577988,0.0,1.2321591201401316
INSYN2B_hg,0.0,0.00034643645607014935,0.0,0.0,0.006509200413682711,0.0,4.6433054312888e-05,0.0,0.0,0.0,0.0,0.0,0.0,0.0024747388934103173,0.0043856031987006125
IQCF1_hg,5.443163248739249e-05,0.0,0.0,4.008068268597315e-05,0.0002002122998584374,0.0,0.0001431456901218465,0.0,0.0,0.0,4.1602379607253345e-05,0.0,0.0,0.0,0.0
IQCH-AS1_hg,0.0,0.3209770908455089,0.0557127732202879,0.0,0.0,0.02422495630744351,0.01700545459672062,0.018899900189273875,0.0,0.0,0.05383481130420318,0.04047126910810333,0.016300783307841217,0.0,0.01953015269198315
IQGAP1_hg,0.0,0.23300021898803872,0.9180252139500812,0.0,2.0260167271844214,0.9529039708367995,0.20965840696308036,0.0,0.0,0.3134692534338793,0.18156463761831715,0.0,0.1409160182711205,0.4073680348379224,2.1755722944614404
IQGAP2_hg,0.04271116374152279,0.36283966694158515,0.055983907661825344,0.9266303112084837,0.5429420795668475,0.23803731388827498,0.0,0.0,0.0,0.19177367347018975,0.02831938841631531,0.00243090304797055,0.0,0.6270764894393793,1.0476063316416495
IQSEC2_hg,0.0,0.09519178743540825,0.0820041420666514,0.0,0.12556509289732914,0.015004095452462562,0.0,0.14354116033367315,0.0086443492676438,0.013276620817513064,0.0,0.29451130138879394,0.004876000539834369,0.039192218400439544,0.16547406421204292
IRAG2_hg,0.0,0.0,0.02259907572412956,0.009098011805420655,0.0,0.0,0.0,0.0072009687580761655,0.0,0.0,0.0,0.004323240058994957,0.0,0.0,0.1590527558010553
IRF1_hg,0.0,0.4415732358344981,0.2135458358564241,0.08595439482903633,0.208226898651427,0.09235270779015124,0.0,0.0,0.0,0.049500862337678725,0.06911100390311098,0.12738313552580197,0.0,0.0,0.10586472233549495
IRF2BP2_hg,0.008637467148337234,0.287166337608227,0.9307224169171444,0.4569951808446053,0.7302651239412307,0.18462887046743587,0.0,0.0,0.0,0.17949515898072896,0.02542277882125276,0.009722469124688438,0.16780436280697358,0.0,0.8570900999180777
IRF2BPL_hg,0.04670614751192986,0.13202201882213813,0.14770785862776165,0.0,0.1065613223691506,0.05141630809479854,0.0,0.032327301964152254,0.0,0.10706531230509198,0.007496374653771445,0.0,0.018709118818672228,0.0,0.40380018150747654
IRS1_hg,0.0,0.008278551681349049,0.02159317087907935,0.0,0.012388653919565102,0.0039017447225686685,0.0,0.0,0.0,0.002437371951988942,0.0,0.0,0.0,0.0,0.015214480318962898
IRS2_hg,0.019296432508229384,0.5453853231185718,0.17499718976170325,0.037130727307467665,0.18895987119032148,0.05000613064103333,0.0,0.0,0.0,0.006691149102026389,0.09308785379457488,0.0,0.05276137899251897,0.0,0.062224384108007354
ISG20_hg,0.0,0.0,0.026107335487948132,0.02737634182212452,0.19660064554277645,0.0,0.014549498089365908,0.022004592973949834,0.0,0.0,0.0,0.0,0.0,0.0,0.0
ITGA11_hg,0.0,0.0,0.0,0.0022383304046631465,0.024080371603260212,0.0,0.0,0.0,0.0,0.0,0.0,0.0,0.0,0.0,0.0
ITGA2B_hg,0.0,0.09486149549627887,0.0,0.1609295604187047,0.5878075722022528,0.0,0.0,0.021358748421515705,0.015762451552951615,0.10578966276156834,0.0,0.49429987217867183,0.0,0.11631560307556046,0.0
ITGA4_hg,0.0,0.0013369301094855086,0.0,0.014990997316338496,0.0,0.0018821529892144608,0.0,0.0015403905177741905,0.0064681584937432085,0.0049051145355114584,0.00018056097638408406,0.0,0.005077889197902905,0.004396883956885297,0.0
ITGA5_hg,0.0,0.09546226164997162,0.05688592322682102,0.031818302615674386,0.7047388963272849,0.023702447471773,0.05135535972886462,0.42393764012641366,0.012012145618457797,0.0,0.0,0.6100466205531625,0.0,0.13677610854671007,0.36119019852742423
ITGA6_hg,0.0,0.00033724135318150493,0.004369500755650813,0.0009969135147533665,0.008210519216458477,0.001202222174027835,0.0,0.0,0.0,0.0,0.0,0.0,0.0,0.0,0.0
ITGA9-AS1_hg,0.01137490404920867,0.48456189188376114,0.024989421115976178,0.011021224901659585,0.0587985932081576,0.029883082559753478,0.01831570205172524,0.0814135314339941,0.0,0.0005293934870985397,0.06332750671289751,0.011819248751363138,0.04013425688840856,0.0,0.036734624946794636
ITGAM_hg,0.0,0.0019312145597904235,0.0,0.0016321182281398832,0.0,0.0,0.0,0.0,0.0,0.0,0.0007017110709943498,0.0,0.0,0.0,0.02861089993930753
ITGAX_hg,0.0,0.03297249505068344,0.01933052068760029,0.0,0.075522561870483,0.0,0.0,0.0,0.0,0.0,0.003510242635034365,0.0,0.0,0.0,0.0
ITGB2_hg,0.0,0.0,0.0,0.011356332736786826,0.030176160533486058,0.0,0.0,0.004249053161213118,0.0,0.0,0.0,0.0,0.0,0.0,0.019397254094800073
ITGB3_hg,0.0,0.24034234229494714,0.0,0.0,0.8802521518228487,0.0,0.0,0.0,0.0,0.0,0.023453773088762477,0.0,0.03996034804748995,0.05104062164940044,0.0
ITGB5_hg,0.0,0.03521531043158297,0.03988629928178252,0.0,0.949519307104835,0.0,0.0,0.048362270655458325,0.0,0.1430035263080537,0.0,0.22405978694130152,0.057145569400360655,0.0,0.1473600932515454
ITGBL1_hg,0.0,0.00505014510497216,0.0068588768663774375,0.01064238149476162,0.00690679785259883,0.0036146623048339444,0.0,0.005112701835984338,0.0,0.0,0.0,0.0,0.0,0.021481381824410326,0.0032067649294825135
ITIH5_hg,0.0,0.49122618582544203,0.13818887486794645,0.027867493219665793,0.10111162324877257,0.0,0.0,0.028012537165887,0.0,0.0,0.06803296940776293,0.2532258058296896,0.04353685989463445,0.0,0.0
ITIH6_hg,0.0,0.0,0.0,0.00040701754032786104,0.0,0.0,0.0003458460919920784,0.0,0.0,0.0,0.0,0.002085084438626633,0.0,0.0,0.0
ITLN1_hg,0.0,0.0,0.0,0.007187394958910826,0.0009768568375350037,0.0,0.0,0.0,0.0,0.0,0.0,0.0,0.0,0.0,0.0
ITPKA_hg,0.0,0.0,0.3571163755978781,0.0,0.09850169925801647,0.0,0.0,0.06458784679547358,0.0,0.06949910590566362,0.0,0.7221157430078988,0.0,0.0,0.0
ITPR1_hg,0.0,0.48675234875105755,0.8057687541236909,0.0,0.7121710215453103,0.07489775992930695,0.0,0.1869332982538236,0.03261791262493923,0.3346593936462237,0.017144480549164776,0.8017035160047434,0.0,0.1835833838111638,0.7916765452629826
ITPR2_hg,0.0,0.10429847065570377,0.12217071175010448,0.019626148155717192,0.4447234945578448,0.0,0.0,0.0,0.0,0.12378300391836014,0.0,0.07774914375838664,0.0,0.010730049079719518,0.3968751751629262
ITSN1_hg,0.0,0.3618540152403499,0.06440736942892801,0.0,0.289911211162849,0.04369910775866127,0.0,0.053952900634716965,0.0,0.0722514775710384,0.05730472920846101,0.20449426718119726,0.0,0.0,0.3425865427856071
IYD_hg,0.0,0.3428696401617039,0.0,0.0,0.0,0.0,0.0009128253321698341,0.0,0.0,0.04929995824277106,0.09648678983550632,0.0,0.0,0.0,0.0
JAKMIP1_hg,0.0,0.0001411410510428856,0.0,0.0001395571698533807,0.0,0.0,0.0,0.0,0.0,0.0,3.122959607331818e-05,0.0,0.0,0.0,0.0
JAKMIP3_hg,0.0,0.008193137482292306,0.0769108513846108,0.0,0.0,0.0,0.0,0.0,0.0,0.0,0.0,0.09645424596046598,0.0,0.0,0.0
JMJD1C_hg,0.0,0.8042223195506799,0.9518812599927791,0.27197602132519827,1.3864116188565276,0.6733812318456265,0.017694494015141886,0.0,0.2802840480599032,0.17365287296260082,0.030073811923849666,0.0,0.30821696375809504,0.8132703198544878,1.2149742633908351
JPX_hg,0.0,1.2086350570715971,0.4834183573013663,0.06768010823007826,0.04612496500891579,0.1806413238678615,0.11956185912933939,0.37681565397532807,0.14364221567297422,0.2739908071810202,0.14725917330467753,0.11455986276768886,0.42590984039274943,0.38077269638175953,0.5731836979328769
JUN_hg,0.0,0.19144988465094326,0.03913590253639155,0.0,0.5682674969791389,0.0410232299358105,0.0,0.0,0.0,1.4813000977592796,0.06197935554439572,0.0,0.0,0.0,0.0
KAZN-AS1_hg,0.0,0.0,0.07512495056391044,0.002415246821407802,0.2921083663330903,0.0,0.0,0.2800577423442602,0.009881397262087612,0.0,0.0,0.07331778743614105,0.05718498126126023,0.016714374543219675,0.00026549781463198964
KBTBD11_hg,0.0,0.0,0.001649673198267249,0.0005360023002537217,4.549279612690344e-05,0.0,0.0,0.0,0.0,0.0,0.0,0.0004951105894187834,0.0,0.0,0.0
KC877982.1_hg,0.0,0.0001203802871187467,0.0,0.0003275126588426586,0.001049636426010308,0.0,0.0,7.45315384602408e-05,0.0,0.0,0.0,0.0,0.0,0.0,0.0
KCNA7_hg,0.0,0.7124560744573653,0.0,0.0,0.0,0.0,0.01863908764396869,0.0,0.0,0.1720419409461659,0.1732555665538399,0.0,0.0,0.0,0.0
KCNE4_hg,0.0,0.1595814282965986,0.0,0.005555691346787404,0.0,0.01397504258957453,0.007796170206074973,0.016183415823710287,0.008911891532383072,0.008290874985128096,0.0,0.026749088732064635,0.014621760164615461,0.0,0.022665943604308417
KCNJ13_hg,0.0011376381957331734,4.972056064626017e-05,0.0009704297176788992,0.0015694484852984533,0.0002750878150623545,0.0,0.0,0.0,0.0,0.0,0.00010013442361352958,0.0,0.0,0.0019681507615344563,0.0
KCNJ2_hg,0.0,0.0001620758303024468,0.0,3.634835008304199e-05,0.0007393168466091949,0.0,2.42292132257864e-06,6.813971995819084e-05,0.0,0.00015298202855969245,0.0,0.0,0.0,0.0,0.0
KCNK10_hg,0.0,0.0,0.0,0.002534458984219651,0.0,0.0,0.0,0.0,0.0,0.0,0.0,0.0,0.0,0.0,0.0
KCNK4_hg,0.0,0.0,0.00041183509351667215,0.0,7.514908268401669e-05,0.0,0.0,0.0,0.0,0.0,0.0,0.0,0.0,0.0,0.0
KCNK6_hg,0.003537082450642469,0.5056467503665941,0.036094355859681085,0.0,0.03924745138883141,0.009227946818488209,0.017582114204697998,0.024715953593947855,0.0,0.024277516566109873,0.11524398918928766,0.008229049238990146,0.023964851080368416,0.0024436743452499036,0.0
KCNMB1_hg,0.0,0.4057307174157365,0.0,0.0,0.0,0.02221245059095229,0.011734490639959697,0.000758456134282965,0.0,0.04604614910186314,0.10754695026196597,0.0,0.0,0.0,0.0
KCNN3_hg,0.0,0.14307798526486448,0.0006739343548659053,0.0,0.0009286945371647486,0.004451083532587251,0.004429406070873435,0.0,0.0,0.0,0.021722956341193794,0.011635080433211317,0.0,0.0,5.0469607526249645e-05
KCNQ1OT1_hg,0.0,2.403375260787091,0.3008195301692763,1.5657309277745617,0.8557667564244996,0.2745099260282054,0.12071999110870948,0.0,0.6070080265428203,1.3848051320376373,0.04348631978749642,0.8909844463080923,0.6551239334108482,0.12204870837909085,1.277387531636262
KCNT1_hg,6.56353109510318e-05,0.0005773749383291642,0.00010722399147036861,0.0009643287975354211,0.0,0.0,0.0,0.0,0.0,0.0,0.0,0.0,0.0,0.0008452269718398564,0.0
KCP_hg,0.0,0.11575545024112438,0.11461500484046691,0.0016169438160857533,0.11085284985154907,0.0,0.0,0.0,0.0,0.0,0.015144311350254486,0.0,0.0,0.0,0.0
KCTD7_hg,0.0,0.2758407600504204,0.4014633705824161,0.5616020901406982,0.3393201726428558,0.15719873953514565,0.0,0.19728010771346025,0.0,0.0,0.0,0.0,0.030651283127894634,0.0,0.07335055953184326
KDM4A_hg,0.0,0.1928319563825977,0.41548209690819876,0.09900069449010733,0.08903974259916121,0.1404890333620135,0.0,0.08225191471120621,0.0,0.0,0.017219886776292576,0.8179561289094682,0.0,0.29540957696885667,0.10448423412106786
KDM6B_hg,0.0,0.10095778312556414,0.08761776033235227,0.0,0.07350092603886067,0.015693029588457166,0.0,0.0,0.0,0.055538532015889104,0.011954000938360765,0.1885367891285589,0.0,0.0,0.0
KEL_hg,0.0,0.3444595107502287,0.07458696976117217,1.6834624008544807,0.13320242118616465,0.30221082856608383,0.04468462639263388,0.35381531292878676,0.018904429214564325,0.0,0.0,0.0,0.0,0.0,0.0
KIAA0040_hg,0.0,0.0,0.0,0.46744582819629593,1.0169077066838186,0.17587533241770986,0.017685478458832955,0.1883402258969757,0.0,0.0,0.0,0.12259791566406046,0.0,0.0,0.12227037300717006
KIAA1328_hg,0.0,1.835730994453572,0.006403158967476587,0.15014698743479477,0.18945845893909724,0.1323107723681834,0.0,0.029025296845426464,0.18085508867676486,0.4021490349647548,0.04141064496393078,0.5764724672740001,0.0,0.2837639131826865,0.15598890953353703
KIF13A_hg,0.0,0.39926482750530856,0.2764347559289066,0.25423222880402707,0.0,0.2518788650420737,0.0,0.0,0.0,0.2787372221454362,0.12246329405469802,0.14120437898757157,0.03662013380388736,0.08843257120141657,1.089437471746669
KIF18A_hg,0.0343407710095412,0.2955362935710329,0.10841074160725177,0.12595104899247198,0.0,0.12938837271800693,0.0,0.46413268457223406,0.0,0.0,0.0,0.0,0.0,1.584318457393183,0.11901155869855831
KIF5C_hg,0.0,0.0011776742833412084,0.0,0.002541042328254244,0.0007230572773908982,0.0,0.0,0.0,0.0,0.0,0.0,0.00755697617217213,0.0,0.0,0.0
KIR2DL1_hg,0.0,0.00022811380847216896,0.00021830780695552765,0.0,3.519317713146908e-06,0.0,0.00013649145133577334,0.0,0.0,0.0,0.0,0.0,9.430068123134335e-05,0.0,0.0
KIRREL1_hg,0.0,0.0,0.0,0.0036695769681469414,0.03288224711577035,0.0,0.0,0.0,0.0,0.0,0.00015081106167746437,0.0,0.0,0.0,0.0
KIT_hg,0.0,0.0,0.0,0.002716585892927465,0.3332206567218746,0.0,0.0,0.0,0.0,0.0,0.0,0.0,0.0,0.0,0.0
KIZ-AS1_hg,0.0024726052728053093,0.21731604405854246,0.021478076862834258,0.0,0.000514020649746523,0.004476634959053804,0.009950855121784626,0.00392123713779244,0.0,0.005313237984982061,0.039658637083259646,0.03271849261824292,0.006827190901474534,0.0,0.0
KLF6_hg,0.0,0.19943688810234267,1.029795639150704,0.17124638022261465,1.5252626239791687,0.16634770168308635,0.0,0.0,0.0,0.21856632209672888,0.053743323551619156,0.3161799160493161,0.040770210090580704,0.0,0.4723588815532747
KLF7_hg,0.0,0.0011990577990373759,0.019522001774294143,0.0,0.04012971732148448,0.0,0.0,0.0,0.0,0.0,0.0,0.0,0.0,0.0,0.0
KLHDC7A_hg,0.0,0.2949774773162159,0.07725877709508516,0.0,0.00035377599605316076,0.1094963312773015,0.030524286814081588,0.21270005158380303,0.0,0.36734773044152214,0.05765251657712516,0.0,0.2587285268750633,0.0,0.08039112998776798
KLHDC7B-DT_hg,0.0,0.0,0.023479765126332874,0.0,0.0,0.0,0.0021673102237734928,0.0,0.0,0.0,0.0,0.0,0.0,0.0,0.0
KLHDC7B_hg,0.0,0.0,0.23142214026101227,0.0,0.0,0.0,0.0,0.0,0.0,0.0,0.0,0.08084622466643104,0.0,0.0,0.028079777237677964
KLHL13_hg,0.007706106208624092,0.014686492617975428,0.013706713728942034,0.03624748485877797,0.04535425595547499,0.007685469389897375,0.0,0.014964145503856888,0.0,0.0,0.0,0.003930060012296527,0.0064192046203791885,0.03049886760043187,0.0
KLHL25_hg,0.0,0.0004766450178623156,0.0011802693603245725,0.002830916933361231,0.004582921430749676,0.001934364497376671,0.00013797028172621832,0.0,0.0,0.0,0.00018431767377100452,0.0,0.0,0.0,0.0
KLHL29_hg,0.0,0.0,0.030178117175875464,0.0,0.008665060125011642,0.0,0.0,0.0,0.0,0.0,0.0,0.02034205258248601,0.0,0.0,0.006037045533534481
KLHL4_hg,0.0,0.0,0.028701034585453186,0.0,0.0,0.0,0.0,0.0,0.0,0.0,0.0,0.0,0.0,0.0,0.021922008572558136
KLHL6_hg,0.016913974639636377,0.08696169866536547,0.06320832694688543,0.009514283811506662,0.05989212651464335,0.0,0.0,0.0,0.0,0.0,0.0016884468683822217,0.11229173389701698,0.021672903184690378,0.0,0.0
KNCN_hg,0.0,0.0001907448903719277,0.0,2.027632019039889e-05,0.00014658729120982294,0.0,0.0,0.0,0.0,0.0,0.0,2.164262933905661e-05,0.0,0.0,0.0
KPNA5_hg,0.0,1.2155652073470773,0.13564044136886583,0.12267349515794332,0.16382776875939215,0.3266412435495467,0.0,0.1901365974381766,0.18080628352155453,0.11043162364792085,0.0,0.19882356950430716,0.060087299352448754,0.13389439194805478,0.16597403906296562
KPNA7_hg,0.0,7.068070855997604e-05,0.0,6.085947110029624e-05,0.0006032714323541017,0.0,0.0,0.0,0.0,0.0,0.0,0.0,0.0,0.0,0.0
KRBA2_hg,0.0,0.012644042965507394,0.009574410272073411,0.0009444258760190323,0.0,0.0,0.0004544743501092078,0.0,0.0,0.0,0.0,0.0,0.0,0.0,0.008759444286217949
KRBOX1_hg,0.0,0.0,0.04921421407541068,0.07537212846908871,0.006093078297991239,0.0,0.0,0.17141186499346062,0.0,0.0,0.0,0.0,0.0,0.0,0.0
KRCC1_hg,0.0,0.07166021698431374,0.16060464983209363,0.020811334875743756,0.0,0.0,0.0012566197347668102,0.04429235106012502,0.0005402610706656387,0.0,0.0,0.0,0.0,0.0,0.0624641134712619
KREMEN1_hg,0.05957542619601992,0.8327664971870183,0.09356948733181353,0.0,0.30466065322825286,0.016835799364517352,0.031470034536782376,0.0,0.0,0.12765806870976304,0.15466855623682083,0.053264732679970415,0.04171627295949181,0.0,0.003990660652361303
KRT10_hg,0.004763602418037115,0.0,0.07090465472850405,0.0,1.3464272622072222,0.2730123116364758,0.15408243575644034,2.8734460594065276,0.0,0.5169175034034104,0.0016133364751229028,0.0,0.7652544151599092,0.0,0.1330061916658638
KRT17_hg,0.0,0.0,0.0,0.0,0.001993443364917122,0.0,0.0,0.0,0.0,0.0,0.0,0.004361372964786935,0.0,0.0,0.0
KRT18_hg,0.15585951813551582,0.02661703345199735,0.5203356913051796,0.5010191763345808,4.449520797967232,0.3984676776825661,0.7898045351520603,0.8024284774868302,0.0,0.9476131540992848,0.0,2.2354834534553243,0.28455854055837204,0.410061317377719,0.5852124877148098
KRT1_hg,0.0,0.0,0.0,4.909236405842947e-05,5.5754992375470666e-05,6.296060551120612e-05,5.017287617845768e-05,4.1089280925809226e-05,0.0,0.0,0.0,0.0,0.0,1.1165779910117903e-05,0.0005159575440200286
KRT73_hg,0.00035494726416886136,0.0015343740576091625,0.0,0.0,0.0,0.0,0.0005735036520766559,0.0,0.0,0.0,0.0,0.007643816393232761,0.0,0.0,0.0
KRT78_hg,0.0,0.0,0.0,2.975329401213124e-05,0.0005145263000679688,0.0,0.0,0.0,0.0,0.0,3.7000746181359284e-06,0.00035623756656969657,0.0,0.0,0.0
KRT79_hg,0.0,0.0,0.0,0.0,0.14800126457574792,0.0,0.0,0.0,0.0,0.0,0.0,0.0,0.0,0.0,0.0
KRT7_hg,3.6807184227978984e-05,0.0,0.0004602132241566005,0.0,0.0017678813911922565,0.0,0.0,0.0,0.0,0.0,0.0,0.0,0.0,0.0,0.0010807960303313663
KRT8_hg,0.278314472073999,0.0,0.0,0.46235651589931354,6.0737874763999935,0.32905960340727464,0.8477809961156805,0.0,0.010006127095727521,1.970363797882033,0.0,3.4847806178205287,0.0,0.0,1.0074994271663016
KRT9_hg,0.0,0.0004984589652317558,0.0014870040601756384,0.0,0.013533792515846577,0.0,0.000395237177926739,0.0,0.0,0.0,0.0,0.0,0.0,0.0,0.0
KRTCAP2_hg,0.0,0.17264075061253129,0.2117960384577833,0.0,0.015468327695070356,0.3384742743352779,0.04630106646744132,1.6745154352448282,0.0,0.0,0.07909767636357218,0.13911401799667855,0.0191865645522243,0.0,0.10097252431398597
KSR2_hg,0.0,0.0,0.0032230076876931966,0.00026815169207539076,0.0011895972646642603,0.00011755420515184517,0.0,0.0,4.537684252963855e-05,0.0,0.0,0.0,0.0,0.0,0.0
L1TD1_hg,0.0,0.6516394964021525,0.0,0.0,0.0,0.0183296114039156,0.013350316211181488,0.0,0.0,0.13181781994206127,0.14647817690443454,0.0024467513129445766,0.0,0.0,0.0
L2HGDH_hg,0.0,0.3138364511810969,0.005526275314072115,0.011281483609858936,0.09674320152039466,0.05631039583891521,0.0,0.09653464716015833,0.0,0.12079583107443455,0.05366565223601837,0.15141389053080542,0.06478771187986336,0.07712174288431442,0.05071479611018235
L3MBTL2-AS1_hg,0.0,0.1426386871529772,0.3391616570272836,0.0,0.0,0.0,0.0,0.0,0.0,0.0,0.007115830360452567,0.11612254926990631,0.0,0.0,0.0
LACC1_hg,0.0,8.278238088483814e-05,0.00037401337280382435,0.0,0.0,0.0,0.0,0.0,0.0,0.0,0.0,0.0005240953570432866,0.0,0.0,0.0
LAD1_hg,0.0,0.0,0.0006832580697719676,0.0,0.0,0.0,0.0,0.0,0.0,0.0,4.1891234255855486e-05,0.0,0.00018374877625131555,0.0,0.0
LAIR1_hg,0.0,0.5283065088059143,0.008778693940748017,0.0,0.0,0.013009606569135699,0.02535950926490753,0.0,0.0,0.0024732499496997124,0.10252955221948937,0.06719162370141996,0.0,0.0,0.0
LAIR2_hg,0.0,0.0,0.0,0.0,0.0026754147972556618,0.0,0.0,0.0002745071291475771,0.0,0.0,0.0,0.0,0.0,0.0,0.0
LAMA4_hg,0.0,0.0,0.0,0.010634191446486618,0.0,0.016257006430672672,0.0,0.0012115650998060182,0.0,0.0006744288839044347,0.0,0.0,0.004989958036413067,0.01831138019676539,0.0
LAMB1_hg,0.0,0.33596311756934394,0.17039059685525104,0.28511145707784036,0.02602918843169342,0.0,0.0,0.0,0.0,0.0,0.06667652360752938,0.38320528142970883,0.0,0.031184794172814057,0.5186666898884814
LAMB3_hg,0.0,0.016473944111116773,0.08046898375522474,0.0,0.22119682994286127,0.0,0.0,0.0,0.0,0.0,0.0,0.05591650054878361,0.0,0.0,0.0
LAMP3_hg,0.0,0.0,0.17069133845606313,0.007373085219099778,0.0,0.0,0.003577101767682097,0.002032824943963182,0.0,0.0,0.0,0.0317888401829985,0.0,0.0,0.0
LAPTM4B_hg,0.4279697643824302,0.0,0.7892774517836505,1.5146329344666178,0.9357329303068189,0.38124636224240815,0.405677567589729,0.6639657119671428,0.0,0.3340165870526909,0.0,0.26477456739380556,1.358326114815363,0.0,4.634714897920564
LAPTM5_hg,0.0,0.043199472611652676,0.0,0.012249159106614678,0.04600286556179997,0.0,0.0,0.1443108457725959,0.0,0.0,0.006667356414256185,0.0478397878250499,0.01313549326621492,0.0,0.40848980193538464
LASTR_hg,0.0,0.0,0.0,0.0,0.0017559289423200303,0.0,0.0003819530731894348,0.0,0.0,0.0,0.0,0.0019849521827603476,0.0,0.00012819049755993808,0.0
LBH_hg,0.0,0.16987684491995828,0.0,2.2622220717696115,0.5752052623987023,0.0,0.0,0.0,0.0,0.23106775087236783,0.0,0.007625296587039678,0.0,0.0,0.11653735332188273
LCAL1_hg,0.0003832432217167326,0.0,0.0003959536951202663,0.0,0.0013359035943094578,0.0,0.0,0.0,0.0,0.0,0.0,0.0,0.00010771932450110602,0.0,0.0
LCP1_hg,0.0,0.0,1.144628986101459,0.07540983518080005,2.610090902742404,0.5260577440488459,0.13377521993010832,1.007209473403659,0.011410231593509002,0.7825755459866031,0.060645842294518915,0.1504819944483245,0.4479511016808221,0.19724841789354328,2.485775369583817
LCP2_hg,0.0,0.0,0.0981487413419675,0.0,0.03071441143446073,0.0,0.0,0.1389930303753351,0.0,0.0,0.0,0.0,0.0,0.0,0.3390993154298551
LDLR_hg,0.0,1.192334267797584,0.001889159930683495,0.0,0.8817682790826741,0.5516551768276872,0.17729620215265565,0.0,0.012142480618379576,0.2879380163825701,0.3634524380809895,0.8384499377639273,0.23002833658914448,0.0,1.2106193141550936
LDOC1_hg,0.0035281567794145582,0.0,0.008142193281978004,0.019601073792345478,0.02440074910946471,0.01950564567178493,0.0,0.014412996802181034,0.005974965189682693,1.5109470034430452e-05,0.0,0.003109369175198718,0.0030952512308986546,0.0,0.031128679997491436
LEFTY2_hg,0.0,0.0003418661056134108,0.0,0.0010040897701123629,0.00019640219235975248,0.0,0.0,0.0,0.0001403774844962407,0.0,0.000202792807256772,0.0,0.0,0.0,0.0026859812724204382
LGALS12_hg,0.0,0.008212148102840251,0.0,0.030967185419804377,0.16579908383560732,0.0,0.0,0.058069470947445266,0.0,0.0035062432640757864,0.0,0.1393876149758177,0.0,0.0,0.04649109034077727
LGALS13_hg,0.0,0.0,0.023086222538498676,0.0,0.0,0.0,0.0,0.0,0.0,0.0,0.0,0.003069485104861441,0.0,0.0,0.008702251305622341
LGALS16_hg,0.0,0.00013602773269677748,0.00036003955846339135,0.0,0.0,0.0,0.0,0.0,0.0,0.0,0.0,0.0001739736846827952,0.0,0.0,0.0
LGALS1_hg,0.06419200705956228,0.0,0.2251396851387781,0.0,2.163845678173912,0.0,0.4437300379576512,3.354718248765191,0.0,0.0,0.0,0.4082271846550628,0.0,0.0,1.4179868884385851
LGI2_hg,0.0,0.00018272068237397044,0.0,0.0036504151588449174,0.0,0.0,0.0,0.0,0.0,0.0,0.0,0.0,0.0,0.0,0.0
LGSN_hg,0.0,0.001345299929078947,0.000292289428396007,0.0004641123355764748,0.0,0.0,0.0,0.0,0.0,0.0,0.0,0.0017690910103044112,0.0,0.0,0.0007984185930872516
LIFR_hg,0.0,0.08860882758140246,0.01867383011186771,0.0875628558199377,0.14424750714392134,0.011584610307477563,0.0,0.02087646963496385,0.0,0.0,0.0,0.0,0.0,0.07761827369140784,0.20495647248420215
LILRA1_hg,0.0,0.0,0.0,0.0,0.0,0.0,0.0001254195277802562,0.0,0.0,0.0,0.0,0.0,0.00011289278923108228,0.0,0.0
LILRA2_hg,0.0,0.0782155857538718,0.06405745677908771,0.0,0.01777994265202748,0.0,0.0017686725174135256,0.0,0.0,0.011288006588817217,0.00857549031180696,0.03668649341605248,0.0,0.0,0.004096439694866597
LILRA6_hg,0.0,0.0002045078101072361,0.0,0.0004156960132887736,0.0011200179563287573,0.0,0.0,0.0,0.0,0.0,0.0,0.0,0.00014504476054884001,0.0,0.000834051269489238
LIMCH1_hg,0.0,0.0,0.0008152056566727485,0.0,0.0055993599673260465,0.0,0.0,0.0,0.0,0.0,0.00018100997943542148,0.0,0.0,0.0,0.0
LIME1_hg,0.0,0.0007008659893234837,0.0,0.0,0.0,0.0,0.0,0.0,2.7258009627071542e-05,0.0,0.00018052619968915586,0.0,0.0,0.0,0.0
LIN28A_hg,0.0,0.0032567146381861116,0.0,0.0,0.14071355725735146,0.0,0.0,0.0,0.0,0.15250981860221877,0.02211178791741954,0.3755865665376357,0.07279927191673245,0.02197313095432793,0.13206310846172215
LIN28B_hg,0.0,0.07661960057532773,0.2537406423975168,0.0,0.0,0.9091124787703886,0.020170326590114078,0.5172451041917842,0.0,0.0660216685768368,0.01015055427169558,0.19509117696227954,0.548717296882304,0.4455184096560761,1.1401259241807329
LINC-PINT_hg,0.008763188220873302,0.5864411818595937,0.21111098662911632,0.0,0.401988297999333,0.08391228116118772,0.0,0.0,0.0,0.0918654977189094,0.13541793157686727,0.0,0.0,0.0,0.09430374365923298
LINC00028_hg,0.0001244434529121135,0.0,0.0,3.3503122976770194e-06,0.00212762424428774,0.0,0.0,0.0,0.0,0.0,0.0,0.0,0.0,0.0,0.0
LINC00029_hg,0.0,0.00010961952904632073,0.0002551227130753265,0.0,0.0011540241728779663,0.0,0.0,0.0,0.0,0.0,0.0,0.000912165365802401,0.00043112678753475946,0.0,0.0
LINC00243_hg,0.0,0.02874560278548424,0.10906554184930026,0.0,0.02023825991952902,0.0,0.0,0.0,0.0,0.002617959762490925,0.0018415922363623136,0.0,0.0,0.0,0.02976015462871165
LINC00244_hg,0.0,0.00020121682878595555,0.0,5.872364767198307e-05,0.00077944898592128,0.0,0.0,8.189398877528417e-05,0.0,0.0,0.0,0.0,0.0,0.0,0.0
LINC00261_hg,0.0,9.935599033442063e-05,0.0,0.0017758569353379008,0.005730137805821504,7.145978354039001e-05,0.0,0.004735466948252287,0.0,0.0,0.0,0.0,0.0,0.0,0.0009081861224825743
LINC00265_hg,0.0,0.4957996938292294,0.08509613603844984,0.06455091742832736,0.06641302267981448,0.019040208125226193,0.0,0.0,0.0,0.03157005663544108,0.07276490638654597,0.13406411431325257,0.07321497168280976,0.0,0.053027623087681774
LINC00326_hg,0.0,0.0,0.0003085695861523069,0.0,0.00012406323170893204,0.0,0.0,0.0,0.0,0.0,0.0,0.0011390298094517335,0.0,0.00012081292130575972,0.0
LINC00342_hg,0.0,1.1846361634333316,0.3505839707372929,0.3710386686287351,0.0838331341813466,0.07908281205637548,0.04329141294704069,0.22027134637184642,0.27755427884077727,0.0,0.0,0.4639800358790853,0.1396707897381271,0.0,0.9235760638725693
LINC00343_hg,0.0,0.20180735054626192,0.0011278356341948678,0.006930696810349027,0.008771985854860425,0.041609591574260925,0.006341241450184909,0.027603061748790934,0.008643611038774875,0.0,0.0,0.04536791571133689,0.01119439687842213,0.014410350412563831,0.0111768582610244
LINC00351_hg,0.0,0.0001695580995330186,0.00015553250121938167,0.0,0.0,0.0,0.0,0.00027888500710867176,0.0,0.0,9.958637689501707e-05,0.0,0.0,0.0,0.0
LINC00355_hg,0.0,0.47277450112577263,0.06757346078641341,0.027564967600859698,0.05112371269250381,0.04223807759568834,0.018596403281498,0.011708102839448752,0.008946762303408374,0.06316876829615561,0.07435732507718296,0.028979502631035187,0.026915730326292086,0.005945755513653627,0.1487584389459548
LINC00391_hg,0.0,0.0,0.0002507198531410393,0.0,0.0,0.0,0.0,0.00011267300669490588,0.0,0.0,0.0,0.0010137760619679484,0.0,0.0,0.0
LINC00393_hg,0.0,4.311076416796657e-05,0.0003935752764958203,0.0,0.0,0.0,0.0,0.0,0.0,0.0,1.761796973216583e-05,0.000451117401403645,0.0,0.0,0.0
LINC00408_hg,0.0,0.0,0.0,0.0017344522389610721,0.0006290757916824909,0.0,0.0,0.0,0.0,0.0,0.0,0.0,0.0,0.0,0.0
LINC00442_hg,0.0,0.00014626864601032048,2.2789780733065716e-05,0.00010008177779095254,4.347743906792571e-05,0.00021717512754113491,0.0,0.0,0.0,0.0,0.0,0.0,5.4216028858423284e-05,0.0,0.0
LINC00452_hg,0.0,8.857110236486092e-05,4.8280017423683175e-05,0.00027986922970205,0.0,0.0,0.0,0.0,8.926359158690639e-05,0.0,0.0,7.51380973808723e-05,0.0,0.0,0.0
LINC00454_hg,0.0,4.842745109074077e-05,0.00015918758490841327,0.0013862887456732313,0.0027105258767902676,0.0,0.0005310066300149338,0.0007907668858669949,0.0,0.0,0.0,0.0015733278670757413,0.0,0.0,0.0
LINC00457_hg,0.0,0.0002085111326138329,0.0,0.0003574423546654476,0.0,0.0,0.0,0.0,0.0,0.0,0.0,0.0,0.0,0.0,0.0
LINC00470_hg,0.0,0.7347255250313195,0.28256454664246716,0.0,0.20250103449222837,0.1763919616075185,0.05038564633611008,0.2473463572130617,0.0539635754377732,0.09562650368821823,0.024715992460466806,0.07471670567080123,0.3393084571453858,0.0,0.6132496942914493
LINC00504_hg,0.0,1.3691015649164844,0.0,0.0855224205239111,0.19402692563765114,0.1272465378745602,0.0,0.17513958036490357,0.17723362779350382,0.09509549593662239,0.0,0.42145936065426876,0.0,0.13131639015613353,0.10071924274926934
LINC00506_hg,0.0,0.46685304330590033,0.020900354879583513,0.03257136628066239,0.10650982081724654,0.10820328821608356,0.0,0.033992238520333846,0.033192009867239025,0.09456073753336895,0.04343708916180192,0.06756145894355894,0.021147531566750952,0.00856782743148157,0.11887153405367758
LINC00520_hg,0.0,0.36708663231770455,0.0,0.5679574375634606,1.189108602942401,0.0,0.0,0.5673459924785978,0.044964519099261684,0.0,0.07618171523602649,0.0,0.0,0.0,0.0
LINC00523_hg,0.0,0.0,0.0005897309784793864,0.0,0.0008876462211944501,0.0,0.0,0.0,0.0,0.0,0.0,0.0,0.0,0.0,0.0
LINC00534_hg,0.0,0.6894528859723363,0.17462008428266484,0.0,0.0,0.10870436843669634,0.12202418969695619,0.5061214272428972,0.018161882409373477,0.31457278847980974,0.02342416626076082,0.002048998254728123,0.040257041367884445,0.0,1.5655504863545298
LINC00551_hg,2.0943818692451816e-05,5.497905626031221e-05,0.0,0.00015011068847858177,0.00010190151391362307,0.0,0.0,0.00110925668190925,2.435653343462871e-05,0.0,0.0,0.0,0.0,0.0,0.00013090287614702173
LINC00571_hg,0.0,0.0029735398452759984,0.03869085075396149,0.0,0.0,0.0,0.00014156838809202408,0.015726657927955665,0.0,0.0,0.0,0.0013846535848178745,0.0,0.0,0.018172663951709574
LINC00582_hg,0.0,0.0,0.0,0.0,0.0007131179022958655,1.2133878450480674e-05,0.0,0.0,0.0,0.0,0.0,0.0,0.0,0.0007628075933105405,0.0
LINC00624_hg,0.0017736960238150376,0.010522716122971527,0.007567640042751912,0.03626989853885407,0.030344903240343273,0.013305150142100215,0.0,0.015712325948549204,0.0033347203398007333,0.0,0.0,0.003397339533029953,0.008424569556101049,0.0011983339238680183,0.0
LINC00630_hg,0.053204650220332536,0.8983042431348982,0.1247760283509666,0.03639064707329807,0.31965469584179307,0.1433164030090942,0.0,0.11173127911062204,0.0,0.05349464474808232,0.13310967164354368,0.0,0.12504156103610586,0.08725277539726894,0.08551029887680459
LINC00632_hg,0.0,0.5119015510061664,0.10819893063305096,0.0,0.07217385659748866,0.020200937964812045,0.014402052852442247,0.0,0.0,0.0,0.07257616390491992,0.02442766258369336,0.0,0.0,0.024854359934586987
LINC00639_hg,0.0025555126200793483,0.14811340591468952,0.0,0.0,0.024138517555216125,0.006550991193096384,0.005202486374251077,0.0,0.001258806241165609,0.007966489712746001,0.0061580990843843495,0.014683556951177311,0.0036750425142563353,0.0,0.023768719938092254
LINC00649_hg,0.0,0.11664931049839819,0.2446494552449375,0.06168619970633106,0.03938461756444763,0.0,0.015917959187395338,0.13343104165410555,0.0,0.0,0.0,0.0,0.0,0.0,0.14463226187124323
LINC00659_hg,0.0,0.0,0.0,0.0,0.38712761454087663,0.0,0.007899136732331958,0.0,0.0,0.0,0.0009628958201387603,0.06065126404025858,0.0,0.0,0.0
LINC00662_hg,0.0,1.1117990395596071,1.5170198765138423,0.0,0.016139505579716124,0.0,0.12888142228403723,0.46080700339260977,0.1780456256340405,0.3049220694006636,0.0,1.4640357895537484,0.22697190276192905,0.1389945769764227,0.05431735340665229
LINC00665_hg,0.017535222515807636,0.3298076623937005,0.11591151323558302,0.3187485655486517,0.0328151913876649,0.0,0.0,0.17957085933855002,0.0,0.0,0.0339312773530972,0.2688664850970292,0.0,0.0,0.0
LINC00668_hg,0.0,0.03021739944675005,0.07833932738772131,0.0,0.0,0.0,0.0,0.07270094046791456,0.0,0.0,0.0,0.08802537932979082,0.005760619633330751,0.0,0.048533769246748515
LINC00683_hg,0.0002582988571658738,0.3083668341249151,0.001653583182597438,0.0,0.017143333297492236,0.00633030432895919,0.010232613087152233,0.02164759925422479,0.0,0.012101026338838422,0.06308664362450296,0.0,0.0028409574617809154,0.0,0.0
LINC00685_hg,0.0,0.38428559370309934,0.0,0.0,0.0,0.0,0.0,0.0,0.0,0.22426868105797013,0.0658044146591259,0.2110704885809571,0.0,0.0,0.0
LINC00691_hg,0.0,1.8765173498480425e-05,0.0015668726124965992,0.0007331082042637862,0.0,0.0,0.0,0.0,0.0,0.0,0.0006934343876594249,0.0,0.0,0.0013883252016743581,0.0
LINC00881_hg,0.0,0.009987598546799955,0.0,0.01370797299216271,0.014036149211430378,0.0,0.00046501646604400564,0.006592401465674423,0.0,0.0,0.0018813246800173892,0.0,0.0,0.0,0.0
LINC00887_hg,0.0,0.43850465194258104,0.0,0.0,0.0,0.0013379258948954327,0.00610199932115377,0.0,0.0,0.07282828095139543,0.14842807524670615,0.0,0.0,0.0,0.0
LINC00891_hg,0.0,0.0,0.0,0.7111907469670485,0.1078049083840581,0.0,0.0,0.03239146007580028,0.0,0.0,0.0,0.0,0.0,0.0,0.0
LINC00895_hg,0.0,0.4050390687108836,0.01345415380644882,0.0011511473656337116,0.029778321979507853,0.0,0.0,0.026874516751645025,0.0,0.06839889333409162,0.09633403604170879,0.0,0.025084724476285604,0.0,0.0
LINC00937_hg,0.0,0.09542618498006306,0.06641096057030679,0.14808992553283254,0.0,0.0,0.0,0.0,0.0,0.0,0.0,0.08256501811836495,0.003103477943241161,0.0,0.0
LINC00940_hg,0.0,0.0,0.00031059896181941,0.0,0.0,0.00014010188377991623,0.0,0.0,0.0,0.0,0.0,0.0,0.0,0.0,0.0
LINC00954_hg,0.0,0.17249893050996992,0.019431194854841266,0.004121926701351657,0.00765416416790551,0.0,0.0006638969126020067,0.02809988935209246,0.0,0.0,0.035904775517228885,0.005200600831055552,0.0,0.0009200706378742129,0.0
LINC00957_hg,0.0008608407827454894,0.17664290227496535,0.0111626316854378,0.0,0.01900921527596882,0.007179388699003014,0.00494398548842664,0.0002433178841869359,0.0,0.0,0.028670330083670634,0.005185847164047633,0.0,0.0,0.009457075141943475
LINC00963_hg,0.0,1.3838916545338973,0.7092884479559886,0.42480658390319065,0.0,0.0,0.04409957632697779,0.0,0.0,0.4470547683009251,0.3673339203805081,0.656535032283198,0.13874208840635407,0.0,0.0
LINC00971_hg,0.0,0.3322977427769704,0.0,0.0,0.0,0.008266316256983857,0.007624906769344889,0.0,0.0,0.020375506263656043,0.07149115030625613,0.06579821281826195,0.0,0.0,0.0
LINC00973_hg,0.0,0.0,0.0,0.0,0.0019090582721347446,0.0,0.0,0.0,0.0,0.000247880023388558,0.0,7.253442405036304e-05,0.0,0.0,0.0
LINC01001_hg,0.0,0.17619762437515013,0.11508134912644154,0.31013045435671865,0.43549335467305106,0.08199616142354599,0.13497160201098887,0.2640248067957543,0.0,0.0,0.0,0.4993878271067126,0.0,0.0,0.10243578888485536
LINC01002_hg,0.0,0.6342173742572275,0.12395395977380137,0.14510354959178087,0.2685579821329477,0.1715496781079756,0.0,0.10457850035454952,0.08973669918860905,0.01793563146743004,0.09558452799392722,0.13558899189632032,0.0,0.06982867405266079,0.03986500758093838
LINC01014_hg,0.0,0.0,0.0,0.001699161820747035,0.0016817875472019115,0.0,0.0,0.0044911230336596095,0.0,0.0,0.0,0.0,0.0,0.0,0.0
LINC01019_hg,0.0013206152344952603,0.004088536103707371,0.004322698640044205,0.0014829507628476536,0.0,0.0,0.0,0.0,0.0,0.0,0.0,0.008352877983590353,0.0,0.0,0.0
LINC01020_hg,0.0,8.914006931405062e-05,0.0,0.0,0.0,5.4218069296568085e-05,0.0,0.0003364427904795568,0.0,0.0001927229737147497,0.0,0.0,0.0,0.0,1.988519443476014e-05
LINC01060_hg,0.0,0.7273829469127157,0.023810884234273157,0.0,0.0,0.02444063023159467,0.013017286936659631,0.045209304964399066,0.0,0.06503292831229375,0.16535198145547414,0.0,0.0,0.0,0.0
LINC01088_hg,0.0,0.11705588576118131,0.0,0.09145710564741799,0.12054054478803225,0.03906373528897376,0.006001578874498135,0.294789767072774,0.0,0.12692340454416454,0.0,0.051605794046438606,0.0,0.020543006314180687,0.1777869700242445
LINC01091_hg,0.0,0.013366099590898718,0.0007695222999012871,0.026249027222619035,0.028763632104675484,0.0011243093908535954,0.0,0.013419436153788116,0.00299771349880071,0.0,0.0,0.0,0.0,0.0,0.0
LINC01094_hg,0.0,0.006815905805067986,0.054539287755054344,0.029775521099148623,0.08557371440721274,0.0,0.007071850865106412,0.007264499261377825,0.0,0.0,0.0,0.0,0.0,0.0,0.09813143033801215
LINC01122_hg,0.0,0.00799942487408372,0.015415850340390688,0.0,0.0,0.0,0.0017207917842027637,0.008390908344976206,0.0,0.0,0.0,0.012215104180825581,0.0,0.0,0.02328613442987388
LINC01127_hg,0.0,0.0009350407060530987,0.0,0.00023290558238003742,0.0,0.0,0.0,0.0,0.0,0.0,2.3674078210748872e-05,0.0,0.0,0.0,0.0
LINC01133_hg,0.0,0.01548051898072405,0.11913545208649953,0.04885029937834315,0.0,0.0,0.0,0.0,0.0,0.0,0.0,0.08567931702453313,0.008938530972377274,0.0,0.0
LINC01140_hg,0.0,0.0,0.0002429692925342599,0.006503859850922845,0.0,0.0,0.0,0.0018085441045664456,0.0,0.0,0.0,0.0,0.0,0.010031260041020207,0.03209304361077808
LINC01151_hg,0.0,0.014362460545742483,0.0,0.0035145189264130824,0.0034430066685278995,0.0,0.0,0.0,0.0014727038273034856,0.0,0.0,0.0,0.0,0.0,0.0
LINC01166_hg,0.0,0.0,0.0007170862589050956,0.0,0.0007469010057265393,0.0,0.0,0.0,0.0,0.0,0.0,5.2592347898500265e-05,0.0,0.0,0.0
LINC01186_hg,0.00021575144248763605,0.0,0.0,0.0,0.0004857520762455943,0.0,0.0,0.0,0.00014047472320403496,0.0,8.608841439476662e-05,0.0,0.0,0.0,0.00010177505587826726
LINC01193_hg,0.0,0.0,0.0,0.0009114606054446629,0.0,0.0,0.0,0.0,0.0,0.0,0.0005597419346105543,0.0,0.0,0.0,0.0
LINC01203_hg,0.0,0.48585620185152817,0.35208616521433295,0.24941880099591313,0.017334750276149283,0.0744622004028834,0.007852398509858315,0.0,0.03410627593751048,0.06650499576958317,0.0,0.0182347775343699,0.07632024054061799,0.0,0.34675707844092546
LINC01206_hg,0.0,0.35693959851142704,0.0,0.0,0.013974024576057887,2.724397312458115e-05,0.0,0.03270696895683933,0.0,0.04747158763289732,0.08498588912523718,0.0,0.0,0.0,0.018765153219789426
LINC01209_hg,0.0,0.23783722595322818,0.0,0.0,0.016355131120309275,0.008426417802479214,0.008656919610719264,0.0,0.0,0.00921690696256716,0.03525893955154243,0.0,0.008761714690044562,0.0,0.0
LINC01214_hg,0.0,0.0,0.0,0.0035546196276684096,0.005061895168482108,0.0,0.0,8.424667157638092e-05,0.0,0.0,0.0,0.0,0.0,0.0,0.0
LINC01215_hg,0.03952193318606901,0.02482104350527281,0.0,0.04943424750682535,0.22677054862778123,0.0,0.0,0.0649328448305449,0.0,0.0,0.0,0.0,0.0,0.0,0.260156005995084
LINC01220_hg,0.0,0.03800682733178417,0.0,0.0016104025619519636,0.0,0.02064176508524802,0.0,0.0,0.00029741551143778983,0.031111266309518288,0.008990419996470508,0.0,0.0,0.0,0.0
LINC01228_hg,0.0,0.04165385319761031,0.017378841425228768,0.0,0.0,0.0,0.0004828414400926279,0.005182633017408153,0.0,0.0,0.005083610573114684,0.023256308350979308,0.0012912664544902888,0.0,0.004049684368839135
LINC01238_hg,0.0,0.057893128836566256,0.06659568483335591,0.017275400778392076,0.05618279225607574,0.0,0.0,0.1170716348193547,0.0,0.0,0.0,0.08733671301531348,0.008016306633170286,0.0,0.11436707845446428
LINC01254_hg,0.0,0.1445069728875134,0.004738454040899829,0.0,0.011640563736964217,0.0,0.0016020210243564126,0.007975719460128023,0.0,0.0,0.02343477658512766,0.003799218391547429,0.0,0.0,0.015359015905803889
LINC01280_hg,0.0,0.0,0.0,0.00021029219945012064,0.0,0.0,0.0,0.00039086024483247063,0.0,0.0,0.0,0.0013616430156424754,0.0,0.0,0.0
LINC01282_hg,0.0,0.0003587580351866612,0.0002724468047989745,0.0,0.00046174338964265985,0.0,0.0,0.0,0.0,0.0,0.0,0.0,0.0,0.0,0.0
LINC01283_hg,0.0,0.0,0.004670513786609174,0.0,0.02640404789613934,0.0,0.0,0.0,0.0,0.0,0.0,0.0,0.0,0.0,0.0
LINC01284_hg,0.0,0.3091490956467502,0.0,0.0,0.010829998151444135,0.0,0.0035231370735956083,0.0,0.0,0.008096169970275366,0.07154870574735618,0.0,0.0,0.0,0.0
LINC01285_hg,0.0,0.5320369874674244,0.0,0.0,0.0,0.0,0.0183155873174072,0.0,0.0,0.018263379248739383,0.13515405192335142,0.0,0.0,0.0,0.0
LINC01287_hg,0.0,0.6645073770457213,1.7011442236254721,1.4732729072784745,0.22165289880672903,0.8577189367773859,0.4648627008429966,0.305212732879985,0.40251196611496654,0.5101158435860826,0.0,0.10638338884350704,0.1698148183299633,0.0,2.1137668794755915
LINC01300_hg,0.0,0.0,0.316375368277478,0.0,0.0,0.0,0.056561736111415954,0.11859042656249115,0.0,0.0,0.0,0.006146016717041034,0.0,0.0,0.0
LINC01344_hg,0.0,0.036759442028434466,0.0,0.12382034187739341,0.028986822420091762,0.00989778750541582,0.0,0.0,0.011739313069022785,0.004554626800962415,0.0,0.0,0.011483603246529379,0.0,0.0
LINC01348_hg,0.0,0.0010190172081963583,0.0012534186187884366,0.0,0.0072109622545764645,0.0,0.0,0.0,0.0,0.0,0.0,0.0,0.0,0.0005089929540375717,0.0
LINC01358_hg,0.0,0.09163687790477684,0.015005312953436918,0.006576190366000886,0.015527885998486505,0.005961047232206387,0.0010756277903519777,0.03626408456786007,0.0,0.014462864092762403,0.008023661019346123,0.004458955823926462,0.0,0.0,0.016707584443036574
LINC01388_hg,0.0,0.0,0.006818826786716166,0.0,0.004714941656786244,0.0027681131786663976,0.0,0.0,0.0,0.0,0.0,0.018474491018750216,6.975757303946216e-05,0.0,0.0064444519514876425
LINC01393_hg,0.0,0.0,0.0006235042377051109,0.0,0.0,0.00021198198582005683,0.0004517726402173648,0.0,0.0,0.00027398055255014583,1.9992106564269893e-06,0.0,0.0,0.0,0.0
LINC01397_hg,0.0,0.0,0.005405133315584773,0.0,0.0,0.0,0.0,0.0,0.0,0.0,0.0,0.0,0.0,0.0,0.0019497870440520792
LINC01398_hg,0.0,0.0,0.0,0.000294064219649466,0.0,0.00019684737397591701,0.0,0.0,0.0,0.0,0.0,0.0,0.0,0.0,0.0
LINC01409_hg,0.018184564904567848,0.16151399489398882,0.17961680230238022,0.09756381865674608,0.09156226626407217,0.07673608554388736,0.0,0.09532652344689929,0.0,0.0,0.0,0.0,0.001437581120349064,0.0,0.08370408292599818
LINC01419_hg,0.003813393588000366,0.0,0.0018488879496999524,0.0,0.021821052770593603,0.010025443676752389,0.002701391898863496,5.667544770861883e-06,0.0,0.002136297764858635,0.0,0.0,0.0,0.0,0.0
LINC01425_hg,0.0,0.0,0.0004891196769186145,0.0011909849187087503,0.005615821136443048,0.0,3.280123309130756e-05,0.0,0.0,0.0,0.0,0.0,0.0,0.0,0.0
LINC01436_hg,0.0,0.002135233358778769,0.06405287839694845,0.017523076768220305,0.010230541152768884,0.0,0.0026225110208575875,0.0,0.0,0.0,0.0,0.0,0.0,0.0,0.0
LINC01460_hg,0.0,0.1714932983694854,0.007019300370677523,0.0,0.016909777704817434,0.0,0.009321375061072303,0.0,0.0,0.003910527214152056,0.027340284984234978,0.027353507555498827,0.002948883839578528,0.0,0.0038266456157066866
LINC01501_hg,0.0,0.0,0.00047775938003853386,0.0,0.0008407539301867439,0.0,0.0,0.0,0.0,0.0,0.0,0.0,0.0,0.0,0.0
LINC01503_hg,0.0,0.26629075313312983,0.012472540613469467,0.0,0.009282608227620615,0.0035524314289738625,0.0014542570297165572,0.018054839945594335,0.0,0.0,0.06069248634247812,0.037179163326732614,0.0,0.0,0.01995568689498941
LINC01521_hg,0.0,0.2597861585208174,0.04410629675769874,0.0,0.007833937507805503,0.014830221353370891,0.0033213704726578184,0.0,0.0,0.005928296620883038,0.03214958205200324,0.06776111204742323,0.002378712398339791,0.0,0.01932752216909374
LINC01526_hg,0.0,0.0,0.00030040263259856263,0.0,0.0,0.0,3.3711476361297816e-05,0.0004983212865937133,0.0,0.0,0.0,0.0,0.0,0.0,0.0
LINC01554_hg,0.0,0.009119225734424181,0.0,0.012222375801065593,0.005723977061243117,0.004510118331163449,0.0,0.0015575560804690428,0.0011409683590581658,0.0,0.0008450619450982464,0.0,0.0,0.0,0.0
LINC01565_hg,0.0,0.006470103976989394,0.0,0.0,0.008366107794047967,0.005753277081893673,0.0,0.0,0.0,0.0,0.0009767979129166966,0.009970107028842686,0.0,0.0009279740131122267,0.009117498823740838
LINC01582_hg,0.0,0.000739650753347584,0.0,0.009814958802598077,0.01757019121460096,0.0027726378811755224,0.0,0.004595708739126642,0.0,0.0,0.0,0.0,0.0,0.0,0.0
LINC01583_hg,0.0,0.0,0.05299949208341059,0.0,0.010734668546996753,0.0,0.0,0.015891669064735433,0.0,0.0,0.0,0.0,0.0,0.0,0.0
LINC01602_hg,0.010269188581871348,0.015202800543154425,0.01195342207961871,0.008720803433518349,0.023934708634331385,0.0007840738126076968,0.0,0.06476006551871287,0.004872648889534704,0.0,0.0,0.0009253282503265738,0.0017042615085089438,0.005370144233096716,0.0
LINC01608_hg,0.0,0.6350492004737733,0.19123260052835508,0.39366860411964405,0.22524411212041415,0.1534052092190612,0.05058923219861293,0.18834860822396565,0.022600577945444993,0.1958506982679265,0.0,0.00016378394468291425,0.15322068257858443,0.06634519866358062,0.061935201580812595
LINC01609_hg,0.0,0.7955469637158813,0.0,0.0,0.06909384315984231,0.07627596686749409,0.0,0.08785502220045839,0.07993364486036877,0.19537101226915957,0.0,0.17512839906836372,0.0,0.04659064036724527,0.0
LINC01632_hg,0.0,0.0,0.0008700689649827067,0.0,0.0006429893277767202,0.0002676076233369386,0.0,7.804459462436419e-05,0.0,0.0,0.0,0.0002480405633062434,0.0,0.0,4.354111434361529e-05
LINC01641_hg,0.16097012953410908,0.20718263431310568,0.07633439437464092,0.11899496587321508,0.04675576467393704,0.0,0.05191600225704083,0.6437625287127114,0.0,0.0009509071622224978,0.0,0.0,0.0,0.0,0.0
LINC01647_hg,0.0,0.011007946347681721,0.0009480287313864923,0.0205266590905011,0.024062244405908605,0.009506039027537792,0.00048260086029333296,0.007460315072340633,0.00020797469243167866,0.0,0.0012669839606409457,0.0,0.0,0.0,0.0
LINC01649_hg,0.0,0.000266547755567774,5.924563525639366e-05,0.00026167729008012977,0.0,0.0,0.0,3.65568861966484e-06,6.97468097463691e-06,0.0,0.0,0.0,0.0,0.0,0.0
LINC01674_hg,0.0,0.0,0.0,0.00030351958134964803,0.0015496656403638871,0.0,0.0,0.0,0.0,0.0017356972203830734,0.0,0.0,0.0,0.0,0.0
LINC01684_hg,0.0,0.26296068237516346,0.006132303064969363,0.03208135959431694,0.0,0.012043112085936154,0.0,0.03579643788136385,0.029055698069853166,0.01816658098384824,0.0,0.02424459360211446,0.0,0.0,0.05321300197339824
LINC01705_hg,0.0,0.0,0.00237556418598885,0.0,0.017107104974794375,0.0,0.0,0.0,0.0,0.0,0.0,0.0,0.0,0.0,0.0
LINC01711_hg,0.0,0.0011450092668079364,0.0024252954440459247,0.0,0.006402001954679695,0.0,0.0,0.0,0.0,0.0,0.0,0.0,0.0,0.0,0.0010264411472558834
LINC01717_hg,0.0,0.0,0.0,0.0004309922149189797,0.0,0.0,0.0,0.0,0.0,0.0,0.0,4.513879970404888e-05,0.0,0.0,0.0
LINC01749_hg,0.0,0.0,0.0007043220411346716,0.000983103759444768,0.0018782508276933205,0.0,0.0,0.0,0.0,0.0,0.0,0.0034305019256622295,0.0,0.0,0.0
LINC01754_hg,0.0,0.0005604745373093471,0.002144174876155123,0.0003995729303261741,0.0,0.0,0.0007149734179058093,0.0005768254487446376,0.0,0.0,0.0,0.0,0.0002989118895700562,0.0,0.0017970761829245179
LINC01775_hg,0.0,0.0,0.0004266516137280486,0.0,0.0,0.0,0.0,0.0,0.0,0.0,0.0,0.0,0.0,0.0,0.0011855840180896486
LINC01795_hg,0.0,0.0065307667990592054,0.0,0.002671354535811621,0.0033445178943645884,0.00018405589101088345,0.0005053652727770015,0.006192297875129918,0.0,0.0,0.0,0.007382688375767384,1.1880746093984217e-05,0.0,0.0
LINC01796_hg,0.0,0.0,0.0,0.00030236732630345886,0.0,0.0,0.0,0.0,0.0,0.0,0.0,0.0,0.0,0.0,0.0005336296883895151
LINC01814_hg,0.0,0.24200292130816997,0.0033108651026249264,0.03498136874694944,0.05244606146043587,0.015236006456846538,0.0,0.034150029583332006,0.0,0.011303391927552996,0.021407011906597134,0.013863582897865063,0.0,0.02249265917194129,0.03312236285955663
LINC01836_hg,0.0,0.4643493562515523,0.0,0.0,0.0,0.0,0.0066446161164313775,0.02199680676660366,0.0,0.096470131860869,0.1310349198975353,0.0,0.0,0.0,0.0
LINC01852_hg,0.0,0.0,0.0,0.000250915036437211,0.0004047913947428784,0.0,0.0,0.0,0.0,0.0,0.0,6.672387651512351e-06,0.0,0.0,0.0
LINC01873_hg,0.0,2.7215756715555495,0.5690308618651646,1.179154878772058,0.8333156433817586,0.0,0.07606980439184977,0.0,0.7915267517591562,2.068154439478503,1.25249623913978,2.8001523629691083,0.0,0.0,0.149226156177073
LINC01886_hg,0.0,0.0,0.0,0.0,0.0009466247487359744,0.0,0.0003440496232220074,0.0,0.00017079775983982654,0.0,0.0,0.0,0.0,0.0,0.0
LINC01906_hg,0.0,0.0,0.0001752285178634159,0.0,0.0,0.0,0.00022080002578789135,0.0,0.0,0.0005036823972022488,0.0,0.0,0.0,0.0,1.4259813178132678e-05
LINC01939_hg,0.0003024593362892442,0.0,0.0,0.0,0.0,0.0,0.0,0.0,0.0,0.0,0.0,0.0,0.0,0.0008616201599544562,0.0
LINC01949_hg,0.0,0.17430540242086237,0.010817829436783742,0.02635787921972667,0.028860178858299806,0.020009047693601567,0.0,0.02751374103738817,0.008276541277116627,0.0,0.0,0.06447723803329937,0.0,0.0,0.01835284956218324
LINC01967_hg,0.0021792142196755504,0.22111610068039472,0.015406713006777935,0.007764413067353564,0.05472800863671641,0.040466962247361724,0.0,0.0542076241397029,0.023851489523158603,0.0,0.0,0.06878048886537781,0.007273902201720475,0.02785883173218106,0.016809343937819778
LINC01974_hg,0.0,0.0,0.0,0.0002528055109187033,0.0,0.0,0.0,9.215992578988331e-05,0.0,0.0,0.0,0.0,0.0,0.0,0.0
LINC02002_hg,0.0,0.0,0.0,0.0,0.0017312444741230603,0.0,0.0,0.0,0.0,0.0,0.0,0.0,0.0,0.0,0.0
LINC02005_hg,0.0,0.0,0.0005819325447710024,0.0004598803664662644,0.0014770028658700055,0.0,0.0,0.0009400214792081992,0.0,0.0,0.0,0.0,0.0,0.0,0.0
LINC02009_hg,0.0,0.0,0.009584934408130677,0.0,0.08011960453106884,0.0,0.0,0.0,0.0,0.0,0.0,0.0,0.0,0.0,0.0
LINC02027_hg,0.0,0.22693113591993583,0.0007066537486339832,0.028056244793425673,0.0034637977013303478,0.008255164458811075,0.00333047847529244,0.015133408743337861,0.012324919232098776,0.03525093549687162,0.0,0.0019487089266960037,0.0,0.011660437779958692,0.0
LINC02041_hg,0.0,0.0,0.0009635309655391916,0.0,0.0,0.0003434253090654013,0.00031239169040929194,0.0004338043846082314,0.0,0.0,3.079894285041529e-05,0.0,0.0,0.0,0.0
LINC02087_hg,0.0,0.16780600141221183,0.0,0.009726212141369383,0.016942610294733033,0.0018941207980040428,0.008215745418342954,0.006054987652216637,0.0,0.0,0.029137041134490956,0.016991830050009257,0.016756526126940903,0.0,0.0
LINC02092_hg,0.0,0.0,0.0,0.0,0.0,0.00011665683046426157,0.0,0.0,0.0004949516554899176,0.0,0.0,0.0,0.0,0.0,0.0
LINC02096_hg,0.0,0.0,0.0013975366787369902,0.0027864371790971747,0.006257468820484953,0.0,0.0,0.0,0.0,0.0,0.0,0.0,0.0,0.0,0.0
LINC02099_hg,0.0,0.31101776222188343,0.0,0.0,0.0,0.0126541331145339,0.010701705577068819,0.025569287159130663,0.0,0.0,0.03482054471371053,0.043682261507471475,0.0008071072856871008,0.0,0.0
LINC02100_hg,0.0,0.0,0.000558685402899591,0.0,0.0,0.0,0.00027620249590683607,0.0,0.0002565353324265114,0.00026065461137934665,0.0001500299699037112,0.0,0.0,0.0,0.0
LINC02101_hg,0.0,0.0,0.0,0.0,0.0,0.0,0.00012411136945386834,0.0,0.0,0.0,0.0,0.0,0.0,0.0001953590640344411,2.8550001113622462e-05
LINC02109_hg,0.0,0.20517076586870236,0.004753424463209159,0.0,0.004320184480617671,0.011700128817019102,0.0,0.03869935706342434,0.005450767780633189,0.03429752531871803,0.01836820053985692,0.027195192503311944,0.0,0.0,0.10310758528341445
LINC02120_hg,0.0,1.6589703593195868e-05,0.0,0.0,0.0,0.0,0.0,0.0,0.0004518180430845985,0.0,0.0,0.0,0.0,0.0,0.0
LINC02144_hg,0.0,0.0003090140015760989,0.0,0.0,0.0,0.0,0.0,0.0,0.0,0.0,0.0,0.0,0.0,0.0,0.0
LINC02145_hg,0.0,0.004743555498939734,9.5292556571982e-05,0.0,0.0,0.0,0.00022636216489581036,0.0,0.0,0.0,0.0008159054377226897,0.0,0.0,0.0,0.0
LINC02154_hg,0.0,0.0,0.0353723237502949,0.0,0.13877938416871113,0.0,0.0019684602940346456,0.0,0.0,0.0,0.0,0.0,0.0,0.0,0.0
LINC02156_hg,0.0,0.0,0.13427302086983614,0.0,0.0,0.0,0.00761637233461551,0.0,0.0,0.0,0.0,0.0,0.0,0.0,0.0
LINC02158_hg,0.0,0.008145987345945965,0.0008354623706602947,0.008807863656731894,0.008325484827128585,0.0110634504664274,0.0,0.007968142592101884,0.004345434741382879,0.0,0.0,0.0,0.0,0.0,0.0
LINC02182_hg,0.0,8.529333053234532e-05,1.827279674862633e-05,1.4854265947201558e-05,0.0,0.0,0.0,0.0,0.0,0.0,0.0,4.767442382274885e-05,0.0,0.0,0.0
LINC02232_hg,0.0,0.0002162837394546055,0.0,0.0,0.0,0.00030103773978535346,0.0,0.0,0.0,0.0,0.0,0.0,0.00012109501890140996,0.0,0.0
LINC02241_hg,0.0,0.012242912425508633,0.02969529136966049,0.009798185494448969,0.0169199437985687,0.02399057715368525,0.006672882919840278,0.04186425098118827,0.0,0.0,0.0,0.007427955590328645,0.0,0.0,0.018026631530199337
LINC02245_hg,0.0,0.40667997431175396,0.010010306685815226,0.11963440750457784,0.029346919885087742,0.01085070728679383,0.01658510459812391,0.13752301773564268,0.0,0.022553412651779976,0.06642511913891373,0.03757011199082868,0.011995284706126616,0.0,0.0
LINC02250_hg,0.0,0.00013184247473125286,0.0,0.0,0.0,3.880095375284747e-05,0.0,0.0,0.0,0.0,0.0,0.00017380485119331825,0.0,0.0,0.0
LINC02254_hg,0.0,0.19757674487390514,0.0,0.03046155249675079,0.034084865030731284,0.008212456449496808,0.0,0.04401931305249373,0.022650158529436797,0.0,0.0,0.032685698221584444,0.006865139642181175,0.013800411003614163,0.0
LINC02267_hg,0.0,0.327284877671717,5.6621324090684694e-05,0.0,0.0,0.03535220651477178,0.02235337025870689,0.0,0.0,0.06094441612050823,0.04414667641949609,0.055581887451803015,0.0,0.0,0.0
LINC02268_hg,0.0,0.21525895498982317,0.0,0.0,0.020527559772625558,0.013312721539029316,0.0,0.021838155501445862,0.02540890831825636,0.023183646029915465,0.0,0.0072759521982851865,0.0,0.0,0.0
LINC02285_hg,0.0,0.0,0.00023755259714885316,0.0,0.0,4.793510135587464e-06,0.0,8.977313711526648e-05,0.0,0.0,0.00018722004126554045,0.000785571092473104,0.0,6.031803353705313e-05,9.024450010037723e-05
LINC02301_hg,0.0,0.35812945052552686,0.0184587086593683,0.002465155960129686,0.011191723886702632,0.06033583368667757,0.016954427402803177,0.0413243494233871,0.00472023588989985,0.06842047552473113,0.025826290118153256,0.0,0.010562841045593447,0.0,0.024175123641871542
LINC02302_hg,0.0,0.0,0.0002156879901945689,0.0,0.0,1.6961589821580606e-06,0.0,0.0009065134361506863,0.0,0.0,0.0,0.0,0.0,0.0,0.00017682599103018226
LINC02313_hg,0.0,0.0,0.0,0.0019727671448261505,0.00581425003477038,0.0,0.0,0.001552390592971033,0.0,0.0,0.0,0.0,0.0,0.0,0.0
LINC02322_hg,0.0,0.0,1.0291604324914983e-05,2.4288980645155444e-05,7.410052450888313e-05,5.686079628840682e-05,0.0,0.0,0.0,0.0,0.0,0.0,0.0,7.578244676793535e-05,0.0
LINC02334_hg,0.0,0.6232105242839514,0.0,0.0940885150252858,0.16976737645810386,0.06497880854681816,0.03598092471028154,0.030874084573252605,0.0,0.0,0.0,0.47939824690301,0.0,0.0,0.013269382233571424
LINC02335_hg,0.0,0.0,0.0009292472039387163,0.0007303140442058467,0.0,0.0,0.0,0.001741867037376948,0.0,0.0,0.0,0.0,0.0,0.0003075549473568997,0.0
LINC02346_hg,0.0,0.0,0.00015335502029115042,0.0,0.0,0.0002694723055501827,0.0,0.0,0.0,0.0,0.0,0.0,0.0,0.0,0.00029517706286370674
LINC02357_hg,0.0,0.0,0.00020883904692613664,0.00010461236982178837,0.0,1.3333320697124815e-05,0.0,0.00022677037780711917,0.0,0.0,0.0,0.0,0.0,0.0,0.0002492250902162476
LINC02367_hg,0.0,0.009448450669355552,0.03934687505677533,0.0004757984120556363,0.0031029059546522483,0.0,0.0,0.0,0.0,0.0,0.0,0.005478852377102188,0.0,0.0,0.0
LINC02376_hg,0.0,0.0,0.0,0.0,0.0017348102470691738,0.0,0.0,0.0,0.0,0.0,0.0,0.0,0.0,0.0,0.0
LINC02389_hg,0.0,0.00017480214385417334,0.0,0.0,9.216560301062822e-05,0.00012788716455558672,0.0,0.0,0.0,0.0,0.0,0.0,0.0,0.0,0.001037464622079322
LINC02400_hg,0.0,0.0,0.0,0.0,0.0,5.384297503279316e-05,0.0,0.0,0.0,0.0,0.0,0.0,4.796636594579305e-05,0.00010471148857497646,0.0
LINC02416_hg,0.0,0.0,0.0,0.0,0.0016109121659186054,0.0,0.0,0.0,0.0,0.0,0.0,0.0,0.0,0.0005230789026598059,0.0008064371256081563
LINC02434_hg,0.0,0.0006860939055379119,0.003733853020214983,0.0013364828132755282,0.005034170550680759,0.0,0.0008898036497306743,0.0,0.0,0.0006215746575569496,0.0,0.0,0.0,0.0,0.0
LINC02436_hg,0.0,0.5228495296815919,0.0,0.0,0.0,0.009714427245779462,0.021252178621025863,0.0,0.0,0.0,0.11256627206115591,0.038951307280331623,0.0,0.0,0.0
LINC02444_hg,0.0,0.1627908116108175,0.020601254707505796,0.008549742674423334,0.022984447841475585,0.016532434889670735,0.0,0.007457586834339556,0.0,0.009338093856068657,0.00673952057321839,0.002455191669433577,0.01882716773610245,0.0,0.03795205445695947
LINC02446_hg,0.0,0.0,0.0,0.0004358201738425603,0.0011103715293937992,0.0,0.0,0.0,0.0,0.0,0.0,0.0,0.0,0.0,0.0
LINC02449_hg,0.0,0.49461270348568553,0.11901556751591032,0.0,0.059293467476620905,0.00351066164788639,0.013102510929672975,0.046594298042216806,0.0,0.0,0.0934746737210611,0.1823138561252091,0.08050700577021863,0.0,0.0
LINC02450_hg,0.0,8.692290572728472e-05,0.00035943932885327667,0.0,0.0007865338444104775,0.0,0.0,0.0003250515464652743,0.0,0.0002782714126233006,0.0,0.0,0.0,0.0,0.0
LINC02452_hg,0.0,0.3653310519243287,0.0008987111625959317,0.0,0.0,0.020987104382642303,0.007175543204386438,0.018286568178367848,0.0,0.0,0.06561121902052246,0.011151390451474693,0.01124305332271446,0.0,0.026785827505419753
LINC02474_hg,0.0,0.0005454315002906872,0.0,0.0006511977596404191,2.6511655505077418e-05,0.0,0.0,0.0,0.0,0.0,0.0,0.0,0.0,0.0,0.0
LINC02485_hg,0.0,0.0005602322666214236,0.00750324974484045,0.0,0.0,0.0,0.0,0.0,0.0,0.0,0.0,0.0,0.0,0.0,0.0009349574936122387
LINC02492_hg,0.0,0.0,0.0035763129036395533,0.0,0.0002059187629181088,0.0,0.0,0.0011328347471694924,0.0,0.0,0.0,0.0005081961694998271,0.0,0.0,0.0
LINC02503_hg,0.0,1.5992876690665214,0.04055067744695928,0.11985032023422175,0.22862080033683732,0.12957591932241833,0.022795878080990966,0.10540761140209534,0.18999769400282093,0.020227800122065827,0.0,0.43029732856988934,0.03390777271175364,0.24863195515477454,0.11797725255110038
LINC02507_hg,0.0,0.00026805689183053533,0.0,0.0005264068749765773,0.0,0.0,9.136537252658131e-05,0.0,1.2280538983652683e-05,0.0,0.0,0.0,0.0,0.0,0.0
LINC02522_hg,0.0,0.0,0.00011678657175820955,0.0016908600864858907,0.002987606485347347,0.0,0.0,0.0,0.0,0.0,0.0,0.0,0.0,0.0,0.0
LINC02528_hg,0.0,0.00021514641695727447,0.0,0.0388475182904691,0.008153135027972633,0.0,0.0,0.038669636709465494,0.0010153272547990969,0.0,0.0,0.0,0.01860267331925391,0.0,0.0
LINC02548_hg,0.0,0.0829483691374141,0.003808315946728602,0.006421915044812929,0.030676266428529404,0.008995626736876032,0.0,0.017047171600607574,0.004120967583786155,0.0,0.0,0.013808071036289915,0.0,0.007571235539916007,0.021780859628700446
LINC02554_hg,0.0,0.0,0.0,0.03460418867402252,0.0,0.0,0.0,0.0,0.0,0.0,0.0,0.0,0.0,0.0,0.0
LINC02560_hg,0.0,0.0008865543254520063,0.000607333218334615,0.0,0.0003311796330603753,0.00041403630686636766,0.0,0.0,0.0,0.00028546048736799456,0.0001203935969079922,0.001417371888418513,0.0005348106784385841,0.0,0.0
LINC02562_hg,0.0,0.0,0.0008817614509255283,0.0012078205818066405,0.0,0.0,0.0,0.0028840010970057894,0.0,0.0,0.0,0.0,0.0,0.0,0.0
LINC02568_hg,0.0,0.0007801356006587573,0.003217476901303979,0.0,0.0,0.0,0.0,0.0,0.0,0.0,0.0,0.004859504750672989,0.0,0.0,0.0004958113889763967
LINC02591_hg,0.0,0.0035659160936088756,0.04118307793197962,0.013674908611976516,0.06548466174291749,0.0,0.0,0.045125319156845395,0.0,0.0,0.0,0.009322286336499569,0.0,0.0,0.026575962039884486
LINC02605_hg,0.0,0.10634642621993293,0.0,0.00688301112412383,0.019268825772986983,0.015659970336410013,0.0,0.004814089614883772,0.015172992698374159,0.0,0.0,0.0061802331606331164,0.0,0.0,0.0
LINC02625_hg,0.0,0.0,0.0,0.07574140028629885,0.5093069368984304,0.0,0.0,0.1529320275918182,0.0,0.0,0.0,0.0,0.0,0.006730425078857769,0.0
LINC02632_hg,0.0,0.0,0.0,0.00012626498230493887,0.0,0.0,0.00018067961934334988,0.0,0.0005628041479080521,0.0,0.0,0.0018016443197823675,0.0,0.0,0.0
LINC02641_hg,0.0,0.0014907974526835992,0.0,0.00016622894608815113,0.0,0.0,0.0,0.0,0.0,0.0,0.0,0.0,0.0,4.7751335300387055e-05,0.0
LINC02648_hg,0.0010639002610315423,0.0,0.00021455823311139762,0.0,0.0,0.0,7.084674630710859e-05,0.0,0.0,0.0,0.0,0.0,0.0,0.0,0.0
LINC02660_hg,0.0,0.00013783038876968932,0.0,0.0001197503489299258,0.0012677191211690035,0.0,0.0,0.0,0.0,0.0,3.729254332674908e-05,0.00019834870643888224,0.00029211341573619307,0.0,0.0
LINC02688_hg,0.0,0.001501396537738895,0.0,0.0,0.0,0.0,0.0,0.0,0.0,0.0,0.00034214879516049985,0.004403185239100556,0.0,0.00037582920495503373,0.0
LINC02693_hg,0.0,0.0,0.3305987418555323,0.0,0.1402893039294634,0.03557979543992505,0.0,0.008835369209247991,0.0,0.0,0.0,0.2308435809310178,0.0,0.0,0.14332430917761188
LINC02713_hg,0.0,0.0,0.0,0.0017014522300993692,0.0,0.00030912215106523465,0.0,0.0005861056186532266,0.0,0.0,0.0,0.0,0.0,0.0,0.0
LINC02736_hg,0.0,0.0,0.0,0.0007880948176628756,0.0004955456785500348,0.0,0.0,0.0,0.0,0.0,0.0,0.0,0.0005811485682037372,0.0,0.0
LINC02742_hg,0.0,0.10191020277182053,0.0011059317859948652,0.009548043540657254,0.008572461608596376,0.010306782529703615,0.0028456671246139794,0.0,0.0004643401030661038,0.0,0.0,0.02900114282839,0.000903549856511146,0.0,0.031803417229295826
LINC02753_hg,0.0,0.0,0.0,0.0,0.0003854085101967625,0.0,0.00014644260916124658,0.0,0.0,0.0,0.0,0.0,0.0,6.251484769365859e-05,0.0
LINC02757_hg,0.0,0.001203166731893253,0.0,0.003906136316656571,0.0010935242347916974,0.0005347338700235753,0.0002911416811903087,0.0,0.0005098526257994757,0.0,0.0003820695235807311,0.0,2.0294680707778856e-05,0.0,0.0
LINC02763_hg,0.0,0.001239543600527634,0.0008768592528911877,0.005038059334611906,0.002084638661170977,0.0,0.0,0.0,0.0,0.0,0.0,0.0,0.0,0.0,0.0
LINC02766_hg,0.0,0.0,0.00010266362888230635,0.0,0.0,0.0,0.0,0.0,0.0,0.0,0.0,0.0004243891611548632,0.0,0.0,0.0008932714696784451
LINC02772_hg,0.0,0.37145125140045,0.2831606666505068,1.3292292665352248,0.0,0.0,0.0,0.0,0.0,0.0,0.0,0.0,0.0,0.03642539041310165,0.0
LINC02776_hg,0.0,0.0,0.0,0.0,6.346798782330359e-05,0.0009620255673213417,0.0,0.0006297997395424555,0.0002084960022171832,0.0007272060587546616,0.0,0.0,0.0,0.0,6.883621809277003e-05
LINC02780_hg,0.055995671611253434,0.05403918161864252,0.025521661249808376,0.171802936878676,0.05696936585305584,0.0,0.0,0.039520465323734946,0.0,0.0,0.009983580052456543,0.09340235992216266,0.05806568689164937,0.037271632978233514,0.0
LINC02787_hg,0.0,0.0,0.0,0.0,0.00061006441983199,0.000258758530243912,0.0,0.0,0.0,0.0,0.0,0.0,0.0,0.0,0.0
LINC02806_hg,0.0,0.0025082370208982362,0.04703994996245621,0.0,0.0,0.0,0.0,0.0,0.0,0.0,0.0,0.005925225244463331,0.0,0.0,0.0
LINC02808_hg,0.0,0.0,0.00012804677656455665,0.0,0.0,0.0,0.0,0.0,0.0,0.0,0.0,0.0,0.0007220290373292766,0.0,0.00014525238822746093
LINC02822_hg,0.0,0.4777311792651855,0.0,0.10352346919833239,0.07262028561392321,0.00972154947895058,0.0,0.060313286437046955,0.05645104155676455,0.15002846977908743,0.0,0.11525273223660341,0.0005221596662621934,0.04448192100727465,0.0641216471711273
LINC02861_hg,0.0,0.35517889429782795,0.0004237930168462236,0.0,0.014442335133838611,0.02406780092852172,0.0058138854960252135,0.0019159993991597665,0.0,0.0,0.08490852347015282,0.041841198497693986,0.02265815371113414,0.0,0.023365784660404135
LINC02864_hg,0.0,0.15645826230798018,0.567484147740064,0.16168142655024006,0.0,0.04352440376569074,0.10741215496604632,0.313850739275091,0.0,0.0,0.0,0.09951439973175542,0.034006658422534766,0.07651563256650884,0.20105718448294677
LINC02865_hg,0.0,2.5388284231091576e-06,7.200083312617988e-05,0.00017340120551862385,0.0,0.00031193120272836257,0.0,0.0,0.0,0.0,0.0,0.0,0.0,0.0,0.0
LINC02873_hg,0.0,0.0,0.0004172455366062226,0.0,0.00026509006944934287,0.0,0.0,0.00012654677045848784,0.0,0.0,0.0,0.0,0.0,0.0,6.464395394106424e-06
LINC02878_hg,0.015752983978096356,0.1572178291800777,0.012347167827990429,0.006478634463231786,0.02379746492040515,0.0,0.0,0.003413766749553995,0.0,0.021863244913321072,0.030573977905333453,0.0,0.0,0.0,0.0
LITAF_hg,0.032056150047043826,0.0046202761091975195,0.15809763163404558,0.05206158582072038,0.39073499599946027,0.0,0.03623631652191762,0.0,0.0,0.0,0.0,0.0,0.0,0.0,0.17234200871347208
LMAN2_hg,0.0,0.0636211810898647,0.033278639570930135,0.06787427468121145,0.4661230048057213,0.20174438160767758,0.17813452214699046,0.6529634643402039,0.0,0.5083254060787934,0.09266495200820274,1.5712167623367599,0.0,0.0,0.48100321575452815
LMF1-AS1_hg,0.0,0.0,0.0,0.0,0.0013064651231582188,0.0,0.0,0.0,0.0,0.0,0.0,0.0,0.0,0.0,0.0
LMLN2_hg,0.0,0.0,0.0,0.0006999706561157842,0.002600658918146829,0.0,0.00034320082770566843,0.0,0.0,0.0,0.0,0.0,0.0,0.0,0.0
LMO3_hg,0.0,3.1256711919370095e-05,0.0006373586649690994,0.0,0.0,0.0002897627573610772,0.0,0.0,0.0,0.0,0.0,0.0,0.0,0.0001436750038032448,0.0009060194574420558
LMO4_hg,0.05096114948423643,0.2736393124581009,0.44108427642956877,0.0,0.0515709042903863,0.22711620247246003,0.0,0.14757805696291826,0.0,0.0864349231173216,0.001229967774328859,0.10049698982674846,0.0,0.00876987582781259,0.1492536846201611
LNPEP_hg,0.0,0.30787166306500485,0.4142910676686298,0.23563207128030117,0.2714100944340806,0.38508878801335916,0.0,0.2589589210788675,0.03213591577852341,0.10553459499219899,0.0,0.0,0.19652457977466625,0.09508165095611118,1.212619348506911
LNX1_hg,0.0,0.02770778649001214,0.07361439519725052,0.042416320539620425,0.09727985625962471,0.0,0.0,0.02993347394565002,0.0,0.0,0.0,0.01826800970268018,0.0,0.012269260118552757,0.03175242288438297
LOH12CR2_hg,0.0,0.5450763307365194,0.018206156798980896,0.0017726357943828267,0.0206290185466963,0.0,0.009088387177184238,0.010520596477312039,0.0,0.1116891862816271,0.12340080642708938,0.0,0.0,0.0,0.0
LONP1_hg,0.0,0.3927222889552906,0.38969611250838976,0.23106119825796395,0.054044656571572466,0.1873205188021121,0.3086534980771537,0.0,0.0,0.16728231729016488,0.14976580212460391,2.1011809066183247,0.1443891366271676,0.10880484231797302,0.0
LOXL2_hg,0.0019144383027391058,0.0018529641580714094,0.004469773516048631,0.0037739522289098105,0.019439422472470963,0.001864166446295316,0.00015310816486081017,0.0,0.0,0.0,0.00030925959450974345,0.00141571539581307,0.0,0.0,0.007526490541142554
LPA_hg,0.00020971777911506473,0.006306494341500023,0.012594805640511865,0.0011779585459271629,0.0,0.0,0.0,0.0,0.0,0.0,0.0,0.0,0.0,0.0,0.0012243256096836283
LPP_hg,0.0,0.3258866115611625,0.010820781101563244,0.0,0.012259873348814515,0.013643474242746739,0.0,0.01842718907739544,0.0,0.01082504560575968,0.06323098490391323,0.0,0.019435057906208125,0.0,0.0017151934605953486
LRCOL1_hg,0.0,0.0005746337649482297,0.00015948643719212137,0.0,0.0011463900198466603,0.0,4.5975746240713e-06,0.0,0.0,0.0,0.0,7.097522817830904e-06,0.0,0.0,0.0
LRFN5_hg,0.0,0.0,0.0,0.0004168448998860097,0.002652877983667629,0.0031206056695123894,0.0,0.0014395556181323235,0.0002503618828933119,0.0,0.0,0.0,0.0012069179638109087,0.0006639635859129513,0.001704525035055497
LRIF1_hg,0.0,0.22743956984008473,0.9239687723975595,0.3265584336301324,0.7697581425995583,0.4950335425331895,0.030545100573325306,0.860982472395072,0.031128393790659216,0.0,0.0,0.539656969032359,0.6181395844503063,1.1701254909910916,0.6217191234470022
LRP12_hg,0.0,0.2756417841501363,0.08549803192413165,0.0,1.3205901771183337,0.0,0.03576942394862875,0.28446075499640344,0.021644746470361974,0.05042367896742581,0.0,0.0,0.14459632928711952,0.0,0.5488180991210186
LRP1B_hg,0.0,0.00016728151110814948,0.0,0.0,0.00013960056710870538,0.0,0.0,0.0,0.0,0.00013423344763400187,0.0,0.0,0.0,0.0,0.0
LRP1_hg,0.0,0.002318493042423472,0.0012268506043608802,0.021716710010305406,0.10587978872218169,0.0,0.0,0.0,0.0,0.0,0.0,0.0,0.0,0.0,0.0
LRRC15_hg,0.0,0.0,0.0,0.00012830218648686464,0.00018058314378687434,0.00015308366079641887,0.0,0.0,0.0,0.0,0.0,2.4566368413333157e-05,0.0,0.0,0.0
LRRC27_hg,0.0,0.5063701893630166,0.019232420205178808,0.0,0.0,0.0021332865553622764,0.01157927498671095,0.03127607330998044,0.0,0.036513411645677854,0.1354590135870674,0.027595302143045983,0.0,0.0,0.0
LRRC57_hg,0.0,0.9803127175085079,0.2781592945827556,0.16597488893842985,0.4166821357964747,0.22209363999093076,0.04682419460493417,0.03543165830600017,0.0,0.05971176474814765,0.2799248798411194,0.0,0.055434931115228334,0.0,0.1332866512665102
LRRC8D_hg,0.0,0.0857548017989887,0.3560073296698459,0.09406782098478032,0.02222365024540846,0.0,0.027432614629028833,0.19584791803729495,0.0,0.0,0.0,0.2438717002065477,0.03185402275528949,0.08639383287780908,0.059346488487403454
LRRC9_hg,0.0,0.0007717726491764595,5.412885432934323e-05,0.0011962922336341308,0.004863196990548353,0.0,0.0,0.0,0.0,0.0,0.0,0.0,0.0,0.0023199395892574957,0.0
LRRCC1_hg,0.0,0.6673444018698389,0.319342358822469,0.30994665675714816,0.0,0.16623270438380272,0.0,0.0,0.0,0.19967708822446847,0.012008028001897226,0.8043214450981985,0.45563745412614387,0.7088029064922007,0.5630804753281002
LRRK2_hg,0.0,0.01199825084630846,0.0017768561132892305,0.0,0.025458360570092667,0.0005956639277915877,0.0,0.009876982985589474,0.0,0.008080634382523348,0.0,0.0,0.0,0.0,0.005880154056308084
LRRN4CL_hg,0.0,0.22369017152936344,0.009856885843152495,0.0,0.0,0.014942951521080591,0.0,0.0,0.0,0.0,0.05187931449943559,0.02954899078827996,0.0,0.0,0.003749151476425119
LSM3_hg,0.7679784206770425,0.01414904021154862,0.3941731001749464,0.5914063539377502,1.095251956414264,0.38221485335039607,0.43979472115478785,3.358419018983825,0.0,0.18163984759532373,0.00015008505020054538,0.0,1.467426731397283,0.2802011683360548,0.0354216440216239
LSM8_hg,0.11426177391207747,0.6359563303355379,0.8044172157869504,0.2226868710251666,0.2498742997348777,0.11603865678906189,0.014090120463683135,0.804523307070113,0.08011553832845972,0.3073287818881865,0.011144344065549724,0.0,0.2584756045750095,0.2901661555772235,0.4698413047476115
LSS_hg,0.0,0.20004974281114352,0.06261546398816302,0.31805464368457564,0.0,0.0,0.0959590240894013,0.3432073906730302,0.0,0.0,0.025320862917338125,0.7629790246272471,0.37172383985626867,0.0,0.4259493496039383
LST1_hg,0.0,0.022340514630670796,0.03287601216934175,0.0,0.0,0.0,0.0,0.01134494574680069,0.0,0.0021363308810824523,0.004144271367510908,0.0,0.0,0.0,0.07888574390070537
LTBP1_hg,0.0,0.29156725324113714,0.05601718071758346,0.39128632180333217,1.0050166093039077,0.0,0.0,0.03120309855121119,0.0,0.06957700612609234,0.0,0.4443994088194212,0.24617180629527702,0.37268585335528687,0.19016267460199554
LTF_hg,0.0,0.0,0.0,0.01925700695962969,0.039166842606663956,0.0,0.0,0.0,0.0,0.0,0.0,0.0,0.0,0.0,0.0
LTK_hg,0.0,0.021937355586002377,0.10518899144548041,0.02819784051617069,0.0,0.0,0.018321744081768322,0.0,0.0,0.0,0.0,0.0753797877471358,0.0,0.0,0.018981553053683414
LUCAT1_hg,0.0,0.007810714886985179,0.26784032184250645,0.0,0.2917443138432349,0.0,0.0,0.0,0.0,0.0,0.003059395139799602,0.0,0.0,0.0,0.0
LUZP4_hg,0.0,0.0,0.0,0.03929458899212139,0.03676314010147779,0.0,0.0,0.012789367675921638,0.0,0.0,0.0,0.0,0.0,0.0,0.0
LVRN_hg,0.0,0.009301299353980979,0.11182912047971827,0.03978940375250124,0.14327061211135544,0.0,0.0,0.07868716426730289,0.0,0.0,0.0,0.07873778857655428,0.0,0.13484533469290638,0.0
LXN_hg,0.0,0.0,0.0,0.01669893804645217,0.0,0.0,0.0,0.0,0.0,0.0,0.0,0.0,0.0011420195781720749,0.002364476336709788,0.0
LY6E_hg,0.023599870553644653,0.0007500822782510335,0.0,0.0,0.26639647189049365,0.07530823510934724,0.0,0.3772722091793633,0.006176288170617657,0.06231573407207183,0.0,0.4979054122227942,0.0,0.0,0.18253445137257188
LY6G6D_hg,0.0,0.0,0.0,0.0011680702496998981,0.000580260078491041,0.0,0.00013956156246964124,0.00010273670702635715,0.0,0.0,0.0,0.0,0.0,0.0,0.0
LY6G6E_hg,0.0,0.0,0.0,0.00047038327398030817,0.0002411599088718141,0.00020516337507514083,0.0,0.0006325105885863882,0.0,4.856685315612957e-05,0.0,0.0,0.0,0.0,0.0
LY86-AS1_hg,0.0,0.05889808440340855,0.0101168745110797,0.029966029573020053,0.02544412192818395,0.004166195670784312,0.00025596390818075966,0.0,0.0,0.004584155330373926,0.009847566112251464,0.0,0.0,0.0,0.0
LY86_hg,0.0,0.00010502653792756526,7.835838172819168e-05,0.0,0.0,0.0,0.00010914487804120322,7.410341172979707e-05,0.0,0.0,0.0,0.0,0.0,0.0,0.0
LYPD6B_hg,0.0,0.0,0.0,0.0004204699566767382,0.0,0.0,0.0,0.0005425076734373324,3.5282190851873366e-05,0.0,0.0,0.0,0.0,0.0,0.0
LYVE1_hg,0.0,0.0,0.0,0.0,0.23254987282371034,0.0,0.0,0.0,0.0,0.0,0.0,0.0,0.0,0.0,0.0
LYZ_hg,0.0,0.33342285749005107,0.0,0.2012388794508073,0.29303575467868276,0.0,0.001290138105479098,0.31469989433239176,0.0,0.0,0.03670248801714124,0.0,0.0,0.008602764871668956,0.7238584385234681
MAB21L4_hg,0.0,0.0,0.00017536729329928552,0.003349092602527499,0.0004685474781943524,0.0,0.0,0.0,0.0,0.0,0.0,0.0,0.0,0.00015063176124975773,0.0
MACF1_hg,0.10437984212082366,0.5598557208375223,0.6023928446472993,0.6735641681092769,2.1484506261761647,0.6484366795486018,0.11506642552704224,0.0,0.6774341421688703,0.9706678473063676,1.0148460209439771,1.464030949900004,0.4848529312977976,1.6088158068173068,3.7305810917731206
MAEL_hg,0.0,0.0,0.05096082028577354,0.04177294504767304,0.0,0.0,0.0,0.0,0.0,0.0,0.0,0.0,0.026443411598695604,0.006573209763277115,0.0
MAFG_hg,0.0,0.3490695229434816,0.2375265340435847,0.07688895244413926,0.18367259504205855,0.09556439728644398,0.06031455845408387,0.0229314113119056,0.0,0.1066636223155275,0.017790993329327865,0.745938509250489,0.12313842697537707,0.0,0.051453702985063465
MAGEA11_hg,0.0,0.0,0.008344041784865629,0.018735539905787676,0.011196085235503195,0.0,0.0,0.0,0.0,0.0,0.0,0.0,0.0,0.0,0.0
MAGEB17_hg,0.0004178957006395701,0.0,0.0038800386534637446,0.0,0.0019990719593205373,8.516673382605572e-05,0.0,0.0012481832152703082,0.0,0.0,0.0,0.0008898785558299382,0.0,0.0,0.0
MAGEB6_hg,0.0,0.0,0.0,0.0010498831281673562,0.0033635370161980743,0.0,0.0,0.009567120876195335,0.0,0.0,0.0,0.0,0.0,0.0,0.001966829970644171
MALL_hg,0.0,0.036092166164780844,0.001726691002410661,0.0,0.029277654766225965,0.00807437336877005,0.0024924101207407785,0.0,0.0,0.0,0.00663983119646641,0.0,0.0020527353589426226,0.0,0.0
MAN1A2_hg,0.513867216461477,0.8097984175574807,0.42208907272356666,0.34745019030590407,0.7910936389593491,0.42561618229293474,0.0,0.0,0.0,0.5988514076400819,0.11156228862762,0.29797256651773757,0.26626024992431563,0.6452962331724199,1.0342265870549
MAN1B1_hg,0.0,0.133989247690542,0.1362234986412533,0.09974140767777012,0.0,0.03668900984588815,0.03768341724138964,0.005857291525257881,0.0,0.0,0.03104103922263517,0.7334323665018493,0.015956812935074165,0.0,0.0727673610066166
MAN2A2_hg,0.0,0.5250990477930236,0.3104744457974557,1.3394356974393342,0.0,0.2310783922851603,0.23267602679443325,0.26850654923817413,0.0,0.0,0.0,0.05833865863733491,0.4544817026108265,0.0,0.21521132749902325
MAP1A_hg,0.0,0.618415192292807,0.0,0.8364122564148143,1.117430160758779,0.0,0.0,0.7729831222932383,0.07643936124020373,0.5473914173076397,0.14238267132820318,0.7898902453766927,0.6927060546705934,0.4772291366140435,2.058526241600071
MAP1B_hg,0.0,0.0,2.941033555382183,0.2956817570440598,0.9693458676320739,0.12193046137967685,0.29816310233250315,0.0,0.31169390671332875,1.1878913341134745,0.831973809539319,4.654828056432302,0.7623285405521151,2.654788537681317,0.4969384827599642
MAP2K6_hg,0.0,0.3129869005918746,0.0,0.0,0.0,0.015294506500579615,0.009532134128205244,0.0,0.0,0.0047416430322573455,0.07055826307818301,0.0,0.007446733747159865,0.0,0.0
MAP3K19_hg,0.0,0.0005729578711499233,0.0,0.0007081848738842999,0.002657900436110512,0.0,0.0,0.0012239618183756164,0.0,0.0,0.0,0.0,0.0,0.0008131691516077744,0.0
MAP3K5-AS1_hg,0.0,6.853486239346911e-05,0.0,0.0,0.0,0.0,0.0,0.0,0.0,0.0,0.00011930149929971582,0.0,0.0,0.0018697146742846268,0.0
MAP4K3-DT_hg,0.0,0.6547410699254465,0.3948773502913413,0.0,0.07687657460298629,0.12924860154072795,0.07213515471822719,0.20940106757709934,0.0,0.02118768249524435,0.13237346654939916,0.019755253757916976,0.0,0.0,0.44305895652077587
MAP7D2_hg,0.0,0.004437759987358668,0.0019800573759730174,0.007937558450821385,0.00039424998696455647,0.0,0.0,0.0,0.0,0.0,0.0006820357277412118,0.001632198144844537,0.0,0.0,0.0
MAPK10-AS1_hg,0.0,0.0,0.0,0.0,0.0,0.0,0.0,0.0,0.0,0.0,0.0,0.00048327906959007505,0.0,0.0006888804012332231,0.00032992558480836516
MAPK10_hg,0.0,0.19778587938241657,0.0,0.005555756340475349,0.022757065579459494,0.013345749760458424,0.008663173882290312,0.0,0.01540571842630188,0.0,6.585664621447866e-05,0.07897158253277171,0.0,0.0,0.0
MAPK11_hg,0.0,0.01494723475412342,0.0,0.0,0.0,0.0,0.0,0.0,0.0,0.04057521212859141,0.00429974255213977,0.38925082052992893,0.0,0.0,0.0012860594112641952
MAPK4_hg,0.0,0.0,0.0,0.0,0.0008006534832594504,0.0,0.00018139168448208273,0.0,0.0,0.0,7.383973663271234e-05,6.484809297461311e-06,0.0,0.0,0.0
MAPT_hg,0.0,0.05214970200513297,0.0539162941154359,0.004852107149064571,0.08325675830848325,0.0,0.0,0.0,0.0,0.008373175032741677,0.0,0.0,0.0,0.0,0.09888479977641043
MARCHF10_hg,0.0,0.0,0.0003558621198426468,0.0,0.0015158246364378634,0.0,0.0,0.0,0.0,0.0,0.0,0.0,0.0,0.0,0.0
MARCHF1_hg,0.0,0.0036122408865165182,0.016641791395451678,0.0,0.01525786840514897,0.0,0.0,0.0,0.0,0.0,0.0,0.020773329840554987,0.0012011777505197892,0.008677296554247512,0.0
MARCKS_hg,0.0,0.0,0.05345288316096316,0.0,0.034248789964125746,0.0,0.0,0.0,0.0,0.02726706620400453,0.0,0.0,0.0,0.0,0.04564858733569502
MARF1_hg,0.0,0.406810257759258,1.2234020132091976,0.6544975650503617,0.639933194563608,0.15878065582720438,0.0,0.0,0.0,0.0,0.0,0.09539741772914732,0.03304655005333994,0.11387184886798231,1.1331713391478555
MARS1_hg,0.0,0.42277886747310084,1.567861064336236,0.29058973352332634,0.42913978422726706,0.5671482928962854,0.015247279579456307,0.5911823414630212,0.1279932248165992,0.0,0.026296171801354296,1.9197080790818977,0.5857052972805976,0.635435469412444,0.05152328011316625
MAS1_hg,0.0025949892231391957,0.3960501333908505,0.008373122488616921,0.0,0.002720375098165381,0.0,0.0,0.01672354472015563,0.0,0.014040967585613882,0.1042000271901457,0.01149497497208662,0.0,0.0,0.0
MASP2_hg,0.0,0.004652040974042574,0.0,0.0,0.0,0.004417138338995187,0.0,0.0,0.0,0.0,0.0011038440994447717,0.003617964786898902,0.0,0.0019405828859215284,0.0
MAST1_hg,0.0016305668528399004,0.5797429857095059,0.0,0.08254404579859764,0.04149421691428573,0.044259938374275914,0.040874496470830184,0.057540167339509264,0.0,0.05038269812300244,0.09850967717995646,0.07695721971703862,0.04305392628374311,0.0,0.0
MBNL2_hg,0.14137880229658412,0.1483326076845395,0.5819985109222949,0.12251592091491484,0.3703410789466106,0.057871162358862346,0.0,0.5228790664356012,0.03493890819354367,0.0,0.0,0.0,0.0,0.17063925157310214,0.0
MBNL3_hg,0.0,0.0,0.004963979119574057,0.026660951396935723,0.03500412443572101,0.0,0.0,0.008523705380257903,0.0,0.0,0.0,0.0,0.0,0.0,0.0
MCEMP1_hg,0.0,0.0,0.13794319965408003,0.0,0.1115113766825215,0.0,0.0,0.0,0.0,0.0,0.0,0.009905128180192133,0.0,0.0,0.004042842087838834
MCFD2_hg,0.0,0.006467055014132579,1.6635350072740998,0.39261001606199164,1.863430874029703,0.08415077656582544,0.16468711860516985,1.5041999030665736,0.017217862041230717,0.29129758875612166,0.0,0.3931651062897221,0.794713037115179,0.36667169258178484,1.287451137277145
MCOLN3_hg,0.0,0.0,0.0,0.017248544520774966,0.037710228493648405,0.0,0.0,0.0,0.0,0.0,0.0,0.0,0.0,0.0,0.0
MCPH1-AS1_hg,0.0,0.5705197495057277,0.0,0.0,0.0290103803357909,0.011609480476018423,0.012437094672334528,0.044492017827096164,0.0,0.06915912973591046,0.1439518258243746,0.0,0.0,0.0,0.0
MCTP2_hg,0.0,0.0003525852675551031,0.0008633592549306773,0.0,0.0009814421271150278,0.0,0.0,0.0,0.0,0.0,0.0,7.065850004663284e-05,0.0,0.0,0.0
MDGA1_hg,0.0,0.0,0.009358595544601098,0.0,0.0566727283472149,0.0,0.0006679991362217545,0.0,0.0,0.0,0.0007871459195497576,0.0,0.0,0.0,0.0
MDGA2_hg,0.0,0.0,0.004545019378351734,0.0,0.0,0.0,0.0,0.0,0.0,0.0,0.0,0.0,0.0,0.0,0.022620494175077176
MDH1B_hg,0.0,0.0005412001247706933,0.00010139917779824967,0.0,0.001990979265090245,0.0,0.0002597178209855139,0.001517931140930524,0.0,0.0,0.0,0.0021255703796972526,0.0005114614812183551,0.00042942352747606647,0.00033313520534930606
MDK_hg,0.0,0.0,0.442594683464823,1.874649180464847,0.0,0.4535777673851773,0.6461421522288848,1.698229701201528,0.11041296332633878,0.0,0.0028302942806581136,2.3608956151209606,0.2375271124651611,0.42246605296306045,0.029812801651066676
ME1_hg,0.0,0.06051172590956246,0.2409383411598631,0.05046655524252764,0.2513360682915604,0.0,0.0,0.33679394281456204,0.0,0.0,0.0,0.20619157438038435,0.14132004593304975,0.012799713216032288,0.47564669842083196
MEA1_hg,0.0,0.0,0.35002986684896986,0.2899161189214087,0.1548405037059833,0.21693603031214204,0.5950581948978113,2.042958713247402,0.0,0.0,0.0,0.2574287260601655,0.029802570897283345,0.0,0.0
MEF2A_hg,0.051328598770760195,0.1476568302179681,0.1523978855964051,0.0886500621638895,0.2332503394983892,0.08917352147217514,0.0,0.024894684813175146,0.002134057679356388,0.0,0.0,0.020975839302916775,0.0,0.09930419656109989,0.0691529376786458
MEG3_hg,0.008109534625686395,0.07246046757879973,0.0,0.0,0.025840900434137958,0.0,0.0,0.013083700991168202,0.000470753821309157,0.0,0.004221846165082893,0.0027661234022891773,0.0,0.0,0.021866980163387305
MEG8_hg,0.03708817745734203,0.8969535503108388,0.010955282368775097,0.0,0.016773120648676643,0.0025289369651264764,0.03678830924665034,0.0,0.0,0.0730958906504365,0.22931708704321319,0.0,0.0045902551074618134,0.0,0.0
MEG9_hg,0.0,0.0,0.0,0.0,0.00202803095717812,0.0,0.0,0.0,0.0,0.0,0.0,0.0,0.0,0.0021962049673974757,0.0
MEGF6_hg,0.0,0.0,0.15971442466993166,0.0,0.0,0.0,0.0,0.0,0.0,0.0,0.0,0.10856300214302406,0.0,0.0,0.0
MEIS1-AS2_hg,0.0,0.0008980500608654215,0.0,0.0,0.000166080819204195,6.849215388157283e-05,0.0,0.0,0.0,0.0,0.0,0.0,0.0,0.0,0.0003859689845040125
METTL21A_hg,0.012512161050221625,1.0845319708306982,0.023734379705654444,0.0,0.04680281013865538,0.09953188500632967,0.0,0.4589472307446278,0.0,0.39424738890762084,0.306950174688219,0.38585241929723524,0.007428310976189894,0.0,0.0
MFAP5_hg,0.0,0.4621016484068963,0.01122161719258093,0.0,0.0060492741228831476,0.011033452820177814,0.0063840629741052,0.0,0.0,0.0,0.11248342169231956,0.0,0.0,0.0,0.01489103456099339
MFNG_hg,0.0,0.0,0.0,0.003809907615061896,0.008947693826229423,0.0,0.0,0.0036448063472218272,0.0,0.001325380925091255,0.0,0.003891812517191082,0.0004405864286138718,0.0014197218642567502,0.0
MFSD11_hg,0.0,0.4102161274633975,0.13745710829943034,0.017903023970636152,0.05988138277957557,0.01513182476570639,0.017168834320773155,0.12514332411471984,0.0,0.08774750840246463,0.08957183135833195,0.0586062567036533,0.01187536995432408,0.0,0.0961583278385437
MFSD13A_hg,0.0,0.13118834862894732,0.18030931762870103,0.0,0.012065457589606352,0.015203854801037673,0.020648277462234473,0.07906912241847992,0.0,0.004078997424382086,0.02397365850393126,0.2948042759737868,0.0,0.0,0.06486927753261645
MFSD2B_hg,0.048372848179056564,0.4603225102504566,0.01701451287442587,0.29870952138075296,0.0,0.12547676325431553,0.0,0.37130600771935146,0.0,0.20492161707474077,0.04716515948365215,0.5509212115377523,0.23108634066399697,0.03868855049633998,0.010316207099020038
MFSD4B_hg,0.008230693558509831,1.6628735669281745,0.04418759740654426,0.0910652274278667,0.45711686289557746,0.11450698701377246,0.0546694679739394,0.20221036909705895,0.0,0.4593123763239119,0.44084264837836923,0.14422935156566957,0.3430288326210027,0.19343502620232306,0.21934906028668988
MGAT5_hg,0.0,0.14758132590643816,0.4519368978689096,0.15821946804701933,0.4837983935690339,0.0,0.0,0.09857969530404882,0.0,0.051213128768766505,0.0049835103547127705,0.2352207098741389,0.10540001562718988,0.0,0.7872703270550689
MGLL_hg,0.006844849547555671,0.3808990050381121,0.0,0.0,0.027939951722856717,0.009465895326670228,0.009629470727404157,0.0,0.0,0.07366206786667712,0.08204739101493178,0.0,0.0062817195227188385,0.0,0.0
MGST1_hg,0.0,0.02366177271941273,0.1751961670485483,0.0,0.0,0.0,0.23358969349843067,0.557343251578745,0.0,0.0073323242222295285,0.00654101386429033,0.0,0.15468529643827322,0.0,0.1207448122802731
MGST2_hg,0.0,0.010208872830172994,0.0,0.19841330565793033,0.37075454137833497,0.0,0.11432346590510414,1.3990463346795066,0.01377002032668309,0.011210306957583505,0.0013367687894651418,0.0,0.024941901288594626,0.0,0.1954142509112901
MGST3_hg,0.0,0.14631728413679956,0.07848051402417995,1.349222589314002,1.2760819420117184,0.0,0.34936959577653226,2.2509170790600024,0.0,0.11161124231127854,0.0,0.0,0.0,0.0,0.28360446748335827
MIAT_hg,0.0,0.033638677232598405,0.0,0.07299078123244258,0.1255821810053198,0.0,0.0,0.0,0.0,0.008190782225154816,0.0,0.0,0.0,0.0,0.007473456866092511
MIB2_hg,0.0,0.09684954763904947,0.051851332192521575,0.06409986002340783,0.03102031446736184,0.0,0.03501265333466865,0.006230003320833408,0.0,0.0,0.009780439301446639,0.2959181660681509,0.0,0.0,0.0
MICALL1_hg,0.0,0.13935640032779759,0.3364907053886012,0.0,0.11156765126857524,0.004882369314154649,0.0,0.05499326613910041,0.0,0.014349510424352294,0.014131928895283682,0.5291847401407763,0.02275681939916087,0.0,0.08223855893021191
MIF_hg,0.0,0.0,0.0,0.0,0.0,0.14794287853436602,0.057567193222625,0.6269417806859545,0.0,0.0,0.0,0.1367345158061924,0.0,0.0,0.0
MIGA1_hg,0.15702954649766615,0.9199826957024593,0.10360829633754426,0.0,0.1495941906121029,0.14413236219538098,0.012929777801689527,0.09891490641012177,0.008748029681314813,0.17232945255972235,0.15872462264739645,0.0,0.033659620572393904,0.1557982163756127,0.03127300565979263
MILR1_hg,0.0,0.06262930468101255,0.27741138429681056,0.0,0.0,0.0,0.0,0.0,0.0,0.0,0.01047960248878339,0.0,0.0,0.0,0.16889542449795528
MINAR2_hg,0.0,0.1839123414794632,0.0007655895707556187,0.0,0.08269177409999717,0.0,0.00924764158259573,0.0,0.0,0.0,0.03206461190084212,0.007615150885856736,0.0,0.0,0.0028399862117680632
MIOX_hg,0.0,0.323469103589394,0.0026477099302326663,0.0,0.0,0.023500019788574786,0.01457528980632695,0.0016211415368591344,0.0,0.0,0.06005817927574063,0.0,0.0,0.0,0.009999399506110443
MIPOL1_hg,0.0,1.0964242361701777,0.08082107132963397,0.11226634148865772,0.0,0.158302589833234,0.035765315369949216,0.2071076927338374,0.16915337309130235,0.2602146931615292,0.020812866231292266,0.30828192560254275,0.044570202515968015,0.1157706128615014,0.3001509230628744
MIR1226_hg,0.0,2.1907391553955832e-05,0.0,0.0,0.0003329567341202373,7.298435732816995e-05,0.0,0.0,0.0,3.36793812086153e-05,0.0,0.0,4.188041455683165e-05,0.00021067658519858176,0.0
MIR1270_hg,0.0,0.00018149149295607121,0.0,0.00040502816308920906,0.0,0.0,0.0,0.0,0.0,0.0,0.0,0.0,0.0,0.0,0.0
MIR1296_hg,0.0,0.0001588736439104953,0.0,0.000520128302541633,0.0001383087058056654,0.0,0.0,0.0,0.0,0.0,0.0,0.0,0.0,0.0,7.673935965739303e-05
MIR193BHG_hg,0.0,0.4945376251775618,0.006535877969793059,0.0,0.009777878331283189,0.05773198495156705,0.018066697085479134,0.0,0.0,8.206962725176914e-05,0.09586958459224289,0.03337302860349667,0.012125268946287501,0.0,0.12064464326126682
MIR223HG_hg,0.0,0.02022251818802193,0.24786187597626366,0.0,0.0,0.0,0.14893836024112825,0.6279860963665188,0.0,0.018845445176493548,0.0,0.1799057547698273,0.07500484329584428,0.0,0.6799065318046567
MIR223_hg,0.0,0.00016264720315140445,0.0,6.911021419305613e-05,0.0,0.0,0.0,0.0,0.00042506175711489407,0.0,0.0,0.0,0.0005814399142670402,0.00020018101957585514,0.0001084062621719694
MIR29B2CHG_hg,0.0,0.11420795825366617,0.037536031614061396,0.1172571974748237,0.20917383650363594,0.0,0.0,0.0,0.005715963186685306,0.0,0.0,0.19748124842566142,0.0,0.0,0.16125886918950466
MIR3135A_hg,0.0,0.0004900128954196227,0.0,0.0,0.0,0.0,0.0,0.0,0.0,0.0,0.0,0.0,0.0,0.0,0.0
MIR3155A_hg,0.0,0.0005132510723315022,0.0,0.0,8.837668393427363e-05,0.0,0.0,0.0,0.0,0.0,0.00030936969519344734,0.0,3.2045060446921064e-05,0.0012705007585119413,0.0
MIR34AHG_hg,0.0,0.029757944961508652,0.04833367257669613,0.0,0.0,0.0,0.0,0.0,0.0,0.0,0.010575663747142292,0.051627441947587525,0.0,0.0,0.011324558980186349
MIR3681HG_hg,0.0,0.17127272692690104,0.1758701614572407,0.19331153115412097,0.059388071007240764,0.01431905877606892,0.0,0.20317363720118006,0.0,0.04130874343121338,0.0,0.04967125707783727,0.0,0.07108971937160694,0.24879462926746623
MIR3939_hg,0.0,0.00029439013148950576,0.0,0.0014481126947949604,0.0,0.0,0.0,0.0,0.0,0.0,0.0,0.0,0.0,0.0,0.0016667980269522743
MIR3945HG_hg,0.0,0.14450853594312765,0.3824717135136045,0.0,0.21771031771856272,0.0,0.0,0.0,0.0,0.0,0.0,0.13742653495043405,0.0,0.0,0.2999299408445659
MIR4435-1_hg,0.0,3.467269790083998e-05,0.0,0.0,0.0,1.1687274133891941e-05,0.0,8.609893587035865e-06,2.3314608663697888e-05,0.0,0.0,0.0,0.0,0.0,6.601081719268895e-05
MIR4999_hg,0.0,0.0,0.00013193503069829524,0.0,0.00012461192203086255,0.0,0.0,0.0,0.0,0.0,0.0,0.0,0.0,0.0,0.00023934786751212542
MIR5001_hg,0.0,0.0,0.0,0.000824933445642216,0.0,0.0020858340053857547,9.20509438234267e-05,0.003618229202318833,0.0,0.0,0.0,0.0,0.0004921789366073413,0.0,0.0
MIR503HG_hg,0.0,0.05845141109885939,0.11622408794088164,0.009204381548291733,0.03737170759848416,0.013383656363813903,0.0,0.0,0.0,0.0,0.0,0.10226173457194537,0.0,0.0,0.07280585743409557
MIR5047_hg,0.0,0.0006685600217756969,0.0,0.0,0.0006729443581917962,0.0007404591475845562,0.0,0.0001611452634248337,0.0,0.0,0.0004315487820065358,0.0,0.0,0.0,0.0
MIR5188_hg,0.0,8.291643836705856e-05,0.0,0.0,3.845840630030211e-05,0.00017484964290959612,0.0,0.0,0.0,0.00034013844890482735,0.0,8.211774149075986e-06,0.0,0.0,0.0
MIR5189_hg,0.0,0.0001378925928956408,0.0,0.0,0.0,6.404102892157327e-05,0.0,0.0,0.0,0.0,6.576928556111517e-05,0.00010802843701411503,0.0,0.0,0.0
MIR548AM_hg,0.0,0.0003971382645373641,0.0,0.0,0.0,0.0,0.0,0.0,0.0,0.0,0.0,0.0,0.0,0.0,0.0
MIR561_hg,0.0,0.0,0.0004308877619038618,0.0,0.0,0.0,0.0,0.0,0.0,0.0,0.0,1.6213093944500147e-05,0.0,0.00016919278198526908,0.00022971905504815546
MIR563_hg,0.0,5.961793213636275e-05,1.0462412624402087e-05,0.0001220876381689474,3.948652847162483e-05,0.0,0.0,6.997343054235606e-05,0.0,0.0,0.0,0.00010493857957536222,0.0,0.0,0.0
MIR6132_hg,0.0,0.0,0.00011409231004180075,0.0,0.0005515306605886058,4.84955536725942e-05,2.63822165702328e-05,0.0,0.0,0.0,0.0,0.0,0.0,0.0,0.0
MIR623_hg,0.0,0.0006033592699289315,0.00010072400815946469,0.0,0.0,7.699694143350414e-05,0.0,0.0,0.00019419387435392458,0.0,0.0,0.0,0.0,0.0,0.0
MIR635_hg,0.0,0.0,0.00014966675946407492,0.0006101588793274006,0.00015146233104688556,0.0,0.0,0.0,0.0,0.0,0.0,0.0,0.0,0.0,0.002398701708758389
MIR640_hg,0.0,0.0002778208517146279,0.0,1.5724483023186164e-06,0.0,0.0,0.0,0.0,0.00010646114783467077,0.0,0.0,0.0,0.0,0.0,0.0
MIR642A_hg,0.0,0.0,0.0,0.0,0.0015822197580188206,0.0,0.0,0.0,7.034932084036992e-05,0.0,0.00013079543612767294,0.0,0.0,0.0,0.0010673982416083763
MIR645_hg,0.0,0.0006916551095816922,0.0,0.0,0.0013093601789474483,0.0008921414651299752,0.0,0.0,0.0,0.0,0.0,0.0,0.0,0.0,0.0
MIR6512_hg,0.0,0.00023275125674868444,0.00020054804347615528,0.00017416986068037276,0.0,0.00019622684427338737,0.0,0.0,0.0,0.0,2.7000111023426264e-05,0.0,0.0,0.0,0.0
MIR663AHG_hg,0.0,0.007018763583133783,0.03992331472369252,0.011793331943881756,0.0,0.0,0.008200284160796198,0.04525783799025672,0.0,0.0,0.0,0.013404887624970854,0.0,0.0,0.0
MIR663A_hg,0.0,0.0,0.0,0.0,0.0,0.0,0.0,0.0015157900563523403,0.0,0.0,0.0002834940965635624,0.000740864194153905,0.00025996195779463675,0.0,0.0
MIR6739_hg,0.0,0.0,0.0,0.0,0.0,0.0005083138883988276,0.0,0.0,0.0,0.0,0.0,0.000857896049485146,0.0,0.0,0.0015898239611342048
MIR6753_hg,0.0,2.4220452700819456e-05,0.0,5.23360424689489e-05,0.000123479371664919,2.9628747161438156e-05,0.0,0.000127694504711751,0.0,0.0,0.0,0.0,5.5665984120818294e-05,0.0,0.0
MIR6780B_hg,0.0,0.0,0.0,8.756525315157097e-06,0.0002506987206911004,0.0,0.0,0.0,4.643194475912685e-05,0.0,0.0,0.00020102304803270844,4.561203581116982e-05,0.0,0.0
MIR6807_hg,0.0,0.00022047168977266447,0.0,0.0,0.0,0.00016500925433912225,0.0,0.0,0.0002875368794786645,0.0,0.0,0.0,0.0007358891468557284,0.0,0.0
MIR7150_hg,0.0,3.110866924746204e-05,0.00012801102285962183,0.0,0.0,0.0,0.0,0.0,0.0,0.0,0.0,0.0001677278845521426,0.0,0.0,0.0008108459723443391
MIR7849_hg,0.0,2.8905366514322837e-05,0.0,0.0,0.0,0.0,0.0,0.00010052039385901798,0.0,0.0,0.0,0.0003083944236119896,0.0,0.0,0.0
MIR937_hg,0.0,0.0,0.0,0.0,0.0,0.0,0.0,0.0,0.0,0.0,0.00021907894076935285,0.0,0.0,0.0011533489198855772,0.0
MIR98_hg,0.0,0.0,0.0,0.0,0.0,0.0,0.00028111595048146515,0.0,0.0,0.0,0.0,7.203488872963738e-05,0.0,0.0,0.0002711710982677263
MKI67_hg,0.0,0.22895045597607133,0.0,1.1278800455386269,0.8343909257949654,1.4600368346108636,0.21803166311306263,0.023571142075990904,0.01554952690342659,0.6638718336003938,0.17638121701300064,0.6353094091483831,0.0,6.4742996324698945,0.6337366144577029
MKLN1-AS_hg,0.04418003804282268,0.8058695176336133,0.11924969746533495,0.04072653026144167,0.2422587030534827,0.010033708188275708,0.03281618901955574,0.05365887128902806,0.0,0.18194905143295287,0.137565834319681,0.0,0.0,0.0,0.0
MKNK2_hg,0.35357006424652515,0.34101457749781,1.059668418070241,0.0,0.5293219384900406,0.23722617204125016,0.0,0.0,0.0,0.6729586155976034,0.13459881905001037,2.4172032181729666,0.3112107997117714,0.10429507203432269,0.7527189281990331
MLC1_hg,0.0,4.6037509425692487e-05,0.0,0.0,0.008594955009244539,0.0,0.0007279023298378816,0.007019010003645412,0.0,0.0,0.0,0.012181644979400073,0.0,0.0016525001206768265,0.016826143095970813
MLLT3_hg,0.0,0.00046241894818523446,0.0,0.005737165081655977,0.0009505263892174166,0.0003364793072715645,0.0,0.002621418652364503,0.0,0.0,0.0,0.0,9.213296316034166e-05,0.0010514156673455358,0.0
MLXIPL_hg,0.0,0.44432145732435646,0.4269982443979937,0.3860607038565888,0.03739935449993924,0.0,0.0,0.0,0.0,0.0,0.0,0.6895941741497005,0.0,0.0,0.0
MMAB_hg,0.0,0.1573578839028588,0.32494402136835826,0.2419987423942946,0.0,0.0,0.0422311805571496,0.9473064122709358,0.0,0.09170237752969947,0.08889502397105294,0.9406098278299766,0.47228669654776645,0.07684911512456301,0.1456915947027924
MMEL1-AS1_hg,0.0,4.6707281159299034e-05,3.304916597763911e-05,0.0,0.0,6.825283790695966e-05,0.0,0.0001437512635534505,0.0,0.0,0.0,0.0,4.3203201019375746e-05,1.8109967527772105e-05,1.8497445492079955e-05
MME_hg,0.0,0.0,0.14461714273982287,0.0,1.4761447161593473,0.0,0.0,0.0,0.0,0.0,0.0,0.0,0.0,0.0,0.0
MMP10_hg,0.0,0.0,0.0,0.0,0.012322167265708398,0.0,0.0,0.0,0.0,0.0,0.0,0.0,0.0,0.0,0.0
MMP13_hg,0.0,0.0,0.0007382678201249224,0.0,0.006569216325184748,0.0,0.0,0.0,0.0,0.0,9.96117267971269e-05,0.0,0.0,0.0,0.0
MMP1_hg,0.0,0.0,0.0002117139261981817,0.0,0.028142732786658468,0.0,0.0,0.0,0.0,0.0,0.0,0.0,0.0,0.0,0.0
MMP2_hg,0.0,0.0,0.0,0.0,0.008373181717964964,0.0,0.0,0.0,0.0,0.0,0.0,0.0,0.0,0.0,0.0
MMRN1_hg,0.0,0.00026778827978366903,0.0,0.0,0.0,0.0,0.0,0.0020094802854964287,0.0005447469414382872,0.0,0.0,0.0,0.0,9.59541299866021e-05,0.0
MNT_hg,0.03302493384258391,0.993539042094225,0.0,0.07939697484893467,0.19797820378690653,0.12489934652322897,0.0056455077442304205,0.0,0.0,0.19303437889605107,0.24739765662892907,0.3553074447911901,0.023934461680746727,0.0,0.0
MNX1_hg,0.0,0.0125536884837107,0.09760630656412002,0.0,0.0,0.007156053847877282,0.0,0.0,0.0,0.006164866550674168,0.0,0.0973379674855551,0.0,0.0,0.0067117843224166335
MOBP_hg,0.0,0.014122664526213176,0.0,0.006737246059348892,0.01590808904173755,0.00044469356499729804,0.00047902582146648967,0.0,0.0,0.00015628280622126886,0.0018481081912093788,0.0,0.0,0.0,0.0
MOCOS_hg,0.0742376292993768,0.4260533403370819,0.4563570276339904,0.13905398083323775,0.0,0.0,0.0,0.041751001071976,0.0,0.0020877776727972596,0.04400513468347185,0.6521085923671615,0.1547101116988855,0.13041689108594168,0.15957371184911703
MORC1_hg,0.0,0.012810051505239619,0.018826770841691532,0.03104363245413254,0.02335255695615521,0.000276884140212689,0.0,0.0,0.00037256293930019996,0.0,0.0011515595413015643,0.006579277592549983,0.0,0.0,0.003300276875325355
MORC4_hg,0.0,0.3740430406337692,0.029939997368194925,0.04604869468386168,0.08614963927160481,0.044570889119012004,0.0,0.03273417440817446,0.03109684534533025,0.0,0.0,0.03639156617664865,0.009376875783540819,0.06081523845287513,0.07398353999353248
MPC2_hg,0.0,0.0,0.0033380439344448966,0.3009811816756516,0.2128846787552121,0.06352769257659809,0.4516107368379264,2.397364317683013,0.0,0.0,0.0,0.02272431796073012,0.4131118817230052,0.0,0.25068766836018663
MPO_hg,0.0,0.0,0.0,0.0,0.032051364508727,0.0,0.0,0.0,0.0,0.0,0.0,0.0,0.0,0.0,0.0
MPP4_hg,0.0,0.5688822021404478,0.0,0.0172141476424014,0.004224316990894129,0.0,0.0002630850898015223,0.007434785670069788,0.0,0.1481445580605998,0.13897281371684425,0.0,0.0,0.0,0.0
MPP7-DT_hg,0.0,0.0,0.0,0.0,0.00017466581499024763,1.652111174931307e-05,0.0,0.00025445989320078754,0.0,0.0,0.0,7.07498705813704e-05,0.0,0.0,0.0
MPPED2_hg,0.0,0.2736610020947849,0.006972776545315258,0.0,0.012075590749121387,0.008358998110449281,0.01346675630384409,0.0,0.0,0.0,0.036210777330172854,0.022121797859691924,0.003403951207608617,0.0,0.0
MPZL2_hg,0.0,0.0,0.0,0.0,0.0027504894134984764,0.0,2.7368182413825865e-05,0.0015139481235305428,0.0,0.0,0.0,0.0,0.0,0.0,0.0
MR1_hg,0.0,0.2371341170991767,0.2466036520614506,0.14498420314981625,0.14112316400940633,0.0,0.027723295219281293,0.16905234128194313,0.0,0.0,0.0,0.0014323486978929545,0.0,0.0024351357199219044,0.25473855780083615
MRC1_hg,0.0,0.001845087138693486,0.0005654794391181574,0.0,0.003160995137048982,0.0,0.0,0.0,0.0,0.0,0.0005659552972933213,0.0,0.0,0.007262099092404274,0.0
MRC2_hg,0.1096029366431444,0.31961052804013396,0.1533898807527512,0.6913514504157614,0.0,0.0008789058082441121,0.0,0.03858717272654317,0.0,0.013870564330768302,0.053124105747594484,0.28091489856824664,0.0,2.340818319683943e-05,0.0
MROCKI_hg,0.0,0.0004838391038563306,0.0,0.0,0.00021599642734676004,0.0,0.0,0.00014795058461472657,0.0,0.0,0.00012738702034381527,0.0,0.0,0.0,0.0
MRPL22_hg,0.0,0.0,0.06903573044781923,0.17827046050603323,0.0,0.241544637185517,0.3369535621023078,1.9426020146354863,0.0,0.0,0.0,0.0,0.13347510583810926,0.0,0.0
MRPL28_hg,0.0,0.008251142813944118,0.0,1.0600180500891228,0.5346509611913843,0.6177667752696004,0.3115469672171221,0.953641482639919,0.0,0.0,0.0,2.08425610211648,0.720340423884509,0.0,0.14204895067292173
MRPL40_hg,0.0,0.12367636268254219,0.2535422186252719,0.44819181856550094,0.11875075745778207,0.42047728895871705,0.6895329042266284,1.8701427385186693,0.0,0.07889698753635944,0.0,0.06016762547154703,0.25023021635075543,0.0,0.0
MS4A3_hg,0.1235653779573588,0.0,0.2105184551112231,0.0867093617388737,0.0,0.0,0.07759990224911652,0.38956771861397377,0.004262753069862953,0.0,0.0,0.111233385925077,0.17569734575423793,0.021045614692207993,0.0
MS4A4A_hg,0.0,0.0,0.0,0.0,0.0,0.008762227296312703,0.005179419431058627,0.0034477205371676724,0.0,0.0002607728178066813,0.004114391142593076,0.0015117161555968986,0.004378751309308145,0.0,0.0035738626544583162
MS4A6A_hg,0.0,0.013158704478362163,0.0,0.002356169951476127,0.001231898433124001,0.0,0.0008400933214578436,0.013395179335064343,0.00011147972050425716,0.0,0.0,0.0,0.0,0.0,0.019678539857743184
MSC-AS1_hg,0.0,0.005059151712304547,0.03313842707076848,4.833698043618273e-05,0.009140262160809234,0.0,0.0,0.0,0.0,0.0,0.0,0.0,0.0,0.0,0.002407255133835851
MSC_hg,0.0,0.0,0.004776904809656935,0.0,0.0,0.0,0.00011916996137751783,0.0,0.0,0.0,0.0,0.0,0.0,0.0,0.0017278312955452753
MSMO1_hg,0.0,0.07488125985629561,0.36885723213337673,0.3153027692769596,0.30080212713458615,0.0,0.016838091767238435,0.6555286185751076,0.0,0.0792479628329083,0.016014875617988,0.0,0.2101032177205862,0.0028946494918619917,0.1537730377264617
MSRB2_hg,0.052503824567205024,0.004633967535522689,0.1896255109649307,0.2218183255917443,0.0,0.0,0.0,0.3098387362468568,0.0,0.0,0.0,0.3826598680061995,0.0,0.0,0.14497125684798395
MT-ATP6_hg,0.7245174220430625,0.0,0.21562909062111338,2.4421847910782315,1.4995380562275675,3.6308923909839588,1.4189389284207756,1.1439024113523772,4.592601725350896,2.541995360042657,0.5464041930115431,0.18395334899643234,0.4272227368892522,0.0,0.0
MT-ATP8_hg,0.0,0.44118315282249154,0.0,0.04807162631501177,0.0,2.1706582661585165,0.0,2.6379849518654686,2.2607601543698865,1.7510359331890732,0.0,0.0,0.0,0.0,0.0
MT-CYB_hg,0.0,0.0,0.0,2.3914016689962043,1.0545463164053388,2.9556895094092117,1.6823020110998528,1.7033654552881907,4.336953194061526,0.14090114424928035,0.5988238032077575,2.6807127833718605,0.7418122456783118,0.0,0.0
MT-ND3_hg,0.0,0.0,0.0,0.0,0.2499606232603671,3.3361486631923247,0.0,3.123443775009133,2.565184689256446,0.0,0.0,0.0,0.0,0.0,0.0
MT-ND4L_hg,0.5319568391248192,0.0,0.0,2.098663459458927,1.1194786378626933,3.6702413971864836,0.5253686606765481,2.1571772047743147,4.143002117204876,1.6282996039779627,0.2450997389677349,0.0,0.3152117022339073,0.0,0.0
MT-ND4_hg,0.22859882263098283,0.09101118929876686,0.6682767376089153,3.8530868197131265,1.467590666932428,3.3390981168522407,2.055140294396209,0.5169413702778022,4.957797126779112,3.136424764582333,0.5254630877460101,0.0,1.1277329370846991,0.0,0.0
MT-ND5_hg,0.0,0.0,0.19950230019809959,2.613908860306343,1.0594842034883294,3.5516450373372743,1.324901741572297,1.0464840248576375,4.428410844342675,1.5959424344996642,0.4569810182975229,0.2585405541491356,0.14548618355033704,0.3380522634417268,0.27148474249923915
MT-ND6_hg,0.0,0.18508543781910064,0.0,0.0,0.0,0.7633378139278285,0.30933926691085367,1.0006434480609645,3.086732974404465,3.2017100608793845,2.750125192431781,5.310749916644563,0.8234824776757929,0.0,0.9300580819543512
MT-TL1_hg,0.0,0.16140778716967968,0.009641018275981588,0.0,0.0,0.13677504080150824,0.03406506421935807,0.11627371576119247,0.0506885863397409,0.0,0.0,0.05643392843507855,0.013852313954971631,0.0,0.03183897014373545
MT-TM_hg,0.0,0.03501749159514322,0.0035324212842443594,0.0,0.0,0.014383349787182441,0.0036541199831151847,0.04841395106120728,0.0014556066364623617,0.0,0.0,0.032383798935818706,0.013697224288021255,0.0,0.005097084549708438
MT-TN_hg,0.0,0.018493287155069586,0.0,0.0,0.0,0.0,0.0,0.007560450761894347,0.0006454837416058125,0.0,0.0022347509465720367,0.026926983944483198,0.0,0.0,0.0
MT1A_hg,0.0,0.0,0.0,0.0028890534273428095,0.02912296648212113,0.0,0.0,0.007691980632640303,0.0,0.0,0.0,0.0,0.0,0.0,0.0
MT1B_hg,0.0,0.0,0.0,0.0,0.0026393155220994368,0.0,0.0,0.0,0.0,0.0,0.0,0.0,0.0,0.0,0.0
MT1E_hg,0.0,0.0,0.0,0.00013871495842313926,0.035401993456713,0.0,0.0,0.0030879425247058428,0.0,0.0,0.0,0.0,0.0,0.0,0.0
MT1F_hg,0.0,0.0,0.02740454233626607,0.0,0.04518454311055035,0.0,0.0,0.028852130247913377,0.0,0.0,0.0,0.0,0.0,0.0,0.01888931578527041
MT1G_hg,0.003961442838490187,0.0,0.0,0.0,0.04525155222398672,0.0,2.3514562974244627e-05,0.009387657240674462,0.0,0.0,0.0,0.0,0.0,0.0,0.0
MT1H_hg,0.0,0.0,0.00018712888639288523,0.0,0.009362562491409154,0.0,0.0,0.0,0.0,0.0,0.0,0.0,0.0,0.0,0.0
MT1X_hg,0.018210628771342233,0.0,0.0,0.0,0.25637358957109774,0.06106068839174735,0.0,0.3465733359582626,0.0,0.0,0.0,0.046186275817719044,0.0,0.0,0.0
MT2A_hg,0.053215204300261575,0.0,0.302661165328295,0.0,1.7738486631821908,0.10094836318582409,0.0,0.8108388696083699,0.0,0.0,0.0,0.0,0.0,0.0,0.0
MT4_hg,0.0,0.0,0.0,0.0,0.2572506102310376,0.0,0.0,0.0,0.0,0.0,0.0,0.0,0.0,0.0,0.0
MTAP_hg,0.0010437992556526696,0.2986534507249519,0.0043930531343499245,0.0,3.7604812736146126e-06,0.010486322021903638,0.010870734805386738,0.0,0.0,0.010875745958117085,0.05786470716243708,0.024547300438417588,0.0,0.0,0.002294756541285276
MTHFD2_hg,0.005741062189298005,0.06715311704355348,2.5311671768224713,0.0,0.0,0.26352622768069356,0.24135648715162766,0.8859311579061055,0.0,0.47289141096424936,0.18730935757135184,0.2452250532135809,1.3921716078131265,1.323205595354236,0.0
MTHFR_hg,0.0,1.002801779281537,1.336570891919457,1.3310147230576532,0.3048052723959427,0.07792049403549119,0.016602119437471027,0.0,0.054601668358375516,0.5396151120658053,0.20565066630760978,1.3997392981417298,0.6890405195002942,0.0,1.1905644787414242
MTNR1A_hg,0.0,0.0,0.000426738655863659,0.0,0.0,0.0,0.00012982875171863527,0.0002221649389643731,0.0,0.0,0.0,3.230964187866475e-05,4.016621958707718e-05,0.0,0.0006175222286170076
MTRNR2L1_hg,0.0,0.20426377349347755,0.0,0.0,0.0,0.0,0.0,0.0,0.0,0.0,0.19365415165350153,0.0,0.0,0.0,0.0
MTRNR2L8_hg,0.0,1.278082982664494,0.0,1.375561837579426,0.0,0.09557681098112147,0.38406939629349435,0.0,1.6213380428804507,0.0,3.7174442951093845,0.0,0.10870806913976541,0.0,0.0
MUC13_hg,0.0,0.0,0.0,0.0,0.011917267992596741,0.0,0.0,0.0,0.0,0.0,0.0,0.0,0.0,0.0,0.0
MUC15_hg,0.0,0.016931758453477913,0.03463726926479525,0.02346947038884052,0.0,0.0146585261183195,0.002111494638066675,0.01877169715342442,0.0,0.0,0.0,0.0,0.0,0.0,0.025348501933957924
MUC16_hg,0.0,0.0003841009247158339,3.5094956258864146e-06,0.0,0.0,0.0,6.114148348359783e-05,0.0,0.0,0.0,0.0,0.0,0.00016682282739508217,2.0148501335835036e-05,0.0
MUC17_hg,0.0,0.0,0.0,0.0,0.004230012642798976,0.0,0.0,0.0,0.0,0.0,0.0,0.0,0.0,0.0,0.0
MUC19_hg,0.0,0.11048323917907958,0.0,0.0,0.03986583673740986,0.008401765413020503,0.0,0.0,0.03388659874805072,0.09516077859374376,0.03331683088072393,0.060490914595473795,0.014794945724727553,0.005918381220395429,0.06593296210321792
MUC20_hg,0.0,0.054810998203533856,0.09274790709560797,0.008390094148661662,0.08532442987739094,0.0,0.0,0.0,0.0,0.0,0.0,0.0,0.0,0.0,0.0
MUC22_hg,0.0,0.0,0.0,0.00016559030008622932,0.0007804605892505723,0.0001416769319771109,0.0,0.0004646787490332259,0.0,0.0,0.0,0.0,0.0,0.0,0.0
MUC3A_hg,0.0,0.0,0.0,0.1403233043350315,0.3666695351676008,0.0,0.0,0.0,0.0,0.03293932527373786,0.0,0.0,0.0,0.0,0.0
MUC4_hg,0.0,0.0,0.09501903583566171,0.051881733505808096,0.08064094450682217,0.0,0.0,0.0,0.0,0.0,0.0,0.04932841159157823,0.0,0.0,0.039325987678714945
MUC6_hg,0.0,0.000535798649193349,0.0,3.334286605395667e-05,0.0,0.0,0.0,0.0,0.0,9.136882200196915e-05,4.430109579120337e-05,0.0,7.736041865351896e-05,0.0,0.0
MUS81_hg,0.0,0.1614138017193836,0.11948582494669895,0.0651198060077742,0.10321463794417671,0.16198624323023236,0.014338453114621057,0.17099216493619226,0.011131419451004699,0.016001196717019266,0.0,0.36104725640506474,0.010928126037830919,0.0,0.1302707008971239
MVD_hg,0.0,0.18720910427020288,0.0022997806278018344,0.34428431859459274,0.10750364268100343,0.0,0.012066415887053502,0.4136892676185346,0.0,0.05993697710172653,0.22898520185017676,1.6476830869905137,0.13080061073137045,0.11847175589540082,0.0
MX2_hg,0.0053572214330957785,0.020408509809660733,0.05634661686963766,0.019874990299539246,0.06317513001925641,0.0,0.0,0.0,0.0,0.0,0.0,0.004677582739444666,0.0,0.0,0.0
MYB_hg,0.0,0.24279195597403994,0.0,0.0,0.0,0.7631477055557517,0.0,0.25947481176752335,0.3961870659192813,1.0814067077185752,0.11589050166402691,0.5816555387837767,0.4005682519540506,0.14333975783943345,2.442397881770348
MYCNUT_hg,0.0,0.0,0.0,0.0003313752113983138,4.21565500854338e-05,0.0,0.0,0.0002087814444249585,0.0,0.0,0.0,0.0,0.0,0.0,0.0
MYDGF_hg,0.0,0.17664023636229534,0.2847715582280435,0.0,0.5110421901597527,0.022133212026757495,0.1454237638324096,0.1789406338901014,0.0,0.14701285367746,0.01759025595149422,1.0873438498167316,0.0,0.0,0.3272579216316839
MYEOV_hg,0.0,0.0,0.0,0.0,0.25194547250906135,0.0,0.04711427127633063,0.5596298287667747,0.0,0.17823432341812165,0.0,0.4191141542161129,0.06258835454254254,0.0,0.39519467324166985
MYH15_hg,0.0,0.0151429913520913,0.1801527629131983,0.0,0.0,0.0,0.0,0.0,0.0,0.0,0.0,0.23042145255818788,0.0,0.0,0.0
MYH3_hg,0.00039184462118078815,0.5859140539765079,0.0011281208381595169,0.0,0.0,0.0,0.0,0.019681416390828883,0.0,0.08745990905583052,0.18608316095787591,0.0,0.0,0.0,0.0
MYH4_hg,0.0,0.0002961684766349058,0.0003656349223251711,0.0,0.0014158893817129822,0.0,0.0,0.00011824294017273879,0.0,0.0,0.0,0.0,0.0,0.0,0.0
MYH6_hg,0.0,0.0,0.00038656648727903594,0.003842921872168982,0.006023686003226694,0.0,0.0,0.0015338173161357947,0.0,5.014355841792932e-05,0.0,0.0013609424519748121,0.0,0.0,0.0
MYH7B_hg,0.0,0.463587475551829,0.0037480751602300224,0.0,0.02956279077423248,0.03065775748993129,0.01784344975936655,0.0013316466065081342,0.0,0.040816104761956,0.09877414847126652,0.0,0.0,0.0,0.0
MYL4_hg,0.0,0.0,0.0,2.087147663685683,0.7456566121456671,0.1356357619127993,0.10326892643726353,1.719646372999312,0.0,0.448458827976505,0.0,0.2948892364674225,0.22766758292021474,0.06827940735943656,0.0
MYLK3_hg,0.0,0.5516610301730064,0.13264629138923237,0.1653633671713072,0.24732487719964175,0.0,0.0,0.06502173868762903,0.0,0.1718054089598535,0.0703919086412925,0.22707187731880316,0.13046411147801987,0.07854397366170844,0.14718197707507977
MYLK_hg,0.0,0.40800936307848323,0.005040344788508109,0.0,0.11191222566711835,0.0,0.00988547749844034,0.008865325927043288,0.0,0.05930066742022484,0.10364096110641258,0.0,0.0,0.0,0.0
MYO10_hg,0.0029124732924284587,0.0,0.003749632450157938,0.0,0.004507123692718575,0.0,0.0,0.0,0.0,0.0,0.0,0.01713171093898014,0.0,0.0,0.0
MYO16_hg,0.0,0.008658340615687191,0.0,0.0,0.0,0.08704952901959209,0.0,0.06632513444272044,0.0,0.0,0.013403525953941134,0.19007018024634545,0.10160286717760242,0.0,0.2855115399050528
MYO18B_hg,0.0,0.43603716261414266,0.44184760090133185,0.18523447140110746,0.05283271285096567,0.0,0.0,0.0,0.0,0.013887200788826227,0.11140520552784523,0.616862891197732,0.0,0.0,0.0
MYO1A_hg,0.0,0.007683558070644203,0.0,0.029719045546675513,0.05461747880523493,0.0,0.0,0.0,0.0,0.0,0.0,0.005607012370342872,0.0,0.0,0.0
MYO1F_hg,0.0,0.043424269047112586,0.04187742529501054,0.010212084706006118,0.12099266675095098,0.0,0.0,0.0015218565372190108,0.0,0.0,0.0,0.0,0.0,0.0,0.06670490730525297
MYO6_hg,0.0,0.44117712478515814,0.16488415853954796,0.4155716094711548,0.21366162928244495,0.05676130138029141,0.0,0.0,0.0,0.5976965203848619,0.10404627297419074,0.3022500007943145,0.0,0.32000191031785447,0.3999107627879045
MYRFL_hg,0.0,0.001268325404714735,0.0005978577847292947,0.0014374085384959232,0.0008870744298092852,0.0,0.0,0.0,0.0,0.0,0.00020507696526292455,0.0007552551876741088,0.0,0.0,0.0
MYT1L_hg,0.0,0.5853126976405617,0.000904385359452406,0.0,0.0,0.0,0.0,0.0381420944935222,0.0,0.0625336868113775,0.13007867738467968,0.0,0.0,0.0,0.0
MYT1_hg,0.0,0.0,0.0,0.05379749491857309,0.0,0.0,0.0,0.01344934495502397,0.0,0.0,0.0,0.0,0.0,0.0,0.0
MZB1_hg,0.0,0.003741249519639139,0.010258224061039444,0.0,0.0,0.0,0.0,0.0,0.0,0.00046294665120610374,0.0,0.018145058239355,0.0,0.0,0.0
Metazoa_SRP_hg,0.0,2.927811558920934,0.3526937145950007,0.12886999111554578,0.5340766538881803,0.11064994975427059,0.16649699198877635,0.047639496176528635,0.07321143174377355,0.7068404969617653,1.028312244685937,0.0,0.3942537728703467,0.02810493669205482,0.14921298767304625
N4BP2L2_hg,0.0,0.9995720032184839,1.1852995370201533,0.6150386219172941,0.03952558970504694,0.16228740722575,0.11554415226656192,0.19069740601672353,0.1595440894512901,0.14729495738785495,0.00861000675345115,0.0,0.5815242932984775,0.695231078082506,0.5741175513964792
N4BP2_hg,0.0,0.6915451529627067,0.9593033824250088,0.19132635350148272,0.5134205935564475,0.3797839641329011,0.0,0.0,0.0,0.15285472985182563,0.02871195829090722,0.0,0.24238895347604894,0.23338885167859522,0.7270453289660845
NAAA_hg,0.0,0.1775577425592374,0.03582961042942445,0.014035581253723046,0.0,0.01013543590929741,0.015770970999283995,0.0140191728257017,0.0,0.0,0.015398059434789578,0.00996745488786716,0.04529532303534116,0.0,0.10171166686414863
NABP1_hg,0.00146943177582461,1.115702260327384,0.4494957482941312,0.42151338544696093,1.7479001725249135,0.0,0.033105723700002185,0.16136016721298668,0.07392922662093891,0.009176548678658978,0.19156939798482772,0.0,0.05992886289464402,0.0,0.5068137466851727
NACA_hg,1.29058731351074,0.29121204694565017,0.9822979498765806,1.5536097589198974,0.5661919500006389,0.7754568495439647,1.6428336725544403,1.8556226000376272,0.0,0.8881961606778794,0.11699239715819543,0.0,1.2857249521424972,0.15745293615594697,0.5332357450656017
NAIP_hg,0.0,0.4527211982259241,0.15607474725860687,0.04534732210174921,0.040240673382597916,0.10008606001660546,0.012404150205859542,0.0,0.006311566045800556,0.0,0.030888265874174835,0.0,0.03993136204334075,0.0,0.2665602834477591
NAMPT_hg,0.002285115659818455,0.0,1.5409993923344107,0.0,1.001076994775767,0.5599952270374255,0.1499874969412587,0.6711788159528129,0.0,0.12534573826025408,0.008701920428423755,0.0,0.3758481064562114,0.04519234737050029,0.6483555227424708
NAP1L2_hg,0.0,0.0,0.0,6.147704572762547e-05,0.004003928763592779,0.0,0.0,0.0016253068686375523,0.0,0.0,0.0,0.0,0.0,0.0,0.0
NAV1_hg,0.0,0.136113402417819,0.0,0.0,1.750518011278834,0.0,0.0,0.37438500813817244,0.1979338181386608,0.358339452380811,0.0,0.723832688783212,0.1650666859957093,0.26054540946291566,0.6822096419942572
NAV2_hg,0.0,0.02618427074563918,0.09746539237486727,0.0,0.06864913373756945,0.0,0.0,0.0,0.0,0.0,0.0,0.0009964321219872502,0.0,0.0,0.02209384223070939
NAV3_hg,0.0,0.11468326315467842,0.0,0.0,0.004111821414657155,0.006918438395657501,0.00643900100588049,0.009258886938681302,0.010980617353895552,0.0,0.0,0.035877038849937384,0.0066584274997097456,0.0,0.0
NBAS_hg,0.0,0.46737051667617036,1.5800241448901067,0.9837034314660515,0.31588783213365174,0.5170254857250607,0.1947941411272223,0.2359436875259385,0.05926677318275501,0.6812966886137244,0.2539264730797228,1.6432537387290664,0.3198711893688904,0.7831245222600777,0.1890454026807324
NBAT1_hg,0.0,0.0,0.0,0.0008536561092022192,0.0,0.0,0.0,0.0,0.0,0.0,0.0,0.0005030877714034331,0.0,0.0,0.0
NBPF10_hg,0.0,0.688547326948247,0.007601274176807249,0.08295096400927385,0.738146805120074,0.0,0.0,0.0,0.0,0.3357354611637421,0.26169506936061643,0.014860158374090835,0.0,0.0,0.0
NBPF14_hg,0.0,0.3445827889823267,0.0,0.09052225924689455,0.28796542055426183,0.0,0.0,0.0,0.0,0.2782315166317207,0.09964612245872907,0.0,0.0,0.0,0.0
NBPF15_hg,0.0,0.24808870819272597,0.147058103490732,0.012260177146441849,0.09646753699704085,0.025570023345956906,0.0,0.0,0.0,0.0,0.03295956320951694,0.08522252012402846,0.0,0.0,0.09927506089959788
NBPF1_hg,0.0,0.3617375437564238,0.3949811451009391,0.03831841657280444,0.0,0.1379272695439851,0.05689720510559953,0.12008767374400713,0.0,0.0,0.05370950001352378,0.014447288544011495,0.00350767101014898,0.016894956871983106,0.3715579153715143
NBPF20_hg,0.0,0.5144430151891219,0.20426878386028477,0.25605726894992237,0.0264177228202534,0.0,0.0,0.0,0.0,0.34856613724733015,0.24987873326383292,0.0,0.0,0.0,0.0
NBPF26_hg,0.005468168326411366,0.5188442121984925,0.166765787970253,0.011156370259085172,0.3196437129738198,0.044532093550671184,0.0,0.0,0.0,0.046944968585673444,0.12672633943528183,0.16290213793195346,0.0,0.053485729254644586,0.2268225300171702
NBR1_hg,0.00012607751260587834,0.7253898409533607,0.7041623664727334,0.4647977511806911,0.518316671709465,0.06211600602074648,0.0,0.13935953439333823,0.0,0.09125985866856877,0.13168092799073436,0.11665183817135466,0.24501613169117425,0.22141956291743128,0.1133578578779039
NBR2_hg,0.0,0.21608038495605278,0.5165271842842464,0.0,0.0,0.009963968330502128,0.004926627730903232,0.10053873270958959,0.0,0.0,0.0036445456374917043,0.3306230580938588,0.0,0.0,0.03530802563375678
NCF2_hg,0.0,0.0,0.012943319319817109,0.007070513992107919,0.0852029192567702,0.0,0.0,0.0,0.0,0.0,0.0,0.0,0.0,0.0,0.0
NCKAP1L_hg,0.0,0.293670222076351,0.16049405118083163,0.23136070395631475,0.6604645544555366,0.0,0.0,0.21622115446766718,0.0,0.09938146588728101,0.0,0.2195940258370456,0.0,0.06160833545995612,0.8610973937764471
NCOA3_hg,0.0,0.279039051274132,0.6152035902915138,0.09060177065934558,0.37066205353562814,0.145472674673164,0.013000577128179865,0.27411098249365706,0.0,0.08439487227956777,0.0,0.0,0.006788646213244467,0.1827723888460326,0.5096048216287137
NCOA7_hg,0.0,0.34137659563326,1.0425424523076876,0.020204133735348555,0.07834648516088678,0.11039195918609822,0.023616685782569032,0.6590170417751962,0.04510711900998355,0.11251235223108826,0.0,0.27503568516570137,0.07462730457516735,0.27292731580921886,0.0
NCOR1_hg,0.0,1.039247153501173,0.7579724941158987,0.5409504134868044,0.3765484400691148,0.3456123185906245,0.15497999924970293,0.0,0.04643926438396509,0.23191738482097005,0.6082127691519492,1.1445273926181767,0.6012349335268349,1.4557198096281536,1.368402951569602
NCSTN_hg,0.0,0.06634293083250549,0.03263453767618939,0.007899369385192416,0.029089471121812926,0.0173478136012988,0.002784264856569715,0.1088954755428984,0.0011616481871660575,0.0,0.0,0.08811341239118348,0.03292036487480696,0.015242788809756701,0.08557025625571674
NDRG1_hg,0.0,0.0,0.07990754325906445,0.014792558397566977,0.22411016139964848,0.0,0.0,0.0,0.0,0.0,0.0,0.0,0.0,0.0,0.0
NDUFA11_hg,0.20452463219895595,0.03886230027297451,0.0,0.38109401205549864,0.3347008714657992,0.5390336443666138,0.04654338384059237,2.538500603567776,0.0,0.5250420352820291,0.09280329908825832,1.0849644411473836,0.0,0.0,0.0
NDUFA12_hg,0.0033382613098410937,0.0,0.0,0.12297514558144838,0.0,0.33399133188430447,0.4930832284613065,3.465592893448534,0.0,0.0,0.0,0.0,0.2819999139521874,0.0,0.0
NDUFA13_hg,0.617860418204273,0.1558286088548586,0.0,0.7640851357794004,0.6864797196229341,0.5936311104679481,0.1816247038336137,2.888284554667366,0.0,0.6165937513737217,0.15546331138014363,1.868210510967375,0.12941356398719214,0.0,0.0
NDUFA1_hg,1.1682694555973432,0.05703610482077244,0.0,0.17445644183547657,0.7037094529732677,1.0269848079506703,0.0,2.434338937662307,0.0893708152807113,0.7756513403454991,0.06711217484238291,0.0,0.23887141571123194,0.0,0.0
NDUFA3_hg,0.07345358692103798,0.026543327589665353,0.0,0.060789019395983086,0.04291987850108326,0.6182947808600966,0.0,1.0454994623875011,0.049709377358078656,0.3142427750310267,0.0010382478593029768,0.02421891115539273,0.0,0.0014128388002003444,0.0
NDUFA4_hg,0.3855373669425297,0.0,0.0,0.42217252190413523,0.7509680060406295,0.18077875096445511,0.2060809416821027,4.138099451778654,0.0,0.0,0.0,0.0,0.11214041897806316,0.0,0.0
NDUFA6_hg,0.1374361079997226,0.0,0.25827687395802146,0.0996266534001439,0.14863793422906446,0.4835012867720788,0.21744429315070346,2.8160344340738237,0.0,0.0,0.0,0.0,0.23147209427647608,0.0,0.0
NDUFA7_hg,0.0,0.06024283839712778,0.04516213756036207,0.11465562446134943,0.0,0.07991416566586917,0.012019414806471332,0.6407724355336174,0.0,0.061232392858264,0.0011689010065805158,0.0,0.0,0.0,0.0
NDUFAF2_hg,0.3104074036338759,0.0998946376379471,0.27745648370655157,0.025204837566682393,0.05837732911532356,0.6647260133745015,0.028165067801232773,1.7115631613132973,0.025088900012170148,0.05190545459346756,0.0,0.4531950084563642,0.35570369719842726,0.24531817643198792,0.06228974940468538
NDUFAF3_hg,0.0,0.0,0.0,0.22555758745459956,0.0,0.056145759053019634,0.11332420591543507,0.9488323200843417,0.0,0.0,0.0,0.1771091603114924,0.0,0.0,0.0
NDUFB11_hg,0.5210217091962198,0.03213971779189941,0.09284986684507872,0.4287612216879011,0.2341684350592153,0.6571990940960951,0.18293835617807072,2.760534566635788,0.0,0.3343421928359224,0.006467807613295753,1.060303175000612,0.4371460156728429,0.0,0.0
NDUFB2_hg,0.9452656489992493,0.0,0.19855273552883415,0.18909837859241468,0.0,0.8516678789560381,0.0,3.300626836810404,0.0,0.011296530603287964,0.14682348874608003,0.7892365189356478,1.8271515947242365,0.0,0.0
NDUFB4_hg,0.07993865337205057,0.0,0.0,0.008411934292679333,0.12575899581734926,0.2602479142845475,0.09676648668637447,1.9505658381947548,0.0,0.0,0.0,0.0,0.0,0.0,0.0
NDUFB8_hg,0.0,0.0,0.0,0.4797632568245241,0.3918806512987886,0.11791058517963185,0.21265992489029464,1.8662198654452133,0.0,0.08494785097088062,0.0,0.6111567975218312,0.2705442049528343,0.0,0.0
NDUFB9_hg,0.9979993295051265,0.0,0.14589589739633366,1.0190932345547479,1.3513524176710439,0.8399494008268842,0.7991710372030982,3.4292254595345506,0.06886722440824707,0.9884901371973811,0.0,0.43769608844115776,1.3543793314284176,0.10321918303673315,0.08752311262203151
NDUFC1_hg,0.1742869501509244,0.0,0.1083089590223942,0.11401011177519763,0.019082281101414373,0.8639837638525657,0.0,2.134833094933289,0.0,0.2874976732408353,0.035821513376337606,0.0,0.2143854463020498,0.0,0.0
NDUFC2-KCTD14_hg,0.0,0.0,0.0,0.0,0.028230048365155868,0.006959704050454257,0.014458496355984857,0.1181449185357948,0.0,0.0,0.0,0.0,0.0,0.0,0.0
NDUFS4_hg,0.009291056028750619,0.0,0.2943089516398817,0.020522991428750633,0.0,0.2407608610948806,0.14871027112009416,1.4802741404820372,0.0,0.0,0.0,0.0,0.05629740023178309,0.06995178401564613,0.039905567073551404
NDUFS8_hg,0.0,0.17722107944546103,0.0,0.3998485302220532,0.580264715331914,0.5377123103612018,0.35506280982655886,1.536108341255276,0.02903994584709032,0.13743507572677552,0.0,1.740316315610157,0.0,0.09934548346275486,0.0
NEBL_hg,0.0,0.2926639755409214,1.155962757897322,0.10207743077733264,0.0,0.0,0.0,0.0,0.0,0.0377127517303119,0.008535245281652197,0.5338051558203615,0.0,0.15955109816058707,0.4497571531694388
NEB_hg,0.0,0.3586964714116459,1.2610796845662662,0.40530157357208363,0.0,0.0,0.0,0.0,0.0,0.0,0.0,0.7212496318077943,0.0,0.1739691759840246,0.15958288023416956
NECTIN2_hg,0.0,0.06388602457479303,0.0,0.01575564648686549,0.3155081798017603,0.05099535962354728,0.0,0.14954496762660874,0.0,0.1352484547842822,0.0,0.4194264002764206,0.0,0.07297656902918523,0.16395495036697375
NEDD4_hg,0.0,0.6860491219044074,0.8092888867137558,0.08340053461273064,0.2327167961278009,0.25507547015514453,0.00495699128091523,0.277310525741425,0.0978287658252504,0.025709650649757953,0.0,0.050571768205866445,0.053557445515175585,0.14843476969974562,0.4585112646684756
NEO1_hg,0.0,0.030772243000206024,0.0,0.028008931809204607,0.0035152558762143174,0.0,0.0,0.00891735918965676,0.0,0.0,0.0,0.0196996062304773,0.0,0.004263803444739286,0.06201529833378443
NEU1_hg,0.0,0.23310825304216323,0.6212952344455558,0.5456112952990451,1.969043786491281,0.0,0.1772971102059632,0.3679324293491697,0.0,0.006085938059669891,0.01932204997421729,0.0,0.0,0.11961981008150183,0.4633472831714528
NEURL1B_hg,0.0,0.0,8.253463754160322e-05,0.0,0.0009033416104230523,0.0,0.0,0.0,0.0,0.0,0.0,0.0,0.0,0.0007589049302759042,9.063976002027786e-05
NFAT5_hg,0.0,0.501324438575021,0.4646359461716098,0.20833649610665175,0.87808997355247,0.41700505393791776,0.0,0.22650539793410807,0.11396345701165995,0.0,0.0,0.0,0.07827934460231616,0.3355305832819525,0.9155216565060663
NFE2L1_hg,0.02422281137238441,0.2144527632857612,1.0925708199285737,0.1867071277542502,0.9648522006341183,0.41129601100045365,0.0,0.0,0.0,0.5421614004598172,0.5105328593097349,2.3493737485423036,0.0,0.0,0.7019867987049256
NFE2L2_hg,0.0,0.28944217672417166,0.669541439182285,0.10903684588906046,0.5674247241434267,0.6042093563932902,0.0,0.21293101743336912,0.034390284272450354,0.04537157569132366,0.0,0.32553582303141754,0.2083322848624847,0.6034428163075614,0.6722598298679135
NFE4_hg,0.0,0.17153056981772838,1.3639896127849462,0.0,0.6463438380631531,0.0,0.20195367451240645,0.8872331106749813,0.0,0.038978790324240446,0.0,0.4691375841356238,0.0,0.04179149726472947,1.0125901821218148
NFILZ_hg,0.0,0.0,0.0,0.0,0.01135210849201944,0.0,0.0,0.0,0.0,0.000587384235338392,0.0,0.00901463008469896,0.0,0.0,0.007744853311114942
NGFR_hg,0.0,0.000828163490577708,0.0066271842994753295,0.005389888452658934,0.0018572146002785736,0.0,0.0,0.0,0.0,0.0,0.0,0.01508450491433153,0.0,0.012380603995256947,0.0
NIBAN1_hg,0.0,0.3410198842299903,2.182374710816599,0.0,0.18008267856867,0.0,0.0,0.0,0.032896682946557475,0.0,0.037979307769923,2.4193109519899645,0.23808116105722757,0.5228227095565767,0.8824470468156403
NID1_hg,0.0,0.0,0.0,0.0005884376432802662,0.003035780961277311,5.895458703798757e-05,0.0,0.0,0.0,0.0,0.0,0.0,0.0,0.0,0.0
NIPBL_hg,0.12762384465006715,0.7240875078900599,0.8018356649711218,0.5592988727083776,1.3154963802145323,0.6619258262016454,0.03399022977466036,0.0,0.12662687592790722,0.624366199558986,0.2832280382449759,0.8869890379800908,0.6547175203120009,2.2258863778643745,1.5085739468291584
NKAIN2_hg,0.0,0.0005400069840458564,0.0007337170764761421,0.0,0.0,0.00010233461510202219,0.0,0.0,0.0,0.0,0.0,0.0,0.0,0.0,0.0
NKAPL_hg,0.0,0.023257796284744208,0.00754009895213818,0.0,0.0,0.0,0.0,0.0,0.0,0.0,0.00507217118066944,0.022315142558134837,0.0,0.0005049801962419149,0.0
NKAP_hg,0.11272594813163206,0.6478630658421932,0.8507162918539124,0.12205840926418686,0.5932468507660265,0.23821255537480135,0.0,0.19947706100572424,0.0,0.256500750397684,0.2840144258850892,1.1765824737564976,0.26378652909033684,0.8925872314913944,0.0
NLGN1_hg,0.0,0.002367232974024822,0.0,0.0,0.0,0.0,2.7444846874325465e-06,0.0,0.0,0.00023258014864291913,0.0,0.0,0.0,0.0,0.0030102975450667785
NLRP3_hg,0.0,0.0,0.004639328612125242,0.0014380302134401502,0.0,0.0,0.0,0.0,0.0,0.0,0.0,0.003681224475442083,0.0,0.0,0.0
NLRP4_hg,0.0,0.0,0.010528469322130213,0.0006041722158896054,0.0,0.0,0.0007582388973612325,0.0002799146298553124,0.0,0.0,0.0,0.0,0.0,0.0,0.0
NLRP5_hg,0.0,0.0,0.0008597867894078792,0.0011858553905097376,0.010550372902076064,0.0,0.0,0.0,0.0,0.0,0.0,0.0,0.0,0.0,0.0
NLRP7_hg,0.0,0.000834782543737619,0.0,0.0030908881962956555,0.0020934373213623387,0.0,0.0,0.0,0.0,0.00011361939720720403,0.0,0.0,0.0,0.0011618385835406066,0.0
NME1_hg,0.0,0.0,0.0,0.6779596493358804,0.6812229176476755,0.9176632499917452,0.3507409315343539,3.0175110212141445,0.11137255948741014,0.8980259309430282,0.07589080340602782,1.0456126367704406,2.40920548104534,0.0,0.0
NME2_hg,0.0,0.0,0.0,0.0,0.08301878794699252,0.10777531536938398,0.08484527972335071,0.8813109064861089,0.0,0.0,0.0,0.014993129565299733,0.05944019866337499,0.0,0.0
NMI_hg,0.0,0.13332205084496843,0.7042252805609905,0.003405342265218039,0.0,0.0,0.15997716056332775,0.5254027852740711,0.0,0.0,0.005148904860701655,0.013583534143608045,0.13648297978397964,0.05241166976857903,0.2735214677127487
NMNAT2_hg,0.0,0.0020809588252405004,0.003717752549001441,0.0,0.0,0.0,0.0,0.0,0.0,0.0,0.0,0.0,0.0,0.0,0.003895456925267293
NMNAT3_hg,0.0,1.922335170013155,0.0,0.16462999864946093,0.17658494391051746,0.20266447227683906,0.03186985771945637,0.11609859696213205,0.27685834687356287,0.20586237378867736,0.0,0.681972116455572,0.066020026416438,0.23917551683488866,0.24540030798295318
NMT2_hg,0.0,0.44328920455246784,0.2331752711698326,0.0,0.022326064161919044,0.12096174392691701,0.0,0.09964163050375996,0.0,0.16115183780266704,0.07165902755511491,0.04889641618180066,0.0,0.07164968793281565,0.16447627200616305
NMU_hg,0.23091941320911563,0.0,0.0,0.5163946364195194,0.0028810907587190093,0.9576294418448533,0.0,0.8139371564919307,0.0,1.374002890108942,0.2432612741026337,0.0,0.3841211715452918,0.3692794265870875,0.9859810477518338
NNMT_hg,0.0,0.0,0.5454228287057191,0.0,0.7113183706031834,0.0,0.010437690555742323,0.29791988762725014,0.0,0.09310111523943052,0.0,0.42466257121612233,0.0,0.0,0.2909777158453712
NNT-AS1_hg,0.0,0.6008474785642032,0.6767695940413473,0.2321173194847349,0.21375967784567618,0.14514963862846975,0.1124448558836217,0.25492192855217877,0.0,0.25555869078556387,0.016504276834058754,0.0,0.27907669417463177,0.0,0.5550351037867925
NOCT_hg,0.0,0.4403956793702919,0.0,0.0,0.020875876944932224,0.07610050083266069,0.00012363756711616112,0.04708944494423681,0.0,0.03279232113686809,0.08561128691191616,0.07323356981797173,0.023547041003768282,0.0,0.007135841330811696
NOL3_hg,0.0,0.24593259531071326,0.1286562048880039,0.009485147326303586,0.039121059215975994,0.0,0.006388892312606312,0.0,0.0,0.00012482178451799574,0.0300362620604305,0.1559094184738575,0.0,0.0,0.0
NOMO1_hg,0.0,0.16182780340573574,0.03542790657345527,0.008849395566182975,0.10031858521822376,0.0,0.011324798050324159,0.1158492771169951,0.0,0.0230236885871308,0.014427737979116853,0.13582341731556757,0.04292509264603284,0.0,0.09688607450942828
NOP10_hg,0.1331449272020546,0.0,0.12494595356781842,0.0,0.6399003512462704,0.11823333878387228,0.1331968479771044,1.8577305705609002,0.0,0.3061117899466648,0.0045943748993660955,0.0,0.0,0.0,0.04696412249618159
NOSTRIN_hg,0.1573762608556796,0.5046132517770516,0.22877997318717155,1.5361102402455762,2.3076818670648356,0.1493122604970067,0.09300341366377463,0.24926260521300983,0.2252144871498667,0.2041562506095556,0.028387996357488697,0.0,0.04161137574429105,0.2574518789203597,0.0
NPHS1_hg,0.0,0.34622584229361447,0.041750935297604264,0.013401954634150339,0.04621325301338155,0.0012587922814474206,0.0031723159234320723,0.0,0.0,0.015241745537244807,0.061591156153039325,0.012769985088723968,0.010344581061051671,0.0,0.0
NPIPA9_hg,0.0,0.008812631000231327,0.0,0.0006308284213673303,0.0020985957607173454,0.0,0.0,0.002932818069982289,0.0,0.0,0.0,0.006861078313601742,0.0012932149844141483,0.0,0.0
NPIPB4_hg,0.0,0.3172412720857861,0.07636181646846076,0.03507183199464251,0.0,0.015485392045733758,0.0,0.0,0.0,0.0,0.02451494006455174,0.1149634736115107,0.09552700590063068,0.013662613274173159,0.0011763430606707538
NPIPB5_hg,0.0,1.3501192535151423,0.4914525896486113,0.5439090852603942,0.13026437083367903,0.35384869009367126,0.0,0.0,0.07688065667423348,0.0,0.3332371919725502,0.4124129822676527,0.3721325887103656,0.43993374905495913,0.5140460270902711
NPR3_hg,0.000449415267673671,0.0,0.0010929400316582454,0.0014591962856850065,0.0006196278851094266,0.0,0.0,0.0,0.0,0.0,0.0,0.0013028728532677705,0.0,0.00029497978103391426,0.0
NPY1R_hg,0.0,0.0,0.0,0.0846481750532837,0.005442008184158812,0.0,0.0,0.0,0.0,0.0,0.0,0.0,0.0,0.0,0.0
NQO1_hg,0.0,0.0,1.3496121371582195,0.0,0.0,0.0,1.1248572203497142,1.261233087540871,0.0,0.0,0.0,0.0,0.0,0.0,1.175669234417407
NQO2_hg,0.0,0.0,0.2486899957834502,0.0,0.0,0.15508980805576378,0.11760853399700726,0.626140139711941,0.0,0.1774481045684625,0.0,1.4692732008293852,0.10434574293696001,0.0,1.32848138777642
NR0B1_hg,0.0,0.0,0.0003360563137284247,0.0,0.0,0.0,0.0,0.00020841137980209644,0.0,0.0,0.0,0.0003441365478412454,0.0,0.0,0.0
NR1H4_hg,0.0,0.00016796890933257555,0.00040313477625475533,0.0006128277103780584,2.0241888917621143e-05,0.0,0.0,0.0,0.0,0.0,0.0,0.0005479988188158829,8.64367434099683e-05,0.0,0.0
NR2F2-AS1_hg,0.0,0.27484626554339814,0.3118178499265438,0.08267360363882466,0.30182707715316676,0.0008120398361458151,0.0,0.12504636889706697,0.0,0.0,0.0,0.0,0.026556172444238434,0.016389104148646715,0.2020081023750363
NR2F2_hg,0.0,0.4073407861927289,0.3804299805703112,0.0,1.055039795056797,0.5048744519367807,0.0,0.23023166227551914,0.0,0.0,0.0,0.7950639616043681,0.9158752385433644,0.0,0.7600136323967835
NR3C2_hg,0.0,0.0024883440735329436,0.0,0.0029746908592575786,0.00034434981608041915,0.0011729726347901761,0.0,0.0,0.0,0.0,0.0,0.0,0.0,0.0,0.006098767631887358
NR4A1_hg,0.0,0.028702297076243756,0.001579226567583326,0.0,0.11098667795340318,0.0,0.0,0.0,0.0,0.0,0.005063614562337158,0.0,0.004339612825676937,0.0,0.0
NRCAM_hg,0.0,0.001394864610468582,0.009012230493680341,0.005126184051187217,0.019920663720514323,0.0,0.0,0.0,0.0,0.0,0.0,0.0,0.0,0.013947026072977766,0.005680459710296355
NRG1_hg,0.0,0.3989864516605818,0.0,0.0,0.0,0.008864115667779658,0.021113008358299285,0.0,0.0,0.022130721867870424,0.08088937076170548,0.021281147776724567,0.0035730986674831094,0.0,0.01501256835505851
NRK_hg,0.0,0.00021869763141559771,0.0,0.00018667569640923505,0.00012477723594574386,0.0,0.0,0.0,0.0,0.0,0.0,0.0,5.7202030156543175e-05,0.0004192051578548535,0.0
NRN1_hg,0.00046761729053166045,0.0,0.0009117772791915666,0.0,0.0003491284088754773,0.0,0.0,0.0,0.0,0.0,0.0,0.0,0.0,0.0,0.0
NRP1_hg,0.0,0.0,0.23214015098185942,0.0,0.07752951412060918,0.0,0.0,0.0,0.0,0.0,0.0,0.0,0.0,0.0,0.0665836352686941
NT5DC4_hg,0.0,0.030921984303315476,0.0,0.07494753213176014,0.11137369339433831,0.0,0.0,0.0,0.0,0.1034041831970217,0.0,0.0,0.0,0.0,0.0
NT5E_hg,0.0,0.0,0.0,0.0,0.019507624166260343,0.0,0.0,0.0,0.0,0.0,0.0,0.0,0.0,0.0,0.0
NTRK1_hg,0.0,0.0,0.1019383092202034,0.013210205121531166,0.29397226933377124,0.0,0.04006428746531372,0.26862379891554455,0.0,0.0,0.0,0.17781705497723096,0.0,0.0,0.05735732703577613
NTSR2_hg,0.0,0.0,0.0003270737786073128,0.0,0.0,0.0,0.0,0.0003217835902147091,0.0,0.0,0.0,0.0,0.0,0.0,0.0
NTS_hg,0.0,0.0,0.0,0.0031081994909063675,0.009243080427027763,0.0,0.0,0.0037263494526754712,0.0,0.0,0.0,0.0,0.0,0.0008400661860997151,0.0
NUAK1_hg,0.0,0.00012018983622092338,0.0005695596782943888,0.0,0.004242180133760929,0.0,0.0,0.0,0.0,0.0,0.0,0.0,0.0,0.0,0.0
NUBPL_hg,0.003898699738956351,0.6309038603397841,0.06018019148755104,0.0,0.05263660594638526,0.051894818448128516,0.02992291181311753,0.06027974561730648,0.0,0.08769832571946934,0.11552056134330849,0.023724091642602856,0.09443711822039284,0.0,0.05695425727303637
NUCB1_hg,0.0,0.24815811517151135,0.053299035214444804,0.11480525407569138,0.25004595530029033,0.15555444576609528,0.00421931864096817,0.03492192429423466,0.0,0.11820228465425879,0.06214718142133514,0.63680040153202,0.0,0.0,0.07981859116690249
NUCB2_hg,0.0,0.25357682913130897,1.4318540165419533,0.0312169177412812,0.7361951486116228,0.0,0.2634768323644932,0.24496076176236892,0.0,0.17190896245982623,0.04436299713816598,1.0723821798286826,0.08490310755235699,0.6798760953620105,2.0043912848479235
NUDT4_hg,0.0,0.4560556518598566,1.6302901530733536,0.5950605882895829,0.26051490702811136,0.1047989682974402,0.008019518144344491,0.25705363904000106,0.0,0.3108183142483567,0.10536998307006148,0.5073060104427304,1.0089121013350446,0.972145408375005,0.11622270608295186
NUGGC_hg,0.0,0.3054316597138646,0.008032888317309025,0.0,0.0,0.02116466333063853,0.009206898673046146,0.0,0.0,0.010368118857329819,0.05380527793673699,0.0,0.0008067912580544047,0.0,0.03100985804625145
NUPR1_hg,0.0,0.0,0.9413260445721636,0.0,0.0,0.0,0.0,0.0,0.0,0.0,0.0,0.3282719984843992,0.0,0.0,0.0
NUSAP1_hg,0.0,0.4657915117215195,0.041881152852015734,1.1036087509842396,0.0,0.8749937012629421,0.1446363444569999,1.2512163354051546,0.09439762331700907,0.10397713374092378,0.0,0.0,0.0,3.749675191828467,0.02469622453618558
NXF3_hg,0.0,0.006812545460296725,0.0020822319149531635,0.023104983887085144,0.004120210019999794,0.0,0.00016966676973840763,0.0,0.0,0.0,0.0,0.0,0.0,0.0,0.002232739230306866
NXPH1_hg,0.0,0.0,0.0,0.0,0.0,0.0,0.0,0.0004782130088180403,0.0,0.0,0.0,0.00011907138749213792,0.0,0.0,0.00011052540372153506
NXPH4_hg,0.0,0.0,0.0006931800832743969,0.0010219568982336882,0.002052174613519604,0.0,0.0,0.0,0.00043341310682154223,0.0015795262897439673,0.0,0.0,0.0,0.0,0.0035648414992037443
NXT1-AS1_hg,0.0,0.001432692341946983,0.0,0.0,0.0,0.0,0.0,0.0,0.0,0.00022734367766066618,0.0,0.0005654117233874928,0.0,0.0,0.00011713304814201607
NYAP2_hg,0.0,0.30349967220790763,0.0,0.0,0.00697682658072077,0.0006287672902525574,0.00976457320965107,0.0,0.0,0.013603271517357348,0.06242597839092286,0.0,0.0,0.0,0.0
OASL_hg,0.0,0.0,0.0,0.0,0.002496939610615858,0.0,0.0,8.241637158942484e-05,0.0,0.0,0.0,0.0013250689414657465,0.0,0.0,0.0
OAT_hg,0.0,0.1368842436531294,0.06165131920845902,0.9817620622702461,0.0,0.175213750077444,0.0,0.02936645799956717,0.0,0.05912968844834291,0.0,0.0,0.10895807387760521,0.1769426970578709,0.027769225833371134
OBP2A_hg,0.0,0.0,0.0,0.0,0.0014821859997388104,0.0,0.0,0.0,0.0,0.0,0.0,0.0,0.0,0.0,0.0
ODF2L_hg,0.0,0.5742707024298708,0.05601070638374504,0.057555996066756134,0.1954120339918159,0.053835618474327177,0.0,0.11519216974688927,0.060235943299209914,0.07402171311223399,0.0,0.07868324565779462,0.01081838460429811,0.13319474320914884,0.2270606657979977
ODF3_hg,0.0,0.0,0.0,0.0,6.112043309359457e-05,0.0,0.0,0.0,0.0,0.0,7.626392849266223e-05,0.0,0.0,6.0255146554955764e-05,0.0
OGT_hg,0.0,0.7353503863677359,1.520203020691685,0.9681282052725778,0.0,0.045572275464734406,0.024536547800491373,0.16896663601727532,0.21582348088824962,0.0,0.08824911118143133,0.0,0.7644116574575799,0.15206010058473557,0.7294743495795206
OIP5-AS1_hg,0.060494017420615505,0.8727900123213191,1.6287481796107355,0.7289044011384642,0.0,0.2861755544312042,0.14185215127821788,0.6400524895117968,0.0,0.17284578801962472,0.15193294485585732,0.0323630113206329,0.7737851512140592,0.16853965611441724,0.8736783643877055
OLMALINC_hg,0.0,3.060787777147077,0.0,0.6311135667888917,0.10691115133632305,0.22873226456929602,0.15551417227967784,0.0,0.5406894456705406,0.9839702308516027,0.01660734912570621,1.3011724588016373,0.04691201255573958,0.2891994577660821,0.5956480520479042
ONECUT2_hg,0.061168902909227,0.20994939491729206,0.3912381421616006,0.20665622260132804,0.0,0.18811738687424961,0.0,0.14700443254830758,0.0,0.010009721088238072,0.0,0.34188026875749766,0.26531127496380436,0.0,0.20476046105224624
OPALIN_hg,0.0,0.0,0.0,0.0,0.00024224033373708981,1.570279650912547e-05,0.0,0.0,0.0,0.0,0.0,0.0,0.0,4.090955153884426e-05,0.0
OPHN1_hg,0.0,0.18763001176622077,0.1405636241012857,0.07266595641701867,0.13398168431247848,0.03724313862482216,0.0,0.07505423982788373,0.0,0.1121732778921101,0.002721702085603702,0.03726800576228242,0.0,0.0,0.19850785574219765
OPN1MW2_hg,0.0,0.0,0.0,0.0,0.008714971860975805,0.0,0.0,0.0,0.0,0.0,0.0,0.0,0.0,0.0,0.0
OPTN_hg,0.0,0.19411759544387422,0.704748431022382,0.9808623600705941,1.2893781873013568,0.0,0.0,0.0,0.0,0.257590044682371,0.0,0.0,0.0,0.0,0.0
OR10G7_hg,0.0,0.0,0.0,0.00013003108481311217,0.0,3.9852582382204376e-05,0.0,0.0,0.0,0.0,0.0,0.0,0.0,0.0,0.0
OR10H1_hg,0.0,0.22528175194342615,0.0,0.00010364164931426902,0.006174371361459999,0.012841543471592044,0.0037919703236159153,0.006289858472329532,0.01424745372421903,0.0006614517899581741,0.017852215931094987,0.0,0.012788187346424775,0.009097058059344895,0.015032408696655697
OR10K1_hg,0.0,0.1498895816257667,0.002938109497857716,0.0,0.027479698895850835,0.019708975917816323,0.0,0.003014899871321786,0.005362739675438458,0.020844386840495076,0.0,0.0,0.00524664452203283,0.03522969753658769,0.016256519237635363
OR10K2_hg,0.0,0.00036083357181677917,0.0,0.0,0.0,0.0,0.0,0.0,0.0,0.0,0.00031251284817221126,0.0011677246171505253,0.0,0.0,0.0
OR13D1_hg,0.0,0.0,0.0,0.0,0.0005763619832000345,0.0,0.0,0.00024637331089960725,0.0,0.0,0.0,0.0,0.0,0.0,0.0
OR1A1_hg,0.0,0.37502593483775165,0.017540034140437248,0.0,0.011704993538619207,0.025269129287687583,0.0062825977617622375,0.01792650206792922,0.020926126993070164,0.029586768911417496,0.0347005955197322,0.0,0.021832230669431962,0.01025826340641701,0.0
OR2A14_hg,0.0,0.0,0.0,0.0,0.0,1.1921498511564407e-06,0.0,0.0,0.0,0.0,0.0,0.00011707665624773981,2.414626821402741e-05,0.0,0.0001331894733236823
OR2A2_hg,0.0,0.0,0.0,0.0,0.0,0.0,0.0,0.0,0.0,0.0,0.0,0.00016566415022926177,0.0,0.0,0.0003894148415763217
OR2AJ1_hg,0.0,0.0,0.0,7.771664896483745e-05,0.00026196958163663726,0.0001031845551440443,0.0,0.00024551745084651176,0.0006523771813365976,0.0,0.0,0.0,0.0002696281099013912,0.0,0.00040878735284758934
OR2AT4_hg,0.0,0.00761005832267016,0.0,0.6427661845016063,1.0020590499936834,0.0,0.0,0.393108579381424,0.027329790594376912,0.06040925789477939,0.0,0.0,0.0,0.0,0.0
OR2B11_hg,0.0,0.3253589405372277,0.0,0.0,0.03128724670315875,0.0,0.013907688281754427,0.0,0.0,0.023627598562303866,0.07311433353179556,0.0,0.0,0.0,0.005522153267812153
OR2G6_hg,0.0,0.23811212289606193,0.04685531447588144,0.016849932631947433,0.07264636360445607,0.021847624090819383,0.006842839604905918,0.015206171089358058,0.0,0.017401573853630482,0.01260270359871766,0.0,0.06398606393826295,0.0,0.038369401138000726
OR2L2_hg,0.0,0.4900227774723509,0.0,0.014135739565231033,0.0,0.031252985048964406,0.0002384866403533542,0.05982162801095972,0.0904804334494697,0.1106915756247148,0.0,0.0,0.0,0.043094239489232945,0.0
OR2T10_hg,0.00038790744919597837,0.0,0.0004010982858985727,0.0,0.00010008365394699294,4.963680926537802e-05,0.0,0.0,0.0,0.0,0.0,0.0,0.0,0.0,0.0
OR2T1_hg,0.0,0.0,0.001041774021372928,0.0,0.0,0.0,0.0,0.0,0.0,0.0,0.0,0.0006610092078954163,0.0,0.0001457749189016923,0.00019982276219022467
OR2W3_hg,0.0,0.0004954138939925203,0.0008271680388940766,0.0,0.0,0.0016391318451838201,0.0004893732744395303,0.0,0.0008980645230461313,0.0,0.0002051834386086332,0.0003911168809352517,0.0,0.0,0.0010886760650561736
OR3A1_hg,0.0,0.0,7.451443283395584e-05,0.0,0.0,0.0,0.0,0.00022445837915713865,0.0,0.0,0.0,0.0,0.0,0.0,2.7812787655869467e-06
OR4D9_hg,0.0,0.2943814142241059,0.01219657911148161,0.0,0.0,0.005695020865261586,0.0045382710313975555,0.0037718439417039357,0.0,0.011501322349783594,0.06376287678246319,0.03483587569654754,0.0,0.0,0.0
OR4F17_hg,0.0,0.6080673873137066,0.04579457123788455,0.14287102897763546,0.1346527455802048,0.05765182445829819,0.0,0.07290271748873207,0.07195274065073165,0.0,0.0,0.13840740482721223,0.01747976229922225,0.03878088596477286,0.14915879174463814
OR51B5_hg,0.12455510174422253,0.20207414448839545,0.0,1.0999496300297558,0.2728669902664627,0.0,0.0,0.9971480416044938,0.12455377063934372,0.0,0.0,0.0,0.5602459410609016,0.4115105216568628,0.0
OR51E1_hg,0.0,0.0,0.0,0.003522456797830965,0.0035914032725723965,0.0,0.0,0.0013749835327117022,0.0,0.0,0.0,0.0,0.0,0.0,0.0
OR51V1_hg,0.0,0.0008858305449187467,0.0,0.001385740353569137,0.00040961162928476334,0.0005736843506976822,0.0,0.0,0.0,0.0,0.0,0.0,0.0,0.0,0.0
OR52A5_hg,0.0,0.0,0.0,0.008496335664925053,0.0,0.0007905640117963694,0.0,0.0,0.0,0.0,0.0,0.0,0.0,0.0005180442526895211,0.0
OR52B2_hg,0.0,3.7841585870221016e-05,0.0,0.0001341569977615446,0.00029007670935836887,2.1443215142751075e-05,0.0,4.503805076970147e-05,0.0,0.0,0.0,0.0,0.0,0.0,0.0
OR52E8_hg,0.0,0.0,0.0,0.0006840774527481798,0.0,0.0,2.2487743050908963e-05,0.0,9.88134622959842e-06,0.0,0.0,0.0,0.000168231892224247,0.0006204001407966425,0.0006769710945085085
OR52I1_hg,0.0,0.09469562836018444,0.0021106782123950876,0.008265217166441359,0.0176761132631237,0.007226232441250507,0.0011786262505147067,0.0008013909442207934,0.0,0.007233732379868766,0.00015912900416378101,0.0,0.0,0.0,0.01872426889880936
OR52N1_hg,0.0,0.06169905567585579,0.00013838501139293007,0.004273020490170894,0.009500541182541991,0.0,0.0030092188054527255,0.005303044954327839,0.0,0.0,0.0018081843544041109,0.004603568676595519,0.0,0.0,0.007808325875804058
OR5AS1_hg,0.0,0.523583455082302,0.005680279422506346,0.04699490378163055,0.05770126877434923,0.05507329701495058,0.0,0.027397732470150708,0.030137327600816433,0.006614527543197276,0.0,0.14162425103514778,0.0,0.02303185300584736,0.10649415382875882
OR6C2_hg,3.5164259575439984e-05,5.617541874322961e-05,1.738603048754678e-05,0.0,0.00019555720662053295,0.0,0.0,0.0,0.0,0.0,0.0,0.0,0.0,0.0,0.0
OR6C76_hg,0.0,0.0,0.0012290796521189618,0.016023040597443486,0.02801238204645591,0.0006291352269442965,0.0,0.0,0.0,0.0,0.0,0.0,0.0,0.0,0.0
OR6K6_hg,0.0,0.0,0.0,0.0003353871297993753,0.00010204584603565267,0.0,0.0,0.00036517334433440224,0.0,0.0,0.0,0.0,0.0,0.0,0.00014564738669456363
OR7A17_hg,0.0,0.7010972788305183,0.0,0.007563122806220903,0.05878893398807358,0.0,0.024210078954415598,0.0,0.0,0.18909471151624385,0.15818811425242008,0.0,0.02415115716831666,0.029221186789662172,0.0
OR7C1_hg,0.0,0.4234437502524986,0.0,0.0,0.0071605852552374385,0.0,0.015393031980043378,0.05684262225663539,0.0,0.022377214372360194,0.096310493304142,0.009648786657857388,0.0,0.0,0.0
OR8A1_hg,0.0,0.1924727442487102,0.29242164853419333,0.09163172476582154,0.02361170773745824,0.02228865910073796,0.0,0.04797074883141408,0.0,0.0,0.0,0.17286222982571203,0.0,0.0,0.15404584633815327
OR8J3_hg,0.0,0.0006032753288301271,0.00012301031369451392,0.0,3.16944819542034e-05,0.0,0.0,0.0,0.0,0.0,0.0001630339083731031,0.0006848605015236461,0.0,0.0,0.0
ORAI2_hg,0.047158266388308515,1.3514738400516222,0.542118949738174,0.2507388840879666,0.6167941916661247,0.0,0.0422169051699116,0.0,0.0,0.5561765363438691,0.2573823522073207,0.3790666317382739,0.007708649129854015,0.0,0.5818269753437755
ORC4_hg,0.0,0.5565017317208902,0.10329211818916387,0.07545682066715736,0.24882891960415587,0.18609087938289592,0.03283501400613735,0.5464583836502003,0.011270630618294693,0.025887632000842053,0.02509074488566659,0.012185821261475969,0.12203788277771202,0.20721615985380828,0.2161022614980618
OS9_hg,0.0,0.38958760234612533,0.5810639785440876,0.197067278617779,0.6797924793328541,0.0,0.011916867195305965,0.2113368488088367,0.0,0.47160512206239574,0.20191319998775903,1.3932155019421824,0.0,0.3910935073149571,0.6889801917284676
OSCAR_hg,0.0,0.0,0.06175789898944814,0.0,0.0,0.0,0.0,0.0,0.0,0.0,0.0,0.05778900435746184,0.0,0.0,0.01100715868627111
OSGIN1_hg,0.0,0.020047013635474373,0.19827039655864917,0.0,0.05877432625754346,0.0,0.0,0.0010970397176770616,0.0,0.0,0.0,0.4040619011627259,0.0,0.0,0.0
OST4_hg,0.5136137659963128,0.0,0.13239521310124208,0.1268311643029778,0.4074056109621974,0.44051725739188624,0.21052553848859842,3.242514634774147,0.0,0.0,0.0,0.0,0.0,0.0,0.0
OTOGL_hg,0.0005087128981004806,0.0,0.0003377212224588851,0.0,0.0009312443340521675,0.0,0.0,0.0,0.0,0.0,0.0,0.0,0.0,0.0,0.0
OTP_hg,0.0,0.0,0.0,0.010691307790661856,0.0,0.0,0.0,0.0,0.0,0.0,0.0,0.002212834242179749,0.0013293328649640213,0.0,0.0
OTX2_hg,0.0,9.973339819282084e-05,0.00020264370953596513,7.323798186552861e-05,0.0,0.0,0.0,0.0,0.0,0.0,0.0,0.0,0.0,0.0,0.0
OVAAL_hg,0.0,0.0028457301523393532,0.0005380408968022666,0.014337531834290863,0.0,0.0,0.0,0.0,0.0,0.0,0.0,0.0,0.0022766602283543877,0.0014056135414608813,0.0
P2RX1_hg,0.0,0.0,0.5341440610757398,0.0,0.0,0.0,0.245414841787906,0.038032591095201705,0.0,0.0,0.0,0.0,0.0,0.0,0.03112538373331784
P2RX4_hg,0.0,0.46695147235775153,0.36504348101971584,0.1140223207157291,0.18591469192520563,0.07275048172544762,0.061518710183553024,0.0,0.0,0.0,0.056946771913260405,0.2372330700729643,0.009218281972531365,0.0,0.16259933346644576
P2RX7_hg,0.0,0.186564769826818,0.19702119459730585,0.0,0.0,0.0,0.0,0.0,0.0,0.0,0.02808132540310026,0.05471602841738195,0.0,0.0,0.11171096708255861
P2RY8_hg,0.0,0.0010244945589890152,0.0,0.0,0.0,0.0,0.0,0.0,0.0,0.0,0.0,0.0,0.0,0.0,0.0044750630729706
P3H4_hg,0.011992248322133038,0.3894548643565661,0.03788368604278057,0.011099952410390669,0.05558587814189604,0.0,0.004821954121081009,0.02715086585348129,0.0,0.032054840733007905,0.06735793784223462,0.008127934294283656,0.03700040921444208,0.0,0.0
P4HA2_hg,0.0,0.0763438049422115,0.3605173013903423,0.12960513607845925,1.0689885875348604,0.0,0.07615646309923466,0.07058580777676798,0.0,0.07059018314418938,0.0,0.0,0.0,0.043105855097161125,0.2573895516092983
P4HB_hg,0.0,0.24913201401972937,0.4442728150875343,0.971290085111127,1.7959980465003151,0.1618111376506518,0.5519647182515229,0.0,0.016096457895287873,0.41866491510885034,0.07280347103030534,4.121602689379652,0.7651750983892611,0.18273451750919356,1.3986993582222467
PABPC1L_hg,0.0,0.17278397358903452,0.9346442550843259,0.043011560987693556,0.0,0.0,0.12028230448517185,0.0,0.0,0.0,0.0,1.204181759070561,0.0,0.0,0.04091306628017676
PACSIN2_hg,0.03884008238635572,0.21529252545272062,0.22758589868000462,0.16338107412529954,0.15597011452778148,0.10884205236591743,0.0,0.05850856312187313,0.0,0.0510479908711389,0.05977529542923309,0.6185287735714373,0.0,0.17252314858539067,0.0
PADI3_hg,0.0,0.001161163478184683,0.0,0.0014820858999961487,0.0007864805646955851,0.0,0.0,0.0,0.0004869895546880104,0.0,0.0,0.0,0.0,0.0,0.0
PAEP_hg,0.0,0.0,0.0,0.0,0.4807306675849479,0.0,0.0,0.0,0.0,0.0,0.0,0.0,0.0,0.0,0.0
PAG1_hg,0.0,0.05140294044338664,0.12531272120590597,0.0,0.0,0.0,0.0,0.0,0.0,0.0,0.0031705327764490125,0.0,0.0,0.0,0.05699120974651015
PAGE1_hg,0.0,0.0,0.27958423397929116,0.5769674399471176,0.011471391619223429,0.0,0.06228328009806698,0.9256193870668455,0.0,0.0,0.012131625537854773,0.3928082548993482,0.6236560842735216,0.0,0.0
PAGE2B_hg,0.0,0.001138153801803918,0.03553643572967078,0.057445163367117365,0.0,0.0,0.0,0.05376100757972507,0.0,0.0,0.0,0.0,0.0,0.0,0.0
PAGE2_hg,0.0,0.0,0.005668210662396595,0.02120335274353761,0.0,0.0,2.9637094883997185e-05,0.014148765951310559,0.0,0.0,0.0,0.0,0.0,0.0,0.0
PAGE4_hg,0.0,0.0,0.0,0.2050649278964358,0.38063932640370685,0.0,0.0,0.1158398214715877,0.0,0.0,0.0,0.0,0.0,0.0,0.0
PAGE5_hg,0.2389579289638417,0.0031996198399874415,0.3176139420891722,0.7295405843853419,0.3994203476103419,0.0,0.11149096611967128,2.4619449973326915,0.0,0.11241566617919556,0.004738904448197971,0.0,0.41647198374460526,0.0,0.13594138173483247
PAK6_hg,0.0,0.0,0.0,0.02323790956003811,0.03388192646657657,0.0,0.0,0.0,0.0,0.0,0.0,0.0,0.0002612492046079637,0.0,0.0
PALM2AKAP2_hg,0.0,0.00535157205513399,0.0,0.0,0.10770696030094618,0.0,0.0,0.0,0.0,0.0,0.0007343437002632125,0.0,0.0,0.0,0.0
PANX3_hg,0.0,0.0037085697578944613,0.022503425102445098,0.002266649798412484,0.0015874497603474418,0.0,0.0,0.008797684205781867,0.0,0.0,0.0,0.02096479458700224,0.0,0.0,0.009775867293784794
PAPPA2_hg,0.0,0.0,0.027453214758523414,0.0,0.02235781015545511,0.0,0.0,0.0,0.0,0.0,0.0,0.02182301840483425,0.0,0.0,0.0061290429277043226
PAPPA_hg,0.0,0.0,0.0,0.01143912405696908,0.5165405074303662,0.0,0.0,0.0,0.0,0.0,0.0,0.0,0.0,0.0,0.0
PAQR5_hg,0.0,0.0,0.0,0.0,0.024556436708941438,0.0,0.0,0.0,0.0,0.0,0.0,0.0,0.0,0.0,0.0
PARAL1_hg,0.0,0.0,0.0,0.0,0.000428178479958495,0.0,0.0,0.00042230134593370495,0.0,0.0,0.0,0.0,0.0,0.0,0.0
PARD3B_hg,0.0,0.17176959374340173,0.1792602650201648,0.0,0.2770439128894193,0.0,0.0,0.0,0.0,0.016699557712238675,0.0,0.25466627484832766,0.0,0.036947474016958234,0.15216247277301612
PARM1_hg,0.0,0.0,8.225790736387698e-05,0.0031543260344694657,0.00423723470463647,0.0,0.0,0.0,0.0003062291199856513,0.0,0.0,0.0,0.0,0.0,0.0
PARP16_hg,0.04789671334473077,0.07851785842520413,0.10569205229034499,0.09994840898883509,0.028012340451054385,0.04389569881066534,0.0,0.027040521153704,0.0028882051986248544,0.0,0.0,0.0,0.023488652307857752,0.0,0.06894591029925488
PART1_hg,0.0,0.20313609647381056,0.0017817233723259043,0.0,0.0053249371366021385,0.007763991735634792,0.005735317890152986,0.005952823684874596,0.0,0.014584120987244051,0.03986767186664287,0.010186439590285751,0.0,0.0,0.0
PASD1_hg,0.04729123396728319,0.05869689134231255,0.004101202420115607,0.07980794384196513,0.11148867441501259,0.0,0.0,0.015628790723480862,0.0,0.0,0.006865666112901611,0.13896815135280247,0.07440572015328013,0.07773951420642701,0.0
PAUPAR_hg,0.0,0.0,0.02448979801145444,0.0,0.0,0.0,0.0,0.0,0.0,0.0,0.0,0.013739581312423208,0.0,0.0,0.005366566420163107
PAWR_hg,0.0,0.1370234914393748,0.0,0.0,0.0,0.007799461985579629,0.0002540489959156642,0.0,0.0,0.0,0.03382104586883226,0.0,0.0,0.0,0.0018349520297368386
PAX2_hg,0.0,0.0,0.0,0.0001191238446390841,0.0006236811946513978,0.00026171585086668184,0.0,8.424809735958743e-05,0.0,0.0,0.0,0.0,0.0,0.0,0.0
PAX3_hg,0.0,0.0,0.0,0.0,0.03214101231449218,0.0,0.0,0.0,0.0,0.0,0.0,0.0004423747419882798,0.0,0.0,0.0
PAX6_hg,0.0,0.008244960786716929,0.3438618822591358,0.0,0.0,0.0,0.0,0.0,0.0,0.0,0.0,0.14524361706674455,0.0,0.0,0.1375494127082904
PAXIP1-AS2_hg,0.006562792597861028,0.09483029736854011,0.15793642760466597,0.01361841047569598,0.003002025032951668,0.0,0.0,0.02284094232210231,0.0,0.0,0.0,0.0,0.0,0.0033385126007288023,0.050531524307735956
PBX1_hg,0.0,0.11979706517779164,0.0,0.09178181671791474,0.028993009331354066,0.0,0.0,0.0,0.0034537952389078848,0.0,0.01108445745121462,0.0,0.0,0.0,0.027839329077536567
PBX2_hg,0.0,0.261344857071363,0.02647687849558448,0.0,0.02996460671742783,0.27360712051930897,0.0,0.0,0.0,0.0,0.04635568369667827,0.6602203722500569,0.10445804109199883,0.015398162541132063,0.38096883573280693
PCA3_hg,0.0,0.5831506391881099,0.0024206356446768726,0.0,0.02875737923421427,0.01716610773555768,0.01487984067174164,0.03299364195956007,0.0,0.022592672259855326,0.11168795351660675,0.0,0.003998156900926469,0.0,0.0
PCAT7_hg,0.0,0.3179016199961539,0.0,0.0,0.02241054423652538,0.0,0.007615701117947801,0.0034272599996651764,0.0,0.0023713684774075276,0.0699767273680193,0.010555517057121726,0.0,0.0,0.0
PCBD1_hg,0.0,0.0,0.1379679929263619,0.18776682513821633,0.0,0.0,0.23551519696557485,1.0289675967677612,0.0,0.0,0.0,0.1553405193356003,0.0,0.0,0.0
PCCB_hg,0.0,0.14080395646849816,0.13706290155069883,0.4741562793521564,0.01895537758921577,0.45488457925801884,0.08013809124784489,1.0176223766410508,0.0,0.03805918669331083,0.0,0.5818499688806871,0.5117343505397922,0.1305366316447187,0.0
PCDH10_hg,0.0,0.0,0.0,0.0,0.09214935168921584,0.0033567042117904904,0.0,0.009455720592952545,2.780841487525582e-06,0.054240373783742586,0.0,0.014299853157755091,0.0,0.017909714789887298,0.015653958046627687
PCDH11X_hg,0.0,0.42087119267232037,0.0183647773818465,0.0,0.01305853923213929,0.02745105606631919,0.017020118995698857,0.0,0.0,0.04521408887087451,0.08884531327875245,0.0064605888130001175,0.002167687420974413,0.0,0.0
PCDH11Y_hg,0.0,0.6930369892587657,0.0,0.0,0.0,0.0,0.016827381188363133,0.0,0.0,0.09453947981504908,0.1997818095018753,0.010815467655371943,0.0,0.0,0.0
PCDH12_hg,0.0,0.0,0.015603040389844617,0.0,0.0,0.0,0.0,0.0,0.0,0.0,0.0,0.017094144284898655,0.0,0.0,0.00030536615186219887
PCDH17_hg,0.0,0.0,0.0005599498207262281,0.002022162428835305,0.0036994527221788855,0.0,0.0002484066671184403,0.0,0.0,0.00042351894489302695,0.0,0.0,0.0,0.0,0.0002100734929948885
PCDH7_hg,0.00014606278495593066,0.0,0.00037170075410411177,0.0,0.0,0.0,0.0,0.0,0.0,0.0,0.0,0.0,0.0,0.0,0.000494466636216432
PCDHA12_hg,0.00024838860804882553,0.0,0.0003338734591663943,0.0,1.731553252622396e-05,0.0,0.0,0.0,0.0,0.0,0.0,0.0,0.0,0.0,0.00020374655406399738
PCDHAC1_hg,0.0,0.0002691231841945949,0.0,2.1220214590574822e-05,0.0,0.0,0.0,0.0003234738009702435,0.0,0.0,0.0,6.178390939810329e-05,0.0,0.0,0.0
PCDHB3_hg,8.56854761662522e-05,0.0,0.0,0.0,0.0,0.0,0.00011646064349740096,0.0,0.00028336150202071047,0.0,0.0,0.0,0.0,0.0,2.093065664435662e-05
PCDHGB4_hg,0.0,0.0,0.008585099164800363,0.0,0.0,0.0,0.0,0.0,0.0,0.0,0.0,0.0007911672768093798,0.0,0.0,0.0052045649334093525
PCED1B-AS1_hg,0.0,0.003488247278768162,0.02709851996731753,0.0,0.012765932358549515,0.005478020883750714,0.005524016553799805,0.011742786392285636,0.0,0.0,0.002199656519795025,0.0,0.0,0.0,0.013757185340815513
PCED1B_hg,0.0,0.0,0.049222542697691406,0.0,0.016506450352959563,0.014577851063619376,0.0,0.02575644383459577,0.0,0.0036022086055854203,0.0,0.0,0.0,0.0,0.14001439337316218
PCK2_hg,0.0,0.005400582396565945,0.5782522433324746,0.12321617750850133,0.0,0.0,0.1286134781476981,0.30111308349353416,0.0,0.0,0.0,0.5641395137793025,0.0808178940033651,0.0,0.0
PCLO_hg,0.0,0.0005425379339547224,0.022377195959693553,0.0,0.0,0.0,0.0,0.0,0.0,0.0,0.0,0.03804509148905788,0.0,0.0,0.01619002537057812
PCSK1_hg,0.0,0.0,0.0,0.00010516605189095586,0.010928535680375086,0.0,0.0,0.0011742159052417162,0.0,0.0,0.0,0.0,0.0,0.0,0.0
PCSK9_hg,0.0,0.0,0.04054064782860374,0.1787801062184153,0.0,0.0,0.04761633133212996,0.3758626998367077,0.0,0.0,0.0,0.5548874525025629,0.26707093442706176,0.0,0.28367982089565824
PDE10A_hg,0.0,0.0,0.0,0.0,0.0003180034618917165,0.00014781119042593747,4.372382747080637e-05,0.0,0.0,0.0,0.0,0.0,0.0,0.0,0.0
PDE2A-AS2_hg,0.0,0.0,0.0,0.0,0.0012128437934872816,0.0,0.00013299766753820601,0.0,0.0,0.0,0.0,0.0,0.0,0.0,0.0
PDE4DIP_hg,0.0,0.40269992480511924,0.9409821589019841,0.0,0.0,1.5249712253451,0.4532865873342197,0.0,0.05188890735927183,0.4774722071281321,0.7212311337482438,0.5630728318520523,0.0,0.15693682082094879,2.396651359988766
PDE6A_hg,0.0,0.5339164915986957,0.0173594416782971,0.0,0.025364754641779598,0.02410109242705803,0.030648336904906832,0.018615140483260108,0.0,0.022719519140870014,0.0891769981360566,0.0,0.013876966957111903,0.0,0.047263056828525316
PDE6H_hg,0.0,3.1205858873139876e-05,0.0,0.00014609834571512357,0.000618410588280671,0.0,0.0001020558343544047,0.0,9.817851961198696e-05,0.0,4.318074326899081e-06,0.0,0.0,0.0,0.0
PDGFA_hg,0.0,0.0,0.109366200183702,0.0,0.40195893674425587,0.0,0.0,0.0,0.0,0.07584385381533673,0.021313701382336448,0.2063481489909413,0.0,0.0,0.31095579342122204
PDGFB_hg,0.0,0.0,0.0,0.045146343790667266,0.2726445382866198,0.0,0.0,0.0,0.009932229920603622,0.01333660419592877,0.0,0.0,0.0,0.0,0.0
PDIA3_hg,0.0,0.031041012563777164,1.223294494022527,0.16527251774079946,1.3847378078419743,0.3109199491207093,0.08176570261895431,0.4686152629660636,0.0,0.8942949917172321,0.5237054619917885,1.0675034492774989,1.4449536798964535,1.2037660153375822,1.3501661683108463
PDIA4_hg,0.0,0.0,0.3719806436244997,0.0,0.5232954397496922,0.5371366389249608,0.0,0.10987811696769623,0.0,0.12585196643191363,0.2441258988780287,1.811279199970431,0.04807934589425546,0.4468357318076413,1.2802521840603813
PDZD2_hg,0.0,0.3365998318438283,0.009024131413340969,0.0,0.0098821606377213,0.01142356944698062,0.020782533990198918,0.006635906248841293,0.0,0.0,0.09262107469844323,0.027413364125558285,0.0,0.0,0.0352503458525685
PDZD3_hg,0.0,0.0,0.0,0.0,0.0,0.0,0.0,0.0,0.0,0.0,5.0343029793382404e-05,0.0006336330574146507,5.546588176667448e-06,0.0003136576404085343,0.0
PDZD9_hg,5.5232655951023935e-05,0.0,2.2087176666624235e-05,0.0,9.133173969366467e-05,8.401693803091321e-06,0.0,0.0,0.0,0.0,0.0,0.0,0.0,0.0,0.0004022883269079658
PEAK1_hg,0.0,1.5981951965021473,0.04605592844148838,0.4591050389734897,0.5038970931290334,0.20845676599839466,0.042823243093757866,0.10384296809822144,0.11244071851620309,0.18874155839778275,0.17119745814685525,0.6310987282745796,0.08974593227302571,0.29742559234039057,0.18205369707166888
PECR_hg,0.0,0.10427621065457654,0.2677274618790717,0.0,0.011380224139272335,0.0,0.029003883681293443,0.055462428454655655,0.0,0.019118109945816926,0.0,0.0,0.0,0.0,0.0485033577088719
PENK_hg,0.0,0.000304918278631496,0.0001512690040619942,0.0,0.0007012085871992849,0.0,0.0,0.0,0.0,0.0,0.0,0.0,0.0,0.0,0.0
PERP_hg,0.0,0.0,0.005301028251155748,0.0380353894425319,0.12706373026712345,0.0,0.0,0.0,0.0,0.0,0.0,0.0,0.0,0.0,0.0
PF4_hg,0.0,0.0,0.0,0.00020610387669192068,0.0004929109681953238,0.0,0.0,0.001141066559771587,0.0,0.0,0.0,0.00012575330641237785,0.0,0.0,0.0
PFDN4_hg,0.3569177422347402,0.06745556052970794,0.04330617333361712,0.0,0.0,0.6467073571750525,0.0,0.14160006955161497,0.0,0.3013754256237622,0.009763918752131928,0.07080859619006284,0.0,0.5931962197649145,0.0
PGC_hg,8.29803456353545e-05,0.0,0.0,0.0033342051803840513,0.0004492273418791141,0.0,0.0,8.505901726240712e-05,0.0,0.0,0.0,0.0,0.0,0.0,0.0
PGF_hg,0.0,0.5851720518442349,0.0,0.017687530520549066,0.03925596223320001,0.0,0.0,0.010367997277907088,0.0,0.07243215452901126,0.1653941532590712,0.0,0.0,0.0,0.0
PGGHG_hg,0.0,0.5556665504532217,0.04150603516044239,0.5178764688262198,0.0,0.0,0.0,0.0,0.07322588328086752,0.0,0.1261555838568472,1.8229612674791724,0.007257358679062723,0.2241236930139981,0.0
PGPEP1_hg,0.0,0.702792047978481,0.9599787667012426,0.7730512060168546,0.8969013426530169,0.07101382411713991,0.0,0.0,0.0,1.4565069548507756,0.698264974392183,2.2073160606819537,0.00030120242847096686,0.0,1.6366793491255887
PHACTR2_hg,0.0,0.3893289286389573,0.43493477140707215,0.0,0.8968180314268982,0.2114743339510489,0.04569811808120019,0.2978811415084773,0.02599590077089263,0.41460295835429406,0.03560949202023896,0.70095402737056,0.5085325291974723,0.31830656427157006,2.1099256668264816
PHACTR4_hg,0.0,1.2216380802232365,0.2740945721366651,0.0,0.423710581345596,0.46484956716846765,0.1155570083710252,0.26090032282059417,0.0,0.5629159888276718,0.6181008757369371,0.24773084748640845,0.09691309441408447,0.448515445251803,1.2793541143123053
PHGDH_hg,0.0,0.0,1.7505904019151124,0.01621776850047154,0.0,0.0,0.31824223963817166,0.5688125293026137,0.0,0.0,0.0,2.1144773890038757,0.0,0.0,0.0
PHLDA1_hg,0.0,0.0,0.08875832964194529,0.0,0.4738616298499234,0.0,0.0,0.0,0.0,0.0,0.0,0.0,0.0,0.0,0.0
PHLDA2_hg,0.0,0.0,0.0,0.0,0.1761271448478632,0.0,0.028399125428180506,0.2437686544952651,0.0,0.016948243457865556,0.0,0.15522447831909886,0.002669271032697698,0.0,0.031596946453393275
PHPT1_hg,0.045382649064004285,0.0,0.0,0.6970953738218854,0.0,0.651933543561186,0.31913677732370294,2.514262081614042,0.0,0.0,0.0,1.0449239408657476,0.20439617494153728,0.0,0.0
PI16_hg,0.0,0.0,0.021840229304782632,0.0,0.02160354611079493,0.0,0.0,0.0,0.0,0.0,0.0,0.0,0.0,0.0,0.0
PI3_hg,0.0,0.0,0.00018320763666972934,0.0,0.0,0.0,0.00010403739032465474,0.0006405021550134949,0.0,0.0,0.0,0.00046707462571508017,0.0,0.0,0.0
PIF1_hg,0.0,0.4073298321555496,0.0,0.0,0.0,0.0,0.0,0.0,0.0,0.1571228666692831,0.07557022813229207,0.0,0.0,0.8183364650322793,0.0
PIGL_hg,0.09431888819657891,0.9947001462562669,0.0,0.0,0.24083580245747685,0.4362366567134251,0.0,0.38305154341798,0.05988586968081763,0.565866465004004,0.3005468487347925,1.5195530083350444,0.0,0.0,0.0
PIGN_hg,0.0,1.6766727797348284,0.006750089438841967,0.07986592469907959,0.17052849904984416,0.2015260500993865,0.0628978274799708,0.14456688310735485,0.1563088419865811,0.30362435244403113,0.12391500191171975,0.3506526747993639,0.006625382544659626,0.2624651555846165,0.17586914805906073
PIGX_hg,0.0,1.0296485310522658,0.1993255096861899,0.0,0.022740846337113922,0.036478829814691346,0.0,0.16684146488994797,0.0,0.28425544270550673,0.22643516208330702,0.0,0.14019687645574724,0.034664663316235626,0.1700388513833712
PIK3AP1_hg,0.0,0.019569161106961507,0.0,0.2784243383558497,0.22748840921374722,0.0,0.0,0.0,0.002697102972580266,0.0,0.0,0.0,0.0,0.0030318511522285695,0.0
PIK3CG_hg,0.0,0.03702427231135263,0.44464062269851423,0.0,0.5252356994860368,0.04481605713455854,0.006240635597625,0.04898524439146124,0.0,0.10080602410654331,0.0,0.0,0.0,0.061225348861472996,0.885657007644358
PIM1_hg,0.0,0.0,0.3173197298849125,0.9138332254083621,0.0,0.729628322098662,0.23850721716425524,0.0,0.0,1.4807687815343569,0.3106871920627561,0.6952592826092054,0.1439461008273208,0.0,2.3894809560054484
PIM2_hg,0.0,0.18012851964473622,0.09011264748139802,0.0,0.18370376771638397,0.0,0.2599721653662302,0.699407506089537,0.0,0.11119641933139278,0.0,0.7795478256525308,0.5964124259985472,0.0,1.315264914325013
PINCR_hg,0.0,0.0,0.04266590699300326,0.0,0.006150707472628222,0.0,0.0,0.031982904664564826,0.0,0.0,0.0,0.0,0.0,0.0,0.0
PITPNM2-AS1_hg,0.0,0.0,0.0,0.0002335658975788495,0.0019533040682234784,0.00013711025685203554,0.0003959193296184425,0.0,0.0,0.0,0.0,0.0,0.0,0.0,0.0
PIWIL1_hg,0.0,0.6733621514324685,0.0,0.10166682199310656,0.0,0.0,0.0,0.0,0.009318762083660614,0.12455637807374242,0.19988627864099956,0.0,0.0,0.0,0.0
PKD2_hg,0.005729667096908405,0.02307903174113727,0.023918740319194127,0.006542791586408955,0.011614212565905196,0.0,0.0,0.008422378344147084,0.0005484122533464108,0.0,0.0,0.0,0.0,0.0,0.018355820407409032
PKHD1_hg,0.0,0.0015102022685898435,0.0015980335812475325,0.0016473305655855975,0.0,0.0005302211543346358,0.0,0.0,0.0,0.0,0.0,0.0,0.0,0.0,0.0
PKIA-AS1_hg,0.0,0.0,0.002330120882811955,0.0021661550913649797,0.0028934289036637237,0.0,0.0,0.0,0.0,0.0,0.0,0.0,0.0009953967201971566,0.0,0.0032848766081815454
PKLR_hg,0.0,0.05512643642242032,0.0,1.4429478838837153,0.0,0.43652412128211737,0.0,0.0,0.0,0.010784479047782927,0.0033130368294879884,0.0,0.33939980039090684,0.04951452436837689,0.0
PKM_hg,0.0,0.0,0.0,0.0,2.3449660277245306,0.5756957076772675,0.1382820501056206,0.5588398123053195,0.0,0.9967906170538245,0.23346069727914795,0.3510402091642838,0.0,0.0,3.1285159709493366
PKN1_hg,0.0,0.1957950711943461,0.06914740476285085,0.0,0.044594414957070345,0.0650037682716821,0.0,0.0,0.0,0.1341642077926868,0.08386552697164361,0.6866752588856627,0.0,0.0,0.06817425870573432
PKP4_hg,0.0,0.3510817575939355,0.25578525588871864,0.2578468209669657,0.0,0.720159010680768,0.011175777764373647,0.46811908927850493,0.0,0.5001653728110568,0.15833972646582456,0.9329916046801857,0.44912190087081993,1.4331119784140387,0.8351917508756665
PLA2G2C_hg,0.0,0.0,0.044524472482873785,0.0,0.013638613896211935,0.0,0.0,0.005753804989131454,0.0,0.0,0.0,0.0,0.0,0.0,0.022075999735848777
PLAAT4_hg,0.0,0.0,0.09626467807427916,0.029836972585288557,0.023931243381095486,0.0,0.0,0.0,0.0,0.0,0.0,0.0,0.0,0.0,0.033413238876379626
PLAC4_hg,0.0,0.0,0.0,0.0,0.008087733318463372,0.0,0.0,0.0,0.0,0.0,0.0,0.0,0.0,0.0,0.0
PLAGL1_hg,0.0,0.17916447926287038,0.07043877279090062,0.07015688282129184,0.3450208634750252,0.018884015543178517,0.0,0.45125289794025547,0.055920177488267386,0.0,0.0,0.0,0.11083955925741801,0.056140056187814515,0.639604204435249
PLAT_hg,0.0,0.48221854665868885,0.0,0.0,0.3981306360228128,0.0470575225612297,0.005800811350190693,0.02292872679615892,0.0,0.0,0.06683648183973293,0.0,0.0036607048409226842,0.0,0.06062735445006062
PLAU_hg,0.0,0.01123381859873971,0.000663642304605209,0.0,0.008556900161136353,0.0,0.0,0.0,0.0,0.0,0.0,0.0,0.0,0.0,0.03963351288592177
PLB1_hg,0.0,0.0,0.0,0.0,0.07455744756535841,0.0,0.0,0.0,0.0,0.0,0.0,0.0,0.0,0.0,0.0
PLCB4_hg,0.01082441391440221,0.09039542553327748,0.00452858614287004,0.08099154285959989,0.09356811479459456,0.0,0.0,0.00509212606604687,0.0,0.026520421091562107,0.0009269310714264941,0.015584993886727624,0.0,0.06124571607151645,0.02781545026452757
PLCE1_hg,0.0,0.2154535369192664,0.0,0.0,0.0,0.012205489479173035,0.00632174986606264,0.006863595565770347,0.0,0.0,0.03922395888920211,0.03047333504464181,0.007745525342303861,0.0,0.0
PLCL1_hg,0.0009269008761460926,0.06189984193863662,0.08991113290708161,0.0,0.3907386301744581,0.011843311745118752,0.0,0.06796361400634775,0.0014024047967620768,0.07919559383101464,0.0,0.1572129107665242,0.0,0.09251484763733703,0.4233145884894871
PLD1_hg,0.0,0.159272888467212,0.3615102130968432,0.10274164431096704,0.06276958036504537,0.03560187487777822,0.04918932806618918,0.17572733801639112,0.00025960315907242604,0.0545263764424341,0.0,0.056195347257020696,0.0,0.00762556143582415,0.2455039588323451
PLEC_hg,0.0,0.2239442884538817,0.0,0.0,0.44691416756474006,0.07195461341543129,0.0,0.14797601162889504,0.01693520860243727,0.08039189362282424,0.028624503854475705,0.946189822676761,0.0,0.0,0.1084530847815193
PLEKHA2_hg,0.0,0.7653826296313149,0.4141306986678115,0.05800441409562496,0.5682818490753684,0.0,0.020348261976296224,0.0,0.0,0.1662864733162433,0.14933586701510326,0.0,0.0825570284405307,0.0,0.5544394410678531
PLEKHH2_hg,0.0,0.4783488091692624,0.03684023203657687,0.13411011312310017,0.38253478727058243,0.0,0.0,0.0,0.00018369429046869278,0.10894507738354366,0.08175410210204491,0.0,0.0,0.0023703378197811723,0.07714229895137122
PLEKHM2_hg,0.01835250712067739,0.3190305492545658,0.0,0.3025085220880753,0.7726342612125938,0.2414708717778781,0.0,0.0,0.012762720333542898,0.4257206032007942,0.07577723274946674,2.1265366639242,0.0,0.18462192688034768,0.1700457584849494
PLEK_hg,0.0,0.0,0.0,0.010122157678904066,0.00731133447238488,0.0,0.0,0.0,0.0,0.0,0.0,0.0,0.0,0.0,0.04773376356844514
PLK1_hg,0.0,0.0,0.0,0.34377111367113194,0.0,0.12453300925814881,0.08117326090553353,1.5405127736788935,0.0,0.0,0.0,0.38066303930331524,0.08770552466419716,1.968338636785527,0.0
PLOD2_hg,0.0,0.008822552257404756,0.00230936809016081,0.008385952415564977,0.0280113668919222,0.009943345985201779,0.0007862645099279016,0.00978782944999776,0.0,0.005802683059896883,0.0,0.0,0.0,0.00059430641045488,0.03408223379871084
PLP1_hg,0.0,0.0,0.0,0.0,0.00019516618131599958,0.0,0.0,0.0,6.141340392938074e-05,0.0,0.00016229516625762146,0.0,0.0,0.0,0.0
PLP2_hg,0.0,0.0,0.4329042550738494,0.0,0.22789414446766076,0.0,0.4263581201941216,0.8308071587308475,0.0,0.0,0.0,0.0,0.0,0.0,0.3040674096338557
PLPP4_hg,0.0,0.0,0.0,0.048530661859512596,0.0,0.0,0.0,0.0,0.0,0.0,0.0,0.0,0.0,0.0,0.0
PLPPR4_hg,0.0,0.0,0.0,0.0007617611107386969,0.000544185247652116,0.0,0.0,0.0003712295029917666,0.0,0.0,0.0,0.0,0.0,0.0,1.402541635711854e-07
PLTP_hg,0.0,0.0,0.14585243204509285,0.03615497551382528,0.043487853564551864,0.0,0.08808626057882382,0.3493871550025189,0.0,0.0,0.0,0.37080760898729614,0.0,0.0,0.12844005791545518
PLXDC2_hg,0.0,0.0,0.0,0.0,0.0,0.0,0.0,0.0,0.0,0.0,0.0,0.0,0.0,0.0,0.02603854164979
PLXNA2_hg,0.0,0.010998210644047846,0.00279482189738551,0.0,0.016842640947234297,0.0020343345010019453,0.0,0.0,0.0,0.0,0.0,0.0,0.0,0.0,0.005103654053031291
PMEPA1_hg,0.0,0.002090006632076946,0.002568766507807851,0.0,0.0053108900391737645,0.0,0.0,0.0,0.0,0.0,0.0,0.0,0.0,0.0,0.0
PMP22_hg,0.0,0.0,0.0,0.0,0.6944890621015222,0.05549506854845835,0.026520910187281414,0.6826528558620955,0.0023448240680685375,0.1621174647876715,0.003999879841350973,0.2664760655120707,0.2405333360019856,0.0,0.742837985226944
PNMA5_hg,0.0,0.0,0.0,0.013243287539394332,0.0,0.0,0.0,0.0,0.0,0.0,0.0025743492730271544,0.0,0.008419407368897984,0.005474629182004917,0.0
PNMA6E_hg,0.0,0.0004956074567074609,0.0,0.0018937866934751308,0.0,0.0003469893344993772,0.0,0.000620055603361518,0.0,0.0,0.0,0.0,0.0016538723673767625,0.0,0.0
PNPLA8_hg,0.0,0.11025370448747752,0.7671069743144664,0.28776284530381424,0.7790628323950151,0.10718192530211916,0.03289304479335426,0.14993602756457305,0.0,0.0,0.0,0.0,0.0,0.0,0.21577323171201743
POGLUT3_hg,0.0,0.559672950464518,0.10143357693120661,0.0,0.0,0.2685203658455652,0.0264180746191299,0.004772185622904342,0.0,0.04374510708769133,0.06326826709236577,0.0,0.17159484691170818,0.0,0.38770756420067504
POLH_hg,0.0,0.9644101298364378,0.5743694455318535,0.1084102636262292,0.015710706341141432,0.044793016197955865,0.0,0.2325273442535244,0.0,0.04651620725499082,0.3465430885273572,0.695671738676918,0.2159974907112605,0.745791704139008,0.33069497280838517
POLR2I_hg,0.16618575205175196,0.0,0.041379222913445035,0.08653092486626585,0.0,0.4460902803853314,0.0,1.1678310399299139,0.0,0.10365274881186216,0.0,0.24577298665081873,0.0,0.0,0.0
POLR2J2_hg,0.0,0.15791909567256515,0.020688354362548206,0.07838848538102482,0.031055169131475262,0.0,0.014513252856192326,0.0905102166884888,0.0,0.0,0.0,0.017855192219645544,0.04244339438483591,0.005525057290451325,0.06956202412672664
POLR2J_hg,0.0,0.0,0.03612736665949885,0.26115009732346045,0.2545471748220965,0.23924624933569785,0.2507931609995446,1.4939277346190483,0.0,0.1694105365195524,0.0,0.534436624362582,0.0,0.0,0.0
POLR2L_hg,0.22803726213076275,0.0,0.0,0.4145395940094478,0.2171421092333662,1.1711278758955916,0.0,2.5104356388279983,0.05006123661385211,0.4608718682980317,0.017357807364449827,0.5810712938923783,0.07790122459913222,0.0,0.0
POTEE_hg,0.0,0.7416421739787719,0.00020608037790695782,0.0270507900068984,0.0,0.03339404011173105,0.0,0.0,0.0,0.3012073835533662,0.24337444866819685,0.35842634409197527,0.0,0.07297607767572366,0.0
POTEF_hg,0.0,0.5598340830020399,0.07676739844948266,0.14587629686337247,0.16795361441325146,0.17015147295420577,0.0,0.0,0.0,0.19161225027417214,0.1491144191071067,0.47427269778861103,0.0,0.16870512203917365,0.0
POTEI_hg,0.0,0.6654832807152531,0.29413318729653987,0.34910536665801295,0.2826985149372719,0.6049509885254255,0.001194338874437712,0.0,0.24275713101409566,0.0,0.0,0.45515566573204735,0.08764965499372356,0.20233749716214922,0.05516921569046996
PPARD_hg,0.0,0.1986631276612188,0.09993733530374846,0.02513428971934262,0.15746735385159719,0.0,0.0,0.0326924615903688,0.005016520940617778,0.0,0.0025066350635728663,0.39480478719529755,0.0,0.0,0.12718641183180907
PPARGC1A_hg,0.0,0.0,0.0,0.0,0.0012635001470937,0.0,0.0,0.0,0.0,0.0,0.0,0.0016864569344786804,0.0,0.0,0.0
PPBP_hg,0.0,0.0,0.004768468609110154,0.0,0.0018255185870189397,0.0,0.0,0.0,0.0,0.0,0.0,0.0,0.0,0.0,0.0
PPDPFL_hg,0.0,0.0,0.029306521633694203,0.0,0.007137812161190066,0.0,0.006137655852050041,0.03964607406356989,0.0,0.0,0.0,0.0,0.0013964100203594887,0.0,0.007294143467008028
PPFIA2_hg,0.0,5.1381539479066666e-05,0.0,0.0001886326369439497,6.196906988461988e-05,0.0,0.0,0.0,0.0,0.0,0.0,0.0,0.0,0.0,8.011433031409567e-05
PPFIBP1_hg,0.0,0.09651542943980497,0.0885881675337061,0.0,0.7299273762123109,0.0,0.0,0.0,0.0,0.040813247549819076,0.017361428765920586,0.022173835589318912,0.0,0.0,0.0
PPIB_hg,0.09863148896178359,0.38064221081013594,1.0411713421651967,0.0,1.5824818083487138,0.6577169011290627,0.8677993359052333,1.8048941586169809,0.0,0.5023339243116054,0.2564679458002385,1.173996601345891,0.9406246194245045,0.28891062137432527,0.8028784386542978
PPIP5K2_hg,0.0,0.4825535313673322,0.15818675369061905,0.18239114357078084,0.3660996243252145,0.667959755072871,0.004035409046504888,0.8061079386215116,0.09450082609554875,0.10713357915103289,0.04934661556983815,0.0,0.7580009706859969,1.2101751669864795,1.7969467575506972
PPOX_hg,0.0,0.1005650236150798,0.17441071291791102,1.2725468269918288,0.0,0.025349187759439937,0.045275112940974506,0.08528294924399796,0.0,0.0,0.0,0.13641896347128116,0.020617919258383462,0.0,0.0
PPP1R15A_hg,0.0,0.6445625413156455,1.05054797426006,0.6459048556456604,0.9137088775128166,0.10687414980897444,0.0,0.0,0.0,0.508991458643942,0.5938986721360715,1.033752062510947,0.0,0.0,0.0
PPP1R16B_hg,0.0,0.0,0.08572985599621835,0.0,0.4453256162702286,0.0,0.0,0.0,0.0,0.042860008499049765,0.0,0.3104977570991366,0.0,0.06204488398316717,0.18948551347556394
PPP1R1A_hg,0.0,0.0,0.0,9.739288898929363e-05,0.0013037082552919135,0.0,0.0,0.00012174828590238375,0.0,0.0,0.0,0.0,0.0,0.0,0.0
PPP1R1B_hg,0.0,0.0006892523413978645,0.0,0.0010400193481524028,3.076831968128754e-05,0.0,5.344967040334268e-05,0.0,0.0,0.0,0.0,0.0,1.7514864832199155e-06,0.0,0.0
PPP1R3B_hg,0.023176955693627613,0.6182053354797091,0.21005769719959239,0.015864502777022466,0.16597482696188365,0.0310701385134936,0.03267159258083163,0.0,0.0,0.00879244444927635,0.09746740900027928,0.0020441061275200258,0.0,0.0,0.0
PPP1R9A_hg,0.0,0.0,0.000340942528529981,0.0004957172173551098,0.005303265873537873,0.0,0.0,0.0,0.0,0.0,0.0,0.0,0.0,0.0,0.00039152229609795496
PPP2R2C_hg,0.0,0.0,0.0,0.056107481640148706,0.0,0.0,0.0,0.0,0.0,0.0,0.0,0.0,0.0,0.0,0.0
PPP2R5C_hg,0.026411678249757292,0.3834104471446055,1.225271723537014,1.026340748807668,0.5300700734744195,0.4869068085285123,0.015198273354346977,0.5160235987670019,0.14411319381580315,0.7872504565995653,0.12431882694424361,0.025881819942313578,0.781019601390709,0.22169237151350057,1.3411472541318399
PPP4C_hg,0.0,0.3154177110944003,0.0,0.0,0.5993065341024298,0.08682951493282844,0.186892661608412,0.02673587960110168,0.0,0.42000634063214587,0.025822013349014336,0.9863673073137775,0.015208630717856195,0.019651010004687604,0.3860997852215306
PQBP1_hg,0.0,0.04839635282827211,0.0,0.22564084625345082,0.4267466242236718,0.3254359484740334,0.6305674191511095,1.0937796151415546,0.0,0.2433077364907077,0.0,2.274999826675385,0.13469289493304312,0.06612637262625404,0.0
PRDM9_hg,0.002090122917693464,0.0,0.030559765216727645,0.043539717626639114,0.03265321379727931,0.0,0.0,0.007003467380496125,0.0029793123244678025,0.0,0.0,0.0025554770777399594,0.0011310307893172594,0.013794125529381434,0.0
PRDX2_hg,0.0,0.04071030340259646,0.0,2.1268354238727083,0.12045043155167254,0.30825537845091516,0.981796693984488,2.5843739205426397,0.0,0.0,0.0,1.057677294554304,0.41964906384686146,0.0,0.0
PRDX5_hg,0.0,0.0,0.7593100220305397,1.1904855431600831,1.299182271643415,0.0,0.5682505118124686,1.551690163819842,0.0,0.5541067107213138,0.0,2.0161943955678407,0.0,0.0,0.31391168979787704
PREPL_hg,0.0,0.18849138955691913,1.021519161695232,0.40077461279595894,0.5040484259757064,0.15454401748482013,0.0,1.0496778587527438,0.13211485353612354,0.05532315050547723,0.0,0.19501521143635103,0.3453626705053176,0.4104581234221642,0.09210221700973996
PREX2_hg,0.0,0.0,0.0,0.0,0.0,0.008598874943762708,0.0,0.0,0.0,1.6217873637366437e-05,0.005864432290991287,0.0,0.0,0.0,0.029156202187950717
PRG2_hg,0.0,0.0,0.0,0.057949173683765835,0.12760027367036716,0.0,0.0,0.030292785830456255,0.0,0.0,0.0,0.0,0.0,0.0,0.0
PRG3_hg,0.0,0.0,0.0,0.0013418651568585472,0.0,0.0,0.0,0.0,0.00012782633542248172,0.0,0.0,0.0008393444048547629,0.0,0.001787994118041155,0.002634587190015933
PRKAB2_hg,0.034290154565956084,0.15934003041564282,0.592297515633511,0.18183556080455054,0.41753623916528937,0.09019461206197363,0.0,0.0,0.0,0.034295694534763915,0.0,0.0654940968761146,0.0,0.0,0.05928187728283835
PRKACB_hg,0.0,0.05941247200474247,0.26331048773538096,0.02765066614850923,0.26761661711277895,0.0,0.0,0.06137378918514765,0.0,0.028488659607394568,0.0,0.0,0.0,0.0,0.27324865208464577
PRKCE_hg,0.0,0.0020595548350621756,0.019734492119352253,0.0,0.02471570603894369,0.0,0.0,0.0,0.0,0.0,0.0,0.0009032019261964796,0.0,0.0,0.029637715861824152
PRKG1-AS1_hg,0.00901825552065986,0.27575103832753567,0.0014708996044319963,0.0,0.050371767921980816,0.03951577992110214,0.0,0.023878277449609638,0.01085420374462331,0.0,0.0,0.0645795669744326,0.025955497205878617,0.0,0.04186956935651962
PRKN_hg,0.0,0.4053837023985574,0.015545536624436189,0.0014627345910269965,0.0,0.010094634940803725,0.020326523334231895,0.006725495065488233,0.0,0.014352525705430014,0.06983855384250134,0.035226832228400055,0.024610880192161233,0.0,0.0
PRMT8_hg,0.0,0.12281029675512975,0.015210077965223235,0.0,0.0,0.011964540821191355,0.0015868347428885596,0.004806737144625509,0.0,0.0,0.02050029440708272,0.003908759764090176,0.0,0.0,0.0
PRO1804_hg,0.0,0.002423397672582818,0.0,0.000674674542852867,0.0,0.0,0.0,0.0,0.0,0.0,0.0,0.0,0.0,0.0,0.0022858352623306927
PROB1_hg,0.0,0.021095403786615213,0.06284476204453257,0.0013579607579914936,0.0,0.007066334105054383,0.0,0.0025205998455770802,0.0,0.0,0.0,0.08305942761049676,0.0,0.0,0.0366858336996442
PROC_hg,0.0,0.0,0.00045485533698188944,0.0,0.0002034925461496578,9.699953818961326e-05,0.0,0.0,0.0,0.0,0.0,0.0,0.0,0.0,0.0
PROK1_hg,5.083605519390588e-05,0.0,0.0,0.0008895516039619082,0.0021640666806770122,0.0,0.0,0.0,4.633789604711731e-05,0.0,0.0,0.0,0.0,0.0,0.0
PROM1_hg,0.0,0.0001786444094748246,0.0,0.001325444380724663,0.001979162771792431,0.0,0.0,0.0,0.0,0.0,0.0,0.0,0.0,0.0,0.0
PROX1_hg,0.0,0.00044925087629353887,0.0,0.021104815934547272,0.014654351763119204,0.0,0.0,0.0,0.0,0.0,0.0,0.0,0.0,0.0,0.0
PRPSAP1_hg,0.0,0.5579399593120626,0.7762936296713762,0.14377662975010436,0.06998506972278289,0.11269500048387351,0.11916008935883636,0.23842042925574797,0.0,0.009382170520163534,0.049349473451049224,0.12934210504115495,0.05974288914105284,0.13233827085396807,0.23296975827078342
PRR11_hg,0.0,0.534378567475438,0.31890467818357865,0.0,0.0,0.4868426224939451,0.11524125829664943,0.006016597852075454,0.0,0.4636903706597995,0.5131375819722273,0.0006831580103717267,0.0,4.2842428757395234,0.452736228519725
PRR15L_hg,0.0,2.377719269763926e-05,0.0,0.0,0.0006094897813077055,0.0,0.0,0.00034240216323889035,0.0,0.0,0.0,0.0,0.0,0.0,0.0
PRR20G_hg,0.0,0.0,0.0015376315300810446,0.0,0.0007823211087036724,0.0,0.0,0.0,0.0,0.0,2.9321867188119066e-05,0.0013473672115555623,0.0,0.0,0.0
PRR34-AS1_hg,0.0,0.0,0.0007353414162800494,0.00011797273024670165,8.042630395740728e-05,0.0,0.0,0.0,0.0,0.0,0.00020716466757377306,0.0,0.0,0.0,0.0
PRR9_hg,0.0,0.0,0.04783671725308382,0.0,0.13918498040522287,0.0,0.0,0.0,0.0,0.0,0.0,0.0,0.0,0.0,0.007864365171341073
PRRX2_hg,0.0,0.0009536336732900298,0.0008252989949925166,0.0006660811580910434,0.0008210279356991066,0.00027048927751560295,0.0,0.0,0.0,0.0,0.0,0.0,0.0,0.0,0.0
PRSS1_hg,0.0,0.0,0.006382200214231416,0.0,0.020546830450870558,0.0,0.0,0.0,0.0,0.0,0.0,0.0,0.0,0.0,0.0
PRSS21_hg,0.0676889777980485,0.064650036719328,0.2606298322092613,0.5896054710292558,0.15074731339763042,0.43227306447540126,0.0330750271151075,0.8829694980961948,0.032235831704276484,0.0,0.0,0.5316444692087107,0.1289074625381372,0.0,0.0
PRSS22_hg,0.0,0.0,0.0,0.0,0.0020071540980963294,0.0,5.3767487277917427e-05,0.0,0.0,0.0,0.0,0.0,0.0,0.0,0.0
PRSS27_hg,0.0,0.5576420997250822,0.035285131782897466,0.0,0.0,0.031082506597639923,0.011747249542801527,0.0,0.0,0.07546928269342393,0.13121490688853787,0.0,0.0,0.0,0.00044054190383627933
PRSS2_hg,0.0,0.0,0.20802580264987738,0.0,1.1757589977371947,0.0,0.024174183894554176,0.0,0.0,0.0,0.0,0.0,0.0,0.0,0.0
PRSS30P_hg,0.0,0.0,0.0,0.0031301641950869635,0.060197258040049904,0.0,0.0,0.005799108760081266,0.0,0.0,0.0,0.0,0.0,0.0,0.0
PRSS41_hg,0.0,6.397789108323922e-05,0.0006758052748024455,3.9592930401451896e-05,0.0,0.0,0.00031051729277519586,0.0,0.0,0.0,0.0,0.0,0.0,0.0,0.0
PRSS57_hg,0.0,0.0,0.0,0.0,0.0,0.0,0.0010305902501457644,0.0,0.0,0.0,0.0,0.08391447207717492,0.0,0.0,0.0
PRSS8_hg,0.0,0.0,0.22414702656939903,0.0037152200809311424,0.0,0.0,0.0015463042860470388,0.03734733197381401,0.0,0.0,0.0,0.23108915593258847,0.0,0.0,0.0
PSAP_hg,0.7813185675719893,0.0,1.7409061861525388,3.016411165581497,2.3399793713213657,0.0,0.9131956631203163,0.0,0.1627487042050204,1.8059828221562957,0.6878268535672749,2.3729828399047963,0.6219532340024115,0.5738036434080733,2.3478662635430556
PSAT1_hg,0.0,0.0,0.7455306435787081,0.0,0.0,0.06788672743051023,0.0,0.38384693796906827,0.0,0.0,0.0,0.47332161731996014,0.18714301612595174,0.0,0.1666785230904584
PSG11_hg,0.0,0.0,0.0,0.0,0.0026934681378510267,0.0,0.00022106038318740214,0.0,0.0,0.0,0.0,0.0,0.0,0.0,0.0
PSG4_hg,0.0,0.0,0.0008971249237532307,0.0,0.006874683932135478,0.0,0.0,0.0,0.0,0.0,0.0,0.0,0.0,0.0,0.0
PSG9_hg,0.0,0.0,0.0,0.0,0.006358210349366292,0.0,0.0,0.0,0.0,0.0,0.0,0.0,0.0,0.0,0.0
PSIP1_hg,0.15790330819654594,0.4698061013823013,0.8596446439850458,0.265871281445947,0.0,0.30410632739330345,0.0,0.0,0.0,0.628619561770207,0.38494998385597395,1.5252997401058017,0.4050963971254344,1.4490084717458338,0.5205833569368907
PSMB9_hg,0.0,0.0,0.05453822200639359,0.09327864917710324,0.15352545947740906,0.0,0.0,0.06631487925407832,0.0,0.0,0.0,0.0,0.0,0.0,0.08272181022818462
PSPH_hg,0.0,0.20500190039194519,0.5530785023002737,0.0,0.0,0.0,0.14406402312057365,0.1729209040751663,0.0,0.0,0.02815917280000601,0.31589063156820224,0.07059084446112349,0.0,0.027377375785947428
PTGER4_hg,0.0,0.0,0.0,0.0003115456673930773,0.0012864651246483386,0.00033065065569626767,0.0,0.0,0.0,0.0,0.0,0.0,0.0,0.0,0.0
PTGES_hg,0.00010374445527490384,0.002089612970615669,0.0,0.0,0.022284318878692762,0.00024870412847032084,0.0,0.0,0.0,0.001657056814324062,0.0004897426846748246,0.0,0.0,0.0,0.0
PTGFRN_hg,0.0,0.044885970370115956,0.09847114962799608,0.013356196171455954,0.39548292107423194,0.1003411877278081,0.0,0.10947015842124701,0.0,0.05329646288843158,0.0,0.3020484008501314,0.180895793704832,0.16476145062517075,0.8380440166276641
PTGS1_hg,0.0,0.008592090843602088,0.0,0.34465884866722957,0.495533666090543,0.0,0.0,0.0,0.01501789884471714,0.0,0.0,0.0,0.0,0.0,0.0
PTGS2_hg,0.0,0.0,0.0,0.0,0.0,0.0,8.993843191885002e-05,0.0,0.0,0.0,5.6457717669303906e-05,0.0,0.0,0.0,0.0009684915834926092
PTK6_hg,0.0,0.5285080033141032,0.0,0.006458035656993183,0.0,0.0,0.005581530277009516,0.0,0.0,0.07392594994992101,0.14397581100860168,0.0,0.0,0.0,0.0
PTPA_hg,0.0,0.11486797846954418,0.0,0.05762241005277362,0.17193824001283592,0.3604810231044536,0.0,0.27297386548469543,0.0,0.10695854113501758,0.04432576775927507,0.8828666155263358,0.03199875090847742,0.08904145496837833,0.3122399513602869
PTPDC1_hg,0.04782020252745461,0.1512651867228196,0.41593727200691394,0.028544463508679552,0.06981793271461188,0.10123641367414044,0.0,0.0,0.0,0.0197902436535715,0.0,0.15323539241484377,0.0,0.09522501294542694,0.0047682206718325905
PTPN22_hg,0.0,0.022191002579658954,0.015978746685085806,0.0,0.1355286481429461,0.0,0.0,0.052077065562758415,0.0009463949757548074,0.0,0.0,0.04924825247768626,0.0,0.0,0.1758382519387792
PTPN7_hg,0.0,0.0321682952519422,0.0,0.0,1.1134764793598781,0.29364639651961855,0.09936364822124809,0.38474303946348465,0.17647471389744745,0.5195017628424518,0.17068436469190934,1.1527085945184157,0.2616425238320693,0.0,1.1684015088539659
PTPRB_hg,0.011304441228167358,0.0669960092055741,0.028549277746843706,0.005754794157870004,0.024260729506077175,0.010026570757730299,0.0,0.007753910161955482,0.0,0.01497364383499029,0.004181781684871856,0.0639109384774926,0.0,0.0,0.20773762536478635
PTPRC_hg,0.0,0.12102648119638172,0.4943992017389774,0.0,0.2980680602529135,0.32028122998333974,0.04610326342605077,0.4948889830691251,0.0,0.33628984557744646,0.0,0.44655433223998403,0.05453802710040758,0.1677931642439457,1.9821785302521329
PTPRF_hg,0.0,0.3222092843059569,0.020717657558924858,0.3461746447208674,0.681375116510269,0.0,0.0,0.0,0.0,0.0,0.03207495872167416,0.0,0.0,0.0,0.0
PTPRH_hg,0.0,0.05069846808845182,0.6091881739740735,0.0056170935388718465,0.26743882050661655,0.0,0.06252973448574253,0.0,0.0,0.0,0.0,0.5177785583209567,0.0,0.0,0.0
PTPRJ_hg,0.031485355147233385,0.25547216750657803,0.1315090390700339,0.10121769210073893,0.15724806599873065,0.030444638892276946,0.0,0.04095736503728648,0.0,0.10437692499748755,0.0,0.0822431643378255,0.0,0.0,0.37352572815860774
PTPRN_hg,0.0,0.0,0.027041288368295714,0.0,0.5004178823372178,0.0,0.0,0.0,0.0,0.0,0.0,0.0,0.0,0.0,0.0
PTTG1IP_hg,0.0,0.1480769054527647,0.7008988662825865,0.2361344879859254,0.7459993523819939,0.2161859244636185,0.06293303148504428,0.7545662421945776,0.002043749444752218,0.24547156566748327,0.09546184821443626,1.1420471848400457,0.33656887831478255,0.2558588653173309,1.2573670372721
PTX3_hg,0.0,0.00044369571297803753,0.0027760993568350096,0.0025577281734869887,0.007240462121299111,0.0,0.0,0.0,0.0,0.0,0.0,0.0,0.0,0.0,0.0027245410223761314
PVALB_hg,0.0,0.0,0.0,0.00667852658883811,0.005043854730949433,0.0,0.0,0.006253835710680677,0.0,0.0,0.0,0.0,0.0,0.0,0.0
PVR_hg,0.0,0.0890322850154466,0.18014258263442226,0.060730756306958504,0.28918735330894013,0.0,0.0,0.0,0.0,0.06885193430320964,0.004231772417092015,0.24481438972219607,0.02528517619373695,0.0,0.19122632707763224
PXDNL_hg,0.0,0.0,0.0005015457415018412,0.00030223677379035037,0.0008171602340520827,3.8544799210825126e-05,0.0,0.0,0.0,0.0,0.0,0.0,0.0,0.0,0.0
PYCARD_hg,0.0,0.0,0.01202332055502313,0.0,0.0,0.0,0.06414130529537457,0.25434842666038293,0.0,0.0,0.0,0.0,0.0,0.0,0.2581061000221285
PYCR1_hg,0.0,0.06380625799796341,0.6718836314434037,0.5792704447897734,0.04784418468627672,0.14490140398869444,0.1212275704172984,1.3147820943113344,0.0,0.0,0.0,2.0503276036356834,0.6060521688508587,0.030297003553667108,0.0
PYGB_hg,0.0,0.029301198960501033,0.3129082939509702,0.0,0.6654284828917677,0.0,0.0,0.03671331163637506,0.0,0.0,0.0,1.5058887717398481,0.044848523877508054,0.0,0.3843524479653833
QRICH2_hg,0.0,0.06174648113191028,0.08250204381001634,0.0,0.0,0.0,0.0,0.0,0.0,0.0,0.0,0.0985278113021121,0.0,0.0,0.010909891547512363
QSOX1_hg,0.0,0.19327568467605163,0.11055457520083517,0.7784598867195192,1.557714072931133,0.0,0.0,0.0,0.0,0.266676275116673,0.053851205219210996,1.2614830368801784,0.01038841401783518,0.0,0.0
RAB15_hg,0.0,0.26884490134154054,0.0,0.0,0.00022026214428145529,0.013089897265242536,0.0,0.009260975019206974,0.0,0.008191420351809432,0.06317911001527965,0.025073004249536256,0.0,0.0,0.0
RAB27A_hg,0.0,1.201007354700268,0.7309095407944458,0.0,0.0,0.010811935339288259,0.07213164815837271,0.7435944950319611,0.0,0.45542589647822296,0.3643956749429585,0.41649090717135345,0.5201925871466749,0.0,0.0
RAB27B_hg,0.0,0.0,0.0,0.0,0.11039679204690628,0.0,0.0,0.08101467075816354,0.0020270609945210547,0.03580944921954321,0.0,0.12540494965344576,0.026704444067834832,0.004186519777916928,0.2199052835604161
RAB32_hg,0.012974473685982082,0.062075422283507785,0.43142133638075725,0.0,0.35069538372442616,0.0,0.0,0.14275340175359447,0.0,0.0,0.0,0.0,0.0,0.0,0.372527243173125
RAB3B_hg,0.0,0.08455813917004715,0.09835208023058656,0.0922551436648398,0.42067734826638764,0.0,0.0,0.0,0.0,0.009369902099819798,0.0,0.04955138159744335,0.0,0.0,0.04514794724779716
RAB4B_hg,0.0,0.5780014504031579,0.0,0.0,0.040929966334440446,0.00682950986344844,0.02238922744684395,0.0,0.0,0.04775049983616797,0.14126919502528848,0.0,0.009245273977148187,0.0,0.0
RAB5C_hg,0.0,0.03545841651055839,0.0,0.0,0.0,0.191692821180946,0.035378991785228596,0.0800827010405464,0.0,0.0,0.0,0.46280254184946684,0.003221733057788539,0.0,0.2020559890149637
RAB6A_hg,0.0315482956883479,0.26831026487876186,0.5281670022478616,0.09186158883653622,0.3719771684672194,0.07607424620508897,0.0,0.16758102765859528,0.016827354907698017,0.04577712277264295,0.0,0.07731576527650683,0.17813366194165328,0.05408120278361867,0.356834950356912
RAB7B_hg,0.0,0.0,0.0,0.0,0.09787360751986054,0.0,0.0,0.0,0.0,0.0,0.0,0.0,0.0,0.0,0.0
RAD23A_hg,0.050300888851906464,0.284354132787846,0.1385742382004979,0.1710018680998317,0.18591573226832825,0.6341821409423809,0.0,0.0,0.0,0.5781034240511587,0.0,1.427904689074958,0.0,0.10133714277430786,0.0
RAD50_hg,0.0,0.9897468383873604,0.7183644171964269,0.802313366857743,0.39155784284973244,0.6895100797795138,0.0,0.0,0.03344896910442871,0.4921283375002404,0.2757512986507589,0.9916529325008071,0.8479898806125051,2.0545046764552852,0.5122770535098081
RAET1E-AS1_hg,0.0,7.413147248817811e-05,0.0,1.7754977831276846e-05,0.0,0.0,0.0,0.0002761575175985686,0.0,0.0005522072905720407,0.0,0.0,0.0,0.0,0.0
RAG2_hg,0.0,0.0011767379602603146,0.00015861926055293945,0.0,0.0023937629640083807,0.0,0.0,0.0,0.0,0.0,0.0,0.0,0.0,0.0,0.0020993058874866403
RAI1-AS1_hg,0.0,0.0,0.0,4.535358973432217e-05,0.001203713135595142,0.0,0.0,0.00040746367942852223,0.0,0.0,0.0,0.0002586932898407604,0.0,0.00045859596819180804,0.0
RAI2_hg,0.0,0.0,0.0,0.009259452484349374,0.0,0.0,0.0,0.0,0.0,0.0,0.0,0.0,0.0,0.0,0.0
RALA_hg,0.15162059603297148,0.06911621936700028,1.378239679121135,0.045285308418245074,1.2392745867700787,0.23901031030613215,0.0,0.2805429707330481,0.0,0.7129394104964575,0.02001213431323777,0.47765104232996364,0.4170416361525986,0.1221179521700635,0.25043506840521984
RAMP1_hg,0.0,0.0,0.0,0.0,0.051338998702868656,0.0,0.0,0.0,0.0,0.0,0.0,0.0,0.0,0.0,0.0
RAMP2-AS1_hg,0.0,0.7811423694517987,0.0,0.0,0.060631745305866236,0.05228507775774294,0.04769799921508003,0.0,0.0,0.014101516767239254,0.18608193889914793,0.03326813050611971,0.01667238154523717,0.0,0.0022854455152301056
RAP1GAP2_hg,0.0004679869505816498,0.0038537151409833315,0.0,0.0001125828696542912,0.008125817064211354,0.0,0.0,0.00357546566249296,0.0005597482249484149,0.0,0.0,0.013419027857033049,0.0,0.0,0.0
RAPGEF1_hg,0.07453635848386074,0.25498651747313955,0.08870488087256431,0.13439823041588922,0.5397262590625168,0.36708593074338436,0.0,0.0,0.0,0.038218057284340724,0.03371372989345426,1.5490332981189199,0.0,0.010788871721322783,0.36077800609157457
RAPGEF4-AS1_hg,0.0,0.0,0.0,0.00035911083886568486,6.606562335107462e-06,0.0,0.0,0.0,0.0,0.0,0.0,7.478708786481059e-05,0.0,0.0,0.0
RARRES2_hg,0.0,0.000435794510478888,0.0,0.0018274809873510135,0.0,0.0,0.0,0.0,2.8674423163142743e-06,0.0,0.0,0.0015615620446964898,0.0,0.00012938714093410175,0.0
RASAL1_hg,0.0,0.0,0.0,0.0024665215568972884,0.012048974736799448,0.0,0.0,0.0,0.0,0.0,0.0,0.0,0.0,0.0,0.0
RASAL3_hg,9.803560037758098e-05,0.0,0.0,0.0,0.0,0.0,0.0,0.0005948257854568481,0.0012080403162044132,3.5058443748294365e-05,0.0,0.0,0.0,0.0,0.0
RASEF_hg,0.0,1.0718286822397602,0.0,0.2839250159911004,0.3236505269763865,0.12927080767081997,0.07753142021921039,0.0,0.07805492740126448,0.0,0.0,0.9098966619873696,0.0,0.0,0.0
RASGRP3_hg,0.0,0.17253577726544042,0.3705492828497898,0.0,0.18866621838866662,0.0,0.0,0.0,0.0,0.0,0.023286405588472753,0.03981682566358489,0.0,0.0,0.0
RBBP6_hg,0.0,0.9868593649981487,0.18678489091921494,0.0,0.6968299162404548,0.6858249799306978,0.0,0.0,0.16144915178003272,0.04868637719394024,0.14928334005651947,1.1508816121126677,0.7245721736036795,2.422533836546796,0.38097093521189546
RBCK1_hg,0.0,0.0,0.9520284988880208,0.07495799449768369,0.1119016741321186,0.0,0.14648846597562157,0.23450748822142958,0.0,0.0,0.0,0.4882701575255115,0.0,0.0,0.0
RBFADN_hg,0.0,0.7306219183866159,0.03072591801035528,0.0,0.038363609865671076,0.05104836977193471,0.035727935775477546,0.0,0.0,5.014446034742036e-05,0.1628209772212048,0.07177803852680688,0.03611858304855429,0.0,0.03247226409397714
RBFOX3_hg,0.0,0.1121410620507444,0.005648600906255406,0.0,0.0,0.00014427203098798378,0.004158706132902643,0.0,0.0,0.0020304609705323697,0.009661725247784494,0.020314710995086846,0.0024463892072002177,0.0,0.04921439688492211
RBIS_hg,0.24891368380042905,0.05248889024991227,0.0,0.0864059510408523,0.16686391244985735,0.3027057798557541,0.0,1.9614818471815625,0.04597923937280417,0.02146656542528461,0.0,0.0,0.08056459780151828,0.018839512401519452,0.0
RBM46_hg,0.0,0.0,0.0016411915457944417,0.0023417357033704554,0.0020659943900390577,0.0,0.0,0.0,0.0,0.0,0.0,0.0018908407247711905,0.0,0.00030404322683844163,0.0
RBM47_hg,0.0,0.11028026106959123,0.09022885580130063,0.0,0.25172736751410935,0.01085409743171633,0.0,0.0,0.0,0.12065069673241532,0.03665466973122857,0.026663177379483493,0.0,0.0,0.13599255219335388
RBMS3-AS3_hg,0.0,0.14692477129481726,0.0,0.0,0.002271272683119354,0.019248431431056562,0.0,0.014120975379405262,0.005556403585735944,0.02963056341327008,0.0012196169327751277,0.04636657736126126,0.0015851420707097665,0.0034557027839277736,0.004926440002463199
RBP2_hg,0.0,0.0,0.0,0.0002795175654849747,0.006456962309038099,0.0,0.0,0.0,0.0,0.0,0.0,0.0,0.0,0.0,0.0
RCAN1_hg,0.0,0.029111005396990065,0.4293092604743569,0.014080040306570481,0.190299263244858,0.0,0.020168766615688206,0.14050888322251606,0.0,0.08263210665918456,0.0,0.09593808489880402,0.05997105345176456,0.0,0.10736454166577926
RCSD1_hg,0.0,0.3761342992662943,0.5246589271993428,0.43281304798482134,0.0,0.010112118991606708,0.0,0.09180832227607673,0.0,0.1235110852541754,0.12407331926535974,0.1315546894223392,0.054071911347014494,0.11126636713104875,1.4407725654330952
RDH10_hg,0.0,0.019362629379227666,0.0,0.0,1.5065228997233278,0.01735406380031495,0.0,0.14725040101041437,0.0,0.2056805222203874,0.0,0.028314492323036754,0.3438076513992434,0.014974220820852875,0.18265512588383134
REELD1_hg,0.0,0.0012753317775818767,0.0,0.00212834385296762,0.00036818748637370825,0.0,4.095526820068484e-05,0.0,0.0,0.0,0.0,0.0,0.0,0.0,0.0
RELN_hg,0.0,0.03526202600525393,0.2851067954119154,1.8472641273152484,0.27522647557201,0.0,0.0,0.1751610892753086,0.006567498777158718,0.0,0.0,0.0,0.14470034789815706,0.6342984036073919,0.23318540545905228
REN_hg,0.0,0.0,0.0,0.0,0.36054977450796366,0.0,0.0,0.0,0.0,0.0,0.0,0.0,0.0,0.0,0.0
RESF1_hg,0.11393208753030314,0.42779698876320704,0.6996096940460388,0.828265697872013,0.3543985582128482,0.15690991955152506,0.16075777666383528,0.5318351450590413,0.23930560002304987,0.0,0.0,0.0,0.3106440623006924,0.42019964738637794,2.623311708446955
RETREG1_hg,0.0,0.0009284012181678814,0.002418217196814119,0.007278520462064425,0.006441374440752084,0.0,0.00036303710171787124,0.00279851857897598,0.0,0.0,0.0,0.0,0.0,0.0,0.008260632131132092
RETSAT_hg,0.0,0.13673703116754574,0.11654766953940301,0.06664561014368227,0.15498656849476544,0.0,0.0,0.160748361805356,0.0,0.004991459706908645,0.011044349033052174,0.23055939285053478,0.04595045225222387,0.0,0.302805546828296
RFFL_hg,0.0,0.6097593839900323,0.18676048542819756,0.042087827313816814,0.14012123561346715,0.10897337851849132,0.032354456676446604,0.05926270431022006,0.0,0.05420433284114222,0.11382941689942434,0.00612637045386612,0.0,0.0,0.08137479085787105
RFPL4AL1_hg,0.0,0.0,0.001792286574136249,0.002020450011147054,0.02043475987912874,0.0,0.0027521906373829544,0.0,0.0,0.0,0.0,0.0,0.0,0.0,0.0
RFX3_hg,0.0,0.029305998841209536,0.2888840611620394,0.03991327107641796,0.0,0.010282745606948043,0.0,0.017819645434674673,0.0,0.005669177834114693,0.0,0.0,0.0,0.0,0.1816696613874047
RGS16_hg,0.0,0.0,0.23645175641666458,0.0,0.08940602762585556,0.0,0.0,0.0,0.0,0.0,0.0,0.5110824783403795,0.0,0.0,0.08209462122127725
RGS1_hg,0.0,0.0,0.0,0.0007427492204643567,0.0,0.0,0.000259357163636605,0.0,0.0,0.0,0.0,0.0008612479341309669,0.0,0.0,0.0
RGS2_hg,0.021079531802934526,0.0,0.0,0.015168254293186127,0.027707923531760124,0.028091737425802194,0.0,0.0,0.011496131539029522,0.0,0.0,0.0,0.0,0.0,0.0
RGS3_hg,0.0,0.0,0.17998122935490288,0.0,0.0,0.0,0.0,0.0,0.0,0.0,0.0,0.0976749843182587,0.0,0.0,0.0
RGS8_hg,0.0,0.00011624500914913696,0.0002618834449582765,0.0,0.00011094442983812527,0.0,0.0,0.0,0.0,0.0,0.0,0.0,0.0,0.0,0.0
RHBDD2_hg,0.0,0.11500485028980259,0.315729558695537,0.0,0.3115723908200277,0.03035429137964978,0.11101716334978282,0.0684420568368897,0.0,0.03732032822826889,0.0,0.4589766226731322,0.0,0.0,0.16102428695314142
RHBDF2_hg,0.0,0.40661644804824365,0.004842630679310395,0.0,0.014846430577009679,0.03021497268422818,0.013808260866649354,0.012453141924485154,0.0,0.0,0.07983427760209866,0.05677383142259718,0.011450318952551889,0.0,0.019453267299820436
RHCE_hg,0.0,0.006014247737492239,0.009781935029294312,0.8309137151618977,0.044721470038601614,0.0,0.0,0.02544601693798226,0.0,0.0,0.0,0.0,0.0,0.0,0.0
RHD_hg,0.0,0.020318389355777712,0.0,0.8148026727961859,0.04827469967804385,0.0,0.0,0.013421594836122585,0.0,0.0,0.0,0.0,0.0,0.003830372057911372,0.0
RHOC_hg,0.0,0.012252194352160743,0.14240509670852816,0.4441143304916952,2.486016451627649,0.13203014422151932,0.8836442453509066,1.5792325564738274,0.0,0.3559221102776742,0.0,1.3380890787810231,0.0,0.0,0.28824544007784925
RHOH_hg,0.0,0.06081397927905943,0.12518202508289514,0.0,0.3216202571121588,0.0,0.0720796014334401,0.08092220755300225,0.0,0.03951387049022196,0.0,0.0,0.0,0.0,0.3780152350722284
RHOQ_hg,0.0,0.15206526761677117,0.2945062737150514,0.24852190499496216,0.7786290879545549,0.28155622073881803,0.0,0.14331741683992336,0.04267177724505604,0.0,0.0,0.0,0.012390010070874646,0.1499625750923154,0.45931733130262764
RHOXF1_hg,0.0,0.0,0.0,0.0037218991220391924,0.0,0.0,0.0,0.0010423769986686211,0.001206498902548649,0.0,0.0,0.0,0.00035836160401883367,0.0,0.0
RIC3_hg,0.0,0.43797485141365167,0.021932490265976063,0.040760030618952954,0.0,0.06982393242459355,0.0,0.05292015921447402,0.05494563974177773,0.0,0.0,0.07501548077200236,0.0,0.0,0.08441473298038646
RIMBP2_hg,0.0,0.00019215618187878178,0.0014025706928977983,4.909954949574024e-05,0.0,0.0,0.0,0.0,0.0,0.0,2.0619335993571382e-05,0.0006769856075021079,0.0,0.0,0.0
RIMBP3_hg,0.0,0.0,0.00013470064352719404,0.0001858823613577974,0.0,0.0003326311017585131,0.0,5.99462337432013e-05,0.0,8.194463570070216e-05,0.0,0.0,0.0,0.0,0.0
RIMS2_hg,0.0,0.7537859141311045,0.0028436210257045437,0.060734711740629235,0.0,0.0,0.009292517555348434,0.06514219417551957,0.0,0.16682615803712908,0.18134801024541983,0.0,0.0,0.0,0.0
RIMS3_hg,0.0,0.00322261453230244,0.04843827285375179,0.05869102009269258,0.03568859462168928,0.0,0.0,0.0,0.0,0.0,0.0,0.0,0.0,0.0,0.014564359185953045
RINL_hg,0.030776375725485142,0.18817458591988404,0.10968610924311593,0.04015129815636312,0.08478397490409115,0.0,0.0,0.0,0.0,0.009167024810127527,0.0003192699556581536,0.1625692766437819,0.0,0.013338168622835071,0.058787330362233686
RLBP1_hg,0.0,0.0,0.011308320837876423,0.0,0.0,0.0,0.0,0.0,0.0,0.0,0.0,0.0,0.0,0.0,0.006502684534874716
RLN3_hg,0.0,0.0,0.0,0.010680748696442033,0.09701291327839055,0.0,0.0007894177225695963,0.0,0.0,0.0,0.0,0.0,0.0,0.0,0.0
RN7SKP105_hg,0.0,0.0,0.0007106811595479953,0.0,0.0018958035903746877,0.0,0.0,0.0,0.0,0.0,0.0,0.00038682095622304336,0.0,0.00024922379505922513,0.0
RN7SKP127_hg,0.0,0.0,0.0,0.0009037236962494754,0.0015075009884938382,0.0,0.0,0.0,0.0,0.0,0.0,0.0,0.0,0.0,0.0
RN7SKP151_hg,0.0,0.0,0.000914837727611194,0.0010581963648533808,0.0019787066761539,0.0,0.0,0.0,0.0,0.0,0.0,0.001025047047975942,0.0,0.0,0.0
RN7SKP197_hg,1.8147870106197618e-06,0.00019314076105851003,0.0004717706658079948,0.0,0.0003049775271515674,0.0,0.0,0.0,0.0,0.0,1.727595860611508e-05,0.0,0.0,0.00017118136049791273,0.0
RN7SKP249_hg,0.0,0.0,0.0,0.00025891163497208084,0.0,0.0,0.0,0.00025130300788864116,0.0,0.0,0.0,0.0,0.0,0.0,0.0
RN7SKP264_hg,0.0,0.0,0.0,0.0,0.0,0.0,0.0,0.0004038264095306109,0.0,0.0,8.847473556485082e-05,0.0,0.0,0.0,0.0
RN7SKP56_hg,0.0,0.0,0.0,0.0,0.0,0.0,0.0,0.0,0.0,0.0,0.0,0.0,0.0,0.0,0.0017001933861569359
RN7SKP87_hg,0.0,0.0,0.0,0.0,0.0,7.073314772031524e-05,0.0,0.0,0.00031806596294234465,0.0,0.0,0.0,0.0,0.0,0.0
RN7SL138P_hg,0.0,0.0,0.0005344697852828735,0.0,0.002081164104613718,0.0,0.0,0.0,0.0,0.0,0.0,0.0007396432638643411,0.0,0.0007037414354760551,0.0
RN7SL2_hg,0.0,0.007719170563693922,0.006053237633165126,0.0,0.004138940035471882,0.07009206405590382,0.0,0.0,0.052579780617651235,0.1195993924498814,0.0,0.0,0.0,0.007815263589493023,0.0
RN7SL33P_hg,0.0,0.0,0.0,0.0,0.0,0.0,0.0,0.0,0.0002230572946522252,0.00026943898028300813,0.0,0.0009713274175896585,0.0,0.0,0.0
RN7SL426P_hg,0.0,0.0003704217538725306,0.0003168422247672077,0.0006165393522200138,0.0,0.0007629148156724581,0.0,0.00017049813519167084,0.0,0.0,0.0,0.0,0.0,0.0,0.0
RN7SL455P_hg,0.0,0.19420342284328554,0.008600284413670355,0.0,0.004103905209974727,0.005066721403194287,0.0037581077534830356,0.0,0.0,0.0,0.03443501144439554,0.014230061506601298,0.0,0.0,0.0
RN7SL494P_hg,0.0,0.0004384201369377127,0.0,0.0002374706281721451,0.0,0.0,0.0,8.708466993257355e-07,0.0,0.0,0.0,0.0,0.0,4.681416231616612e-05,0.0002567394463458975
RN7SL507P_hg,0.0,0.001319005441979733,0.0,0.0,0.0,0.0,0.0,0.0,0.0,0.0,3.7135074738992375e-05,0.0,0.0,5.335579651692996e-05,0.0
RN7SL510P_hg,0.0,0.39272909256689137,0.0,0.0,0.0,0.0,0.0,0.0,0.0,0.08598910971243506,0.13978153896430037,0.0,0.0,0.0,0.0
RN7SL523P_hg,0.0,0.0,0.0,0.00023705133880128936,0.0,0.0,0.0,0.0,0.0,0.0,0.00011935937177573203,0.0,0.0,0.0,0.00019944123659091054
RN7SL524P_hg,0.0,0.43627145982310594,0.0,0.0,0.0,0.0,0.0021766812167337366,0.0,0.0,0.10573272373852359,0.12542492533620064,0.0,0.0,0.0,0.0
RN7SL568P_hg,0.0,0.00036521826878982373,0.0,0.0,0.0,0.0,0.0,0.0,0.0,0.0,0.0,0.0,3.035241437627285e-06,0.0,0.0
RN7SL604P_hg,0.0,0.0,0.0,0.0,0.0002969709883778227,0.0,0.0,0.0,0.0,0.0,0.0,0.0,0.0,0.0,0.0006968186142338296
RN7SL605P_hg,0.0,0.3737474825831409,0.0,0.0,0.029218142711627256,0.005141122575792743,0.009030290512121612,0.032844626709470956,0.0,0.002821014606784444,0.060550447647068885,0.058571282785621785,0.02759328211358363,0.011155501296691565,0.015085389520081217
RN7SL670P_hg,0.0,0.22811490296740863,0.005186248692152649,0.0,0.0,0.013302188804688078,0.009422605723704867,0.017075140985698532,0.0,0.0,0.031592786839758955,0.0,0.0,0.0,0.0
RN7SL679P_hg,0.0,0.0,0.0,0.0007661068227437571,0.0,3.159149797575e-05,2.7041821678427597e-05,0.0,0.0,0.0,0.0,0.0,0.0,7.1432488592564e-05,0.0
RN7SL683P_hg,0.0,0.0,5.562055121825229e-05,0.0,0.0,0.00020419765900664763,0.0,0.0,0.0,0.0008955613193022838,0.0,0.0,0.0,0.0033586156505173753,0.0
RN7SL704P_hg,0.0,0.0,0.0,0.00015193346720485711,0.0,0.0,0.0,0.0003713908348089089,0.0,0.0,0.0,0.00016459441792304966,0.0,0.0,0.0
RN7SL717P_hg,0.0,0.0,0.0,0.0,0.0,0.00034915418576765154,0.0,0.0,0.0,0.0,0.0,0.0,0.0,0.0,6.647165098762089e-05
RN7SL73P_hg,0.0,0.1846116578523721,0.002988453658102876,0.0,0.05761679877725485,0.01767258049349224,0.0075361864764686695,0.0,0.0,0.0,0.025057689218710644,0.01620133906396963,0.020395012794751144,0.0,0.012761507415745652
RN7SL751P_hg,0.0,0.0,0.0,0.0,0.0,0.0,0.0,0.0,0.0,0.0,0.00013682120562381837,5.5808139253967e-05,0.0,0.0,0.0006486425488978543
RN7SL761P_hg,0.0,0.0003721166961286738,0.0,0.0,0.0,0.0,0.0,0.0,0.0,0.0,0.0,0.0011219182661133863,0.0,0.0,0.0
RN7SL784P_hg,0.0,0.35292294782350403,0.0,0.0,0.0,0.0,0.0,0.005848914802553844,0.0,0.04240949688999165,0.08353301135409752,0.0,0.0,0.0,0.0
RN7SL799P_hg,0.0,0.00017939236079211738,0.0,0.0,0.0,0.0,0.0,0.0,0.0,0.0,0.0,0.0,0.000190392369489904,0.0,0.0
RN7SL811P_hg,0.0,0.4095154647647635,0.0,0.0017224659888324056,0.010583934507721398,0.0,0.0035881822593702285,0.0077286492415737955,0.0,0.05568856537913167,0.10434862443114672,0.0,0.0,0.0,0.0
RN7SL856P_hg,0.0,3.9245049348325706e-05,1.8867542087750628e-05,0.0,0.0,0.0,0.0,0.0,0.0,0.0,0.0,7.278298585715007e-05,0.0,0.0,0.0
RNA5SP534_hg,0.0,0.0,0.0,0.0007498900572377494,0.0,0.0,9.763595853256361e-05,0.0,0.0,0.0,0.0,4.596876694944528e-06,0.0,0.0,0.000537427400198042
RNASE13_hg,0.0,0.0,0.00045274886694360626,0.0,0.0,0.0,0.0,0.0,0.0,0.0,0.0,0.0,0.0,0.0,0.0
RNASE1_hg,0.0,0.0,0.0,0.21727521708999084,0.15694390204951433,0.029491590238124914,0.007667248490733501,0.1250494009831234,0.0,0.0,0.0,0.0,0.0,0.0,0.0
RNASE7_hg,0.0,0.0,0.0,0.0,0.00022805980079313413,0.0,0.0,0.0,0.0,0.0,0.0,0.0,0.0,0.0012011129348333438,0.006359846318566235
RNASEL_hg,0.0,0.13331138180468036,0.303988420113439,0.15601062902190568,0.37399682373431886,0.0,0.0,0.0069908467743763645,0.0,0.0,0.0,0.17181801668863694,0.02300525176537668,0.0,0.2578192799138856
RNASET2_hg,0.0,0.23496020710422652,0.0,0.35299675952914655,0.9496455000600608,0.0,0.0,0.6084773621456887,0.09527167093784657,0.11487464923293479,0.0,0.554974802955698,0.12469209725856768,0.0,0.9117275018488268
RND1_hg,0.0,0.33630619241360354,0.0,0.0,0.004591446795848176,0.0,0.0,0.023701539366311673,0.0,0.013515922130794946,0.08918890554984091,0.0,0.0,0.0,0.0
RNF123_hg,0.017349867677303718,0.4785123818364686,0.03937465476005938,0.36570606175568227,0.062034004975933116,0.1417975278238693,0.02485474188780663,0.37734006265377296,0.0,0.0,0.09957806817703756,0.40881540543398687,0.0,0.0,0.0
RNF130_hg,0.0828606053592277,0.11248620456404274,0.15729371853413404,0.0,0.03556389836121184,0.06334975977508747,0.0,0.17301803383949763,0.0,0.0,0.0,0.09107369878407341,0.06694751536100815,0.0,0.7873248960196921
RNF133_hg,0.0,0.0,0.0,0.00017830541838449648,0.0007954678935958115,0.0,0.0,0.0,0.0,9.828866762448565e-05,0.0,0.0,0.0,0.0,0.0
RNF148_hg,0.0,0.0004001155033641049,0.00014173005457736938,0.0,0.00030319299108896863,0.0,0.0,2.073508487013107e-05,0.0,0.0,0.0,0.0,0.0,0.0,0.0008981758480723301
RNF14_hg,0.0017136566799099899,0.7595079383249991,0.2641437239607225,0.03308166905058851,0.16741899632171753,0.07267442611733267,0.0013383930288298534,0.09639900226396393,0.0,0.21910896405495114,0.2001005672425669,0.042025939630949555,0.17008445181056087,0.0,0.10156077877457463
RNF150_hg,0.0,0.0,0.0,0.0019994581151960554,0.002618506378157396,0.0,0.0,0.0,0.0,0.0,0.0,0.0026180707066895117,0.0,0.0,0.0
RNF165_hg,0.0,0.08649854685896942,0.05427391194351526,0.0,0.0,0.0,0.0,0.0,0.0,0.0,0.016876559701049697,0.04001691109896443,0.0,0.0,0.022941403070923502
RNF170_hg,0.0,0.6230967593315465,0.10124696929155254,0.008770544346719335,0.05344942327978629,0.07552061256276985,0.05453300131687911,0.04460960178175129,0.0,0.11142014718494518,0.0997446726286459,0.005349142443523062,0.01608558116399541,0.0,0.15267001973265257
RNF17_hg,0.0023711195017526413,0.017469906167066285,0.02640114308457235,0.04007060546081617,0.021150352782325625,0.0,0.0,0.0,0.0,0.0,0.0,0.026564233988316917,0.0013653540697551104,0.025730716252586258,0.0
RNF180_hg,0.00020372383704049773,0.0,0.0,0.0,0.0007870808735626792,0.0,0.0,0.0,0.0,0.0,0.0,0.0,0.0,0.0005765670164143982,0.0
RNF181_hg,0.3244383569157132,0.0,0.5482648695314865,0.45371100055642055,1.1591482015618888,0.03307416351681738,0.25518907226068377,3.315023186635644,0.0,0.035971032962041766,0.0,0.32861282969301775,0.0735179728551149,0.18168466237742362,0.25961101136846193
RNF186_hg,0.0,0.0,0.0,0.00025248432746872247,8.77133067145856e-05,0.0,0.0,0.0001331953099540216,0.0,0.0,0.0,0.0,0.0,0.0,0.0
RNF187_hg,0.11105032530293064,0.23126851741515408,0.33831903678049535,0.38879869841308146,0.3832632381676695,0.24207451451320158,0.0,0.0,0.0,0.31011857699617196,0.0320831321728849,0.8066040945335469,0.00589040147945659,0.0,0.40380737459083416
RNF212_hg,0.0,0.08738222592554871,0.0170014886577418,0.0,0.0,0.00467474730065793,0.004232868360451535,2.1056338173455947e-05,0.0,0.0,0.016139064027566513,0.014236910720957728,0.005940477667274858,0.0,0.0
RNF213_hg,0.07908447556437481,0.5651209261462435,1.249543918168783,0.9933003604178845,0.7194720226932659,0.23044168703813597,0.011374486464485873,0.0,0.0,0.3880780932769289,0.2939197381763908,0.5875418467130403,0.0,0.0,1.4992556042058731
RNF39_hg,0.0,0.0,0.00020988956067235175,0.0,4.97607235752531e-05,0.0,0.00011180397700184264,0.0,0.0,3.247065249338944e-05,3.836320589555368e-05,0.0,0.0,0.0,0.0
RNF41_hg,0.0,0.9514933897813076,0.5672740592292871,0.0,0.24239316519178247,0.0,0.14159236147179888,0.35420979130499336,0.0,0.2339919883184694,0.18092324941626223,0.027562356519286887,0.13542382992231666,0.0,0.13869743161482206
RNU1-100P_hg,0.0,0.0,1.3585837745141325e-05,0.0,0.0,3.00401661076651e-05,0.0,5.338757568924122e-05,0.0,0.0,0.00028228953174041734,0.0,0.00017426861318415462,0.0,0.0
RNU1-133P_hg,0.0,0.0,0.0,0.0003349894880610957,0.0,0.0,0.0,0.0,0.0,0.0,0.0,0.0002789880087954869,0.0,0.0,0.0
RNU1-82P_hg,0.0,0.0005174782707309548,0.0,0.0,0.0,0.0,0.0,0.0,1.766471115367795e-05,0.0,0.0,0.0,0.0,0.0,0.0
RNU2-35P_hg,0.0,0.00015221783215099965,0.0,0.0,0.0,3.0364259170667592e-05,0.0,0.0,0.0,0.0,0.0,1.4781709168098622e-05,0.0,0.0,0.0
RNU4-41P_hg,0.0,9.449020995479624e-05,8.640545727917219e-06,0.00013946571375775206,7.516403308326492e-05,0.0,0.0,0.0,0.0,0.0,0.0,0.0,0.0,0.00028017622601898026,4.785583608494692e-05
RNU4-8P_hg,0.0,0.0,2.7437012923614075e-05,0.0,0.0,0.0,0.0003434289860067127,0.0,0.0,0.0,0.0,0.0,0.0,0.0,0.0
RNU6-1051P_hg,0.0,0.0,2.471013691615543e-05,0.0,0.0,0.00025408545693025706,0.0,0.0,0.0,0.0,0.0,1.5828215812455497e-05,0.0,0.0,0.0
RNU6-1147P_hg,0.0,0.0,0.0,0.00016077071027200464,8.880858247387367e-06,2.4048663029403015e-05,0.0,0.00022200476209172071,0.0,0.0,0.0,0.0,0.0,0.0,0.0
RNU6-1186P_hg,0.0,0.0,0.0,1.6252306127335174e-05,0.00013232724558415797,0.0,0.0,0.0,8.729973835749124e-06,2.935374014658927e-06,0.0,0.0,0.0,0.00021328173457434266,0.0
RNU6-1245P_hg,0.0,0.0003735754234750374,7.620274800982709e-05,0.0,0.0,0.0,0.0,0.0,0.0,0.0,0.0,0.0008503842497994454,0.0,0.0,0.0
RNU6-1254P_hg,0.0,0.0,0.0,0.00011964144071513896,0.0,0.0,0.0,0.0,0.0,0.0,0.0,0.000718308524686667,0.0004246586192290925,0.0,0.0
RNU6-1337P_hg,0.0,0.0,0.0,0.0,0.0,0.0001350760051230648,0.0,0.00039036205667559526,0.0,0.0,0.0,0.0,0.0,0.0,0.0
RNU6-327P_hg,0.0,0.0,0.0002446631089904969,0.0,0.001938536669656787,0.0,0.0,0.0,0.0,0.0,1.0149765047634e-05,0.0,0.0,0.0,0.0
RNU6-407P_hg,0.0,0.014652872674329914,0.00032850882411286175,0.0,0.0,0.0,0.0,0.0,0.0,0.0,0.0035198625395579854,0.004743875049379557,0.0,0.0,0.0
RNU6-431P_hg,0.00023091410054069521,0.0,0.0,0.0,0.0,0.0005391538747709941,0.0,0.0,0.00010142407748931679,0.00016626451320001,0.0,0.0,0.0,0.0,0.0
RNU6-490P_hg,0.00013943575115924278,0.0,0.0,0.00012933596418707136,0.0,0.0,0.0,0.0,0.0,0.0,0.0,0.0007572899243594433,0.0,0.0,0.0
RNU6-517P_hg,0.0,1.8997908215237613e-05,0.0,0.0,0.0,0.0,0.0,7.659703889367807e-05,0.0,0.0,0.0,0.00018796729420410426,0.0,0.0,0.0
RNU6-605P_hg,0.0,1.541823702158593e-05,0.0,0.00013643889365975333,0.0,7.071161210851953e-05,0.0,1.4942808865862102e-05,0.0,0.0,0.0,0.0,0.0,0.0,0.0
RNU6-665P_hg,0.0,0.0005315969587321301,0.0,8.528997828115533e-05,0.0,2.8595247327307048e-05,0.0,0.0,0.0,0.0,0.0,0.0,0.0,0.0,0.0
RNU6-769P_hg,0.0,0.0014317592022490457,0.0008035231471634374,0.0,0.0015889428793235388,0.0,0.00011256754475375692,0.001124570843957382,0.0,0.0,0.0,0.0012208422419788887,0.0,0.0,0.0008546816617314593
RNU6-819P_hg,0.0,7.355518336381942e-05,0.0,0.0,0.0,7.827430782261992e-05,0.0,0.0,0.0,0.0,0.0,0.0005474628017205151,0.0,0.0,0.0
RNU6-88P_hg,0.0,0.0,0.0,0.0007543261557798182,0.0,0.0,0.0,0.0,0.0,0.0,0.0,0.0,0.0,3.256825547626387e-05,0.0
RNU6ATAC15P_hg,0.0,0.0,0.0002762189159158128,0.0,0.0,0.0,0.0,0.0,0.0,0.0,0.0,0.0,0.0,0.0,0.0017481051301618908
RNVU1-26_hg,0.0,0.0017989509392481048,0.0,0.0,0.0,0.0008870968972373784,0.0,0.0006198326713509014,9.864514999621299e-05,0.004070018493622335,0.00117101099203441,0.0,0.0,0.0,0.0
RNVU1-8_hg,0.0,0.0,0.0,0.0,0.0,0.0023275120179229595,0.0,8.988330561433993e-05,0.0,0.0012652108302843403,2.8604536126666288e-05,0.0,0.0,0.0,0.0
ROBO2_hg,0.0,0.035698791212819776,0.0,0.0,0.0,0.01000795387720846,0.0,0.02215532227549208,0.0076165045666870485,0.0,0.0,0.0024736385613661764,0.0,0.05351258311330187,0.09193739239981306
ROCK1_hg,0.0,0.7944915716600226,0.44167896444155724,0.0,0.8922051908672598,0.26597228760544084,0.0,0.0,0.0,0.6567066181530806,0.2333428166695053,0.7444567948710307,0.43812907017622876,1.3807587353670403,0.6341197198860277
ROR1-AS1_hg,0.0,0.14210796333966424,0.0059614138649584395,0.00015297311968376793,0.008119614882182985,0.02366605317304711,0.0,0.01778737783378411,0.005456616697401695,0.0,0.0,0.012108122692825069,0.0,0.0,0.022921698058566246
ROR1_hg,0.0,0.0,0.0,0.0,1.4316220771608178e-05,0.0,0.0,0.00010140137320177619,3.422188027832844e-05,0.0,0.0,0.0,0.0,0.0,0.0
RPA4_hg,0.0,0.00020823885149527874,0.0036454286235215743,0.0014398114713087273,0.007595140507053619,0.0,0.0006374877597645581,0.0,0.0,0.0,0.00045310175985875927,0.0,0.0,0.0,0.0
RPAP2_hg,0.0,1.3297179866784639,0.2734052799532994,0.20098873197466163,0.18066972491597755,0.27262909819948766,0.08986525457605879,0.3611481719460382,0.10580335833194635,0.2088069563413193,0.0,0.10050993393058592,0.2509724359344402,0.5853891873762427,0.6150307551841431
RPL10_hg,2.966191013581872,0.0,1.5225403728698537,2.3976053739749834,1.8014431727395872,1.4447304505292935,2.681540146122837,0.0,0.5867485383441847,0.6614406407835403,0.0,2.2660038178500983,2.153329753839626,0.18015227511911563,1.2485065636574704
RPL12_hg,3.349155015390355,0.9445448588131861,0.0,1.2174137946325156,0.14332146108033617,1.5265489777630172,0.9986811932460602,0.4815413789452313,0.0,0.5841279121051589,0.629004324543737,1.7838115327058726,0.8039247984611798,1.238685324125827,0.0
RPL15_hg,2.0660033712353867,0.0,0.8167657362082622,1.4758843854967272,1.2326103841308693,1.0041349945633489,2.376181721976944,2.728373430170177,0.22358327822235388,0.0,0.0,0.0,0.8748519819408599,0.2550024108536222,0.22135499483250118
RPL17_hg,0.5046240614488915,0.6178864816471379,0.24465870439499401,0.08122788765412148,0.4876697785820785,0.5138870238291777,0.1064758157653807,1.5370813310376226,0.0,0.0,0.0,0.0,0.08229333067849036,0.028593707389008644,0.11650206913953919
RPL18A_hg,2.905467526967165,0.10401462870709081,0.0,1.1228202843487018,1.2719989350750307,2.1090393873243234,1.8889791420335358,0.8408668847258843,0.21749645664949938,1.4225236124357843,0.07759381918857435,1.9684003954582483,0.0,0.36358578841738687,0.0
RPL18_hg,2.6459640382043506,0.0,0.0,1.2395150277835854,2.0130651930345334,1.522349005617529,1.6534619379505966,0.6095580514548377,0.0,0.8913997977485131,0.0,4.323530898277047,0.4335513142852019,0.0,0.18351489705987895
RPL19_hg,2.49862634708824,0.4925861092899721,0.3230817754540919,1.4315659106695984,1.2848258406528168,1.3963709039235555,2.163871101820488,0.37578692522300494,0.0,0.03271239538017797,0.0,1.5825067691878387,1.3099744382332523,1.1441374956493826,0.3742877203242474
RPL23A_hg,0.9503746695501073,0.83629881127282,0.17615678664651757,0.0,0.0,0.9129727564992993,0.034773719939771054,1.5471156827340498,0.07547367940412263,1.7116577424228507,0.14323337936367656,0.0,0.12107028384258513,0.49984106430054126,0.0
RPL23_hg,3.5207241586475946,0.6642760026809037,0.35220281439258977,0.03855369460295185,0.5964556880145816,1.407282899029234,0.2640455387534841,1.1649256394759475,0.0,1.8743331821191898,0.19108242232543404,0.7781511819370968,1.4291777349004442,0.34583246084490077,1.1000467954140623
RPL26_hg,3.7426048904900324,0.37657325524269386,0.6842058017655377,0.8698854103294043,0.8163013235630048,1.1992835824142207,1.051599874733813,1.7563312943153144,0.014466694972604575,1.3472118477074368,0.0,0.0,1.331046060764833,0.3016458322408415,0.3073769331755762
RPL27A_hg,4.6780544044719665,0.0,0.4408225428392106,1.536752361689734,1.2395612374706761,1.3837823014568422,0.9943017088083979,0.7718613490960039,0.0714021028802055,2.363196289337577,0.7253360891900502,1.4862032915329884,1.4198010218553145,0.05146507105230754,0.7792342402786653
RPL27_hg,3.0933420943649312,0.11031031726234272,0.20192542122545473,0.17613089941878077,0.7938004459261288,1.037178788989301,0.6224496060509577,2.9575015614544378,0.0,1.9275127485458288,0.0,0.0,0.9268668513043145,0.0,0.0
RPL28_hg,3.302826412557591,0.2752498374447557,0.0,0.8168577347179782,1.5113552758411577,1.876336287770928,1.109151591870978,1.2972334989610592,0.0,1.8353048464595563,0.1432677607001273,2.5684032125156073,0.0,0.0,0.0
RPL29_hg,1.868266662301414,0.2564523180935608,0.0,0.7514480506503878,0.8090042888422483,1.3092987494241897,1.2045145050983528,1.7407530714011847,0.0,0.6797519042134864,0.0,1.1263578063500124,0.0,0.0,0.0
RPL30_hg,3.1737473125233344,0.4009654338260065,0.5192657892545297,0.5836206487188084,0.5014636828546907,1.0565149719373528,0.8936595243152781,2.8374475224437723,0.0,0.12632623497248038,0.0,0.0,0.9123362837926786,0.03477402491722996,0.13439251607059835
RPL31_hg,3.857300839489621,0.43152635551754087,0.17534773351962943,0.5830109339446325,0.5082601100070262,1.647109252356132,0.6773601758176253,2.4905669789789004,0.01134200447663177,0.0,0.0,0.0,0.483832472478625,0.14081419329261652,0.23899624300724723
RPL32_hg,5.015674085304459,0.06957739651239717,0.210844955997303,1.1211831889564423,0.7708104069802859,2.2652712160448005,1.6364383407329544,0.7128900257920445,0.565361399593851,1.9117390013274465,0.4309827209261212,1.193435064972936,1.0872537835788176,0.7718334319094197,0.5532987443228313
RPL35A_hg,4.492585467316,0.11785339231561008,0.46453177931668477,0.527243175022549,0.089022702968404,2.1908419314231224,0.9674214858260309,2.1996496361229187,0.2356177425956794,0.9982279731610691,0.10329561574114976,0.0,0.8980544373567618,0.11707890206341118,0.0
RPL36A_hg,3.1657574891392857,0.730071313820344,0.6038682332366972,0.9772874792587,0.621689632995643,0.7591184706963175,0.0,2.3846345277445664,0.0,1.7531803921505262,0.4405919593378335,0.0,0.3278503782315652,0.0,0.0
RPL36_hg,4.455173802101289,0.0,0.0,0.07536152741086403,0.0,2.584119855526708,0.3229511443051747,1.8583669140773489,0.11628797202313315,2.172336575277133,0.6459498059761151,1.731056785744294,0.10220200489354361,0.29263489534957615,0.0
RPL37A_hg,4.332196813506194,0.4979389166022672,0.14907539713857393,0.12430728371022072,0.3574426349042884,2.0463967985227134,0.0,1.7536114446658981,0.0,1.4490078837200377,0.5555144404599006,0.0,0.29454106571534716,0.6218839831086007,0.28560251712063855
RPL37_hg,4.647952613768356,0.5050019590415448,0.7723236543347343,0.17123396198968552,0.19669052364111594,2.4098609616511157,0.4373182508018291,1.5553278985343963,0.5517567054054844,2.580895254672586,0.6094772411684856,0.17802336410063072,0.6906849409199498,0.090126763183734,0.38005825429054463
RPL38_hg,1.7122309130889788,0.5403285822037963,0.0,0.0,0.5026264404586032,1.310594854318344,0.0,1.734641785942689,0.06841765448745424,1.342918918902326,0.02345618041348687,0.0,0.0,0.0,0.24727416926854034
RPL39_hg,5.170965804435364,0.015244238411670778,0.5148455406851744,0.0,0.3328710058410403,1.8936163157284522,0.21855698491082323,2.6176148251817266,0.24125360325631426,2.947814340820606,0.4121579724279817,0.0,0.2210891663833958,0.0,0.0031923758365857897
RPL41_hg,5.3408178545641345,0.0,0.4549822609697563,0.3085236887571475,0.0903333348389625,2.5011779559672083,1.4063345085375227,1.9711427652647249,0.4484870340488916,2.440088095709487,0.04094922420007969,0.0,1.0459288152667723,0.0,0.3239106647111505
RPP21_hg,0.0,0.0,0.0,0.03948267774559743,0.11355787431546902,0.09768885793457364,0.04983086778089439,0.5384690112111594,0.0,0.0,0.0,0.011410548050007477,0.0,0.0,0.0
RPS10_hg,3.5533649993397183,0.4370297191994016,0.3496440546460941,1.5479523200041079,1.1227948298758055,0.9808761034042542,1.0160464520480268,1.200691220853603,0.0,2.618835697435245,0.726658872670657,0.6676147107187894,1.2333263112127841,0.0,0.1325587068243741
RPS11_hg,4.066795046029945,0.0,0.10367408742238463,1.2954335957727852,1.1620657308714994,1.8065203536342713,0.8136061963840866,0.3917573209439698,0.1266552726562002,2.667712180499123,0.8954360673592505,2.448802614612677,0.8865132932250607,0.569427037717697,0.8532422448591471
RPS12_hg,5.457311331362665,0.0,0.7363008703277124,1.635734909789693,0.9268865027503065,1.5140548736917103,1.3058658795379794,0.8150583279583502,0.1350302300618628,2.705176044784606,1.0636069600270932,0.6189363801267016,1.8132789150740074,0.3037474013085562,0.5482129476702984
RPS13_hg,3.8017166955724178,0.02798550462257301,0.8196326048196966,1.1848428739129244,1.066088746098871,1.0023055977003066,1.2687982264522877,2.102954356706518,0.0,0.4823717095241418,0.0,0.0,1.7290104970299134,0.0,0.4366415607709792
RPS15A_hg,3.7531731715218717,0.285051148090797,0.20380667958811058,0.3410044227266875,0.0,1.7686572492680481,0.8973666413983475,3.134360071778286,0.17226475629662047,0.41886025729273946,0.0,0.0,0.26358175505653236,0.0,0.0
RPS15_hg,2.361379791720465,0.0,0.0,0.6545527536862166,0.7185269679025559,2.042760017890005,0.8280156837829529,1.7872691246006966,0.0,0.2557650159915112,0.018059272002395692,2.486095894387858,0.10206187915195201,0.0,0.0
RPS16_hg,4.901951431501445,0.0,0.6137851323432747,1.4502624833514328,1.5006999385727098,1.5335162385207857,1.3448273944961984,0.1836452182555456,0.07267098556180106,2.205315862975658,0.45499732803816584,1.8706928642298515,1.5927085036790856,0.0,0.6414068889606511
RPS17_hg,2.3749160358571277,0.17305885089946596,0.5569950669052296,0.8958761339990909,0.3411982686615796,0.7961320342279116,0.16069392997924306,3.3248690344699465,0.0,2.0900564309982816,0.551949740415682,0.0,0.33090836565281945,0.0,0.0
RPS18_hg,4.55151814067137,0.5416181852089783,0.3241595945505386,0.9733314680593663,1.89642817626086,1.7818818082943544,1.7269574952059616,0.44074695041266726,0.3244087064290908,0.9194031168524595,0.005768211378380584,0.8609079361898061,1.128408134902707,0.530958648659712,0.9742749160246922
RPS19_hg,5.164916802515441,0.0,0.4015736278634877,1.8286871813822307,1.7392400297409716,1.576813287963799,1.6797970069493882,0.0,0.026558898725851633,1.4791700267892862,0.9244402279369338,2.862040586618368,1.6047787927235915,0.2501488619228515,0.3948367382560813
RPS20_hg,4.715124876400986,0.10387388003698256,0.5481800048712171,0.8565660744927813,0.98057824640782,1.4271448220060705,0.8007359368295575,0.984425762762013,0.0,1.3299763705068994,0.40209813301852354,1.031040118155701,1.5416925879720733,0.08361873975549024,0.6262330865355623
RPS21_hg,4.422980217622953,0.36667314639102067,0.0,0.0,0.13993320496892375,1.9725126218756004,0.0,2.342186759408839,0.007083043905222079,2.2275454422061967,0.3531720258349311,0.024408118635901706,0.3101888145672259,0.05289637196817152,0.0
RPS23_hg,4.595372879875339,0.0,0.6792642406443065,1.49705364566153,1.2663583712181106,1.630258745882036,1.591460701144746,0.7795473050864976,0.12862459934777887,0.9883371564119713,0.19081256397185561,0.2868931025452584,2.2076617781886774,0.40703345991309703,0.980007932824063
RPS24_hg,4.343727157020395,0.0,0.6859865569529224,1.447014830200262,1.0318149774684222,1.7043028252413137,0.6673033267044319,0.29759361530513134,0.27841321934402813,2.3076752298315704,1.2291254675539622,1.1559312785942515,1.6029869774957255,1.3682072672067909,1.0748407881142081
RPS25_hg,3.6672692195866707,0.6499541914291757,0.2464266151356243,1.1121543690731517,0.6406030498521768,1.8303969195770942,0.591232955182986,1.843113978088802,0.09695550566556721,0.23525229428728633,0.0,0.22480913712249742,0.8269071357141361,0.5209478861893693,0.6928715318190091
RPS26_hg,1.298954484563064,0.1722135450438648,0.0,0.23368923872909028,0.5984247196618403,2.03050229701235,0.13188058118816573,3.632636257774021,0.2808903235294006,0.19059341367669222,0.0,0.0,1.1677586425304614,0.0,0.0
RPS27A_hg,3.464900783342314,0.12889707383762317,1.0896099415135938,1.8390058993884268,1.1340345942297545,0.6004403223325606,0.9639743188769561,1.2086288683191628,0.0,1.8533067104454124,0.7361958177791925,0.3581645994001896,2.198850013626795,0.0,0.7299243678639228
RPS27_hg,4.888419093079551,0.0,0.4205162319537627,0.3726784340614771,0.21407573061840934,2.4284593809781194,0.20805098988613266,3.0124127670532688,0.2635941920654673,0.5710287480874713,0.0,0.0,0.0,0.04499999616073242,0.0
RPS28_hg,6.5745417962121016,0.0,0.00043723668487734226,1.1146272676438211,0.6093932973662418,2.3807017991217245,0.6899551952596313,0.9263953853198653,0.36573385097252253,3.007781128311857,0.9685633106607294,1.5048686087837684,1.020676858637963,0.0,0.1517175926789976
RPS29_hg,1.9337612282211465,0.2059914069338276,0.19748601000445729,0.0,0.0,1.521557043039652,0.0,2.0079254629871515,0.0,2.887042854243028,0.06998723741452413,0.0,0.0,0.0,0.0
RPS5_hg,2.961755504287642,0.0,0.0,2.1865454501268284,1.6967282807890391,1.373026037021433,2.162950759302622,0.3354956326308629,0.17764921899523162,0.9483972155795157,0.029268935454709415,2.778839120774158,0.9800715291876722,0.49581225509951427,0.31273739008445206
RPS6KA2_hg,0.0,0.0,0.011854296558235855,0.0,0.004096761852470228,0.0,0.0,3.677822024543542e-05,0.0,0.0,0.0,0.0,0.0,0.0,0.0009127045249817899
RPS6KA5_hg,0.0,0.7227183810245106,0.40362235195104057,0.0,0.1582236145517052,0.030519794966092646,0.01789205073514525,0.022054508095749006,0.0,0.0,0.16439606981547605,0.017371110936140032,0.001156880305794479,0.0,0.48175969968499044
RRAD_hg,0.0,0.0,0.0008421025808425342,0.007761896720826127,0.045671578517657255,0.0007503773966961224,0.0,0.0,0.0,0.0,0.0,0.0,0.0,0.0,0.0
RRBP1_hg,0.0,0.24256508854415726,0.0,0.0,1.078535746661015,0.26999803606824757,0.0,0.0,0.0,0.29719373287216405,0.33231606267963654,1.6045750244005264,0.0,0.0,0.7573110682136551
RRP12_hg,0.0,1.246726267457532,0.0,0.029060425575949823,0.25455439518208717,0.106322341882709,0.032972010246412456,0.16439427776555346,0.0,0.2805536540155535,0.4708563939553728,0.45787402352966466,0.28498705801656826,0.0,0.0
RSAD2_hg,0.0,0.056488994409877084,0.030754030906124767,0.1040125257431122,0.0,0.0,0.0,0.0,0.0,0.0,0.0,0.0,0.0,0.0,0.061239507661425024
RSPH3_hg,0.013493226838372847,0.3439934610348155,0.2696977174351925,0.006169415869815785,0.3711927646647004,0.007273546951952445,0.03725956242754514,0.00659643728461306,0.0,0.010825096467888781,0.017086409973180342,0.0,0.0,0.0036296944338771904,0.0
RSPO4_hg,0.0,0.0,0.0,0.00030177266314120645,0.00022210578557668723,5.898488299338797e-05,0.0,0.0,0.0,0.0003227849348267088,0.0,0.0,0.0,0.00047000399163321833,0.0
RTCA-AS1_hg,0.0,0.8800382636416105,0.1583545388119998,0.20611060986853302,0.07912955638986105,0.0972835413814547,0.0072146980184322525,0.1442775748830335,0.10111824635824665,0.0,0.0,0.0881452512776795,0.0,0.04126731292291156,0.1931809922313333
RTKN2_hg,0.0,0.007294702406149991,0.03667180922367464,0.0004272871296296345,0.004479883657338885,0.0006264629289768495,0.0,0.008004475405594905,0.0,0.0,0.0,0.001390946922375009,0.0,0.0027625221575534715,0.0
RTL9_hg,0.0,0.0,0.0,0.019211999634872648,0.05523981019272457,0.0,0.0,0.0,0.0,0.0,0.0,0.0,0.0,0.0,0.0
RTN1_hg,0.0,0.0,0.0,0.0004046175154980991,0.002913829279419142,0.0,0.0,0.0005225642705459371,0.0,0.0,0.0,0.0,0.0,0.0,0.0
RTN3_hg,0.11873658925132213,0.4836243919413975,1.7244339425465203,0.6030796688981966,0.2266537511186884,0.4333533622357748,0.12037184357587097,0.4597943343225386,0.013220855782833234,0.20462263826385382,0.0,0.0959895015385615,0.9070244491364186,0.46236294597094985,1.6913409826785322
RTN4_hg,0.4166542044064205,0.2868532964039525,3.1766112977383263,1.1429606521488285,1.4844650851952026,0.5508076968458963,0.0,0.0,0.21772902933221344,0.9404472935543081,0.0,1.40223133326827,1.8342769438205864,0.6246537493759832,0.0
RTP3_hg,0.0,0.0,0.0,0.013485290849848857,0.009980768374939965,0.0,0.0,0.0,0.0,0.0,0.0,0.0,0.0,0.0,0.0
RUFY3_hg,0.0,0.474981452873721,0.9090001375881285,0.26787090081030945,0.4653028147822716,0.23956314262042105,0.0,0.0,0.0,0.14332104153732708,0.04734012481811383,0.301108906321097,0.09692764077969729,0.24187009993185676,0.30022469490555886
RUNX1T1_hg,0.0,0.0,0.0,0.024396408021590616,0.0,0.0,0.0,0.0,0.0,0.0,0.0,0.0,0.0,0.0,0.0
RUNX1_hg,0.0,0.4835251603821317,0.42190110588039265,0.1637519206455199,0.10571356776841036,0.0,0.00917404313453653,0.29211446717103473,0.009020954265652631,0.1673721929002269,0.0,0.4290078868394328,0.42473357992455707,0.0,0.7241801716033899
RUNX2_hg,0.0,0.0,0.11007030706087953,0.0,0.031691706882108386,0.0,0.0,0.0,0.0,0.0,0.0,0.0,0.0,0.0,0.13701502224138407
RUNX3_hg,0.0015279644957911518,0.0,0.0074418279211584904,0.0,0.016899226267763596,0.0002188472128311132,0.0,0.0025612695566120613,0.0,0.0,0.0,0.0,0.00019727994278821657,0.0,0.0
RXFP4_hg,0.00035301061839444466,0.0,0.0,0.0,0.0,0.0,0.0,0.0,0.0,0.0,0.0,0.0005286823312632423,0.0,0.00028558087696130757,0.0
RYR2_hg,0.0,0.027487189883701326,0.027227618466284118,0.021278442725373835,0.013725567891278486,0.0,0.0,0.0,0.0015242541525153823,0.01055540763283324,0.0031940612394201614,0.021001308958327036,0.0,0.0126883021295998,0.015058017528756948
S100A10_hg,0.0,0.0,0.0,0.041777800797063794,0.39179699640846,0.0,0.03336482694486085,0.15310010143020034,0.0,0.0,0.0,0.0,0.0,0.0,0.0
S100A11_hg,0.0,0.0,1.0344990911216443,0.0,0.5387245763969117,0.15868332794789292,0.889094861568722,2.3473235538913118,0.0,0.015097097841749632,0.0,0.0,0.0,0.0,0.2119383710745369
S100A16_hg,0.0,0.0,0.0,0.0,0.3738503403770006,0.0,0.0012740344853852113,0.007301965169382447,0.0,0.0,0.0,0.0,0.0,0.0,0.0
S100A4_hg,0.0,0.0,0.0,0.042580255464492775,0.07898427555092224,0.0,0.0,0.24695372762458934,0.01443021636190281,0.07713519991512895,0.0,0.0,0.0,0.0,0.09862313682632921
S100A6_hg,0.015252645531276046,0.0,0.0,0.2700867650861086,0.6980507666050818,0.0,0.0,1.0713592893598973,0.05613304040153611,0.013145927895547473,0.0,0.0,0.0,0.0,0.0
S100A8_hg,0.0,6.24648050247233e-05,0.0,8.338013349186442e-05,0.00010691120065119703,0.0001193839032009334,0.0,6.830214936524524e-05,0.0,0.0,0.0,0.0,0.0,0.0,2.7050452144393815e-05
S100P_hg,0.0,0.0,1.4577803177124287,0.0,0.0,0.0,0.0,0.9655310903966438,0.0,0.0,0.0,0.048548645202830414,0.0,0.0,0.0
SAG_hg,0.0,0.19645545962517302,0.015217574137072788,0.0,0.004733370779714983,0.0006765313006890609,0.0,0.012786449497352616,0.0,0.0,0.023110109122168748,0.001988348030724506,0.013737591694868942,0.0,0.012624247754047071
SAMD12_hg,0.0,0.6555356624741346,0.0,0.0,0.036903860525144126,0.018237825337978148,0.021533259561914767,0.0040043838839867165,0.10977692168612296,0.042344886320743055,0.0,0.09993505899528873,0.0022303408185104768,0.02469411754878785,0.00425860656522368
SAMD9L_hg,0.0,0.018682192157700356,0.06749980708676745,0.02484461102547691,0.11465952474398453,0.0,0.0,0.0,0.0,0.0,0.0,0.0,0.0,0.0,0.029133883307419717
SAMD9_hg,0.0,0.06595902302933243,0.16979522957609983,0.20299214720672631,0.5537952410817379,0.005901350766314991,0.0,0.19337656246643276,0.01712996825925509,0.0,0.0,0.0,0.0,0.0,0.1341297437449362
SAMSN1_hg,0.031912001369004565,0.31081059393665017,0.43445891777367635,0.0,0.32909798202850626,0.255547265197673,0.17731671476432442,0.7251214026383587,0.11482008801951976,0.1994323369152645,0.0,0.0,0.1051525394253238,0.1822656193189038,0.9499493949625136
SARDH_hg,0.0,7.452315302280179e-05,0.0,0.0009533345996925842,0.004407071376829343,0.0,0.0,7.766308219963477e-05,0.0,0.0,0.0,0.0,0.0,0.0,0.0
SARS1_hg,0.9483333823691196,0.0,1.9681986837739232,0.9221111492507812,0.4382949911776199,1.0032502065695175,0.391630293682722,1.113826480239006,0.232163514448656,0.5639773025052085,0.38842667123817526,1.6596500014213655,0.33627388235245165,1.0658539638870077,0.07530968996930981
SASH1_hg,0.0,0.07671356614641997,0.07821180529971729,0.047278452769267086,0.19465662037466977,0.0,0.0,0.0407646966028092,0.0,0.0,0.0,0.18093172385905695,0.0029826834147224437,0.11523421335982116,0.10069775453311995
SASH3_hg,0.0,0.0,0.0013127399060064411,0.0,0.000633783627760863,0.0,5.604548561380804e-05,0.0,0.0003640975960337576,0.0,4.367474150933652e-05,0.0,0.0,0.0,0.004262753119901268
SAT1_hg,0.0,0.18821369093731466,1.306667832438757,0.3810296948130533,1.0205358795673731,0.0,0.2866156633528052,0.14123851413883004,0.0,0.2692274310546873,0.021502274944134366,0.0,0.0,0.0,0.0
SAT2_hg,0.0,0.0,0.2679459393914227,0.0,0.18917182840498836,0.01412582559893133,0.0316734717893489,0.0,0.0,0.0,0.0,0.0,0.0,0.0,0.02886441608247044
SATB1_hg,0.0,0.00026227505523591395,0.0,0.0,0.006948276921470726,0.0006509511631833301,0.0,0.0,0.00027904238586976693,0.000599759214194854,0.0,0.0,0.0,0.0,0.003110679052032228
SATL1_hg,0.0,0.39605864097433313,0.0,0.02126506457435471,0.07824605343226902,0.05735050966408779,0.0036185403880438787,0.03325131218852336,0.06491408149504416,0.004359121925460094,0.0,0.032595905217420014,0.0,0.030144880423064395,0.0325822022825183
SBF2_hg,0.06001406747319495,0.7926154745168573,0.07580172216417161,0.0,0.36951749233519615,0.04433029745306492,0.016466118792508998,0.058692350387017166,0.0,0.17073936753768054,0.1059629862890961,0.07819199334610197,0.0,0.0,0.14799267532838056
SCG3_hg,0.0,0.0,0.0,0.2129047922958161,2.0023619747093284,0.48998919936977614,0.0,0.6487616009589326,0.06707981950772825,0.5309117278512387,0.0,0.0,0.2051962977112328,0.7617954534238838,0.6184417136791712
SCG5_hg,0.00018897755702816503,0.0,0.0044282448998504784,0.0,0.011362763668860252,0.0005912298443379917,0.0002883551684955926,0.0,0.0,0.0,0.0,0.0,0.0,0.0,0.0
SCGB2A2_hg,0.0,0.0,0.0002532723617048414,0.0,0.00041449643173314965,0.0,0.0,0.0,0.0,0.0,0.0,0.0,0.00022127961005968103,0.0,0.0
SCGN_hg,0.0,0.0,0.0,0.008151868922862486,0.009747622831951021,0.0,0.0,0.0,0.0,0.0,0.0,0.0,0.0,0.0,0.0
SCIN_hg,0.0,0.321859290796918,0.35351759426385954,1.796386760254795,0.0424885324357458,0.0,0.0,0.0,0.0,0.47577725998856785,0.0013803598796814317,0.0,0.0,0.08327142351232654,0.0
SCN2A_hg,0.0,0.08447728557337499,0.01761515351270839,0.05552592022215398,0.0,0.0,0.0,0.0,0.0,0.01925098570022394,0.0,0.04762124688759447,0.005353878608776293,0.03391066173015042,0.04434094827944437
SCN9A_hg,0.0,0.0,0.9407841374745421,0.0,0.0,0.035409575044356024,0.0,0.0,0.0,0.0,0.0,0.1790109182832679,0.0,0.0,2.273460204278068
SCNN1B_hg,0.0,0.0,9.496989056446757e-05,0.0,0.0,0.0,0.0,0.0,0.0,0.0,0.0,0.0,0.0,0.0,0.0017709094406428221
SCYGR4_hg,0.0,0.000987606724364157,0.0,0.001849280027593857,0.005477684464124116,0.0,0.0,0.0,0.0,0.0,0.00018469590164244982,0.0,0.0,0.0019171793623626073,0.0
SDC2_hg,0.0,0.00852731112663916,0.0,0.0034971313176230703,0.02249800948166727,0.0,0.0,0.004624818491421007,0.0,0.0,0.0,0.0013099571067533412,0.00420906350864721,0.005648259312431434,0.02508508762200761
SDC3_hg,0.04968326613660044,0.11150089097661803,0.8420951089966024,0.13723952118803986,0.7676676603864473,0.006058613500942689,0.0,0.09599295696720135,0.0,0.0349835236686929,0.0,0.9537013610738554,0.135593637192187,0.0,0.848902584293342
SDR16C5_hg,0.0,0.0,0.0005472857494172419,0.0,0.0023835536365341267,0.0,0.0,0.0,0.0,0.0,0.0,0.0,0.0,0.0,0.0
SDSL_hg,0.0,0.08096679724096492,0.1718467728999258,0.13348785415759615,0.08555975635970135,0.0,0.0,0.08471550213676812,0.0,0.0,0.0,0.44573856718243615,0.0,0.0013371463420409242,0.02125779904407843
SEC23A_hg,0.012787194734016199,0.5820545852845662,0.09781086579473872,0.0,0.18763791430689067,0.07697991436504588,0.03245254594799799,0.028941521694461937,0.01040321944686306,0.08424416648300882,0.10966536483741479,0.013173866720099566,0.008637790703515507,0.0,0.10405898647010679
SEC24C_hg,0.0,0.2705155597211472,0.18260160242747434,0.16178562587736459,0.7164438536189219,0.02843599164169833,0.029770351751646308,0.2480178758168813,0.0,0.05145856705660584,0.028441862443348228,0.3121387677543488,0.14608611490626655,0.1520289619633194,0.48423258831485033
SEC24D_hg,0.0,0.17213834771702885,0.3212149554018065,0.12616498129493028,0.6533348964719281,0.009913421848627296,0.008189754322713419,0.07552138820524666,0.0,0.0,0.0,0.01412285967357576,0.0,0.0,0.41835393556872075
SEC61A1_hg,0.0,0.19302657343195395,0.35832506646194584,0.007458636756709949,0.3135474316476141,0.2260587956571512,0.08623331243386045,0.31135022636647286,0.0,0.02143047199986275,0.02803276002966276,1.1480463340893865,0.23515659848101753,0.0,0.3263454086703401
SEC61B_hg,0.31781004887971837,0.0,0.5013322267255845,0.0,0.9563861224182416,0.48498682521264497,0.5651801221462219,3.1001587953109837,0.0,0.2684727554581962,0.0,0.36049622522503455,0.37971599449131826,0.0,0.12394215944473387
SEC61G_hg,1.0372296697462906,0.0,0.30391277996122584,0.0,1.4743689951432373,0.1555362927572727,0.0,3.4355812299068593,0.0,0.8449348578678245,0.013352780232452711,0.06696521703781032,0.18112509067827526,0.0,0.561246811920769
SEC63_hg,0.0,0.6298276925022944,0.9362415649459176,0.06087966693085222,0.3874681607939512,0.2572541424500387,0.03461783079191112,0.5011471084590725,0.0,0.4226721836270864,0.19539953653490835,0.6969114896531983,0.7834239197734447,1.3453229531321245,0.5413410526933032
SEL1L3_hg,0.0,0.23056365181652116,0.4680449406317105,0.11032620474544448,0.24848320324466702,0.0,0.0,0.11151362529821993,0.016292821563370738,0.02740653930700511,0.0,0.48990858298135675,0.09347055567995025,0.08797124396004193,0.10208688585762951
SEL1L_hg,0.0,0.02996070099686492,1.3471941585458103,0.06530227671570697,0.4310806765685076,0.11485204940246159,0.0,0.035132575939213165,0.0,0.11861923763185737,0.0,0.5562421893142127,0.13583986219065353,0.16410655189913254,0.31473923625395306
SELENBP1_hg,0.0,0.04740141378731885,0.0,0.904380216040453,0.38194288300116064,0.0,0.10867864134015787,0.5726834383391152,0.05220683488991761,0.0,0.0,0.09769769361213282,0.0,0.0,0.13876165043505947
SELENOP_hg,0.0,0.0,0.057866277127269806,0.21578803049484171,0.38447142401108375,0.0,0.0,0.16918218989398254,0.0,0.023381168113326415,0.0,0.0,0.0,0.0,0.01996613353014829
SELP_hg,0.0,0.00039321887119034797,9.594260722686591e-05,0.0,0.0,0.0,0.0,1.1904067767466567e-05,0.0,0.0,0.0,0.000154089863824304,0.0,0.0,0.0
SEMA3A_hg,0.0,0.0069601516182694135,0.01891268352259479,0.00484507007599611,0.007699131107878902,0.0035630700537062215,0.0,0.0,0.0,0.0,0.0,0.023008220528241065,0.0,0.000833041478125489,0.0420237465014455
SEMA4D_hg,0.0,0.0076235622647975055,0.0075001209492728165,0.01362086162713042,0.046800423744336406,0.00690837215876274,0.0,0.0,0.008410439764372538,0.0,0.0012516640482607908,0.0,0.0,0.0,0.0
SEMA6B_hg,0.0,0.370547041683544,0.01631362226272905,0.0,0.0042003372183572266,0.020235644305905548,0.028226677244347475,0.0,0.0,0.026834520987460406,0.05125389058251254,0.003399634967709732,0.0,0.0,0.0
SEMA6C_hg,0.0,0.007372406535520163,0.00039473318377087246,0.02996868868491723,0.0549807475586325,0.0,0.0,0.0,0.0,0.014246514341856165,8.920452041845373e-05,0.01545126867479964,0.0,0.008474109084179731,0.0
SEMG1_hg,0.0,0.0003946557343576517,0.0,0.0,0.0,0.0,0.0,0.0,0.0,0.0,2.4814497020822966e-05,4.6683794578649025e-05,0.0,0.0,0.0
SENP8_hg,0.0,0.4327611115744419,0.015524986865818942,0.0,0.012336707738415529,0.014777714742630253,0.01971503343693057,0.040384906778171734,0.0,0.0,0.0819935501395193,0.02959044402131108,0.029538264648708044,0.0,0.0
SEPSECS-AS1_hg,0.0,0.11731824376251344,0.054111368285973,0.031088740515085152,0.0611651312972346,0.02225516359641019,0.0011200882193308486,0.08669898273423694,0.002079360011194022,0.0,0.0,0.0,0.0,0.03043806731841978,0.006119152704352138
SEPTIN5_hg,0.0,0.08230594625384961,0.0,0.12606279172010937,0.037251410556252536,0.0719514263393614,0.0,0.07809965596756549,0.038628754131704794,0.0,0.02369071608691734,0.3537215377393119,0.05670665524085523,0.07624135229077675,0.0
SEPTIN9_hg,0.0,0.2965192398062476,0.17291361132795066,0.05771424791736321,0.4437511889325714,0.06319951735998744,0.0,0.059393211255532805,0.0,0.1294793305987555,0.13700149443908033,1.898273788323222,0.2652922125579683,0.0,0.8444072260100579
SERPINA1_hg,0.0,0.0,0.0006579565777013761,0.0,0.0007191479324884646,0.0,0.0,0.0,0.0,0.0,0.0,0.0,0.0,0.0,0.0
SERPINB2_hg,0.0,0.0,6.009404084421771e-05,0.0,0.0041516872400053275,0.0,0.0,0.0,0.0,0.0,8.64464485303784e-05,0.0,0.0,0.0,0.0
SERPINC1_hg,0.0,0.0,0.22942012289760316,0.0,0.0,0.0,0.0019023291878199947,0.0,0.0,0.0,0.0,0.009198885069728102,0.0,0.0,0.0
SERPIND1_hg,0.0,0.0,0.0008873335737427818,0.0,0.025430932571284485,0.0,0.0,0.0,0.0,0.0,0.0,0.0,0.0,0.0,0.0
SERPINE1_hg,0.0,0.0,0.06201229761100441,0.0,0.4668105619163611,0.0,0.0,0.0,0.0,0.0,0.0,0.0,0.0,0.0,0.0
SERPINF1_hg,0.0,0.03353259814775903,0.1374908413524896,0.023451788462337423,0.0,0.01448393915540494,0.08984311851976257,0.19394209750573171,0.0,0.0,0.0,0.4253912851272504,0.013922367748466648,0.0,0.004119385832251113
SERPING1_hg,0.0,0.0,0.0,0.048185136813637994,0.2320944488364463,0.0,0.0,0.022364811896119302,0.0,0.0,0.0,0.0,0.0,0.0,0.0
SERPINH1_hg,0.21872163649841145,0.0,0.5197212400314128,0.0,0.6018896403895658,0.003627446537008936,0.0,0.659522258567936,0.0,0.029414055483827625,0.12902387747834704,1.865861553544547,0.33141618955345375,0.22867774808374547,1.0609968725864296
SERPINI2_hg,0.0,0.00015836196539942705,0.0,0.0,0.0,0.0,7.108202916785876e-05,7.359821173155309e-06,0.0,0.0,0.0,0.0,0.0,0.0,0.0
SERTAD4_hg,0.0,0.0,0.0023576950519361996,0.0,0.0,0.0,0.0,0.0,0.0,0.0,2.4660927770326084e-05,0.0,0.0012857437966775963,0.0,0.0
SESN2_hg,0.0,0.0,2.2311880773004162,0.23464523705363233,1.1326569624226956,0.0,0.21369270867523854,0.07148060696226477,0.0,0.0,0.0,3.242631793932445,0.16977034905836325,0.0,0.06226512285810891
SESN3_hg,0.0,0.074976940310904,0.1090501496415706,0.15938806366766434,0.31235958220382587,0.0,0.0,0.0,0.0,0.0,0.0,0.0,0.0,0.0,0.08415267856784461
SETD5_hg,0.0,1.135682484667289,0.9765267747088999,0.7155313734612291,1.2136208200978789,0.45464739830899076,0.0,0.0,0.2420000003165956,0.5807396599055122,0.4648318304792539,0.9812480556321127,0.8912585057438959,1.0406140560193629,1.3845015950630621
SFI1_hg,0.012334109210303269,0.7883519048710653,0.06450963036389612,0.1257661753254788,0.14417927670155903,0.08436025073812776,0.02177339019088429,0.11420087473461754,0.0,0.13979590832782898,0.12771838788916703,0.20908389229370083,0.029336012166822138,0.0,0.08577042980877854
SFRP4_hg,0.0,0.0001689853127925783,0.0,0.0,0.0,0.0,0.0,0.0,0.0,0.0,0.0,0.00029099843392420315,0.0,0.0,0.0
SFTPA1_hg,0.0,0.0,0.0,0.0,0.002158740199688075,0.0,0.0,0.0,0.0,0.0,0.0,0.0,0.0,0.0,0.0
SFTPD-AS1_hg,0.0,0.2572678937094667,9.885798569417946e-05,0.0,0.019195000322348187,0.017784120720014077,0.008192726470852785,0.0,0.0,0.022720066649121743,0.039733881972767074,0.0,0.0044674446486031,0.0,0.0176633057976668
SGCG_hg,0.0,0.0,0.14217445969094566,0.0,0.0,0.0,0.0,0.0,0.0,0.0,0.0,0.0,0.0,0.0,0.021076424139267868
SGIP1_hg,0.0,0.0,0.0,0.022795608607802373,0.06611767224278545,0.0,0.0,0.0,0.0,0.0,0.0,0.0,0.0,0.0,0.0
SGK1_hg,0.009595519134667458,0.027406177055327493,0.03750063764621817,0.0,0.27214271560255554,0.02768770680456459,0.010310204735497838,0.0,0.0,0.0,0.01019706916441027,0.0,0.0,0.0,0.040599596748210495
SGO2_hg,0.06228317390717006,0.5952290507129032,0.0034401235219607934,0.05922851576697043,0.19119829381446557,0.17908567866268155,0.010001974792602114,0.5379481256568746,0.0,0.020845473905185364,0.0,0.0,0.0,2.0205007536097663,0.05025317292293812
SGPL1_hg,0.0,0.01508463348532633,0.2906028761022452,0.0,0.18374950295199383,0.02355232213737988,0.020161426688371186,0.0,0.0,0.0,0.0,0.0,0.0,0.0,0.1529252392404074
SGSM1_hg,0.0,0.4861527412303947,0.007002206937111696,0.0,0.025664408351595107,0.012880619276332318,0.005858143423791097,0.007007312788875814,0.0,0.007004323528583291,0.11501727994343895,0.024105341252628816,0.0,0.0,0.0
SH2B2_hg,0.0,0.0,0.0,0.0,0.0,0.0,0.0,0.0002937121606964544,0.0,0.0,0.00033832127774810857,0.0,0.0,0.0,0.0
SH3BGRL3_hg,0.0,0.0,0.22509248368686838,0.0,1.3529733482694584,0.0,0.8435749927602033,2.1622502114000377,0.0,0.0,0.0,0.11629515178859415,0.0,0.0,0.1712519005979799
SH3BGR_hg,0.0,0.008442043676207702,0.20641689633946234,0.0,0.02450221752084703,0.0,0.0,0.019562258247037688,0.0,0.0,0.0,0.05152333526508867,0.0,0.0,0.022635430478785842
SH3BP2_hg,0.0,0.1942700287289959,0.4738909404689723,0.0,0.1545943959593401,0.0,0.0,0.0,0.0,0.0,0.044536464986602436,0.6420358668835147,0.0,0.0,0.19786776404726417
SH3BP4_hg,0.0,0.0005688067936210292,0.0018456872111240587,0.0,0.0,0.0,0.0,0.0,0.0,0.0,0.0,0.0,0.0,0.0,0.0017561486938014307
SH3BP5_hg,0.0,0.12444286008264807,0.6655247984373425,0.16765496622088127,0.5171477915029703,0.0032911622319508724,0.04847173064926785,0.46796167383915427,0.0,0.0,0.0,0.10118695995672854,0.3254432583305644,0.12007217287003268,0.7736909473339098
SH3KBP1_hg,0.0,0.0,0.2478213215634863,0.0,0.6037140218144353,0.0,0.0,0.0,0.0,0.0,0.0,0.0,0.0,0.0,0.02408634277876978
SH3TC1_hg,0.0,0.0,0.14129600097442746,0.0,0.0,0.0,0.0,0.0,0.0,0.0,0.0,0.17227371112598447,0.0,0.0,0.01576377291164501
SHC2_hg,0.0,0.0036151653973513355,0.011083077148188273,0.01817576942423268,0.008338077964842372,0.0,0.0,0.0,0.0,0.0,0.0,0.004302991705310387,0.0,0.0,0.0
SHFL_hg,0.014912903966151409,0.6191816299323872,0.08762549810676236,0.11677261940189913,0.12728639989059579,0.056536702855414275,0.02201381552421653,0.11035516885027409,0.02165548568095351,0.1720136337590978,0.12313308479556573,0.0,0.0,0.0,0.04021079169115891
SHMT2_hg,0.0,0.024301781017091094,1.8774017822643214,0.3543703292646762,0.5793801544543459,0.08486620317785296,0.6726962133232155,0.5623343892108643,0.0,0.13184422394157136,0.0,1.724492369552507,0.783275133927077,0.043773517417733554,0.22659531053574575
SHROOM2_hg,0.0,0.0001463252532576483,0.0,5.015144157596996e-05,0.00022095933997711735,0.0,0.0,0.0,0.0,0.0,0.0,0.0,0.0,0.0,0.0
SHROOM3-AS1_hg,0.0,0.0009764884099811421,0.00633644363638271,0.004425355069283373,0.0,0.0,0.0,0.0,0.0,0.0,0.0,0.0,0.001277525167672066,0.0,0.0
SHROOM3_hg,0.0,0.0004947224259481003,0.0009965913686485145,6.254490516230214e-05,0.001083176495394878,0.0,0.0,0.0,0.0,0.0,0.0,0.0,0.0,0.0,0.0
SIGLEC1_hg,0.0002482983137981075,0.0,0.0,0.0,0.0,0.0,1.8392646640286316e-05,0.0004035951543149996,0.0,0.0,0.0,0.0,0.0,0.0,2.0845813132597524e-05
SIGLEC6_hg,0.0,0.11035286887456158,0.025896355308385875,0.0,0.05486036470650106,0.0,0.0,0.0,0.0,0.0,0.0,0.0,0.0,0.0,0.2092563770281565
SIGLECL1_hg,0.0,0.0,0.0,0.0,0.0007382353087401436,0.00016607966852955338,0.0,0.0,0.0,0.0,1.7650894833389606e-05,0.0,0.0,0.0,0.0007885245292673312
SIL1_hg,0.06340486325871071,0.18507454636828027,0.08611852892162254,0.0,0.4041055089364833,0.15576771620353191,0.0,0.2242565141209734,0.010687522320146498,0.164655995561772,0.04553863513332181,0.7621971150153335,0.0,0.03393137161159571,0.10947512072101967
SILC1_hg,0.0,0.3673266796637121,0.0,0.0,0.024442477847859505,0.0009960139113915848,0.016330839378543207,0.0,0.0,0.06626195491947313,0.08670696188996903,0.0009866750029777285,0.0,0.0,0.0
SIPA1L2_hg,0.0,0.0,0.02998413377283801,0.0,0.0,0.0,0.0,0.0,0.0,0.0,0.0,0.008080917856198438,0.0,0.003376006142879742,0.0
SIRLNT_hg,0.0,0.0,0.016160764518841915,0.0,0.010337440099880042,0.0,0.0,0.0,0.0,0.0,0.0,0.0,0.0,0.0,0.0
SKIL_hg,0.10527619982783752,0.49574582625495434,0.4100048715852125,0.26776653594418526,0.5113534870538505,0.14562701397320124,0.0,0.0,0.0,0.270395748516595,0.03248281586139541,0.0,0.0,0.004915000633561165,0.36764846026185755
SLAMF1_hg,0.0,0.001364397041878685,0.0025323326497225743,0.0,0.0051140441193821915,0.0,0.0,0.0,0.0,0.0,0.0,0.0,0.0,0.0,0.004032237212661839
SLAMF6_hg,0.0,0.0015752324093726417,0.009899430527827848,0.005185356613975034,0.0,0.0,0.0,0.0,0.0,0.0,0.0,0.0,0.0,0.0,0.08190417126884965
SLAMF7_hg,0.0,0.048269700862354596,0.0,0.04414701509780459,0.408256161743992,0.0,0.0,0.0,0.0,0.0,0.0,0.0,0.0,0.0,0.0
SLC10A1_hg,0.0,0.0,0.0,0.0018925844570422882,0.0018654531504064386,0.0,0.0,0.0,0.0,0.0,0.0,0.0,0.0,0.0,0.0
SLC12A7_hg,0.0,0.015896091816850415,0.007052635395699764,0.07644784337585135,0.0,0.0,0.0,0.0,0.0,0.0,0.0,0.003362882657324728,0.0,0.01082087029554797,0.008076435121459408
SLC14A2_hg,0.0,0.5996595333556562,0.0,0.0,0.0,0.0,0.010156174852092668,0.0,0.0,0.06066613181863317,0.16046490208667305,0.0,0.0,0.0,0.0
SLC16A1-AS1_hg,0.03774645276325708,1.2166874914225707,0.8075955247885668,0.1897620974061577,0.2437855523482641,0.12197084605194815,0.0,0.0,0.0,0.08214599026160185,0.21096406246076913,0.1923003998185368,0.3177594186259677,0.0,0.20908315302291763
SLC16A6_hg,0.0,0.0,0.1093964021456635,0.03137936787295419,0.0,0.0,0.0,0.0050802012696539904,0.0,0.0,0.0,0.055419202421470075,0.0,0.0,0.055006977704445854
SLC16A7_hg,0.0,0.043521946777850894,0.0002139170269205696,0.0,0.0,0.006927803764627154,0.004254048633258539,0.0014118407364184747,0.0,0.0,0.0,0.011874828435557356,0.0,0.0,0.009446181362809327
SLC17A4_hg,3.836756071091604e-05,0.0005333388749485634,3.2895196450477606e-05,0.0,0.0,0.0,0.0,0.0,0.0,0.0,0.0,1.6694579139575373e-05,0.0,4.730858821797374e-05,0.0
SLC18A2_hg,0.0,0.008025042358945219,0.0,0.0,0.001911395339296842,0.0,0.0,0.02445915893663388,0.005935233225181669,0.0,7.027850247838034e-06,0.0,0.0014841632212428913,0.0,0.04854050318506928
SLC1A4_hg,0.0,0.05580760026967297,0.8511535026912936,0.33969965137211283,0.0,0.0,0.01470460960696891,0.40436422958522955,0.0,0.0,0.0,0.5739773979341511,0.10267063126843244,0.0,0.04681384135117486
SLC20A1_hg,0.0,0.23008241212296124,0.6208284477631654,0.056679200946018825,2.7031617809791966,0.336495265855242,0.08439752393297775,0.2755376730127764,0.0,0.5097764558303322,0.1209214181519978,0.0,0.9015579507837075,0.24786852218626412,1.2662755913271495
SLC22A15_hg,0.0,0.0,0.2754359160981823,0.0,0.0,0.0,0.0,0.0,0.0,0.0,0.0,0.0071427088900134685,0.0,0.0,0.14121195962919572
SLC22A1_hg,0.0,0.0,0.02027280255807612,0.0,0.0870153001446666,0.0,0.0,0.0,0.0,0.0,0.0008553739639360362,0.0,0.0,0.0,0.0
SLC22A23_hg,0.0,0.10230750082106496,0.11024959787645462,0.18924174012058775,0.1359043599174278,0.01774842679215836,0.0,0.0633636879241677,0.01066753509955463,0.003470734860727649,0.0,0.26449595551531085,0.0,0.0,0.10485459900066377
SLC24A2_hg,0.0,0.0,0.012698562276551565,0.0,0.018118699866479602,0.0,0.0,0.014973306001070677,0.0,0.0,0.0,0.0,0.0,0.0,0.08147940143540706
SLC25A30-AS1_hg,0.0,0.0,0.0,0.0007669522036321227,0.0,0.00012518537780114528,0.00026422556283428844,0.0,0.0,0.0,2.9917108415161748e-05,0.0,0.0,0.0,0.0
SLC25A37_hg,0.0,0.8278700911324149,1.520151787755439,6.631548204119046,0.24288518903050557,0.0,0.0,0.0,0.9783182701501819,2.628917979146639,0.42178374301767574,0.558254915748399,1.2243327560850052,0.0,0.3030766811219563
SLC25A5_hg,0.0,0.0,0.6376765027085839,1.1187419750075454,1.8091745402999406,0.308504000122197,1.221301995809786,2.2563780717512483,0.17127962302811264,0.0,0.0,0.0,0.9664901693414913,0.0,0.26178107595549227
SLC25A6_hg,1.3042111737903255,0.3425997906224515,0.44827757544234265,1.580633808125572,0.9637294923788035,0.5815437809894538,1.6471378235168934,0.37155315993329485,0.09677073359485737,0.011789078541667192,0.0,2.60771372298656,1.1167151306825405,0.3294927922149712,0.6217657043150618
SLC26A4-AS1_hg,0.0,1.8085340227396582,0.0,0.0,0.17209990734847969,0.035248511025596854,0.0,0.0,0.16415722870448915,0.5735953346091973,0.0,0.99432716124272,0.0410630969713878,0.13352357689051098,0.3176175217656091
SLC27A2_hg,0.012751128949309774,0.09392455501403482,0.24954185017095723,0.11684916414418813,0.2725914603713087,0.012349024841306264,0.07888247013554184,0.27232295726393085,0.0,0.0,0.0,0.0,0.03854802789208211,0.0569981373199854,0.7462493886238162
SLC28A1_hg,0.0,0.00011591996275451039,0.0,0.0022312403774912564,0.0,0.0,0.0,0.0006050901846516261,0.0,0.0,0.0,0.0,0.0,0.0004854664100396146,0.0
SLC28A2_hg,0.0,0.34374973068419734,0.0,0.0,0.04489593136964542,0.0014992515059008974,0.015495439909021339,0.0,0.0,0.0,0.0681665155477772,0.012961427743448486,0.008566431771409814,0.0,0.0
SLC2A1-AS1_hg,0.0,0.4136823358661025,0.0,1.5174045917490941,0.0,0.0,0.0,0.0,0.0,0.16282217077775166,0.03391616730283673,0.0,0.0,0.0,0.0
SLC2A11_hg,0.0,0.17024555108487896,0.08316422046200558,0.11498802539167148,0.041786013770093215,0.0,0.0,0.01570823231941541,0.006967006510859406,0.0,0.02125017871535195,0.14572117496301784,0.0,0.0298240240781065,0.08881045705102138
SLC2A12_hg,0.0,0.007106848039512037,0.0128158638038679,0.002040973438439688,0.03924348358422291,0.0,0.0,0.0,0.0,0.0,0.0,0.0,0.0,0.0,0.02947766195239367
SLC2A1_hg,0.0,0.0,0.0,1.756147894005052,0.8405415699994189,0.31461745560750987,0.0,0.9262303426232735,0.06951832315081997,0.0,0.0,0.0,0.05267010758719417,0.004605834476882871,0.0
SLC2A3_hg,0.0,0.06774863737390581,0.007490577501939723,0.0,2.2537681544217745,0.0035054999366071087,0.12838644114597209,0.0,0.0,1.4874834992846941,0.0,0.4211813470590129,0.28256563600730034,0.0,1.5410369243364466
SLC30A10_hg,0.0,0.23504102963735893,0.0014088534131887769,0.6868494975416897,0.0,0.06244920289949102,0.0,0.0,0.0,0.06464801546064168,0.0,0.0,0.05344469419331049,0.0,0.0
SLC30A8_hg,0.0,0.016159424337345688,0.020173416945453094,0.011263434553141938,0.0,0.0,0.0,0.01830737384059467,0.0,0.0,0.0,0.02954534146999393,0.005270396245526906,0.0,0.008974713679883674
SLC31A1_hg,0.0,1.2582522777645435,1.3164149169167043,0.2645286446345474,0.250289893472937,0.19799757271402088,0.22971097262708076,0.04358385230484985,0.0,0.2926681107538813,0.26917018496662365,0.0,0.32080348375019563,0.1571891574881441,0.4103140008399148
SLC33A1_hg,0.0,0.47239552479093644,0.46194829452011527,0.1042712157251545,0.14675357112372525,0.0957004164044204,0.0,0.05220822795241438,0.0,0.05417419689107454,0.06675152679666647,0.023229424972705925,0.05199018876825666,0.13834012061743267,0.2459419167256597
SLC34A2_hg,0.0,0.0,0.0,0.00023251025653083638,0.001175029122506277,0.0,2.8683567638822813e-06,0.0,0.00036462962956917657,0.0,0.00020000566190968045,7.256508709388991e-06,0.0,0.0,0.0
SLC35E2B_hg,0.014790884015914486,0.8936733713180299,0.3800371763841188,0.35901690420466037,0.23633643839717544,0.09173096722576006,0.0,0.04236240234838268,0.017212501338408268,0.006227194439768663,0.20747717433707671,0.32999947112644157,0.13364101446490156,0.0,0.6536072089215411
SLC35E3_hg,0.05855370935144089,1.374765114885601,0.16128798541911682,0.0760315423510121,0.4044549197463321,0.13027023877103122,0.06706599200315903,0.0,0.0,0.3425425095843416,0.325982525807851,0.0,0.09677418419375872,0.0,0.2362178224358407
SLC35F3_hg,0.0,0.0,0.0,0.0,0.0016009195268176682,0.0020040716972649195,0.0,0.0,0.0,0.0,0.0,0.0,0.0,0.0,0.0005824607760951754
SLC35F6_hg,0.0,0.14375797517012143,0.4240936622562653,0.0,0.5686100953401743,0.0,0.028452986005185702,0.42916199380599374,0.0,0.09791213430905485,0.021032868837083458,0.6863728505845492,0.23564234845021714,0.005922177519605906,0.7591807356290549
SLC35G2_hg,0.0,0.5769675177774026,0.040508619533167145,0.0,0.024004338585203983,0.024761408995447272,0.013364349467705285,0.0,0.0,0.0,0.1177298763756212,0.017496867467037408,0.002535751405091707,0.0,0.08813260074561986
SLC35G3_hg,0.0,0.0,0.0,1.415865977187554e-06,0.00017129373122588755,0.0,0.0,0.00013945026256270042,0.0,0.0,0.0,0.0,0.0,0.0,0.0
SLC37A2_hg,0.0,0.04975904586995951,0.01094822477378758,0.04562062343071915,0.018832424980544837,0.006496767253402809,0.00294173940968124,0.010129120062542102,0.0,0.0,0.0,0.03161059214272316,0.003529626779563471,0.0,0.008168466835549025
SLC38A2_hg,0.0,0.07394492569229506,1.5411518816740473,0.0,2.7101076731248073,0.4110132490781799,0.3858832654095578,0.2498226936423972,0.0613759588473543,0.27233293186832214,0.0,0.0,0.722727323384708,0.0,1.1228865275118443
SLC38A3_hg,0.0,0.0,0.0,0.0008733173301824668,0.001016450344466571,0.0,2.456251863155861e-05,0.0,0.0,0.0,0.0,0.0,0.0,0.0007177070466959526,0.0
SLC38A6_hg,0.006361051551609763,0.2586478627456715,0.0343027954466702,0.05969454450728631,0.1322050016629894,0.07691036011844336,0.011348365076376923,0.2571355014183147,0.017026187456081168,0.01382131202549375,0.0,0.05980791846660513,0.0,0.023499921580736178,0.25277268350504695
SLC38A8_hg,0.0,0.0001305874694173229,0.0002882436607605122,0.002115618442727877,0.0,0.0,0.0,0.0,0.0,0.0,0.0,0.0,0.0,0.0,0.0
SLC39A12_hg,0.0003025730510359014,0.0002507825779683243,0.0005121120483994054,0.00028522515588222483,0.0,0.0,0.0,0.0,0.0,0.0,0.0,0.0,0.0,0.0,6.220734048790878e-05
SLC39A14_hg,0.0,0.0,0.301348851306682,0.0,0.34418068650400535,0.19510311650089537,0.0,0.22067580660796018,0.026081322212939215,0.014013847674609014,0.0007675016125102786,0.5405763293602689,0.3903944856237092,0.08614283932258136,0.5577990193894189
SLC39A8_hg,0.0274374474436496,0.252944017783336,0.17103732790259896,1.6271573466652198,0.0,0.15740535558234012,0.0,0.0,0.0,0.0,0.0,0.0,0.3488392992707521,0.20803207673245702,0.1629558821013156
SLC3A2_hg,0.0,0.0,1.651368132858862,0.8273096332270785,1.0325796927404418,0.4688534513066624,0.9307371496143755,0.47702496386110066,0.05963067457230465,0.0,0.0,2.3506076867429573,0.5330750606110602,0.0,0.0
SLC46A2_hg,0.0,0.0,0.0,0.0,0.00020092674946904372,0.0,0.00011370975529469597,0.00020876645047227739,0.0,0.0,0.0,1.1570706042719896e-05,0.0,0.0,0.0
SLC4A10_hg,0.0,0.0,0.0,0.0,0.0011474195449816874,0.0,0.0,0.0,0.0,0.0,0.0,0.0,0.0,0.0,0.0
SLC4A1_hg,0.0,0.012545572933723279,0.0,1.7212747444517296,0.0,0.0,0.0,0.0,0.0,0.0,0.0,0.0,0.0,0.0,0.0
SLC4A8_hg,0.0,0.4270177888499545,0.0,0.0029766016747134836,0.0,0.006461070592034751,0.01603000436926878,0.0,0.0,0.0,0.0616776220988616,0.012165676615977467,0.022786318589101892,0.0,0.0
SLC5A12_hg,0.0,0.005919771690055387,0.010351949292445824,0.0014895179938229166,0.0,0.0,0.0,0.0,0.0,0.0,0.0,0.0,0.0,0.0,0.0021019118086137985
SLC6A19_hg,0.0,0.008752720326731574,0.0018804104811177376,0.08105983377535891,0.0023567185643675673,0.0,0.0,0.0,0.0,0.0,0.0,0.01735293405340219,0.013531194674423116,0.026596759035740537,0.0
SLC6A2_hg,0.0,0.0,0.0029154195063417995,0.0004414119754971676,0.03627333164679975,0.0,0.0,0.0,0.0,0.0,0.0,0.0,0.0,0.0,0.0
SLC7A11_hg,0.0,0.5959090456705024,1.8138356860810247,0.0,0.0,0.03536559637680951,0.0020468523576421113,0.1806308587847149,0.0,0.0,0.025654923600946313,0.42495195937946584,0.22450342302356968,0.0896182660288533,0.025825470856115425
SLC7A2_hg,0.0,0.0031200030490243376,0.005014808906163391,0.0,0.0,0.0,0.0,0.0,0.0,0.0,0.0,0.0,0.0,0.0,0.00017943705813224612
SLC7A5_hg,0.0,0.0,0.7238424842605528,0.0,0.0,0.21150571704350626,0.30659591119957363,0.6430250604778762,0.0,0.07017988524035691,0.03478346075722765,2.847207762356884,0.44805262615220864,0.0,0.4402022952909529
SLC7A8_hg,0.0,0.0,0.0,2.8614515396103015,1.7965574553985606,0.0,0.0,0.0,0.0,0.0,0.0,0.0,0.0,0.010863638360789761,0.0
SLCO1A2_hg,0.00629448155518417,0.09133528542596057,0.265255273021676,0.07465814456614232,0.01237323009737521,0.026423927382797627,0.0,0.0,0.0,0.005592526378800351,0.0,0.0,0.0,0.00237068537040137,0.05320254426817639
SLCO4C1_hg,0.0,0.0,0.0013181364806582857,0.0,0.0017487478845844959,0.0013682382422531363,0.0,0.003058146194624464,0.0003300354458384501,0.004521745179387306,0.0,0.007308783856982658,7.31964265782666e-05,0.00013362025317386437,0.00016902114293389431
SLF2_hg,0.0,0.53156094196817,0.4491453612709084,0.16362125148646073,0.4557097399858198,0.3149228769387239,0.02987659876953734,0.1895218715897112,0.0,0.0,0.04495756195665028,0.03166495995018603,0.06397659908982763,0.18120568521760513,0.5220543857197459
SLFN11_hg,0.0,0.0,0.0,0.004079415181624443,0.03458072837416895,0.0,0.0,0.0,0.0,0.0,0.0,0.0,0.0,0.0,0.0
SLFN12L_hg,0.0,0.013403829428702723,0.004004655454197187,0.0,0.004445047269176369,0.0,0.0,0.0,0.0,0.0,0.0,0.0,0.0,0.0,0.01620043400337558
SLFN13_hg,0.0,0.07797694453286125,0.02808212366592043,0.01075701058519655,0.0,0.0006165519576376313,0.003533359340085964,0.0,0.0,0.0,0.008151225773153161,0.024092143497684383,0.006004445345394202,0.0,0.007654646568209148
SLFN14_hg,0.0,0.8424510920395395,0.0,0.48023582569633533,0.12812633102976187,0.000699645453528928,0.0,0.020566832317400755,0.013371807577161122,0.21865289579850414,0.1998447982032398,0.0,0.02871135714459057,0.052994141700087954,0.0
SLFN5_hg,0.0,0.0039771929797130625,0.25612429990533436,0.0,0.010636164480373723,0.0,0.0,0.0,0.0,0.0,0.0,0.0,0.0,0.0,0.0
SLIRP_hg,0.39282265679233197,0.28100720987901384,0.0,0.0073952854791768385,0.08116737047905424,0.9845860386068856,0.0,2.6769537827336944,0.14367707805132246,0.7447102586046181,0.0199969938945276,0.0,0.48704185363231955,0.0,0.0
SLPI_hg,0.0,0.0,6.098838987183134e-06,0.004886820707620586,0.0,0.0,0.0,0.0,0.0,0.0,0.0,0.0,0.0,0.0,0.0
SMAGP_hg,0.0,0.006685979325797124,0.2015219889365907,0.0,0.2541617314119693,0.0,0.13863668086380262,0.44324609812393406,0.0,0.014650075051805845,0.0,0.04562647003537498,0.0245695969449774,0.0,0.32010431008871926
SMARCA1_hg,0.020456592355750047,0.114178442767262,0.0,0.013943744959025612,0.17410006287488633,0.0,0.0,0.0,0.0050986820752429,0.10156650797468848,0.012515494783077351,0.0,0.0,0.0,0.2249115920095118
SMC1B_hg,0.0,0.0015648001632770398,0.0005983644424799781,0.00406917512976672,0.0,0.0,0.0,0.0,0.0,0.0,0.0,0.0,0.0,0.0,0.0
SMCO2_hg,0.0,0.0,0.0,0.0,0.0,0.00014985485184905198,0.0,9.399059153337392e-05,0.0,0.0006259266067734611,0.0,0.0,0.00015127624386244388,0.0,0.0
SMIM14_hg,0.0,0.7419284826382203,0.41386916845276317,0.0,0.2261145686789652,0.0,0.017704716979376665,0.0,0.0,0.0,0.12582991687669456,0.0,0.0,0.0,0.003450052052795687
SMIM2-AS1_hg,0.0,0.2833512823209573,0.0023501431917268205,0.0034524716167314133,0.0,0.005433395249475561,0.013133115852578632,0.0,0.0,0.028628086587223763,0.05117766644167356,0.009492839121043675,0.007562643440131917,0.0,0.0
SMOX_hg,0.0,0.0,0.295726374449604,0.0,0.6053582212022038,0.0,0.005122486399929033,0.0,0.0,0.0,0.0,0.01309553536052057,0.0,0.0,0.18178992951035927
SMYD3_hg,0.0,0.0,0.7060039343315966,0.0,0.6938998495495676,0.0,0.5372739999356966,1.2792761967319957,0.0,0.15505957304551657,0.03124781352258949,0.5670793112149047,0.0,0.0,1.4178948980861166
SNAP91_hg,3.086067305205106e-05,3.5871117870467067e-06,6.920376334814032e-05,0.0,0.00022725646233394119,2.0763853154642866e-06,0.0,0.0,0.0,0.0,0.0,0.0,0.0,0.0,0.00016705195524239857
SNCG_hg,0.0,0.0,0.0,0.0,0.1718359277722623,0.2253320453228423,0.03163497729669929,0.314203387782768,0.0,0.25270574243759136,0.030008304726862015,0.5118975122006595,0.0,0.0,0.45973189236626105
SNHG14_hg,0.0,0.9458552521905657,0.004644789669605099,0.007469958267427157,0.019062503429262113,0.14281133764088066,0.010007381372492703,0.045108144772470236,0.0968988233214482,0.022565562259536008,0.005354601798346373,0.13059301203813653,0.054108639151046446,0.04364874026236137,0.17786348609896058
SNHG18_hg,0.0,0.0,0.0,0.0,0.00015860712025293614,0.0,0.0,0.00033784845161653114,0.0,0.0,0.0,0.0,2.168056351293284e-07,0.00010057589069630484,0.0
SNHG19_hg,0.47361789736356774,0.5108226058911763,0.0,0.3873265385833627,0.0,0.5920439976690389,0.0,0.645475849399486,0.0,0.0,0.02974115495590331,0.1521224313334269,0.12332656054840387,0.0,0.0
SNHG29_hg,2.0144393848615736,0.7635900922383861,1.6012272867116357,2.082384646950906,1.0825799422691063,0.05344531178830024,2.1467358954539972,0.0,0.0,0.035714334405311764,0.30263330974676345,1.6942926078754819,2.267910239061179,0.4029433645371477,1.2469805360154165
SNHG32_hg,0.0,0.2722571744093467,1.0405911087779438,0.18205044387318342,0.04823365023458773,0.0,0.31722620239287164,0.9683235947993284,0.0,0.0,0.0,0.0,0.0,0.0,0.0
SNHG5_hg,3.5879437093670155,0.41460619413237904,0.8553084040918951,0.038133844258907305,0.0,0.6754019405031789,0.2139594952110891,2.1274296446280956,0.0,1.3180217249653101,0.7017530617286768,0.0,1.4659076720812907,0.505175137415675,0.12376845303240293
SNHG6_hg,1.4696196784164588,0.2797260485439681,0.5684323919459686,0.4006374031994211,0.0,0.4187441354259395,0.0,2.312394051266611,0.0,0.1256169690009729,0.023251496130044548,0.26506423764588694,0.4613333059537001,0.0,0.0
SNHG8_hg,0.34758355888091474,0.13644116704818718,0.45245565971752166,0.19832784164398698,0.0,0.3857094095868575,0.0,1.9125225297233284,0.0,0.46736998046109207,0.1089586196707457,0.21865833125569087,0.4419765443455348,0.0,0.0
SNORA10B_hg,0.0,0.0,0.0,0.0,0.00015169014697692424,0.0,3.0029265607908597e-06,0.0004078016779094814,0.0,0.0,0.0,0.0,0.0,0.0,0.0
SNORA24B_hg,0.0,0.0012433622529701828,0.0007120460470249369,0.00024011715096722942,0.00034654290187182833,0.0005394370763476252,0.0,0.0,0.0,0.0,0.0,0.0,0.0,0.0,0.00034745066602671145
SNORA46_hg,0.0006833870955790746,0.0,0.0,0.0,0.0,0.0,0.0,0.0009149063644257546,0.0,0.0,0.0,7.336709587935466e-05,0.0008989666188034588,0.0,0.0
SNORA5B_hg,0.0,0.0,0.0,0.0,0.0004121462223427191,0.00010709240044307568,0.0,0.0,8.827631159466234e-05,0.0,0.00010696952090529095,0.0,0.0,0.0,0.0
SNORA70B_hg,0.0,0.00094401717579045,0.0,0.0,0.0,0.0024896900601412927,0.0003416726523235686,0.0,0.0,0.0,0.0,0.0,0.0006460124937454116,0.0003884219872753149,0.0
SNORA71C_hg,0.0,0.0016585437503729007,0.0,0.0,0.001311710813322553,0.008313988659287007,0.0,0.003983916116471998,0.0011604080715763498,0.0,0.0,0.0006049039414143621,0.0062301916519884185,0.004833688447287304,0.0
SNORA71D_hg,0.0,0.0007898128697933556,0.0,0.0,0.0,0.0,0.0,0.0014631360334178222,0.0,0.0,0.0005643501555509501,0.0,0.0012369337161039148,0.0,0.00011565353113176795
SNORD105_hg,0.0,4.93807105593692e-05,0.0,0.0,0.0,8.439691527338886e-06,0.0,0.0,5.1257424662368645e-05,7.395178738887424e-06,3.1175976301037036e-05,0.0,0.0,6.638377004173688e-05,0.0
SNORD126_hg,0.0,0.0001628172062306341,0.0,0.0,0.0,0.00010995741115833899,3.280018727606923e-05,0.0,0.0,0.0,0.0,0.0,6.0018878962544764e-05,0.0,0.00010780968931492355
SNORD15A_hg,0.0,0.0,0.0,0.0,0.0,0.0,0.0,0.0,0.000519326277992645,0.0,0.0,0.0,0.0,0.0,0.0
SNORD3D_hg,0.0,0.0002538491620534546,0.0,0.0,0.0,0.0,0.0,0.0,0.0,0.0,0.0,0.0,0.0,0.0,0.0
SNORD70_hg,0.0,0.001837384566991652,0.0,0.0006493591727211157,0.0,0.0010378829896157584,1.587683707942834e-05,0.0,0.0,0.00024414834481928285,0.00020251323654181866,0.0,0.0012844346657901785,0.0,0.004164264465643159
SNRK-AS1_hg,0.0,0.016169661282321068,0.013679158561025731,0.02468737672736484,0.03437268707624208,0.0,0.0,0.0,0.0,0.0,0.0,0.019929437983284875,0.0,0.0020643947089180807,0.00841157487180772
SNRPD2_hg,1.8025362336235293,0.0,0.0,0.32989898173913046,0.38418343367553726,1.6501313076498565,0.5842399075482103,3.5577332403052706,0.11923991411177352,0.4890446206615895,0.0019810453827656905,0.20066184750827504,0.4168817688572506,0.11038739714906547,0.0
SNRPG_hg,0.6636028571408393,0.0,0.0,0.04978085473025459,0.5199493745434622,1.0401573094736856,0.15654075909467774,4.365779838933432,0.06539429429835862,0.16934256814588752,0.0,0.0,0.7512963316133504,0.0,0.0
SNRPN_hg,0.0,0.0032178089723472964,0.002911313761838136,0.004276712116782872,0.003960980529183047,0.0,0.005055526295265762,0.0062818614855297515,0.0,0.0,0.0,0.009838082036287173,0.0,0.003561998795582774,0.0016530867866781174
SNTB1_hg,0.0,0.00042443062495728997,0.0,7.207119713303248e-05,0.0,0.0,0.0,0.0,0.0,0.0,0.0,0.0033870985006590726,0.0,0.0,0.0
SNX10_hg,0.0,0.06569054422461236,0.2513521761960893,0.06045488795952091,0.2693540106615987,0.04539374923863516,0.022169654482978293,0.23303480084504968,0.0,0.09916855442634806,0.0,0.013628977797176579,0.022357392677473956,0.05026908231774377,0.30750906154505636
SNX31_hg,0.0,0.00044480910463489786,0.0,0.0,0.0,0.0,0.0,0.0,0.00017803060771856105,0.0,0.0,0.0,0.0,0.0031095737699037645,0.0
SOCS1_hg,0.0,0.0,0.0,0.0,0.021464255337380986,0.0,0.0,0.0,0.0,0.0,0.0,0.0,0.0,0.0,0.024230869009548062
SOCS2_hg,0.0,0.039215542506610086,0.6155434507125546,0.0432748685875096,0.0,0.4529295847951632,0.09309902263640245,0.1610519415268837,0.0,0.008684666651786233,0.0,0.0,0.0,0.0,1.0545329719864933
SOCS7_hg,0.0,0.3086694694098067,0.24744171936050569,0.017349905402098575,0.2240326069653359,0.017067444165455577,0.013298092121077259,0.031627103788233885,0.0,0.00902278765117853,0.028123410430771822,0.31439664683280166,0.10444392740586074,0.08327337570237656,0.21674777114323837
SOD1_hg,0.5506520492325864,0.0,0.08137321717181226,2.2786410337601746,0.3872200147332498,0.2854100869318089,0.5650402553440296,2.8991362685819424,0.0,1.1201197570142105,0.45106190449642025,0.43823068295055667,2.126097648362578,0.15393687161414416,0.9541545152877376
SORCS1_hg,0.0,0.00918186079026934,0.14966111300884813,0.07904438360273547,0.0,0.0,0.0,0.0,0.0,0.0,0.0,0.0,0.0,0.0,0.29590605597276354
SORL1_hg,0.0,0.31742324984140635,0.002055174947137814,0.0,0.0,0.016918833385743674,0.013706823824995554,0.0,0.0,0.005327549937724358,0.04643737125645109,0.013467209562020284,0.0,0.0,0.0
SOSTDC1_hg,0.0,0.0,0.07370417662063514,0.0,0.0,0.0,0.006807687988024123,0.0,0.0,0.0,0.0,0.0,0.0,0.0,0.31475001181493906
SOWAHA_hg,0.0,0.0002200593374561115,0.0003131018236251738,0.0,0.0,0.0,0.0,0.0,0.0,0.0,0.0,0.0,0.0,0.0,5.698326408065206e-05
SOX4_hg,0.0,0.005760428521195399,0.0,0.0,0.0,0.0,0.0,0.0,0.0,0.0,0.0006544705619329317,0.011077181675038903,0.0,0.0,0.028192727762094038
SOX5_hg,0.0,0.01313538220450857,0.0,0.0,0.0,0.11033476774103818,0.015940312043117157,0.10634111041896295,0.0,0.020578222376361067,0.0,0.1706536054441216,0.12480308161658528,0.0,0.285789068710476
SOX6_hg,0.0,0.3795492027809279,0.08065940093290036,0.22450451665195373,0.03856349222255435,0.12505707030070354,0.0003834056902939494,0.20617703583445499,0.0,0.18472696080468776,0.0,0.031889401863626037,0.0,0.12065794005269466,0.6307779201250897
SOX9-AS1_hg,0.0,0.1988447800606385,0.009416764513262761,0.0,0.0,0.007537013242843369,0.007826575856187113,0.0,0.0,0.0,0.03506891765315135,0.003783086775738154,0.007247617285910511,0.0,0.0
SP6_hg,0.0,0.0,0.0,0.0,2.490213671665995,0.0,0.0,0.0,0.0,0.04926157327409027,0.0,0.0,0.0,0.0,0.0
SPACA3_hg,0.0,0.0,0.0,0.008518493312574742,0.03561835477014728,0.0,0.0,0.0,0.0,0.0,0.0,0.0,0.0,0.0,0.0
SPAG17_hg,0.0,0.012509791420223666,0.026982914297812827,0.005052494872299314,0.0,0.0,0.0,0.0,0.0,0.0,0.0,0.0,0.0,0.0,0.050164579547697215
SPAG6_hg,0.0,0.024159186273846247,0.23883806370382907,0.0,0.0,0.00028757834780095555,0.010541193027726352,0.1886516813553114,0.0,0.0012409989790602037,0.0,0.02834424633769289,0.0,0.0,0.012081587549374929
SPANXB1_hg,0.0,0.0,0.0,0.007129464254353561,0.02247352050362194,0.0,0.0,0.013745174430866312,0.0003732611561232716,0.0016185911084778874,0.0,0.0,0.0,0.0,0.0
SPARC_hg,0.0,0.0003552305842796306,0.0,0.40802227112261935,1.0543432368201553,0.0,0.0576956142071384,0.13670287262046765,0.024557965120653728,0.0,0.0,0.0,0.0,0.0,0.06798254934218528
SPATS2L_hg,0.0,0.11628844022111881,0.0,0.0,0.9559621284726157,0.01852091002264788,0.0,0.6912143631614873,0.0,0.1354630956118132,0.0,0.1192285987313728,0.019557487009823817,0.06715068781713349,0.5700300111862925
SPDYC_hg,0.0,0.0,0.0,0.23137709975841764,0.2980012961843541,0.0,0.04586284050786731,0.28319646445068186,0.0,0.0,0.0,0.07303091743600851,0.0,0.0,0.0
SPEM1_hg,0.0,0.0013649978668130317,0.0,0.0,0.0005805280208801443,6.605207962705562e-05,0.0,0.0,0.0,0.0005879069063824547,0.0,0.0,0.0,0.0,0.0
SPESP1_hg,0.0,0.0,0.0,0.0001936146186119687,0.0,0.0004443702903844838,0.0003153764285551573,0.0,0.0,0.0,0.0,0.0,0.0,0.0,0.0
SPINK1_hg,0.004105753700587255,0.0,0.026647822195591336,0.0,0.0,0.0,0.0,0.0,0.0,0.0,0.0,0.0052307216823638735,0.0,0.0,0.0
SPINK2_hg,0.0,0.0,0.0,0.0004244463864640539,0.0003242128106937983,0.0,0.00020879436375537347,4.032570131801772e-05,0.0,0.0,0.0,0.0,0.0,0.0,0.0
SPINK4_hg,0.0,0.0,0.00675431119050268,0.021540501308362565,0.0,0.0006625730166321933,0.0,0.01965344603094432,0.0,0.0,0.0,0.0,0.0,0.0,0.0
SPINK5_hg,0.0,0.10381782815154995,0.06907239831264539,0.01726118691762483,0.004906456583713524,0.0,0.0,0.0,0.0,0.010804046541320599,0.014094992832951488,0.03874958427590671,0.0,0.003124110604658689,0.0
SPINK9_hg,0.0,1.4806126271024629,0.0,0.0,0.0,0.0,0.0,0.0,0.032031351749823356,0.5670500123282988,0.21222005350151918,0.6891880455646429,0.0,0.0,0.00428783235493235
SPOCD1_hg,0.0,0.004983819916587868,0.04169611758512481,0.030181087396709366,0.09477370089410306,0.0,0.0,0.0,0.0,0.0,0.0,0.0,0.0,0.0,0.0
SPP1_hg,0.0,0.0,0.002082457831826147,0.0,0.008411704660941028,0.0,0.0006652570740551423,0.0,0.0,0.0,0.0,0.0,0.0,0.0,0.0
SPRR2D_hg,0.0,0.0,1.6295303881162402,0.0,0.0,0.0,0.1251981352391358,0.0,0.0,0.0,0.0,0.0,0.0,0.0,0.0
SPRR3_hg,0.0,0.0,3.287606172336774e-05,0.0,0.0028480149649926095,0.0,4.0185806868010654e-05,0.0,0.0,0.0,0.0,0.0,0.0,0.0,0.0
SPRY4_hg,0.0,0.0,0.19539814469154299,0.0,0.518978865648762,0.05536545200856772,0.0,0.0,0.0,0.0,0.0002497131613746985,0.05996404580921969,0.0,0.0,0.2671215150334593
SPTAN1_hg,0.0,0.13299662944170418,0.2548384797422378,0.0,0.8342727837243603,0.0,0.0,0.0,0.0,0.14487554149129822,0.005741180094791456,0.008298903541827505,0.0,0.0,0.6171821723231699
SPTBN1_hg,0.0,0.16080654879317732,0.9208533901870605,0.0,2.0901464790717337,0.5068001624695692,0.0,0.0,0.0,0.0,0.33670004854047786,0.7324950002276951,0.0,0.7426854013466748,2.432338589915376
SPX_hg,0.0,0.0,0.07649576748414606,0.0,0.0009548563281103517,0.0,0.0,0.0,0.0,0.0,0.0,0.012254774150480506,0.0,0.0,0.0
SQOR_hg,0.0,0.0,0.012975727183929505,0.049195598412307515,0.06514970003098283,0.0,0.0,0.011568732907076872,0.0,0.0,0.0,0.0,0.0,0.0,0.0
SQSTM1_hg,0.0,0.08225363811877404,1.890423769040244,1.1748776555537848,3.1442496116160528,0.03988185156410098,0.5089614450398146,0.056605501893953504,0.0,0.0,0.0,1.089857685280903,0.6518411956067769,0.0,0.6845643774847937
SRGAP1_hg,0.0,0.1921996776586526,0.0,0.0,0.023209949549911766,0.009950074384848979,0.004975416232893782,0.0,0.0,0.0,0.03896596823434261,0.0279385445312139,0.0025078839564609268,0.0,0.0
SRGAP2B_hg,0.0,0.2537299836017428,0.2578461776191651,0.06977565914157034,0.09817875150009339,0.031929124400961094,0.024327836596401486,0.03484525328516325,0.0,0.0,0.0,0.0,0.0,0.06751023592767993,0.07819687840225316
SRGAP2C_hg,0.0,0.2586088865828555,0.24549892086663924,0.06949175786220758,0.13234439795582215,0.06555627650198156,0.02695879587659868,0.026294579893963103,0.0,0.021870367232988977,0.0,0.0,0.0,0.009380507722705088,0.07705450706827473
SRGAP2_hg,0.0,0.3321530730510576,0.8055381667292437,0.3997542717176874,0.7144660986217225,0.14811472803350928,0.0,0.4082663552533876,0.0,0.07703102409994178,0.02181546925903364,0.0,0.0,0.25568353069066574,0.673114812320794
SRGN_hg,0.0,0.16413158475625203,0.6055369856355662,0.0,0.9964401053727846,0.0,0.1984396599781872,0.5714660384837611,0.0,0.22240641569969527,0.0,0.0,0.08319775018506816,0.20611850710913504,0.621795006062506
SRPX_hg,0.0,0.0,0.00719933147124133,0.0,0.02259497973351719,0.0,0.0005422933627323972,0.010150863745676442,0.0,0.0,0.0,0.0,0.0,0.0,0.0
SSH1_hg,0.10613154537502632,0.4940302517883768,0.2595063405613939,0.23618952031960105,0.472826615867749,0.0,0.0,0.0,0.0,0.0,0.01903302282722555,0.10033789444148118,0.0,0.0,0.5781099115655912
SSR4_hg,0.5768561488125786,0.004167359862982579,0.3054858266816594,0.43603004841386767,0.4446087026712238,0.601607027589302,0.4046047343691365,3.0236190258755595,0.004424251240228832,0.44229385263825327,0.0,0.6533101861573856,0.0,0.0,0.5138614386533171
SSTR2_hg,0.0,0.1863991149357585,0.022587032185339126,0.0,0.0,0.01616430378345994,0.007392412064060703,0.0,0.0,0.0,0.03428892300113402,0.0,0.0,0.0,0.0
SSUH2_hg,0.0,0.0,0.0,4.8006604390591984e-05,0.024515360453317866,0.0,0.0,0.0,0.0,0.0,0.0,0.0,0.0,0.0,0.0
SSX1_hg,0.0,0.25723036281914374,0.36199832158603834,0.33524648805194335,0.16629231290401614,0.30033204711788364,0.10065479157146805,0.9549311722457625,0.011995631104450084,0.20937852643734928,0.0,0.0,0.051119318220123465,0.238841345234201,0.0
SSX3_hg,0.0,0.12819155317880299,0.16176143810849875,0.03276420142839867,0.04868121200010903,0.061260696157644054,0.03964865163577999,0.07146729789181404,0.0,0.0035350945896020416,0.0,0.04666917429214105,0.0252655187295693,0.027732786055745265,0.058219339478870695
SSX7_hg,0.0,0.0,0.00019265046934765687,0.0,0.00014019285816997676,2.9361794012324388e-05,0.0,0.0,0.0,0.0,0.0,0.0,0.0,0.0,4.6786622212832644e-05
ST14_hg,0.0,0.00031575445999116686,0.0,0.0017925292484416726,0.00171917320058099,0.0,0.0,0.0,0.0,0.0,1.467792294388152e-05,0.002776721677039897,0.0,0.0,0.0
ST20-MTHFS_hg,0.0,0.0,0.003971144768816433,0.0,0.0,0.00030026499939984024,0.0020511214030044782,0.006673287626506886,0.0,0.0,0.0,0.0,0.0,0.0,0.0
ST6GAL1_hg,0.0,0.07604215580032099,0.08040482862890964,0.0,0.7136626203706892,0.0639920635078265,0.0,0.04624229263395211,0.004518504253844026,0.30977689228082655,0.009726716749328384,0.05704097230381609,0.0488551776910482,0.05799947122145693,0.41721758192537667
ST6GALNAC5_hg,0.0,0.0,0.0,0.0022496982830275914,0.001620529278500999,0.0007144557127267874,0.0,0.0,0.0,0.0,0.0,0.0,0.0,0.0,0.0
STAB2_hg,0.0,0.001363320896913,3.1766305875319736e-05,0.00014844546171281992,0.00037475169895101555,0.0,0.0,0.0005025688730624828,0.0,0.0,0.0,0.0,0.0,0.0,0.0
STAG3_hg,0.0,0.6614244630018067,0.0,0.0,0.02356856615621945,0.09779434306387093,0.12508481203926958,0.2842741112910603,0.0009230902215029789,0.020671987905434834,0.0332938930705517,0.5599678381124332,0.12788429953763936,0.21632181093405012,0.21171622397506587
STAMBPL1_hg,0.0,0.005715019001749318,0.015304019596608886,0.0,0.0,0.0,0.0,0.0,0.0,0.0,0.0,0.0018629706528699122,0.0,0.0,0.0
STAP1_hg,0.0,0.0020635537621288454,0.0,0.003912857054940547,0.0006400261784888766,0.0,0.0,0.002055329779391125,0.0,0.0,0.0,0.0,0.0,0.0,0.046304946459601024
STARD6_hg,0.0,0.0003355942293237323,0.00033616878414747837,0.0002621950439533771,0.0009375464327515277,0.0,0.0,0.0007003530827706702,0.0,0.0,0.0,0.0,0.0,0.0,0.0
STAT4_hg,0.0030182118552454485,0.0,0.0,0.0004047534474292152,0.0038661777608866594,0.0,0.0,0.0,0.0,0.0,0.0,0.0,0.0,0.0,0.0
STAT5B_hg,0.0,0.9135746337734586,0.6881620171774736,0.2602802788503555,0.3187077203225347,0.5883854404564758,0.07702808941003522,0.0,0.0,0.4339386095994565,0.22140109315999612,1.0469217250128944,0.408723857359001,0.26155769591764283,0.687138737052968
STAT6_hg,0.0,0.3340741246977409,0.1307967190135287,0.06261404312104882,0.18956639134891404,0.048482184261678815,0.001642601371972565,0.11268041261490495,0.0,0.0,0.05618770510585619,0.1372705078938493,0.0,0.0,0.5292191824396915
STBD1_hg,0.0,0.00066067677711023,0.0006896439613345437,0.0,0.0002151797950070596,0.00036329569906209795,0.0,0.0,0.0,0.0,0.0,0.0,0.0,0.0,0.0005637119390250717
STC1_hg,0.0,0.0,0.0,0.0,0.8772234993360343,0.0,0.0,0.0,0.0,0.0,0.0,0.0,0.0,0.0,0.0
STC2_hg,0.0,0.0,0.47229991942417565,0.0,0.0,0.0,0.0,0.14148134479690122,0.0,0.0235436234599296,0.008875522455670642,0.3687705102079172,0.018722240745529722,0.0,0.07563057823760112
STEAP1B_hg,0.0,0.19452507622926515,0.32201558747887704,0.0,0.16659189176500794,0.03540785718530396,0.039544971395242476,0.2947363885018682,0.0,0.06538354165694918,0.0,0.1111554697292367,0.07864685367411094,0.0,0.3586919078988098
STEAP4_hg,0.008603048045181515,0.6357685262460513,0.005959682407497359,0.0026788042000684266,0.022697910001919955,0.012601937630727665,0.026247013977040518,0.01811851676450744,0.0,0.05980885993780563,0.1347995738434527,0.0,0.0001312661135373011,0.0,0.0
STH_hg,0.0,0.0009454163819034185,0.004060707825922345,0.0,0.0005647685764831024,0.0,0.0,0.0,0.0,0.0,0.0,0.0030930770620253996,0.0,0.0,0.003097822009494312
STIM1_hg,0.0,0.2573994201505587,0.4291079898205686,0.20695333345618552,0.25815605875193,0.0539496494674292,0.027776873713873957,0.28376368991889594,0.0,0.17816380872855414,0.05090362794818775,0.6744034590756836,0.20997592772252927,0.36792784817757296,0.4527432514638418
STING1_hg,0.0,0.0,0.0,0.0,0.0,0.17537095158559654,0.1893396218777454,0.5907145657234971,0.027748671436367323,0.0,0.0,0.19049858803120112,0.0,0.0045988400090646465,0.6620213291315322
STK10_hg,0.0,0.470542957470037,0.05000328819389158,0.10264276324472599,0.15345265771065994,0.02240279176863725,0.019129605211913547,0.037519541719099304,0.0,0.03297786847934752,0.10520899530635791,0.1155083819276441,0.0185415849916308,0.0,0.0
STK32A_hg,0.0,0.0,0.01605609797929568,0.0,0.0,0.0,0.0,0.0,0.0,0.0,0.0,0.00048455129715079947,0.0,0.0,0.0
STK40_hg,0.0,0.19279324863875272,0.47864607533381104,0.0,0.43774657342215695,0.1437165768843016,0.0,0.3359236998734306,0.0,0.28183954399034233,0.07218979948317648,1.9154269414430793,0.09781386948553951,0.0,0.2270266271120138
STPG2_hg,0.0,0.0,0.00035333993428485,0.0,3.2569338413498904e-05,0.0,0.0001076773509285176,0.0007819687287494242,0.0,0.0,0.0,0.0,0.0,0.0,0.0
STS_hg,0.0,0.5910419326366988,0.004560610568112418,0.06356369340952839,0.02897840710434737,0.07076416446696071,0.027346011563324432,0.1042340303391699,0.06772711309632662,0.0,0.0,0.09253896353160827,0.05426822236410319,0.0,0.07620625663650316
STX17-AS1_hg,0.0,0.16666022434987035,0.0,0.023756018777427293,0.05334693219098624,0.027218794974255143,0.005176443321361261,0.025112802397655874,0.008646767230376757,0.0,0.0,0.02318707353497288,0.0011716131223448846,0.025705789354949785,0.020538611396837762
STXBP2_hg,0.0,0.18153507756738876,0.048680851900968304,0.0,0.09660559506099593,0.09301543625788995,0.025166963197945834,0.0518044811078043,0.0,0.1599826094236444,0.026438626885524015,0.573857856243141,0.0,0.0,0.006913267536742974
STXBP5-AS1_hg,0.0,0.49568242841647736,0.08903309749299632,0.0,0.0923432070708172,0.010092047815485356,0.02416207109467865,0.0,0.0,0.005885195298914302,0.08370984728077231,0.0,0.0,0.0,0.09072075050619396
STXBP5_hg,0.0,0.3677839772469675,0.625856859256461,0.0,0.8557052952836696,0.18800221042174467,0.19006502119087065,0.32863960757431265,0.2856199676622383,1.0997275252233258,0.0099475229895015,0.06381539982803139,0.543617668855633,0.0,4.1137174011319555
SUCNR1_hg,0.0,0.0,0.0,0.035851618328881,0.05685337039187767,0.0,0.0,0.0029228981563126323,0.0,0.0,0.0,0.0,0.0,0.0,0.0013123464728187232
SUCO_hg,0.05104612055549366,0.45547313146173274,0.2779863385066666,0.08500275546065775,0.6442195820462789,0.15527330539973241,0.0,0.0,0.011641353448802915,0.06464768655680707,0.020249325594090994,0.1409326403374163,0.11063932947925145,0.48513502656902596,0.2806478181447742
SULT1A1_hg,0.0,0.14550965027926774,0.09114702727678599,0.03585117984116229,0.07754164551200043,0.0,0.01904672170850258,0.07088560800515815,0.0,0.006282540845046174,0.0,0.20378336812090717,0.0,0.0,0.12407646593891634
SULT1A2_hg,0.0020897637999858372,0.026932100372365996,0.027967269021828,0.0009991986489112001,0.009397911800852608,0.0,0.0,0.03922571827002469,0.0,0.0,0.0,0.04126036235090555,0.0,0.0,0.02808676449798299
SUMF1_hg,0.0,0.4077580553602476,0.0521589196258117,0.0030033740991619474,0.055883349465180136,0.02783040230393899,0.015508557300962036,0.08383175794507083,0.0,0.029146314235272527,0.06011659405158271,0.047767488103683343,0.01799437398291405,0.0,0.03563953813665334
SUN3_hg,0.0,0.0030848117099931786,0.009152143859922277,0.0,0.0,0.0,0.0,0.0014116632910774706,0.0,0.0,0.0,0.0,0.0,0.0,0.0
SV2A_hg,0.0041917025743059815,0.23951950865504495,0.0,0.0,0.062133962218647275,0.0,0.0,0.025710719198737426,0.001812496228049718,0.012103219588382683,0.03433951619565896,0.04416785636318444,0.02522496589492568,0.04330221056654646,0.0010778471835921624
SVOP_hg,0.0,0.43914742253981315,0.0011835929513469088,0.0,0.05166804799026447,0.0,2.317054223178517e-05,0.04790594973651479,0.0,0.04660910304758638,0.09550416879927931,0.0,0.0,0.0,0.0
SYCE1_hg,0.0,0.0009242862193718071,0.0015379827239981048,0.00030571639692561356,0.0,0.0,0.0,0.0026469889526029343,0.0,0.0,0.00016433163106786909,0.0019858184952707965,0.0010558238879437212,0.0,0.0
SYCP2_hg,0.0,0.05979132000261156,0.06081169921115808,0.028638178627282584,0.0,0.0,0.0,0.0,0.0,0.0,0.0,0.02325105292799533,0.006056937996843735,0.016843440567967397,0.0
SYK_hg,0.0,0.33793642759153153,0.4708551464409273,0.2004618295676577,0.07518393611686353,0.07990250059996944,0.04674714416159625,0.2453690545273874,0.0,0.04387553478983315,0.0,0.4465718050730406,0.2387918455107126,0.0,1.219673527911605
SYN3_hg,0.0,0.533889198823415,0.0,0.0,0.027647181521176217,0.024463250759530823,0.0,0.09020512896325547,0.0,0.1257484002618086,0.12475846942861737,0.005774089150489234,0.01539897745541744,0.0,0.028157253118076327
SYNE1_hg,0.0,0.16818585865380017,0.06754087610129546,0.0,0.057632481351753265,0.00628621721025134,0.0,0.0,0.0,5.697137777512508e-05,0.025674084294856257,0.015920797552592625,0.0,0.0,0.0
SYNE2_hg,0.004948046738768452,0.08727312601851445,0.00866649470535198,0.011898781216410657,0.011857235520211052,0.010052044568778533,0.00707078474552675,0.0,0.0,0.0,0.012809545153191708,0.007004262564267262,0.0,0.0,0.005504939545517258
SYNE3_hg,0.0,0.0,0.1188435719852354,0.011005724161998064,0.03015502290295288,0.0,0.0,0.0,0.0,0.0,0.0,0.12040384971159271,0.0,0.0,0.054950285779745534
SYT1_hg,0.0,0.0,0.0,0.00026227842836235005,0.0008980302517969448,0.0,0.0,0.0,0.0,0.0,0.0,0.007901053960949552,0.0,0.0,0.0055352287204424545
SYTL1_hg,0.0,0.2627376984841398,0.015699976894563875,0.0,0.0,0.0039368379332539935,0.008276456634856832,0.0,0.0,0.0,0.04508336580348369,0.145765875381292,0.0,0.0,0.04627740460414599
SYTL4_hg,0.0,0.10044451658998997,0.014777725906087,0.12231413938811436,0.17475571867591969,0.0,0.0,0.041375797424115436,0.0034433658852442727,0.07207243967795673,0.009179449839523601,0.0,0.0,0.0,0.0
SYTL5_hg,0.0,0.002386030575967057,0.0,0.00025475772021644897,0.0390693117328491,0.0,0.0,0.0,0.0,0.0,0.0,0.0,0.0,0.0,0.0
SYVN1_hg,0.0,0.049208452085169614,0.0,0.14833195845315114,0.5121673970706115,0.1195367062066738,0.0,1.0328207336240713,0.0,0.03394057527738984,0.00721779927605515,0.14540803225920834,0.029459469804482403,0.0,0.06350572686976999
TAC1_hg,0.0,0.0,0.0848441114051079,0.0,0.0,0.0,0.0,0.0,0.0,0.0,0.0,0.0,0.0,0.0,0.0
TAC3_hg,0.0,0.0,0.0,0.6106239407799195,0.9991899944248729,0.0,0.0,0.013751080092228484,0.0,0.0,0.0,0.0,0.0,0.0,0.0
TACC1_hg,0.0,0.5214342555741448,1.0931335866512117,0.18297475427965545,2.2393147721694837,0.32468778829113243,0.0,0.0,0.0,0.7171627219112259,0.10062642812232339,0.6286710357822465,0.28472768854063435,0.23291812238912188,1.1334280128380456
TAFA2_hg,0.0,0.046757573271063606,0.04560547848242661,0.0,0.0,0.00670539021157212,0.01301347236628066,0.08682676575143246,0.0,0.0,0.0,0.0,0.0014493088803785102,0.0,0.1561430836474019
TAGLN3_hg,0.0,0.0,0.0002031812868704385,0.0,0.0037431001457774392,0.0,0.0,0.0,0.0,0.0,0.0,0.0,0.0,0.0,0.0
TANC1_hg,0.0,0.0,0.0,0.05445986178238313,0.29049434506682964,0.0,0.0,0.0,0.0,0.0,0.0,0.0,0.0,0.0,0.0
TAOK3_hg,0.0,0.6858855487020962,0.5252135673447934,0.0,0.6090793425504366,0.4375369676726677,0.0,0.5075939239700098,0.14710999347143158,0.5261515187486987,0.1973314350805718,0.8649798621802413,0.48461900472859976,0.8052088100569745,1.1830367317896728
TBC1D32_hg,0.025787886896422314,0.5320131995284474,0.02863839384048322,0.08244365615218961,0.14367905889281363,0.06391032031231125,0.005524385059694034,0.10390269535120256,0.05424743335608615,0.22980281107592324,0.03924259272831265,0.11648910468017505,0.03706248265700593,0.03578226757555197,0.12442124567961968
TBC1D5_hg,0.0,0.16925088467479185,0.6534287591617052,0.4512676053771402,0.0,0.1656318683001928,0.04750596575699403,0.6407057793280052,0.04257660886477232,0.052612362041642956,0.0,0.12413308923450081,0.0,0.21992555174277056,0.5707136360942663
TBC1D8B_hg,0.0,0.6445700621429763,0.05627455198729069,0.12285240909006671,0.1380041880761503,0.09529149127945159,0.0,0.05934588046888782,0.06356055172674582,0.0,0.0,0.17406545476859323,0.023557890281153314,0.05453243749598268,0.10592256307400788
TBC1D8_hg,0.0,0.0327577172116023,0.06342986872476084,0.0068909803524339385,0.011504652086830078,0.0,0.0,0.0,0.0,0.0,0.0,0.058957993782882086,0.0,0.0,0.0
TBL1X_hg,0.0,0.0,0.8646885308863715,0.12159640076984592,1.047420931478485,0.22773221355046022,0.0,0.26980963035848077,0.0,0.9384837779673061,0.06020596646251523,2.0383509786111547,1.2327319185439023,0.6542420856958955,1.708675791611179
TBRG1_hg,0.09116255085149108,0.31874648062204197,0.5459459518611286,0.01600475191631709,0.4573827280616426,0.1505961888312095,0.0664319140804656,0.2598154432151995,0.0,0.03579788379249249,0.005478051478358304,0.639868561192251,0.1649406492623913,0.22753980531093576,0.2589792211584435
TBX15_hg,0.0,0.005012330750444807,0.03414179588589844,0.0,0.0,0.0040138734878205455,0.0,0.0,0.0,0.0,0.000353933702591793,0.012074556058139056,0.0,0.0,0.023487279314583928
TBX21_hg,0.0,0.0,0.0008056588010564641,0.0,0.0,0.0,0.0,0.0,0.0,0.0,0.0,0.0027071067704628523,0.0,0.0,0.0
TBX3_hg,0.0,0.0,0.010939582354662575,0.0,0.14784290715936804,0.006964374665541411,0.0,0.0,0.0,0.0,0.0,0.0038796603861105737,0.00581457297390869,0.0,0.0030374327451821006
TBX4_hg,0.0,0.0,7.527136848351224e-05,0.0,0.0,5.0046683358318725e-05,0.0,0.0,0.0,0.0,0.0,0.00032370904065348377,0.0,0.0,0.0
TBX5_hg,0.0,0.0,0.0,0.0,0.0,0.0,0.0,0.0,0.0,0.0,0.0,0.002804853750984632,0.0,0.0,0.0003207172123934647
TCEA1_hg,0.7574995161508656,0.31321952151511,2.9471362759718898,0.0,0.01772479537293501,0.42819066181445276,0.06645917620738931,0.39967969620398647,0.08173075351523097,0.8676381447341923,0.2402226166293001,1.3837164447900685,1.1011384857005477,1.24266239303206,0.3939533722723193
TCEAL7_hg,0.0,0.0,0.0016554588588175996,0.01318081827297681,0.049931494660429745,0.0,0.0,0.0005740696176115852,0.0,0.0,0.0,0.0,0.0,0.0,0.0
TCF12_hg,0.0,0.25571676102559326,0.5452505109908722,0.1782081573695406,0.3480203849264207,0.4322338114762907,0.012881993028113367,0.32424644816904025,0.08386593738341727,0.0,0.0,0.3290217937865756,0.2100331181472717,0.5535365604338559,0.6557122244964135
TCN1_hg,0.0,0.0,0.06415656070615337,0.0,0.13518415781140206,0.0,0.03259700890390159,0.14602010239026847,0.0,0.0,0.0,0.0,0.0,0.0,0.15723216352870503
TCTN1_hg,0.011988684353657466,0.43682496807761934,0.06267549171899782,0.0,0.11693170105960926,0.0,0.016359981276172313,0.1022718951252965,0.0,0.022054139178566662,0.038811524321623075,0.07046903406933992,0.0004587469013555175,0.0,0.06708267304453731
TDO2_hg,0.0,0.0009248153281760845,0.00064866579660022,0.0,0.0,0.0,0.0,0.0,0.0,1.8423865255679734e-05,0.0,5.839311794371741e-05,0.0,0.0,0.00017395213592630404
TDRD15_hg,0.0,0.019059117843297054,0.03396333433070134,0.018929636014887924,0.012778604513694268,0.0,0.0,6.138949838752747e-05,0.0,0.0,0.0,0.016721481147773984,2.8263723986367114e-05,0.0029162367490990736,0.0
TDRD1_hg,0.0,0.0,0.0,0.000641227158818019,0.0,0.0,0.0,0.0003871436741486266,0.0,0.0,0.0,0.0012568064465801453,0.0003700886452743008,0.0,0.0
TDRD6_hg,0.003310250511338412,0.0039951221248228875,0.021788059727969,0.0006399212477836072,0.0,0.0012481675421082339,0.0,0.0009213430942856538,0.0,0.0,0.0,0.0,0.00027806702898835957,0.008437765374075088,0.0
TDRG1_hg,0.0,0.0,0.0023481878073624333,0.056864997145358136,0.0,0.0,0.0023216933837816667,0.004337622825360227,0.0,0.0,0.0,0.013741833225434756,0.008959826246866661,0.0,0.0
TEKT3_hg,0.0,0.0,0.009369102893228313,0.00034817161295651756,0.0,0.0,0.0,0.0,0.0,0.0,0.0,0.005841684069102414,0.0,0.0,0.0
TENM1_hg,0.08489715257800995,0.2736168054818862,0.18561676622015602,0.4572572554689305,0.209481761088862,0.0,0.0,0.03601753799299329,0.0,0.0,0.0,0.0,0.0,0.34833105777938506,0.3767590090480111
TENM4_hg,0.0,0.001613545173383247,0.012890242754392583,0.0,0.0,0.0,0.0,0.0,0.0,0.0,0.0,0.0,0.0,0.0,0.0008064159871405928
TENT5C_hg,0.0,0.11398397432461528,0.15012658463356612,1.1685340610271113,0.29779959382336757,0.005994486560298413,0.0,0.0,0.0,0.0,0.0,0.0,0.012089864487931031,0.03444040204054372,0.1328801090633823
TES_hg,0.17745343694455923,0.2248107409293674,2.33787569483155,0.03415868211193574,0.28488917157717897,0.1451199038586923,0.0,0.2344557786869026,0.0,0.03706951288549001,0.02264176191230246,1.3574830838247738,0.032342377534997996,0.229981965247266,0.744828646058547
TEX11_hg,0.0,0.004575918959581106,0.005983311026651352,0.020149220087573236,0.0,0.0,0.0,0.0,0.0,0.0,0.0,0.0019264845199838,0.006628363908745837,0.008030963108155815,0.0
TEX13C_hg,0.0,0.0009069860265633899,0.0011301658924397003,0.0032741891192495055,0.0,0.0,0.0,0.0,0.0,0.0,0.0,0.0,0.00043393376056078645,0.0,0.0
TEX13D_hg,0.0,0.0008025175557266703,0.0,0.002424761628243644,0.0,0.0,0.0,0.0,0.0,0.0,0.00016369508887972297,0.0,0.0,0.0,0.0
TEX14_hg,0.0,0.011190517415493515,0.0028332403141266707,0.00045086880823340094,0.0021814738360146474,0.0,0.0,0.0,0.0,0.0,0.002411306941775923,0.008676714264615923,0.0,0.0,0.0
TEX19_hg,0.014348243907488583,0.004735615030326698,0.0063566790733701785,0.062379963710301044,0.06294555301864371,0.0,0.0,0.020246084154656806,0.0,0.0,0.0,0.04808536776785063,0.0,0.0,0.0
TFCP2L1_hg,0.0,0.018627286327382666,0.04838231770979399,0.0631743332233758,0.11006395747619967,0.0,0.0,0.01925281651013072,0.0,0.0,0.0,0.07092959460248852,0.0,0.0278399669131817,0.0
TFDP3_hg,0.0,0.0,0.0016901444857601046,0.00018044560042877126,0.0,0.0,0.0,0.0034000880617723805,0.0,0.0,0.0001115102897472984,0.0003288152178739065,0.003378664014145705,0.0004800818762667641,0.0
TFEC_hg,0.0,0.0007523718198909574,0.00018116918967372767,0.0005455340678536634,0.0006669844393131152,0.0,3.524590322038595e-05,0.0010378910552225938,0.0,0.0,0.0,0.002488298946726811,0.0,0.0,0.0
TFF1_hg,0.0,0.0,0.001805229976643489,0.0,0.0,0.0,0.0,0.0011050145148133773,0.0,0.0,0.0,0.0,0.0,0.0,0.0
TFF3_hg,0.0,0.0,0.00028002196458716804,0.004226812444710267,0.0,0.0,0.0,0.003954148581093733,0.0,0.0,0.0,0.00931171693002669,0.0,0.0,0.0
TFPI2_hg,0.0,0.0,0.0,0.0,0.13629625610254553,0.0,0.0,0.0,0.0,0.0,0.0,0.0,0.0,0.0,0.0
TF_hg,0.0,0.26595115753765247,0.1296282936114531,0.14866182935497496,0.0,0.0,0.0,0.03992457143332362,0.0,0.007095660327382527,0.018395082556880424,0.011650297521075848,0.011552725668400118,0.0,0.0
TGM2_hg,0.0,0.060931666000106514,0.04655199474070556,1.213323987665368,0.44443480804490176,0.11183812071899622,0.027413318823762224,0.41411099718816785,0.0,0.0,0.0,0.18792076902978153,0.0,0.2987086900060274,0.013434606226657134
TGM5_hg,0.0,0.0,0.0,0.006527563009236595,0.012730581117989909,0.0,0.0,0.0008288012763919927,0.0,0.0,0.0,0.0,0.0,0.0007324246943114763,0.0
THBS1_hg,0.0,0.0,0.0,0.0,1.4160073612132793,0.0,0.0,0.0,0.0,0.0,0.0,0.0,0.0,0.0,0.0
THEG_hg,0.0,0.0,0.0,0.00896379493628717,0.005867148690396104,0.0,0.0,0.005491096259478168,0.0,0.0,0.0,0.0,0.0,0.0,0.0
THSD4_hg,0.0,0.0008169788513384925,0.09854268841370738,0.0,0.0,0.0,0.0,0.0,0.0,0.0,0.0,0.026465964155501027,0.0,0.0,0.0
THSD7A_hg,0.0005864573813938757,0.0004752587253637238,0.0007295517590179965,0.0019624936407696817,0.0,0.0,0.0,0.0,0.0,0.0,0.0,0.0,0.0,0.0011352067977943652,0.0
THSD8_hg,0.0,0.0007599962168799168,0.0,0.0,0.0,0.000731489885356313,0.0,0.0040933380181757345,0.0,0.0,0.0,0.0,0.0,0.0,0.0013956146849330687
TIE1_hg,0.0,0.5391590817576235,0.01537570955006853,0.0,0.06459329919597588,0.0,0.011796862979593243,0.0,0.0,0.08680680925349815,0.11957777074734517,0.0,0.0,0.0,0.0
TIMM17B_hg,0.0,0.0,0.03356842328261507,0.38623947656192903,0.313122877468482,0.21874481438146107,0.5401590786968692,1.4791617230300909,0.0,0.06720745010747846,0.0,1.5574177619714555,0.0,0.0,0.0
TIMM8B_hg,0.1901019137754361,0.0,0.05000538210986362,0.11054008486683568,0.18774132417145845,0.7377536635154762,0.02298983322691966,2.7062599385576265,0.0,0.18176411245994406,0.0,0.3563737237442233,0.5661951113472807,0.0,0.1240944127820432
TIMP1_hg,0.3726479520108186,0.0,0.10191943897519935,0.07641181592959108,6.215865908608691,0.0,0.9177423913467665,1.0752168021525663,0.025248637007772082,0.01370624871542268,0.0,1.9954467724723852,0.21584731382075775,0.24220411504065387,0.0
TIMP3_hg,0.0,0.0,0.0,0.04634456745400388,0.07945037875429746,0.0,0.0,0.004128042389688896,0.0,0.0,0.0,0.0,0.0,0.0,0.003713342517683522
TIMP4_hg,0.0,0.0,0.0010723296605118368,0.024887083679980705,0.012090817855151894,0.0,0.0029069249674877253,0.0003574045541347159,0.0,0.0,0.0,0.0,0.0,0.0,0.0
TINAGL1_hg,0.0,0.0,0.0,0.0163153859599901,0.045747439242707806,0.0,0.0,0.0,0.0,0.0,0.0,0.0,0.0,0.0,0.0
TIPIN_hg,0.005543977284137168,0.2571860297593472,0.16921499816234772,0.15113398826847432,0.07562907524600518,0.0903502764405397,0.03998960893816067,0.6567189230741688,0.0,0.10032252482142882,0.035234064615966856,0.0,0.2796558895078839,0.037192334423366086,0.0
TIRAP_hg,0.0,0.10593913709216878,0.11197325338119388,0.0,0.021060754845754332,0.010368929682433576,0.0,0.009591125458987704,0.0,0.0,0.00756451895192847,0.029690217019084978,0.011335142054521451,0.0,0.13247175254196195
TK1_hg,0.0,0.12127902040630721,0.0,1.7102835695763479,0.8393510719218695,0.18186127217003403,0.5940089225495556,0.956336122557467,0.0,0.12429107325121734,0.0,0.8434413335801378,0.0,0.0,0.12552385882324815
TKTL1_hg,0.0,0.0018829100819654637,0.0034536320641583725,0.0432401848729233,0.004185676662490762,0.0,0.0,0.0,0.0,0.0,0.0,0.003178065125543909,0.004355828402430463,0.0,0.0
TLCD2_hg,0.0,1.0331958237940422,0.46277046420212964,0.0,0.06301218246013256,0.0,0.0,0.0,0.0,0.10426565118607577,0.2674720790871239,0.33942395062964537,0.0,0.0,0.010884456466143552
TLCD4_hg,0.0,0.38964393109057616,0.10141699088402328,1.2466002405425451,0.0,0.33477582371404063,0.0,0.0,0.0,0.0714944836252055,0.0,0.0,0.23546476694965893,0.25704623332511534,0.0
TLE5_hg,0.0017528706388619474,0.21765151832836938,0.016778251506366606,0.03475001409560192,0.4271190935798408,0.3534043435789887,0.031606402296645214,0.09622101538171751,0.0,0.3191374492751992,0.0028978041096683537,1.5095998123195384,0.0,0.0,0.408522042707789
TM4SF19_hg,0.0,0.18700877373477665,0.177093893128602,0.0,0.3982161201507448,0.06157897612337892,0.009171762354939744,0.07629562786783965,0.0,0.0,0.04564631927478849,0.0,0.024732390461475903,0.0,0.22729918225446694
TM4SF1_hg,0.0,0.0,0.00030717931398300044,0.0,0.016421790005582984,0.0,0.0,0.0,0.0,0.0,0.0,0.0,0.0,0.0,0.0
TM4SF5_hg,0.0,0.0,0.0,0.0014110362083798902,0.007377010148061096,0.0,0.0,0.0,0.0,0.0,0.0,0.0,0.0,0.0,0.0
TM6SF1_hg,0.0,0.003806567953822182,0.2832112765961633,0.0,0.0,0.0,0.02255861919361141,0.04472984764510573,0.0,0.0,0.0,0.0,0.0,0.0,0.016151624079722333
TMBIM6_hg,0.5582927558715726,0.0,2.61022880711106,0.7364964598623654,2.2223142188797436,0.4015124871625122,0.6944047226099817,0.0,0.007249194892510458,1.5291216820491653,0.36014552889733514,1.1043629553681913,1.9309324063083342,1.0760236417304028,1.7481824591424542
TMC5_hg,0.009595752071898812,0.06471116499179182,0.0,0.15168774606346785,0.013833857924951417,0.0,0.003088097955515543,0.049010552708080066,0.00010305722437361607,0.0,0.0,0.0,0.0,0.0,0.0
TMCC3_hg,0.0,0.0,0.0,0.009040487163059965,0.005041252346829975,0.0,4.070842423209234e-05,0.0,0.0,0.0,0.0,0.0,0.0,0.0,0.0
TMEM106A_hg,0.0,0.49407219635475597,0.03406334053752466,0.0,0.04381515352391891,0.0,0.0032373892684804738,0.018636592422079077,0.0,0.06511777485758216,0.10027163485560155,0.0,0.0,0.0,0.0
TMEM120B_hg,0.0,0.6614638264016902,0.23370683032746228,0.10046482271338365,0.02785991127828938,0.0,0.025997393866812435,0.0950010571302543,0.0,0.06914634865774029,0.1601619122478346,0.5052607880274328,0.12187246542729158,0.0,0.0608944674588769
TMEM14B_hg,0.40031602653573406,0.00865417645710965,0.3226712190626,2.292906857658232,0.4012900952928893,0.4309599258696007,0.18291546810371218,2.47526050461502,0.13094997644633885,0.28730366176984296,0.0,0.0,0.9848586586485762,0.0,0.5350339500973705
TMEM14C_hg,0.39192131811353903,0.0,0.7998639420582799,2.1300633275937066,0.20771942472776345,0.3259401592599472,0.36872084793251986,1.919163491485991,0.05536640434925163,0.0,0.0,0.05497322634228416,0.5453496234867405,0.1463014357375584,0.7885594489700275
TMEM151A_hg,0.0,8.723428232397058e-05,0.0,0.0,0.0002194967461799973,0.0,0.0,0.0,0.0004929389052616403,0.0,0.0,0.0,0.0,0.0,0.0
TMEM154_hg,0.0,0.0,1.1169704498382191,0.0,0.01717649466818889,0.0,0.010528799937697777,0.0,0.0,0.0,0.0,0.0,0.0,0.0,0.3894937567638668
TMEM156_hg,0.0,0.02558396631186767,0.08914880811899713,0.0,0.10881007927971532,0.0,0.0,0.0,0.0,0.012083435703880447,0.0,0.0,0.0,0.0,0.1424086166104505
TMEM158_hg,0.0,0.0,0.19010896368598498,0.0,0.6471929538980677,0.0,0.0,0.0,0.0,0.3289787177211235,0.0,0.0,0.0,0.0,0.7477468444001842
TMEM160_hg,0.0,0.0,0.0,0.0,0.0,0.3275789849049683,0.043180376593972745,0.5264027903826668,0.0,0.276399813839426,0.007247959055243187,0.89403531309527,0.0,0.0,0.04865488681981202
TMEM161B-AS1_hg,0.0,0.8881952945852782,0.8502945810484016,1.1805152894755115,0.3247516510569269,0.1108943564412424,0.01781141806429963,0.4049579615079068,0.16482313385101627,0.0,0.0,0.0,0.47592411030787074,0.2768126262729413,0.0
TMEM18-DT_hg,0.00038846277733605523,0.0,0.00020831487320251808,0.0,0.0,0.001174756571525357,0.0,0.0,0.00045825730094666245,0.0,0.0,0.0,0.0005255424266785572,0.0014724979818338834,0.00010911985808624318
TMEM182_hg,0.004728838143942525,0.35806800780770237,0.052632947348445376,0.03564022562578668,0.06750304177398403,0.056718883230396706,0.00435103218607296,0.16811035453810486,0.03509518974771049,0.0,0.0,0.0719035753059447,0.030582717876226958,0.026510856143351833,0.1032113241321031
TMEM212_hg,0.0,0.7167809691949968,0.024314542557811094,0.01253460507431753,0.07471897085398899,0.03504721536297031,0.03059335439974763,0.19486482436115557,0.03891277543414804,0.0,0.0,0.19849498167439397,0.04430490348757865,0.07265663187806522,0.0997470853303724
TMEM233_hg,0.0,0.05719758037834707,0.0,0.04726371961077301,0.03565836278087903,0.00209085507285217,0.004218211785037632,0.0,0.0,0.0,0.007363174693726354,0.0,0.0,0.0,0.004434415845050037
TMEM244_hg,0.0,0.0,0.0,3.3226786600196406e-05,0.0002717556768733068,0.0,0.0,0.00017087149097611335,0.0,4.911889131017884e-07,0.0,0.0,0.0,0.0,0.0
TMEM258_hg,1.3293327003136735,0.0,0.37097391530044305,0.0,0.0,0.7571975065690891,0.24187835973920938,3.8630333364937375,0.0,0.0047609057555712325,0.0,0.0,0.056666211746628614,0.0,0.0
TMEM273_hg,0.0,0.0,0.4435090084605057,0.0,0.6815363797961849,0.028157451003918765,0.1450080700353436,0.14577414710696324,0.0,0.007885548438548114,0.0,0.0,0.0,0.0,0.5584394358730481
TMEM35B_hg,0.0,0.0,0.006851853556690481,0.0,0.0008538373984880371,0.0,0.006748133040907359,0.021832882152993897,0.002873085231720163,0.0,0.0,0.0,0.0,0.0,0.0
TMEM45A_hg,0.0,0.7363524433604851,0.05163068767198521,0.09662627390839446,0.16526161948627532,0.06540008476410357,0.04728863782120976,0.07535655253327195,0.03887416015932123,0.0,0.0,0.2277100405271123,0.021776285131381464,0.05439071234987699,0.1918847650704234
TMEM51_hg,0.0,0.0,0.011554256933508218,0.0,0.10860311814490407,0.0,0.0,0.0,0.0,0.0,0.0,0.003247127855317306,0.0,0.0,0.0
TMEM9B-AS1_hg,0.0,0.2503956870725877,0.16724208845034047,0.10734419377073438,0.0,0.0,0.0,0.0,0.0,0.0,0.01871224906609625,0.03660278415148814,0.0015341474182783837,0.0,0.0
TMIGD3_hg,0.0013084139139366334,0.0,0.00036475061748399894,0.0,0.0024762061757233537,0.0,0.0,0.0,0.0005245460753292906,0.0,0.0,0.0,0.0,3.821134930451067e-05,0.0
TMPRSS11F_hg,0.0,0.0030222245772995883,0.001509761283177419,0.03292587550513897,0.0,0.0,0.0,0.014722904321443705,0.0,0.0,0.0,0.011321673961925188,0.0023431768486542456,0.0,0.01543483392634068
TMPRSS15_hg,0.0008312622778690795,0.0014398371915431746,0.00034377913634410636,0.0002803009348902764,0.0007870036951770187,0.0010274241702538443,0.0,0.0,0.0,0.0,0.0,0.0026413666557753967,0.0013446049698559782,0.0,0.0
TMSB10_hg,2.5100592834575117,0.0,1.040196211713331,0.0,3.8022559236624476,0.7309498593483468,0.1269988510018396,2.109243096935989,0.0,1.2400285745155744,0.15471552873694894,1.550375181957473,0.0,0.0,2.472872272902503
TMSB15A_hg,0.0,0.0,0.0,0.017638074535846437,0.029800333810764582,0.0,0.0,0.021221148084628563,0.0,0.0,0.0,0.0,0.0,0.0,0.0
TMSB4X_hg,1.5007777335645067,0.0,0.8736677342829777,0.0,2.85883450057637,0.0,1.3984290372332089,2.6310686480681436,0.0,3.0498306870920096,0.8897858489600243,0.18503217706110264,1.0668302473634552,0.0,3.1437386635752724
TMX4_hg,0.0,0.08298291581479798,0.6647477656773514,0.1522213300186309,0.16916412080181062,0.27065543692724314,0.0,0.0,0.0,0.1142103249539282,0.05468647453024251,0.3833327937376788,0.20813429509425585,0.0,0.785884292834628
TNFAIP3_hg,0.0,0.10630863792197114,0.3130678655339032,0.0,0.18126313672567412,0.009183861333062739,0.0,0.0,0.0,0.0,0.0,0.3871533268914147,0.017679918216162747,0.0,0.21464221814052958
TNFRSF10B_hg,0.0,0.16783675264746967,0.4589634962429052,0.0,0.17464700798849994,0.0,0.015260351933318327,0.0,0.0,0.0,0.03307771400093287,0.18742325769505822,0.0,0.0,0.0
TNFRSF10D_hg,0.0,7.12685676756844e-05,0.00012610574285848512,0.00032471426115797576,0.0003136219232082268,9.326628112905426e-05,0.0,0.0,0.0,0.0,0.0,0.00045171102985407666,3.08611983947149e-05,0.0,0.0
TNFRSF1A_hg,0.0,0.0,0.03538728312526155,0.0,0.28593342141346073,0.044125740527755954,0.0,0.10751312906533325,0.0,0.04660746438522097,0.0,0.29379926746471546,0.0,0.0,0.5202628090589098
TNFRSF8_hg,0.0,0.0,0.0,0.0,0.0,0.04163269197936996,0.007965775612715238,0.08386553221063797,0.0,0.0,0.011030194094973914,0.43299695625096224,0.08445817139655802,0.03858905814696467,0.2362724653046497
TNFRSF9_hg,0.0,0.009242970680466442,0.07583284916139961,0.0,0.38283502411560216,0.0,0.0,0.0,0.0,0.0,0.0,0.0,0.0,0.0,0.0
TNFSF10_hg,0.0,0.0,0.08001704069872068,0.0,0.0,0.0,0.0,0.0,0.0,0.0,0.0,0.0,0.0,0.0,0.13852035181054884
TNFSF15_hg,0.0,0.014136651264008268,0.009460785009944805,0.0,0.026786874598805296,0.0014676101366290144,0.0,0.0,0.0,0.0,0.01102892481443927,0.0,0.0,0.0,0.001504291594111979
TNF_hg,0.0,0.0,0.0035586584963919143,0.0,5.234203444450051e-05,0.0,0.0,0.0,0.0,0.0,9.908854955115173e-05,0.0,0.0,0.0,0.002807303655823334
TNKS_hg,0.10256549077576482,0.33186619071438883,0.5868113541022152,0.2606318763691711,0.5303809010097741,0.10039955929329343,0.0,0.23930104779812467,0.0,0.0,0.0,0.3275140285790789,0.09944417419480066,0.3730217397298959,0.41740875333156596
TNNI3_hg,0.0,0.2121170410618537,0.0,0.3107401372894751,1.5726626129310284,0.0,0.0,0.6475454035768787,0.0,1.5052516231492312,0.0358456200764403,0.683257875999671,0.0,0.0,0.0
TNPO3_hg,0.0,0.6105235854032629,0.7216530057830509,0.14928602569602956,0.6201215671944011,0.5269350287179706,0.0,0.03432744195990708,0.0,0.6910624115927347,0.3803855532267974,1.5031091142675208,0.9359166622161909,1.2780574541340564,1.0699162700847427
TNRC18_hg,0.0,0.6045927081108848,0.10942043003796942,0.0,0.0,0.014823508561370016,0.0,0.0,0.0,0.06798984679258462,0.21720736070000793,0.13324429625275988,0.0,0.0,0.3407282404906667
TNS1_hg,0.0,0.0,0.0,0.3019640299214236,0.0,0.0,0.0,0.0,0.0,0.006821644351104038,0.00723735810528503,0.0,0.0,0.0,0.0
TNS4_hg,0.0,0.0026263711689081485,0.0,0.0,0.008927115896082333,0.0,0.0,0.0001625444433683438,0.0007882119453945449,0.009197560089704883,0.0,0.013034192402333722,0.005808964649166261,0.0,0.0
TOP1_hg,0.2832627122574658,0.3469411576843414,0.030598156948957875,0.34298784598109205,2.3570569969360506,0.8341655004765798,0.11597535999518124,0.25682115606668343,0.11858356579677726,0.5243220528111245,0.47834103582491677,2.12638408518016,0.675642853635216,2.744964386633988,0.5639741810241238
TOP2A_hg,0.5861005376052854,0.20712502209248623,0.021869663408966438,0.6436614138084978,0.4352398153055257,0.4998532548436198,0.3601016758279277,0.6188048268963531,0.06850236232317931,1.3619104601949878,0.3478240680630087,0.8624617393585953,0.6876404669068129,9.875460571636596,0.5542077594653354
TOX2_hg,0.0,0.0,0.0031473084109096806,0.0,0.0038968786324457194,0.0,0.0,0.0,0.0,0.0,0.0,0.0,0.0,0.0,0.0
TP53I11_hg,0.0,0.0,0.0,0.0,0.13416104391370282,0.0,0.0,0.0,0.0,0.013204847283700312,0.0,0.0,0.0,0.0,0.0
TP53TG3_hg,0.0,0.0,0.0005800198826961105,0.0,0.0,3.2519432947655454e-05,0.00017259604684229985,0.0031814307529587403,0.0,0.0,0.0,0.0,0.0,0.0,0.0
TPGS1_hg,0.0,0.7762520364533064,0.004871516277718887,0.0,0.029486415781438853,0.030218417946385266,0.027443793291624316,0.0,0.0,0.08175814465774503,0.18330040393507346,0.05051543474219191,0.0,0.0,0.0
TPM4_hg,0.0,0.08764306149207918,1.0783419708455475,0.0,3.3782940086997786,0.0,0.0,0.5581790281730873,0.0,0.6374280576092061,0.18037471868561694,0.49085839330946446,0.0,0.0,2.28512771585133
TPP1_hg,0.0,0.15341869908440864,0.737344062244543,0.5846180871581964,0.9988170103629884,0.001369516483760925,0.10494461521170541,0.49655705037789405,0.029864027735612433,0.0,0.0,0.0,0.0,0.0,0.5940327962363311
TPT1-AS1_hg,0.0,0.43425018364612655,0.37733527738835576,0.12291274459200677,0.08440980092247767,0.0,0.024571033637522256,0.0838976778784139,0.0,0.0,0.04448881302357542,0.09757404501030403,0.0,0.0,0.06340171594616124
TRAC_hg,0.0,0.0,0.0,0.0,0.05558883124016909,0.0,0.0,0.007141286678806551,0.0,0.0,0.0,0.0025018009437639387,0.0,0.0,6.413915222602164e-05
TRAF1_hg,0.0,0.0,0.0003619896611451277,0.0,0.031801270011109155,0.0,0.0,0.0,0.0,0.0,0.0,0.0022679266058931767,0.0,0.0,0.0
TRAF3IP3_hg,0.0,0.0015900980005039078,0.0,0.001138682760476299,0.01725667745251726,0.0,0.0,0.0,0.0,0.0,0.0,0.0,0.0,0.0,0.011417458532311955
TRAK2_hg,0.0,0.13220190361048623,0.7188910937270557,0.13520644341232063,0.07757804011363356,0.03575365904369384,0.02066657482262748,0.01976834217831535,0.0,0.10897542462098156,0.0033783399592790648,0.0,0.0,0.0,0.17795150007471455
TRAM2_hg,0.0,0.12547216277580506,0.56978734668357,0.20505764419355,0.7401260802981781,0.0,0.1588617404681288,0.39917612973159855,0.0,0.14867834140222483,0.0,0.3667824138500034,0.36942650009403577,0.0,1.3636019834420894
TRANK1_hg,0.0,0.1645295680018879,0.038485477762123764,0.21568111162873677,0.1013914613703458,0.0,0.0,0.0,0.0,0.0,0.0,0.0,0.0,0.0,0.3888593530076852
TRBC1_hg,0.0,0.0,0.0,0.021721828826768704,1.125423811178948,0.0,0.0,0.18725195596541946,0.0,0.0,0.0,0.0,0.0,0.0,0.0
TRBC2_hg,0.0,0.0,0.0,0.1489044858256676,0.6084152503508011,0.0,0.0,0.2552265764463414,0.0,0.0,0.0,0.0,0.0,0.0,0.0
TRBV30_hg,0.0,0.0,0.0,0.0,0.022893059372383243,0.0,0.0,0.0010474759457365255,0.0,0.0,0.0,0.0,0.0,0.0,0.0
TRDC_hg,0.0,0.0,0.0,0.0,0.0,0.0009452152437927951,0.0009565943654444442,0.005597337865464607,0.0,0.0,0.0,0.0,0.0,0.0,0.031023694834010206
TRDN_hg,0.0,0.01978916617055742,0.0,0.0,0.0,0.02059099715030737,0.0,0.0,0.0,0.0,0.005380892934608949,0.015316028654737962,0.0023840720037983138,0.008152140896818266,0.006544465795414834
TREM1_hg,0.0,0.0,0.004294347421797316,0.0,0.000357206496048683,0.0,0.0,0.0,0.0,0.0,0.0,0.0,0.0,0.0,0.0
TREML2_hg,0.0,0.0049977349800773225,0.047949841428690305,0.06030272962225574,0.11717642077949872,0.0,0.0,0.026660367061473296,0.0,0.0,0.0,0.07434481533600899,0.0,0.0,0.0
TRGC2_hg,0.0,0.0,0.0,0.0003576304878794808,0.0,0.0,0.0,0.000706766795046449,0.0,0.0,0.0,0.0,0.0,0.0027216504672805783,0.002153976003856443
TRGV8_hg,0.0,0.0004055496270149321,0.0,0.0006090269829130044,0.0027326405367651603,5.585926684086736e-05,0.0004425533401281035,0.0,0.0,0.0,0.0,0.0003888556746177209,0.0,0.0,0.0
TRHDE_hg,0.0,0.0,0.0,0.0022237880922702942,0.011138269868835166,0.00040933900072718333,0.0,0.0,0.0,0.0,0.0,0.0,0.0,0.0,0.0
TRIB3_hg,0.0,0.0,1.2209020599773603,0.0,0.0,0.09835485949221878,0.14933865654210776,0.4709570056173874,0.0,0.0,0.0,0.5293467788410303,0.0,0.0,0.06033810030359395
TRIM10_hg,0.0,0.0,0.0,0.06868797120138487,0.21990159318490865,0.0,0.0,0.0,0.0,0.010209712730373683,0.0,0.0,0.0,0.0,0.0
TRIM15_hg,0.0,0.0,0.0,0.022698689764072848,0.07494510209762309,0.0,0.0,0.0,0.0,0.02792641198270997,0.0,0.0,0.0,0.0,0.0
TRIM22_hg,0.0,0.4862018669484805,0.0,0.042516111971103596,0.08741796739672221,0.01754319892870922,0.026548434635009152,0.039115542241924504,0.01640860276631544,0.0,0.0,0.2500998649635466,0.0011579378307772748,0.0,0.07059356412038395
TRIM25_hg,0.0897366202106787,0.3921291485019544,0.6641274587071782,0.25770650713951704,1.308113880809238,0.1655759959173569,0.0,0.0,0.0,0.11760872155448801,0.02345464945477925,0.3534614046161863,0.06584047592816715,0.08347396495876486,0.4362638331340172
TRIM29_hg,0.0,0.0,0.0,0.07386259249717242,0.08058220455153484,0.0,0.0,0.027202949329780055,0.0,0.0,0.0,0.0,0.0,0.0,0.0
TRIM36-IT1_hg,0.0,0.0,0.00017658870358181806,0.0,0.0,0.00016910608282629108,0.00018155475126314743,0.0,0.0,0.0,0.0,0.0,0.0,0.0,0.0
TRIM38_hg,0.0,0.44234091032576645,0.9155096952104976,0.052222572622100186,1.0604412937795538,0.052528941235302114,0.0,0.05284790423956276,0.0,0.03820007408921187,0.02723225768704307,0.0,0.0,0.07098109724252213,0.8420351778853384
TRIM56_hg,0.08678138532742938,1.3106822716743278,1.7106861587085138,0.9519700929058557,0.5444403633438001,0.22673851777257575,0.11829370519566418,0.0,0.046325101971646056,0.6991759374743663,0.31671960331298155,0.9943774497574852,0.444458630589552,0.0,1.0717258975484014
TRIM67_hg,0.0,0.0,0.10621517480152459,0.0,0.09133947112507391,0.0,0.0,0.020708958609735872,0.0,0.0,0.0,0.11112926033161405,0.0,0.0,0.11659937552361015
TRIM71_hg,0.0,0.005837881356258004,0.0007490260178800291,0.004200140181395193,0.005266478407071148,0.0,0.0,0.00026762488539809826,0.0,0.0,0.0,0.0033248427628655096,0.0004348041347967723,0.0,0.0
TRIM72_hg,0.0,0.2878643091674386,0.0,0.0,0.0,0.00912838959100719,0.002671441714216558,0.0,0.0,0.0,0.0605760135637152,0.0006950037056246093,0.0,0.0,0.01640092405505192
TRIM73_hg,0.0,0.28011355459978227,0.09722525747809982,0.11165162002129271,0.03857713833481127,0.21759352149723274,0.0,0.21228211791273705,0.0,0.0,0.06753175308955978,0.5017120299692935,0.0,0.0,0.0
TRIM75P_hg,0.0,0.0006587804250839181,0.0,0.0009674988540501013,0.0004301067498844065,0.0,0.00037550902746077904,0.0,0.0,0.0,0.0,0.0,9.32095483899105e-05,0.0,0.0
TRIML2_hg,0.0,0.019248263594499177,0.0,0.0,0.024084335713109695,0.0,0.0,0.0,0.0,0.0037604979385840427,0.0019273578277957477,0.0,0.0,0.0,0.0
TRIP11_hg,0.0,0.8969596698033102,0.3268930788874688,0.26178719526202776,0.5118944441647454,0.07920948154134605,0.0,0.0,0.0,0.1583921339518348,0.08738451689088256,0.166646336083301,0.3149707538188121,0.8181011941652819,0.5525711117517637
TRMT9B_hg,0.0005017029801785884,0.5162903840704913,0.0,0.0,0.0,0.0,0.0004557838322202701,0.03167059792142282,0.0,0.03811169140735112,0.125074767709612,0.0,0.0,0.0,0.0
TRPC4AP_hg,0.0,0.1548400916519008,0.1325580715292799,0.1171584254624659,0.2894679645546491,0.03337495175169652,0.05253689103635519,0.1560143395387116,0.0,0.0,0.0,0.44010218580617294,0.0,0.0,0.21877115293538624
TRPC5_hg,0.0,0.00014695732351669433,0.0,0.0,0.0,0.0002854057810883318,0.0001610908285266773,0.0,0.0,0.0,0.0,0.0,0.0,0.0,0.0
TRPM3_hg,0.0,0.6731242357081775,0.0,0.0,0.0,0.022681485101407765,0.022706368908170228,0.0,0.0,0.004514609458285046,0.12637275610158485,0.08158596242377068,0.045406801980685106,0.0,0.016371645586645237
TRPV2_hg,0.0,0.024427745292670472,0.10772474708379594,0.0,1.2448674373131625,0.0,0.12903973574661282,0.6303799200877308,0.0,0.0,0.0,0.7985660267087286,0.0009577743215497298,0.0,0.5113730000443318
TRPV3_hg,0.0,0.5653631843925069,0.01215915611675498,0.009132873609187842,0.011442047837990289,0.0,0.021122748102938006,0.015870386376719895,0.0,0.09428003629706311,0.1307927925405084,0.0,0.0,0.0,0.0
TRPV6_hg,0.0,0.0,0.10977112625613009,0.0,0.0252188025899908,0.0,0.0,0.0,0.0,0.0,0.0,0.06852062123824243,0.0,0.0,0.0
TSBP1-AS1_hg,0.0,1.1149571124386748,0.06047259135124626,0.08446553583441327,0.0671562259203936,0.15168696325538383,0.0,0.08074958134398583,0.19199927233913922,0.008964155276472785,0.0,0.10435470583545765,0.0,0.12393320113118819,0.1388660140029729
TSC22D3_hg,0.0,0.0,0.27923749173655055,0.0,0.002621331081144718,0.0,0.0120511732180861,0.014554461739033008,0.0,0.0,0.0,0.0,0.0,0.0,0.03569049222848249
TSC2_hg,0.0033601638385244168,1.321351643341524,0.08840781922768096,0.10242707112813595,0.24476914607847616,0.19768655320491557,0.10851378703792598,0.07333538507852633,0.0,0.11662863599423796,0.30602193935700794,0.5753413592613377,0.024607918873895594,0.0,0.16376685613203204
TSGA13_hg,0.0,0.1944602894681533,0.019701658850805968,0.0,0.005733746504134761,0.01039621157889324,0.0013907103734321564,0.015331938839028506,0.0,0.0,0.028350330005590948,0.00993935857455571,0.02122439086003063,0.0007712718765264538,0.0
TSPAN10_hg,0.0,0.6478437015827777,0.04090583618446017,0.0,0.02432144017258829,0.07626968526128004,0.024459199317179294,0.006459170126342171,0.0,0.0,0.1209160794664986,0.0,0.013643394556098856,0.0,0.07400925236317378
TSPAN18_hg,0.0,0.007750374071847601,0.0,0.017094807186549665,0.07062384813594252,0.000694654844197178,0.0,0.0,0.0,0.0,0.0,0.0,0.0,0.0,0.0
TSPAN32_hg,0.0,0.033376330143046334,0.0,0.18814648991893523,0.0,0.0,0.0,0.011108877185666081,0.0,0.0,0.0,0.10220571990763985,0.021154494206646956,0.0,0.0
TSPAN33_hg,0.0,0.0,0.0,0.14287880925162139,0.10479919246054567,0.0,0.0,0.0,0.0,0.0,0.0,0.0,0.0,0.0,0.0
TSPAN5_hg,0.0,0.0,0.0,0.233357902013778,0.5917506615749767,0.0,0.0,0.01071420608084739,0.0,0.0,0.0,0.0,0.0,0.0,0.0
TSPAN8_hg,0.0,0.0,0.0,0.014379223236951405,0.0,0.0,0.0,0.0,0.0,0.0,0.0,0.0,0.0,0.0,0.0
TSPEAR-AS1_hg,0.0,0.0,0.0009598234100845987,0.00022752097387291503,0.0,0.0,0.0,0.0,0.0,0.0,0.0,0.0,0.0,0.0,0.0007407974385237216
TTBK1_hg,0.0,0.0,0.0,0.0008052978943878746,0.0020487969057172424,0.0,0.0001832709799009346,0.0,0.0,0.00039556437839259725,0.0001687871764682605,0.0,0.0,0.0,5.270410375102203e-05
TTC17_hg,0.0,0.7322361346528663,0.7174829662543175,0.8477495704243524,0.09947438930973981,0.12722100283958018,0.0,0.272982410839016,0.13845041306945166,0.0,0.0,0.7774481228356168,0.3539880371424906,0.8190232844402184,0.5087206583339546
TTC24_hg,0.0,6.184386929791468e-05,2.3460670951225855e-05,0.0,0.0001502787438063656,1.2839300553517021e-05,0.0,0.0,0.0,5.974622408887976e-06,0.0,0.00033632672380441665,0.0,0.0,0.0
TTC39B_hg,0.0,0.11235136965258673,0.023887870769120877,0.0,0.02803365296847387,0.013421066799870122,0.0,0.006196337011609255,0.0,0.0,0.022114989220653615,0.04631825126063869,0.0,0.0,0.04870608222320113
TTLL9_hg,0.0,0.5436184934185576,0.0,0.0,0.0,0.0,0.008028829785144567,0.0,0.0,0.13142189226311846,0.12535522176470368,0.0,0.0,0.0,0.0
TTN_hg,0.0,0.030889979248680668,0.027772949304852496,0.08274348188939523,0.0641064005308307,0.0035411104976169287,0.0,0.09437594660630813,0.0,0.0,0.0,0.0,0.009790480319860543,0.0,0.0325842386761883
TTR_hg,0.0,0.0,0.0,0.0030677377446524014,0.0026050646208788334,0.0,0.0,0.0013982471825791211,0.0,0.0,0.0,0.0,0.0,0.0,0.0
TTTY10_hg,0.0,0.590912284395637,0.05321147568520022,0.10079244502143025,0.14319635276963583,0.10024005623997968,0.0,0.02099028558771835,0.06316261264246152,0.0,0.0,0.07241952652739606,0.04698698759611087,0.0,0.18979847155375443
TUBA1A_hg,0.0,0.0,0.3198094404661332,0.3022571362484304,1.7684554148236022,0.0,0.2072249631453864,0.35736134789842633,0.0,0.147327589830792,0.0,0.0,0.0,0.0,0.34890557285195484
TUBA3C_hg,0.0,0.011424005902509816,0.003696081255647068,0.00904769521195444,0.032342786698799676,0.006475459311523754,0.003982012250476027,0.044956478448307184,0.0,0.0002589913983500782,0.0,0.014377598021892164,0.0,0.0,0.0
TUBA3FP_hg,0.021840628860422987,0.5020502018185852,0.19642129025758434,0.010220369730339258,0.11922730066378788,0.019388146814135455,0.00730679349909776,0.0,0.0,0.02149656448551946,0.027878839834317024,0.0,0.0,0.0,0.11455989876498496
TUBB1_hg,0.0,0.010102615134512244,0.0,0.5211116405169332,0.0,0.06987059557413566,0.0,0.02512682547386666,0.009200627693871062,0.0,0.0,0.0,0.005149833265953361,0.0,0.0
TUBB2A_hg,0.0,0.057412313745886887,0.0,0.5438664118591641,1.0600276407422418,0.09252588669565781,0.0,0.6342255499863347,0.01069907940399147,0.0,0.0,0.5113658977643458,0.11145235050925492,0.06015810601660936,0.10902942996689036
TUBB2B_hg,0.015864623934398386,0.0,0.004744433551347501,0.14496675708327356,0.33201806799262235,0.0,0.0,0.0,0.0,0.11300841360830101,0.0,0.031578543712131604,0.0,0.030072948599468522,0.0
TULP4_hg,0.053987028172460795,0.4343309472306938,0.865726422382441,0.1220428018404212,0.49876049396429106,0.2037187588044961,0.0,0.0,0.005023485332412819,0.11563746351216556,0.08995663591412388,0.155297275804037,0.4014747307410411,0.09677111116920958,0.8842735676657225
TWIST1_hg,0.0005067002577526121,0.0,0.0014394587195098309,0.0,0.0024922275445764695,0.0012908591624481583,0.0,0.0002862002549163701,0.00016306221535026792,0.001348049750144621,0.00012027622619502439,0.0016147351488716888,0.0,0.0006973936164124618,0.00277074337407605
TXK_hg,0.0,0.18323825990628273,0.04635919872571089,0.04563081013909002,0.0,0.0,0.0,0.02648635975002078,0.0,0.0,0.0,0.0,0.017333487690399354,0.0,0.14011332356146375
TXNDC2_hg,0.0,0.011138900822176025,0.0,0.0,0.3843887382888029,0.0,0.0,0.034832056197334614,0.018950662039264838,0.09513282781739331,0.0,0.030421098505765576,0.02388413732229843,0.012986241740196872,0.0
TXNIP_hg,0.0,0.31125057903522074,1.7166585545581483,2.401961657557239,0.9058635124253124,0.5090151286135207,0.0,0.0,0.22848232244814706,0.9848408812978109,0.2037099590755951,0.04960506304724432,0.3614431443136888,0.8185848930196113,0.2764916714302473
TXN_hg,0.13360191779885033,0.04981862109846794,0.5688390857999808,0.1033842390715568,0.2637160277583685,0.02316151968514783,0.33424060282761436,2.545134000651706,0.0,0.0,0.0,0.0,0.5216132735619368,0.0,0.2529237917537346
TYROBP_hg,0.0,0.0,0.0,0.012404953597637637,0.0,0.0,0.0,0.006726725097102632,0.0016543063340352937,0.0,0.0,0.0,0.0,0.0,0.035815650602400086
U47924.1_hg,0.0,6.097513048412037e-05,0.0,0.0001345995876657563,0.0,0.0,0.0,0.0,0.0,0.0,0.0,0.0,0.0,0.0,1.5324584798857503e-05
U6_hg,0.005404523061052103,0.0,0.0,0.0,0.0,0.0007521984588558078,0.0001911026614341489,0.0037825890194716633,0.0014534453606641863,0.0,0.0,0.0,0.0,0.0,0.0
U8_hg,0.0,0.002778214236272246,6.94229083582223e-05,0.0,0.0,0.0,0.0,0.0,0.0,0.0,0.0,0.0003655772390767731,0.0,0.0,0.0
UBA52_hg,3.30134859590234,0.0,0.0,1.0883096757205248,1.552505685067431,1.6293001387187642,0.654021143101539,1.3793744367185177,0.0,1.2369595148252084,0.4223356785163404,1.573107281750716,0.9356121755294189,0.6035162970155168,0.28867647998151
UBALD2_hg,0.0,0.07384889988423227,0.17664840116358224,0.0,0.22024393095011718,0.06640217231625356,0.0,0.0,0.0,0.17189509823958854,0.10084527028238673,0.3214908814558719,0.0,0.2982541695576899,0.12761264349321913
UBE2E2-AS1_hg,0.0,0.0,0.0,0.000266644247102113,0.0014947646230302968,0.0,0.0,0.0,0.0,0.0,0.0,0.0,2.7066828051939498e-05,0.0,0.0
UBE2H_hg,0.0,0.2697880127713571,1.078136895500167,0.7625729747197705,0.960477298364259,0.0,0.0,0.0,0.0,0.04878702407348537,0.0,0.0,0.0,0.0,0.5408303453888803
UBE2L5_hg,0.0,0.1827444491680633,0.0,0.0,0.36293124891827144,0.6322648854077146,0.3021256688197195,1.633545471129763,0.0,0.0,0.0,0.10944651597006777,0.24323633405356068,0.06433943735054357,0.36345859324522894
UBE2L6_hg,0.0,0.0,0.20897086886335825,0.4907788012017999,0.4059308700389361,0.0,0.06689896238765983,0.37865360662155917,0.0,0.0,0.0,0.0,0.0,0.0,0.0
UBE2QL1_hg,0.0,0.0,0.0031322572675799485,0.0,0.00045270426807841115,0.0,0.0,0.0,0.0,0.0,0.0,0.0,0.0,0.0,0.0
UBE2V1_hg,0.16459245445709625,0.12462734362591862,0.10648264358275085,0.9142127839885335,0.2810130745514913,0.5271194575640902,0.1115602977030685,1.7220072929534835,0.0912718154919849,0.0,0.0,0.0,0.0,0.400897929073493,0.3685584204653225
UBL4B_hg,0.0,0.0,0.01457957608088326,0.0,0.0,0.0,0.0,0.0,0.0,0.0,0.0,0.0008843454104486314,0.0,0.0,0.0
UBL5_hg,0.701044259102917,0.0,0.0,0.7342309277997754,0.7177318329773679,0.6877634248583795,0.0,3.4402303665270693,0.097212390237932,0.21660427983093236,0.0,0.0,0.5171479465220677,0.0,0.0
UBXN10-AS1_hg,0.0,0.0,0.09851891433550122,0.0,0.09042481985653877,0.004054918176177191,0.0,0.1814391772743717,0.0,0.06875257868880906,0.0042245906414765996,0.024604227002496336,0.0,0.0,0.2410656517780012
UCA1_hg,0.0,0.0,0.0,1.6691149530187948,1.0358025591346502,0.2096785675726532,0.10281058201074095,1.0951080498561883,0.15515493941034206,0.19631539098275472,0.0,0.0,0.0,0.0,0.0
UCKL1_hg,0.0,0.02529675447899544,0.0,0.0,0.01363864878974492,0.006913573809691353,0.0,0.0,0.006131331770390243,0.0,0.009513308943761328,0.07514262140082208,0.0,0.0,0.01010239721345291
UCN2_hg,0.0,0.00016189719837397926,2.1981430314335554e-05,0.0002070909541980416,0.0009606875415728402,3.577283609555694e-05,0.0,0.0,0.0,0.0,0.0,0.0,0.0,0.00016755764130578293,0.0
UGDH-AS1_hg,0.0,0.9640580598263948,0.044390815339469855,0.07021516569984443,0.03798758057092697,0.10160197809901468,0.024010618540303924,0.1327298311286325,0.13138858851434068,0.014510031274855202,0.0,0.1934646227139786,0.0,0.0,0.1320643649801721
UGGT2_hg,0.1141614072451486,0.5076229484980019,0.29246622561539176,0.06555350522034047,0.1696507288618528,0.23540991082672935,0.0,0.11405335266148303,0.0028210695003705573,0.18910557535094305,0.0,0.40956797741405765,0.011301443721564448,0.17919477612969736,0.28761441280539857
UGT2B7_hg,0.0,0.00040593811298353746,0.0,0.00031571633547257416,0.0016014220654728497,0.0,0.0,0.0018136005739611204,0.0,0.000727117442120106,0.0,0.0,0.0,0.0017228383978409893,0.0
UHRF1BP1_hg,0.0,0.32484781379530314,1.1824493371023734,0.8296615918020187,0.16576183554064391,0.37138513507940424,0.0,0.19054611470912103,0.03040401807433505,0.0,0.0,0.49015484451234714,0.6000324942977081,0.5153369435542264,0.34147401378632763
ULBP1_hg,0.018051138177166023,0.0465710432305034,0.15263956385688188,0.0341257662110466,0.0,0.0,0.0,0.011460288462051946,0.0,0.0,0.0,0.07681686546691824,0.0,0.0,0.0
UMLILO_hg,0.0,0.0,0.0003018911559717619,0.0,0.0,0.0,0.0,0.0,0.0,0.0,1.623098297317148e-05,0.00031846370644042005,0.0,0.0,0.0
UNC5B_hg,0.0,0.0,0.7439286514574734,0.0,0.0,0.0,0.0,0.0,0.0,0.0,0.0,0.5268435622172425,0.0,0.0,0.0
UNC93A_hg,0.0,4.696220065086268e-05,7.793643649090567e-05,4.035757674718118e-05,1.938436392755059e-05,0.0,0.0,2.191379880288224e-06,0.0,0.0,0.0,0.0,0.0,0.0,0.00012138145236778499
UPK1B_hg,0.0,0.2589608484213854,0.004278866383587808,0.0,0.01369773732137886,0.020494358576067965,0.011234562961747801,0.008753758604439358,0.0,0.005499375874932339,0.04200888209451625,0.03587413325207691,0.011759074111635117,0.0,0.025730872883750776
UPK3B_hg,0.0005272456254383854,0.0,1.880511433281278e-05,0.0,0.0005050761610939327,0.0,0.00014656872684386013,0.0,0.0,0.0,0.0,0.0,0.0,0.0,0.0
UPP1_hg,0.0,0.0,0.49761185189944435,0.0,0.3372339730658843,0.0,0.030130485652029162,0.0,0.0,0.0,0.0,0.0,0.0,0.0,0.0
UQCC2_hg,0.16922980771020996,0.0,0.24221893856280796,0.1878672077921398,0.0,0.4954051118016123,0.04696928281613384,2.0275473579931567,0.0,0.0,0.0,0.3550639928241613,0.2741870752473456,0.0,0.0
UQCR10_hg,0.3997406511892312,0.0,0.0,0.20347186254812044,0.15776038304350085,0.9751730612614378,0.0191016862561294,3.3625488670030306,0.021473511753269225,0.0,0.0,0.0,0.22868765069962058,0.0,0.0
UQCRH_hg,2.7085655023386868,0.24286833468909075,0.4081577643230294,1.429523018290832,1.0352624163135296,0.8139563056929995,0.9603973712142714,2.447840196168265,0.0,1.3323695175561592,0.059134195428900055,0.1906530481118304,2.3538958960712004,0.0,0.4509825840841381
UQCRQ_hg,2.323549991658496,0.0,0.0,0.2771656376160322,0.39740831534435983,1.722019150647731,0.0,3.4451436858504034,0.13001399530204763,0.885575280290664,0.05985477929926341,0.27457082683883766,0.9233975101676414,0.11322673655884596,0.0
UROD_hg,0.0,0.0,0.24807652754670315,2.53828725961229,0.5221358057911442,0.630972541646381,0.9944946573393723,1.670562519260507,0.08539500376255992,0.659095536461816,0.13394158706762907,2.6081109565535314,1.494879329138319,0.2593495817721488,0.1996905367489403
UROS_hg,0.0,0.3346342536374279,0.05954612377939706,1.0950748145139262,0.0,0.10530151084389205,0.0,0.20620327075973724,0.0,0.22142079696910597,0.00190020455137918,0.20352188241504174,0.15987346016301549,0.15579153125703268,0.0
USH1C_hg,0.0,0.0,6.354401038096834e-05,0.0003907108099300574,0.009766184841888235,0.0,0.0,0.0,0.0,0.0,0.0,0.0,0.0,0.0,0.0
USO1_hg,0.0,0.39258119874248526,1.0400197336301467,0.3569041093720371,0.6959975097645105,0.20353922231624652,0.0,0.44194474259349914,0.019749806594208087,0.0,0.0,0.10635284035126302,0.43320452938325,0.7291446488096992,0.8508805130401949
USP17L2_hg,0.0,0.00021416968383441181,0.0,0.0001019524159285709,0.0008943969548364558,2.930564302551891e-05,0.0,0.0,0.0,0.0,0.0,0.0,0.0,0.0,0.0
USP26_hg,0.0,0.006723443908706642,0.004162950346782583,0.009964097846009582,0.014226934961946774,0.0,0.0,0.0002128237977790525,0.0,0.0,0.0,0.016762120399404223,0.007007750657548309,0.01018923411391681,0.0
USP3_hg,0.2024725252755077,0.30838399466965294,0.8607680963837332,0.2458893891177231,0.48940602524167537,0.664951851717068,0.029513847936889395,0.5708500697071935,0.0822297571163717,0.07977061120567439,0.004324601452597835,0.5593688291280383,0.1487919141031105,0.2639586690049836,0.38223802847700517
USP40_hg,0.0,0.2663568870599343,0.338469162579904,0.18562257136851387,0.15645684781839067,0.06920455174738958,0.0,0.0,0.0,0.14157383607715254,0.0,0.8779627164080501,0.03470160473606006,0.1916212235398996,0.25618709301205633
USP41_hg,0.0,0.00040183552023185663,0.0003583915014325072,0.0006181241271598899,0.00037384002407689387,0.0,0.0,0.0,0.0,0.0,0.0,0.002900496083157121,0.0,0.0,0.0
USP44_hg,0.0,0.022532557581791453,0.07824731938691967,0.062297308658110256,0.0,0.004577136913779043,0.0,0.11418957020631365,0.0,0.018074368022613196,0.0,0.06633327859876581,0.0010757060217993154,0.06487322210133979,0.09636794134354601
USP54_hg,0.0,0.632414734487682,0.22743649835160618,0.0,0.1066658668988915,0.07438991426687773,0.014353159693275197,0.11981992996860696,0.0,0.04851485845003641,0.11423369259911131,0.02556619229246214,0.010241542157761529,0.0,0.19291205850617452
UTRN_hg,0.0,0.21421805126776977,0.07735686956701071,0.07268600781695721,0.23271873224665723,0.0,0.0,0.011628473849479784,0.004476902990285484,0.08545610505541201,0.040107723598987184,0.2555505724688284,0.0,0.35488311960141944,0.6254612842921161
UTS2B_hg,0.0,0.0,0.0,0.004722906336440424,0.0,0.0005615960719277197,0.0004358590740797269,0.003473342447436023,0.0,0.0,0.0,0.0,0.0,0.0,0.0031733888167483756
UXT_hg,0.1315745620851909,0.0,0.46671856559006053,0.46415862596131763,0.4428453579770614,0.35927411804881015,0.2326728246837921,2.109165409986627,0.0,0.0,0.0008277181343151295,0.4805480599667646,0.1896330252019311,0.0,0.0
VAMP8_hg,0.0,0.0,0.18159805036214852,0.4589823398805382,0.9003065812407215,0.0,0.3342705849297991,2.5794040037021144,0.0,0.513312648107255,0.10466948865399182,0.6505204986047604,0.5985894654412942,0.0,0.9233297874906401
VASH2_hg,0.0,0.31088152489516474,0.02587352697194483,0.0,0.06995690752292154,0.01467556429325426,0.007210275933830097,0.0,0.0,0.0,0.0467536546602492,0.0544201724594284,0.010126660898062996,0.0,0.013789875432156384
VAT1_hg,0.0,0.03104620638529862,1.3757415136553068,1.0968583578157243,0.7042409444571659,0.425123724275636,0.11613324105256416,0.61369999029302,0.0,0.4064554715825511,0.0,0.13339838304567264,0.0,0.0,0.9231071036453541
VCAN_hg,0.0,0.0,0.0,0.012668082387778782,0.07773045526011131,0.007930351572003091,0.0,0.0,0.0,0.0,0.0,0.0,0.0,0.0,0.017653507246078802
VCX2_hg,0.0,0.0,0.0,0.0,0.0,0.0,0.0,0.0010653702751346915,0.0,0.0,0.0,0.00268861128690407,0.0,0.0,0.0
VCX3A_hg,0.0,0.04034058137871661,0.004379290914578317,0.11990813089441693,0.07856559453237119,0.0,0.0018594659042020188,0.011414031789018318,0.0,0.0,0.0036911172737747414,0.15296260092718075,0.0,0.0,0.0
VCX_hg,0.0,0.0,0.0,0.024710921526231867,0.03186457653195048,0.0,0.0,0.011068002822474898,0.0,0.008396323614284378,0.001081344947186509,0.004885640470418554,0.0,0.0,0.0
VDR_hg,0.0,0.06430789838102853,0.05314742666925774,0.0,0.37918738642392735,0.0,0.0,0.0,0.0,0.00825086940340489,0.0,0.0,0.0,0.0,0.05155691271930641
VEGFA_hg,0.0,0.691352237706315,0.9399203292359324,0.0,0.9539600045932193,0.0,0.0,0.0,0.06989594916675855,0.6002807384671209,0.07687069332748962,2.5062737617175244,0.0,0.0,0.0
VEPH1_hg,0.0,0.0,0.10961843639589533,0.0,0.3006830503385321,0.0,0.014899024845813472,0.0,0.0,0.0,0.0,0.09554898465761726,0.0,0.0,0.08037284715026013
VGF_hg,0.0,0.0,0.0,0.0,0.12933778949124375,0.0,0.0,0.0,0.0,0.022233278395005072,0.0,0.0,0.0,0.0,0.0
VGLL3_hg,0.0,0.0,0.0,0.0,0.0010433974303714867,0.0,0.0,0.0,0.0,0.0,0.0,0.008415778282042803,0.0,0.0,0.008574255517619981
VHL_hg,0.0,1.1128695224311587,1.848247606810952,0.20704415774237284,0.520479598932609,0.0,0.18182359915833965,0.0,0.0,1.1142744825141508,1.429326996616088,1.8697686872234602,1.3013792618768025,0.4776760573862513,0.889169036491549
VIL1_hg,0.0,0.02318536479370747,0.0,0.11208336526985496,0.005143667403403094,0.012076575000691071,0.0,0.0019774959321307048,0.0,0.028020018903156342,0.01123903776930796,0.0,0.0,0.0,0.0
VIM_hg,0.5388374946640129,0.0,0.7636556665535363,0.0,5.350630428603634,0.15433983412139968,1.1986326018032516,0.0,0.0,0.0,0.0,0.0,0.0,0.0,6.031739754459485
VIP_hg,0.0,0.0,0.0,0.0,0.0022446853075675345,0.0,0.00036458352702546095,0.0,0.0,0.0,0.0,0.0,0.00010742480427510311,0.0001334902104555255,0.0
VLDLR-AS1_hg,0.0,0.006245394402412402,0.05475417705421898,0.0,0.0,0.0,0.0,0.0,0.0,0.0,0.0,0.009560497169099763,0.0,0.0,0.0
VLDLR_hg,0.0,0.0,0.0404819216616887,0.0,0.0,0.0,0.0,0.0,0.0,0.0,0.0,0.018367113345119642,0.0,0.0,0.012987540002637667
VMP1_hg,0.0,0.244972366617326,0.6699531808269196,0.0,1.057149112613844,0.44684551963453945,0.19141308332270077,0.12611148033628442,0.08027822065297104,0.09341175398224523,0.05488730417286973,0.0,0.43151980792221833,0.20430735041712836,1.9452376275949057
VPS28_hg,0.0,0.1141851011839112,0.30693813498860223,0.2524714622615094,0.1455054069010974,0.20654383836261542,0.25669333391158733,0.30795555135248526,0.0,0.0,0.0,0.6675045996213649,0.0,0.0,0.0
VPS51_hg,0.0,0.12323259154497399,0.023566018656587733,0.3106913502397951,0.3040157008788821,0.13215172418799256,0.09587890836505782,0.3602151310209047,0.0,0.07004364284813067,0.0,1.0190329783017438,0.0,0.013540595531065276,0.13158868849612113
VSIG1_hg,0.0,0.6726364671859281,0.0,0.0,0.04660627652829485,0.0069315565787670935,0.018049079910363388,0.05301747282640986,0.0,0.10025698927127341,0.17377331561274892,0.0,0.0,0.0,0.0
VSIG4_hg,0.0,0.0,0.005909606472818651,0.0,0.020891428155065877,0.0,0.0015751736862076571,0.0008927966813144538,0.0,0.0,0.0,0.0,0.0,0.0,0.001106062760409495
VSIG8_hg,0.0,0.0003149982860839772,4.570892330631293e-05,0.0,0.0,0.0,0.0,0.0,0.0,0.0,0.0,7.486784398636146e-05,0.0,0.0,0.0
VSIR_hg,0.0,0.0,0.5493438840210092,0.0,0.0,0.0,0.0,0.0,0.0,0.0,0.0,0.39314613999559406,0.0,0.0,0.3330406543077423
VSTM4_hg,0.009479036422243702,0.7034626352082471,0.17641683609049386,0.12800330619367975,0.2616988725594776,0.04082147677753206,0.026895427635157787,0.0,0.0,0.05757381016939537,0.12375985413450587,0.0,0.07241094142990116,0.0,0.047093097389748186
VWA3A_hg,0.0,0.0009664315280915671,0.0005889402319234815,0.0,0.00025711462649623176,0.0,0.0,0.000759730454637552,0.0,1.8448692524971478e-05,1.2670334440528913e-05,0.00045524572026683864,0.0,0.0,0.0
VWA5A_hg,0.0,0.008253937504493608,0.12954363304405234,0.1329226895166804,0.24468192509345285,0.0,0.0,0.06052730573670515,0.0,0.0,0.0,0.0,0.0,0.0,0.0
VWCE_hg,0.014165828383285676,0.30527353850553895,0.03242188613961745,0.0,0.04843371944902376,0.0,0.006691558716997991,0.0,0.0,0.0,0.04579208841707561,0.07116326943385211,0.016196916725493407,0.00041559251483320623,0.0
VXN_hg,0.0,0.0,0.0,0.00011001607102710547,0.00017016500402021857,0.0,0.0,0.0007373784890823768,0.0,0.0,0.0,0.0,0.0,0.0,0.0
WAKMAR2_hg,0.0,0.17693635390189524,0.07785346708840718,0.0,0.0,0.0,0.022363011281242896,0.06275600187055158,0.0,0.006455706189966766,0.016262961211802464,0.13615850320979908,0.009378867143728436,0.0,0.06803754337813862
WARS1_hg,0.0,0.08039923277891164,2.2385648843343096,0.0,0.0,0.0,0.577621083811086,0.7209251864316201,0.0,0.0,0.0,2.0489876035593486,0.5305590471775395,0.6016299018836405,0.0
WASHC1_hg,0.0,0.8888326375043686,0.15014338312632397,0.48919957652498375,0.3883665096892076,0.1912417838049928,0.015347584796663158,0.09177032293883053,0.0,0.3938667406036449,0.15230439188940287,2.2841573424877235,0.14391333127552272,0.0,0.0
WASHC2A_hg,0.0686572255407792,0.6926433881079607,0.09911264580632759,0.15479446659126997,0.48558660018569544,0.1713782586019043,0.0,0.0,0.0,0.035014075566602416,0.11420428415230292,0.5446726660502205,0.08229992399301839,0.11892858393733273,0.3165412428745372
WASHC2C_hg,0.07124475873735334,0.7500287884709522,0.1286858010826133,0.246178821876702,0.32078578830350724,0.0861337085662159,0.0,0.0,0.0,0.06372850939185856,0.1812638095479748,0.6678940479585331,0.009088584636237252,0.24152190254656047,0.2891927581085122
WAS_hg,0.014073291809056945,0.022463551181389034,0.0,0.0,0.00643142298979259,0.002872653740490973,0.0,0.0460482014713623,0.0,0.010381243004909741,0.002355833819423242,0.1075470457314966,0.0,0.0,0.15822502894065354
WDFY2_hg,0.0,0.26846523755723073,0.4631757873153383,0.026753366640802648,0.276603737625658,0.1222168878746008,0.011979410005573142,0.02171081015471598,0.0,0.0,0.0,0.0,0.006274810018022561,0.03062064478314195,0.7539829645218719
WDPCP_hg,0.0,0.3394868635187572,0.07328153265901322,0.030502269390408843,0.10332520107536848,0.050951454966185486,0.0015007303410722085,0.07717295446920076,0.0022567947608483608,0.08509900353405479,0.0,0.06550198727489154,0.0184675586000976,0.03205575788725122,0.17106323882855753
WDR31_hg,0.0,0.4466421528556926,0.17066260850099946,0.12544602488180784,0.11098491573460142,0.022464466650771436,0.024794033759339324,0.0,0.0,0.009985230057448072,0.05851915529132244,0.0,0.0,0.0,0.07828948499412762
WDR49_hg,0.0,0.0009403923378426498,0.0009419557971319847,0.0006226273223666873,0.0,0.0,0.0,0.0,0.0,4.2695520104577425e-05,0.0,0.00034836921129350847,0.0,0.0017852968897827959,0.0
WDR97_hg,0.0,0.10924418402704586,0.013740736707012959,0.006074509637932968,0.023125469398219006,0.0,0.0,0.0,0.0,0.0,0.012146438521180141,0.0507434150454896,0.0,0.0,0.0
WEE2-AS1_hg,0.0,0.002320935344793576,0.027277771359586398,0.002017353429856395,0.0,0.0,0.0014875116887479152,0.0,0.0,0.0,0.0,0.0,0.0,0.0,0.0
WEE2_hg,0.0,0.0,0.0003379772557820036,0.0006419031920048461,0.00041188170067064575,2.8124025931246635e-05,0.0003755871845781572,0.0,0.0,0.0,0.0,0.0,0.0,0.0,0.0
WIPF1_hg,0.0,0.0,0.106287524728077,0.0,0.19659249642003743,0.0,0.0,0.0,0.0,0.0,0.0,0.0,0.0,0.0,0.23215349792049234
WIPF3_hg,0.0,0.13527114468256535,0.0,1.428907904656663,0.34708216797546027,0.0,0.0,0.0,0.02249386967820438,0.0,0.0,0.0,0.0,0.2964395450103541,0.0
WIPI1_hg,0.0,0.3468189169528696,0.43620829715662174,0.06899663787645036,0.29826979013220356,0.0,0.0,0.12112256804230238,0.0,0.058153801472938374,0.04112395890270614,0.15140370386984614,0.0,0.0,0.06991006667030143
WNK3_hg,0.0,0.010037537185659513,0.007410431042440325,0.0027575884865256523,0.0,0.0,0.0008264396518293245,0.0,0.0,0.0,0.00010287030681753955,0.0,0.0,0.0,0.0
WT1_hg,0.0,0.07470123400110242,0.13448613689220468,0.0,0.15032516708304683,0.16166291945755645,0.0,0.3074861283783436,0.0,0.09716052742407773,0.0,0.18567746660689738,0.14299876566902178,0.046782281388877606,0.5734341287063135
WWC2-AS1_hg,0.0,0.0,0.0,0.002968810903662137,0.0,0.0,0.0,4.141771489029911e-05,0.0,0.0,0.0,0.0,0.0,0.0,0.0
WWC3-AS1_hg,0.0,0.0,0.0,0.00016749974453185757,0.0,0.0,5.202344335086304e-05,0.0,0.0,0.0,0.0001023174986874452,6.270245930707876e-05,0.0,0.0,0.0
WWC3_hg,0.0,0.01487976321826893,0.0306429773377834,0.1784190212482316,0.010516690249446453,0.0,0.0,0.0,0.0,0.0,0.0,0.09044749449254477,0.03881340560570184,0.0,0.0
XACT_hg,0.31845017626180605,2.5442674152627394,0.0,1.0478727057683863,0.0,0.0,0.3331723787581235,0.0,0.6171438802272619,0.8842302374159036,0.531735260559289,0.6001267331657775,0.3477736952801779,0.0,4.642141051753326
XAF1_hg,0.0,0.02903996007026484,0.05743179410741055,0.0,0.006986678770385812,0.0,0.0,0.0,0.0,0.0,0.0,0.01351821259546696,0.0,0.0,0.012314372449348411
XAGE3_hg,0.0,0.0,0.0,0.005480814250529443,0.005003366923160622,0.0,0.0,0.004837513119327675,3.333657013235732e-05,0.0,0.0,0.0,0.00036443134417346986,0.0,0.0
XDH_hg,0.0,0.0010407713826477215,0.0003544315972494714,0.0,0.0,0.0,0.0,0.0,0.0,0.0,0.0,0.00023454240064262483,0.0,0.0,0.0005293416878258925
XIAP_hg,0.0,1.1021413231859851,0.7926516076965051,0.11236125716355774,0.694479968679015,0.3634798645972042,0.0,0.0,0.0,0.0859260800289325,0.31695806702431795,0.2936992330423637,0.3635427826389555,0.11277285826213032,0.4327600381756434
XIRP1_hg,0.0,0.0,0.0,0.0,0.04124477839998449,0.0,0.0,0.0,0.0,0.0,0.0,0.0,0.0,0.0,0.0
XKR4_hg,0.0025381028316427312,0.6482065132558666,0.011056441826864735,0.004623940826410978,0.01884205582932265,0.0,0.002841238840497855,0.0,0.0,0.08346211828510629,0.15533845461548332,0.0,0.0,0.0,0.0
XPOT_hg,0.060695427459868244,0.4121216320305229,0.66017509980065,0.1970038371645386,0.0,0.46650528585873985,0.0,0.012190806034518754,0.0,0.2062577276080075,0.09573038307299514,0.21412504296877435,0.3670470645517267,0.13288620749582747,0.4604291611752303
YARS1_hg,0.0,0.5158470392359339,1.9674518429683556,0.18318631882540878,0.005735175750554322,0.4574569639978314,0.3023200428972443,0.48238823548132775,0.0008312588584210222,0.26736949986337166,0.21922224874348523,1.5155242533813305,1.1847914628362115,0.6543055120239569,0.06330754019096065
YIF1B_hg,0.0,0.4488170288070612,0.0,0.0,0.006438400471612093,0.19346725654545105,0.23429509063989343,0.3278236532348539,0.0,0.09259491586347075,0.07749383582593591,0.6785323987275671,0.0,0.0,0.0
Y_RNA_hg,0.0,0.5846859830175047,0.1282869254008344,0.11923790692275084,0.2165829186065281,0.03532026782392175,0.003938561502634877,0.10430944360089665,0.0,0.12095672769741204,0.0,0.0,0.12449330079714561,0.17376072380769056,0.0668483937716634
Z80897.1_hg,0.0,0.0002739515451546197,0.0,0.0,0.0,0.0,0.0,0.0,0.0,0.0,3.984386782531409e-05,0.0,0.0,0.0,0.0
Z82186.1_hg,0.0,0.0,0.0,0.0,0.009145533464667111,0.0,0.0,0.0,0.0,0.0,0.0,0.0,0.0,0.0,0.0
Z82195.3_hg,0.0,1.2730671874842847,0.009141239060508666,0.16441299539460433,0.25746641084939,0.15389441706730286,0.008664161481641768,0.0975001224948382,0.19431438011129423,0.15695073328839373,0.0,0.3044307459201989,0.0,0.0,0.15042117285917672
Z84492.1_hg,0.0,0.0,0.0,0.0,0.0,3.382812601261466e-05,0.00032232602519649366,2.6367433922765436e-05,3.767879634283379e-05,0.0,1.1241370433007502e-05,0.0,0.0,0.0,0.0
Z94277.1_hg,0.0,0.6541670109144312,0.0,0.019295020872452034,0.05387713547106355,0.04646003565945735,0.06271401989864521,0.0,0.03445470609710552,0.0,0.0,0.3192859094542498,0.004339026807504307,0.09504222186882165,0.04818626434521178
Z95114.1_hg,0.0,0.6088802633066623,0.013752241299083635,0.0165006050317373,0.08389594885836699,0.0200134274752362,0.016145118960924267,0.02149408396138542,0.0,0.0,0.09463608121047563,0.09827665427496915,0.044950940687763556,0.0,0.0
Z98257.1_hg,0.0,0.0027150344840157483,0.0,0.0,0.0,0.0,0.0,0.0,0.0006303198126709062,0.0,0.0,0.0,0.0,0.0025504231389354265,0.0
Z98742.4_hg,0.0,0.0,0.0,8.977069668775515e-05,0.0,4.540472456780713e-05,0.0,0.0006650710986085572,0.0,0.0,0.0,0.0,0.00010532442534312183,0.0,0.0
Z98752.1_hg,0.0,0.0009711102802653888,0.0,8.299878131386912e-05,0.0,0.00025845239516867946,0.0,0.00020237549668287872,0.0,0.0,0.0,7.12960829919403e-05,0.0,0.0015498676633374931,0.0
ZAN_hg,0.0,0.0004862105626412106,4.328678044105248e-07,0.0,0.0,4.264498362173427e-05,0.0,0.0,0.0,0.0,0.0002373276049975078,0.0006656893670918962,0.0,0.0,0.0
ZBED2_hg,0.0,8.306117301750187e-08,0.0,0.00014203386534210807,1.6733287389033077e-05,0.0,0.0,0.0,0.0,0.0,0.0,0.0,0.0,2.887006841002125e-05,1.762080773684383e-05
ZBED3-AS1_hg,0.02195419340187987,0.7888804516828508,0.015560128801737808,0.02331653711467875,0.012257614313620794,0.04954848299172339,0.011053548269438034,0.008390775634939295,0.0,0.056046300089093774,0.11658904145622531,0.07059741111423588,0.0320590649305479,0.0,0.11515610499686926
ZBED6CL_hg,0.0,0.21185642223243567,0.0,0.34878144313644094,0.5417139902524554,0.0,0.006993433312121928,0.0,0.0,0.047473772492373785,0.0,0.09032295313890486,0.28547379891597247,0.0,0.33968979005853067
ZBED9_hg,0.0,0.7282443082366259,0.34580623797622995,0.36824409859336954,0.21009327913689213,0.0,0.16527711780555443,0.29605842434255186,0.07697641763840515,0.18814042140384224,0.0,0.9217756620064032,0.05046841922252392,1.3252962604876535,0.37194751771080004
ZBTB32_hg,0.0,0.0,0.0,0.0,0.0004732438179944408,0.0,0.0,0.0003631355341188905,0.0,0.00043155321956584727,7.226245790408923e-05,0.0,0.0,0.0006187243763679104,0.0
ZBTB38_hg,0.0,0.2831556153927865,0.5183173550917705,0.32007800331114356,2.137066538811778,0.24637255723083756,0.045004016117918495,0.3257619065986678,0.07783175633555886,0.061620694573955345,0.0,0.0,0.17997588299987835,0.6025646965808752,0.81603367229885
ZBTB7C_hg,0.0,0.00016940629476158725,0.0,0.0018443649518856112,0.00238384558920376,0.0,0.0,0.0,0.0,0.0,0.0,0.0,0.0,0.0,0.0
ZBTB8A_hg,0.0,0.30592604130660134,0.028168744889179788,0.0,0.014512896776034023,0.02785606664220865,0.011309258249479854,0.0,0.0,0.0,0.0624024550376567,0.0058060842331523555,0.0,0.0,0.00832170438214612
ZBTB8B_hg,0.0,0.26263158944208903,0.020571955789047778,0.0,0.004220570649286467,0.007203508906499254,0.0019515434099231983,0.0,0.0,0.0,0.052795426991293984,0.025985698661523844,0.0018957610225591782,0.0,0.015844096261606353
ZC3H11A_hg,0.030488245077024932,0.9213536893948298,1.0619520688980868,0.8707695672047744,0.612419561954215,0.5880190735277533,0.0,0.0,0.0,0.12352993937363181,0.3692963770711571,0.44680172018270153,0.5306132772682929,1.3003240503474782,0.9234520550658439
ZC3H12C_hg,0.0,0.02784117289854487,0.05901402281721302,0.0,0.1818069844974312,0.03033385658580927,0.0,0.0,0.0,0.0,0.0,0.0129835984766255,0.0,0.0,0.3025858255202947
ZC3H12D_hg,0.0,0.33189238540061883,0.0041909396214880965,0.0,0.016244528440117208,0.010597055665969898,0.0034721543938961577,0.026746768830801234,0.0,0.0,0.06215745684648663,0.02503220355128543,0.012322559964299408,0.0,0.006928803482195755
ZC3H6_hg,0.0,0.13468630017395744,0.22233152614998047,0.22757679377589313,0.0,0.0,0.0,0.0,0.0,0.006229082336104749,0.0,0.04028992845002168,0.0,0.0714155692773075,0.0
ZFAND3_hg,0.07197861741366104,0.09355031990079747,0.32543955282933335,0.0,0.21832633450165903,0.02385442747829103,0.0,0.07066604387277754,0.0,0.027010758237761685,0.0,0.3844644069001178,0.0,0.04315416314386108,0.12319972467610354
ZFAS1_hg,0.9011901298163519,0.867334982353322,0.7675623558004594,0.0,0.0,0.4371206097648579,0.4731309189490151,1.158023284764301,0.0,0.20418421295804784,0.03447249082118015,0.0,0.7338445687198467,0.5425718170933522,0.0
ZFHX4_hg,0.0,0.0641727567700477,0.28711166942799937,0.0,0.12156504657725058,0.10175131827287774,0.0,0.13563436188345412,0.009211408725100357,0.019113159681061993,0.0,0.2455530114038281,0.0,0.06059437521139536,0.2436263619107224
ZFP36_hg,0.0004475230734578969,0.005855688038384074,0.015880552122441254,0.0,0.0699993254335598,0.08385604678566888,0.0,0.0,0.009640999924527362,0.0,0.0,0.013229038267852024,0.0,0.007698103968313619,0.03679829902439756
ZFP57_hg,0.0,0.001981340110352864,0.0009505897874470347,0.003142520976184155,0.007956878473246455,0.0,0.0,0.0,0.0,0.0,0.0,0.0013075465748438734,0.0,0.0,0.0
ZFP82_hg,0.0,0.7631903210534006,0.006486255028804093,0.0,0.030478143595588068,0.0,0.041228805244467495,0.0720047392932208,0.0,0.1775633522835292,0.16351868136718334,0.004034660091098429,0.042867529367551394,0.0,0.0
ZFP90_hg,0.040800144844893436,0.07671175474913908,0.15378025194422634,0.16528988417255128,0.05826858228258196,0.0,0.0014555133652419214,0.02361194685875172,0.0,0.0,0.0,0.017949610226919252,0.0,0.0,0.04463754596574228
ZFP91-CNTF_hg,0.0,0.1867771272001838,0.014295371929786084,0.0030379823234228994,0.07224090521074822,0.13366656779635844,0.0,0.03264432934440904,0.0,0.0,0.0,0.18186244363957868,0.09940032169488638,0.0,0.21703205450901905
ZFPM2-AS1_hg,0.0009559948830848294,0.06624258215319447,0.15891820949415641,0.0036086666135748922,0.0,0.010206148320500137,0.0,0.13718129529414888,0.0,0.0,0.0004033657209225502,0.0,0.0,0.0,0.02031222391668143
ZFYVE16_hg,0.0,0.5872041911976117,0.5423659035764841,0.12045354886119587,0.4819425290989209,0.2553601446675983,0.04662727646762567,0.4036925121200941,0.01766449241624617,0.0,0.06289367033600127,0.0,0.05712748050526907,0.02463581271153898,0.3413301393242359
ZMAT1_hg,0.0,0.011723768418412559,0.008476694697519398,0.0,0.0,0.0,0.0,0.0,0.0,0.0,0.0,0.024442523986885394,0.0,0.0,0.000761798887996672
ZMIZ1_hg,0.052798916775310394,0.13321680348326123,0.2515423472691097,0.028106199741916246,0.8223712380560871,0.08520340283357758,0.0,0.04450098693863943,0.0,0.08549231278978785,0.0,0.5090330515407473,0.011951655790805135,0.0,0.8451684106515848
ZNF100_hg,0.03565521722535025,0.19595253135581345,0.24995187977328448,0.16950655233500722,0.014691418184946826,0.10263038955476701,0.0,0.3019603158511183,0.02725242771542176,0.0,0.0,0.0,0.04421456161729102,0.1327198703110182,0.30115558586079044
ZNF101_hg,0.0,0.6844104056622313,0.20954344083844964,0.10749473630422199,0.20563243614668925,0.0273866389451285,0.0,0.08959340571908438,0.0,0.0,0.2226941412155187,0.29786530630858393,0.19282250656204641,0.20734714339025723,0.0
ZNF117_hg,0.11049332125223008,0.4370875255995339,1.5024714329384612,0.41553683554687415,0.6761429004275343,0.0,0.00014947210387208243,0.05481050622164659,0.07138504378996062,0.0,0.0,0.0,0.0,0.0,0.20940464716336882
ZNF124_hg,0.035242928866629886,0.5969734185797186,0.13767525392968136,0.14759978721123992,0.14217627072411954,0.15394768895834446,0.00785897436410376,0.11549920710320398,0.0,0.0,0.038302002981936124,0.0,0.14563799179898165,0.10860254619239687,0.48451966612869424
ZNF138_hg,0.0,0.14774612710691715,0.3142043846065831,0.27865055367555325,0.002436351772266845,0.06300493469768957,0.02058572902836477,0.476948052591708,0.011712006862366666,0.0,0.0,0.0,0.05217424109462513,0.09502670287060334,0.02352813688689056
ZNF141_hg,0.0,0.1786580076482236,0.0006046695449964287,0.0,0.004483434448541488,0.0038618888484261414,0.0002990792095394088,0.021053269585971784,0.0,0.0,0.0323559960448245,0.011698816778777644,0.0044364009719440834,0.0,0.013326308310509231
ZNF185_hg,0.0,0.0,0.006016602165455607,0.0027341579228805997,0.01700343951611432,0.0,0.0,0.002013928346927556,0.0,0.0,0.0,0.0038449579778558076,0.0,0.0,0.0
ZNF208_hg,0.009202080771875147,0.08525453926657937,0.038674469743745415,0.11827839264867834,0.08263657208686086,0.0,0.0,0.026457976965906536,0.00799931106806243,0.0,0.0,0.014124048893990823,0.01346416529248194,0.04020085682581261,0.0
ZNF264_hg,0.0,0.4407256951332964,0.1264015305383347,0.04349993841325983,0.09610421878935553,0.0,0.005645384283428602,0.0,0.0,0.002061105379866549,0.06587309027925002,0.0,0.0,0.0025470290137644745,0.0
ZNF26_hg,0.0,0.9951983935354399,0.29036071936231644,0.21491607273016033,0.3242680539364417,0.0,0.0,0.0,0.0,0.0,0.15636756310081826,0.13310638160932586,0.20777039933488195,0.057529869157814245,0.0
ZNF280A_hg,0.007188221129924861,0.052248998647365645,0.43744201349436157,0.10321403731787994,1.0850314248368984,0.11477191679231469,0.01014324656833617,0.438757549383087,0.011017637880668462,0.0,0.0,0.0,0.075914969377768,0.16964430428962668,0.15786844112488907
ZNF280B_hg,0.11575704654065791,0.3552694479558119,1.0418560754905748,0.4226853136241288,0.46745376105179737,0.6169726670581229,0.018205051571167603,0.6450632142753125,0.14556738491589438,0.0,0.0,0.29329772879780375,0.335407484788025,0.40725659456239344,0.6138482582106064
ZNF331_hg,0.0,0.07515390908817418,0.3202476019679361,0.12216166900416438,0.0,0.0,0.0,0.0,0.0,0.0,0.0,0.12065853528047431,0.0,0.026880503456707016,0.0
ZNF33A_hg,0.0,0.36473419099154364,0.4031558033037242,0.4831166641808927,0.0,0.2588197999991467,0.0,0.449912691736864,0.0,0.0,0.0,0.01925035388810201,0.2633341215931005,0.0,0.4304132607603285
ZNF34_hg,0.001747478344748972,0.6313501836267936,0.046431517536118475,0.0,0.1238509912016637,0.048941766135373654,0.027831764716968608,0.042483493882543355,0.0,0.0,0.12350782787912472,0.11633076807829057,0.03620541835085519,0.0,0.01213346730272407
ZNF365_hg,0.0,0.0,7.714955938022765e-05,0.000481241433494719,0.005677022401993044,0.0,0.0,0.0008367405042093481,0.0,0.0,0.0,0.0,0.0,0.0,0.0
ZNF429_hg,0.0,0.6315056310790491,0.29530173842979407,0.10454843846372298,0.0,0.0,0.005176317540082437,0.15090997939990225,0.0,0.042380590607662846,0.0890866794878306,0.13209322814735952,0.0,0.05370564073597546,0.07859214676931271
ZNF43_hg,0.0,0.329224997008807,0.2044736194407747,0.08674717397949727,0.0107437935329826,0.057523313719641186,0.0,0.2553511117236554,0.0,0.0,0.005976691710581248,0.08734394074932673,0.08569171515968024,0.047673203492523276,0.15209459101458636
ZNF441_hg,0.0,0.163132284735118,0.19427773711107912,0.16739581990249533,0.13495393488456242,0.046608600011730415,0.0,0.04370244917620897,0.034506122531728606,0.0,0.0,0.14763389504461766,0.026159572505586665,0.10820451940745694,0.0
ZNF454_hg,0.0,0.39664017243166516,0.011447377227826275,0.0,0.005755276092824616,0.0,0.005991006192131314,0.0,0.0,0.050550657511979145,0.0902006271344745,0.0,0.0,0.0,0.0
ZNF461_hg,0.0,0.31077223132768944,0.014120136872861615,0.0030122026361635136,0.00046473962895981726,0.00028912195240890623,0.006128366497178468,0.018643161042007188,0.0,0.0,0.07667728489117334,0.0,0.0015029611002080373,0.0,0.0
ZNF469_hg,0.0,0.0007081144392470233,0.002539779306828127,0.0,0.003429378791575996,0.0,0.0,0.0,0.0,0.0,0.0,0.0,0.0,0.0,0.0
ZNF471_hg,0.0,0.45343821939336465,0.0,0.0,0.0,0.0,0.021760215879467915,0.0,0.0,0.07838157310856173,0.007300043144995869,0.2107185670827171,0.0,0.023890312541930813,0.00874696582502423
ZNF492_hg,0.0,0.2404693620606527,0.007638590796331981,0.0,0.02346387074139134,0.01737290247655476,0.01072502765249281,0.0,0.0,0.0,0.04046967631628636,0.023314052590121086,0.0036026402925247543,0.0,0.0
ZNF493_hg,0.0,0.3388450386014835,0.38734949464311086,0.29493225969975084,0.09248749938395823,0.032890605481590764,0.0,0.2407137567003455,0.005360351691541062,0.0,0.0,0.0,0.024898247947409136,0.11886183715830675,0.2388523889735558
ZNF503_hg,0.0005121764999692663,0.0,0.0030565705703051284,0.0,0.0009711951470661969,0.0,0.0,0.0,0.0,0.0,0.0,0.0,0.0,0.0,0.0018908911776750175
ZNF528-AS1_hg,0.037537266345895284,0.18542586377726136,0.18025570571788987,0.10690968334246455,0.004049456233775709,0.0,0.0,0.0,0.0,0.0,0.005881884569913422,0.0,0.0,0.0,0.0
ZNF549_hg,0.0,0.3361310585353096,0.047272932559088814,0.02011314113858795,0.03902830826082791,0.018602584051729366,0.004510435801738738,0.00864548116344156,0.0,0.0,0.039262632509398133,0.006991878468378164,0.03929999579720141,0.0009956881467624117,0.019967300321965222
ZNF554_hg,0.0053301096264780495,0.6887547803378349,0.054336259217878255,0.025674048295039796,0.006553824653434648,0.0,0.00690770328900418,0.033541712608653705,0.0,0.08918262550261882,0.1445227649872822,0.0,0.003953274909028406,0.0,0.0
ZNF556_hg,0.0,0.9207641720903696,0.002874716497206737,0.0,0.02610950754543663,0.021504626735103113,0.020212152183782316,0.024213942172137747,0.0,0.1684478566566847,0.26103760440384016,0.0,0.0,0.0,0.0
ZNF585B_hg,0.0,0.46234297869114893,0.05457937282845596,0.007138021876083844,0.10151072902179543,0.019346790351467687,0.02859872010839508,0.09119313426223807,0.0,0.010153157576673772,0.0722427280123273,0.013220465591587722,0.0,0.0,0.0
ZNF605_hg,0.0,0.5240279882104589,0.08441119005327516,0.07395183796552222,0.006066543223389471,0.0,0.001081738630700454,0.029954605273390132,0.0,0.0,0.1004122985193418,0.023790664416365404,0.02885985202590343,0.005917192512941282,0.0
ZNF621_hg,0.0,0.8255036630760355,0.6594976102607724,0.29752137907628495,0.7182339641233533,0.23813050488732618,0.0,0.0,0.03263924023122725,0.3225148404925171,0.05257811412652362,0.35703207950324606,0.39808166659479494,0.05385219425198992,0.42430422090249575
ZNF641_hg,0.010463025340279208,0.17658045274983494,0.341240130466879,0.046792482463712114,0.23096720866257733,0.07260617222971012,0.024416988320286992,0.08107624236424442,0.0,0.0,0.0,0.030502275768415302,0.017688393284698022,0.009430135766872943,0.207207505301856
ZNF660_hg,0.0021498368943872466,0.02974728131222752,0.021382970878295497,0.033540677022884914,0.017039158238645182,0.0,0.0,0.0,0.0,0.0,0.0,0.030599185221469708,0.0,0.03090332840334459,0.0227593142770987
ZNF665_hg,0.0454587432802783,0.8779801573393932,0.049950321617096616,0.0,0.12772476468843502,0.021203649564678774,0.032026227720744184,0.0,0.0,0.024454907436664387,0.18056481538433874,0.08969210378267953,0.04037480933889259,0.0,0.0
ZNF66_hg,0.0,1.1841248677676577,0.0,0.12383963823615356,0.155168577460068,0.009715860435948132,0.012258015131650483,0.018221026824909718,0.0958892481695624,0.118643410591012,0.0028540251909918053,0.5597227991982122,0.0,0.1692878973662821,0.05002571334902924
ZNF672_hg,0.0,0.0,0.0,0.6588198833331603,1.393552912718994,0.03949135348306423,0.0,0.2829067596728711,0.0,0.3125171250623729,0.0,0.40433108834368525,0.23167637712854144,0.0,0.0
ZNF705A_hg,0.0,0.0004857100486084814,0.0,0.00022144816782781343,0.0,0.0,0.0,0.0,0.0,0.0,0.00013224490716425688,0.0,0.0,0.0,0.00035030326230037846
ZNF724_hg,0.026611820698853355,0.4866548563767085,0.01633709582037372,0.011620554121555266,0.025192873464757348,0.026303981861655522,0.0,0.07145458908003395,0.0,0.023491476902820645,0.09781859783447129,0.01797664478464733,0.0,0.05415928237426096,0.0
ZNF730_hg,0.001093455757428518,0.013966522593310214,0.022685893980438004,0.02987401698839848,0.0,0.0,0.0,0.027259986906374514,0.0,0.0,0.0,0.0,0.0,0.012789522584299128,0.0
ZNF737_hg,0.0,0.11075003662092957,0.013315667094172633,0.0,0.0011135275888597138,0.0,0.0024734682567056168,0.0,0.0,0.0,0.013050732292868173,0.0,0.013491114250972408,0.0,0.0
ZNF763_hg,0.0,0.011483743290042904,0.009339766766349853,0.0,0.0,0.001848596340418835,0.0,0.0,0.0,0.0,0.00020819684709568373,0.005757821152435686,0.0,0.0,0.0
ZNF768_hg,0.0,0.03657078715120804,0.0028765522853367474,0.0,0.0,0.02057776265872154,0.0,0.0,0.0,0.0,0.024748730445856366,0.28847731797193005,0.0,0.0,0.006614204773047215
ZNF77_hg,0.0,0.009007176115855485,0.23809975087819538,0.0,0.06851796729489532,0.012595969066483399,0.0080846118601385,0.13627445243430458,0.0,0.0,0.0,0.031458146859294975,0.0,0.0,0.11967993367667863
ZNF793_hg,0.0,0.45386429096362746,0.003948383244216761,0.0,0.0,0.009917950702203741,0.009232685646023133,0.018147689412573744,0.005157244270235899,0.013720048975707265,0.10261535731313344,0.008011589867543814,0.0019220297984817107,0.0,0.021661686305771803
ZNF829_hg,0.0,0.348230050611791,0.017185426543740782,0.0,0.015681338913451092,0.0010468339227269368,0.00631668223973323,0.020366508176315128,0.0,0.0,0.07641657096946733,0.0031338837510290467,0.0,0.0,0.004870020492091725
ZNF844_hg,0.009020225596751778,0.3682283350576466,0.11710389360573523,0.08582149212578581,0.09266253437794444,0.0,0.0,0.0,0.0,0.0,0.07531629391419364,0.058272215382199254,0.052049245889848585,0.021261993070623285,0.0
ZNF85_hg,0.0,0.02163790095399241,0.026367488522091753,0.02716260062506021,0.0,0.0,0.0,0.00859088476353754,0.0,0.0,0.0,0.008011969019330309,0.0,0.035286389641796784,0.0
ZNF880_hg,0.0,0.006732628726867459,0.0007150895628065716,0.005118752825723748,0.0027704934363773272,0.0,0.0009715147699707476,0.012783344037467328,0.0,0.0,0.0,0.005815534192826813,0.0,0.0,0.0
ZNF93_hg,0.009417900056234163,0.12485410234309305,0.4002824347080401,0.1896940666992762,0.1771969602618005,0.0,0.0,0.53630574147973,0.0,0.0,0.0,0.0,0.0,0.1408097619357575,0.09478046303620832
ZNF98_hg,0.00012784095864756516,0.0046946755408330924,0.005457519182813616,0.003920441949553686,0.0,0.0016500312522369962,0.0,0.0016536505561144151,0.0008149561255461857,0.0,0.0,0.0,0.0,0.0003365989253990362,0.0
ZNRF3-AS1_hg,0.0,0.3364044082735771,0.011995764305141165,0.0,0.017346210789106524,0.03856669975259095,0.009033590718983662,0.0034423906543066254,0.0,0.0,0.05344313812150518,0.007586396980463613,0.004203345094597038,0.0,0.045670766589413526
ZNRF4_hg,7.045284262072604e-05,0.0,0.0,0.0009774872875941763,0.0,0.0,0.0,0.00025902664317392854,0.0,0.0,0.0,0.0,0.0,0.0,0.0
ZSCAN18_hg,0.0,0.020368434623528837,0.04597649529108339,0.05278736126810309,0.009096959764239852,0.0,0.0,0.0,0.0,0.0,0.0,0.01395316009608713,0.0,0.0,0.0
ZSCAN30_hg,0.0,0.37282044424649013,0.3284086824498633,0.3454077581051271,0.49041372513887593,0.0,0.0,0.3483379570782924,0.05852334201162959,0.0,0.0,0.0,0.03378009694183143,0.41758152732287207,0.3041479244018063
ZYX_hg,0.0,0.0,0.0047032556993825015,0.0,1.443501424062702,0.07206409266402762,0.09650154231687057,0.4835723600417064,0.0,0.0,0.0,1.3620450833869369,0.0,0.0,0.3464393975050987
